season,game_id,away_team_abv,away_team_id,home_team_abv,home_team_id,MarkerId,MarkerUTC,MarkerLTC,play_date_time,play_type,desc,comments,IsOfficial,qtr,ClockMinutes,ClockSeconds,game_half,SourceType,EventId,SituationCode,SourceId,SourceNativeMarkerId,OfficialCode,quarter_seconds_remaining,half_seconds_remaining,game_seconds_remaining,time,VisTimeouts,HomeTimeouts,BallOn_Side,BallOn_YardNum,DriveNum,pos_team_ID,PossTeamAbv,LastPlaySummary,LastPlayStatus,home_team_has_pos,yardline_100,VisScore,HomeScore,Down,Distance,MapRoleTackler1,MapRoleKicker,MapRoleKickreturner,FootballStatus,FootballPlayResult,FootballKickRetYards,FootballSetBallOn_VisOrHome,FootballSetBallOn_YardNum,MapRoleRusher,MapRoleTackler2,FootballYards,Drive_Start_VisOrHome,Drive_Start_YardNum,Drive_Plays,Drive_Yards,Drive_TOP,Result,MapRolePasser,MapRoleSacker1,MapRoleReceiver,MapRolePunter,FootballPuntYards,MapRolePassDefender,MapRolePuntreturner,FootballPuntRetYards,FootballPenalty_TeamId,FootballPenalty_PlayerId,FootballPenalty_Yards,FootballPenalty_PenaltyResult,FootballPenalty_Description,FootballMainScoringPlay,MapRoleQbHitter,FootballConvAttPts,FootballFumble_TeamFumbled,FootballFumble_PlayerFumbled,FootballFumble_TeamRecovered,FootballFumble_PlayerRecovered,FootballFumble_PlayerForcedFumble,FootballMiscScore_MiscScoreType,FootballMiscScore_TeamId,FootballMiscScore_PlayerId,FootballTimeoutTeamId,FootballExtraYards_IndivOrTeam,FootballExtraYards_TeamId,FootballExtraYards_PlayerId,FootballExtraYards_Yards,MapRoleInterceptor,punt_attempt,pass_touchdown,rush_touchdown,touchdown
2023,FOOTBALL_XFL_2023_3_26_SA@ARL,SA,3,ARL,1,1,1679857399.3164308,,2023-03-26 19:03:19.316431,EventStart,Game Start Marker,,True,1,15,0,Half1,MaSourceTypeOfficialScoring,FOOTBALL_XFL_2023_3_26_SA@ARL,,QBStat,10005,2302023-SA-at-ARL,900,1800,3600,15:00,3,3,Home,35,1,3,,,,0.0,35,0,0,1.0,10.0,,,,,,,,,,,,,,,,,,,,,,,,,,,,,,,,,,,,,,,,,,,,,,,,0,0.0,0.0,0.0
2023,FOOTBALL_XFL_2023_3_26_SA@ARL,SA,3,ARL,1,3,1679857466.0,54266,2023-03-26 19:04:26.000000,EventFootballKickoff,1-10-ARL 35 (14:55) 1 T. Russolino kicks from ARL 35. 6 F. Brown to SA 34 for 31 yards (4 J. Powell),,True,1,14,55,Half1,MaSourceTypeOfficialScoring,FOOTBALL_XFL_2023_3_26_SA@ARL,,QBStat,1,2302023-SA-at-ARL,895,1795,3595,14:55,3,3,Home,35,1,3,,,,0.0,35,0,0,1.0,10.0,21251,20087,20919,StatusOfficial,ResultKickReturned,31.0,Visitor,34.0,,,,,,,,,,,,,,,,,,,,,,,,,,,,,,,,,,,,,,,,0,0.0,0.0,0.0
2023,FOOTBALL_XFL_2023_3_26_SA@ARL,SA,3,ARL,1,5,1679857502.0,54302,2023-03-26 19:05:02.000000,EventFootballRush,"1-10-SA 34 (14:49) 9 J. Patrick rush to SA 38 for 4 yards (45 W. Clarke, 90 B. Hector)",,True,1,14,49,Half1,MaSourceTypeOfficialScoring,FOOTBALL_XFL_2023_3_26_SA@ARL,,QBStat,2,2302023-SA-at-ARL,889,1789,3589,14:49,3,3,Visitor,34,1,3,,,,0.0,66,0,0,1.0,10.0,20296,,,StatusOfficial,,,,,21196,22010,4.0,Visitor,34.0,1.0,4.0,0:28, ,,,,,,,,,,,,,,,,,,,,,,,,,,,,,,,0,0.0,0.0,0.0
2023,FOOTBALL_XFL_2023_3_26_SA@ARL,SA,3,ARL,1,7,1679857534.0,54334,2023-03-26 19:05:34.000000,EventFootballRush,"2-6-SA 38 (14:17) 9 J. Patrick rush to SA 42 for 4 yards (18 D. Payne, 48 T. Laulile)",,True,1,14,17,Half1,MaSourceTypeOfficialScoring,FOOTBALL_XFL_2023_3_26_SA@ARL,,QBStat,3,2302023-SA-at-ARL,857,1757,3557,14:17,3,3,Visitor,38,1,3,,,,0.0,62,0,0,2.0,6.0,22675,,,StatusOfficial,,,,,21196,20931,4.0,Visitor,34.0,2.0,8.0,1:01, ,,,,,,,,,,,,,,,,,,,,,,,,,,,,,,,0,0.0,0.0,0.0
2023,FOOTBALL_XFL_2023_3_26_SA@ARL,SA,3,ARL,1,9,1679857566.0,54366,2023-03-26 19:06:06.000000,EventFootballRush,"3-2-SA 42 (13:45) 9 J. Patrick rush to SA 45 for 3 yards (18 D. Payne, 30 E. Robinson)",,True,1,13,45,Half1,MaSourceTypeOfficialScoring,FOOTBALL_XFL_2023_3_26_SA@ARL,,QBStat,4,2302023-SA-at-ARL,825,1725,3525,13:45,3,3,Visitor,42,1,3,,,,0.0,58,0,0,3.0,2.0,22675,,,StatusOfficial,,,,,21196,21318,3.0,Visitor,34.0,3.0,11.0,1:26, ,,,,,,,,,,,,,,,,,,,,,,,,,,,,,,,0,0.0,0.0,0.0
2023,FOOTBALL_XFL_2023_3_26_SA@ARL,SA,3,ARL,1,11,1679857604.0,54404,2023-03-26 19:06:44.000000,EventFootballSack,1-10-SA 45 (13:08) 4 J. Pass sacked at SA 41 for -4 yards (45 W. Clarke),,True,1,13,8,Half1,MaSourceTypeOfficialScoring,FOOTBALL_XFL_2023_3_26_SA@ARL,,QBStat,5,2302023-SA-at-ARL,788,1688,3488,13:08,3,3,Visitor,45,1,3,,,,0.0,55,0,0,1.0,10.0,,,,StatusOfficial,,,,,,,-4.0,Visitor,34.0,4.0,7.0,2:00, ,21194,20296,,,,,,,,,,,,,,,,,,,,,,,,,,,,,0,0.0,0.0,0.0
2023,FOOTBALL_XFL_2023_3_26_SA@ARL,SA,3,ARL,1,13,1679857853.0,54653,2023-03-26 19:10:53.000000,EventFootballPass,2-14-SA 41 (12:44) 4 J. Pass pass incomplete to 82 L. Akers,,True,1,12,44,Half1,MaSourceTypeOfficialScoring,FOOTBALL_XFL_2023_3_26_SA@ARL,,QBStat,6,2302023-SA-at-ARL,764,1664,3464,12:44,3,3,Visitor,41,1,3,,,,0.0,59,0,0,2.0,14.0,,,,StatusOfficial,ResultPassIncomplete,,,,,,,Visitor,34.0,5.0,7.0,2:16, ,21194,,20016,,,,,,,,,,,,,,,,,,,,,,,,,,,,0,0.0,0.0,0.0
2023,FOOTBALL_XFL_2023_3_26_SA@ARL,SA,3,ARL,1,15,1679857895.0,54695,2023-03-26 19:11:35.000000,EventFootballPass,"3-14-SA 41 (12:10) 4 J. Pass pass to 9 J. Patrick to ARL 47 for 12 yards (29 S. Brown, 18 D. Payne)",,True,1,12,10,Half1,MaSourceTypeOfficialScoring,FOOTBALL_XFL_2023_3_26_SA@ARL,,QBStat,7,2302023-SA-at-ARL,730,1630,3430,12:10,3,3,Visitor,41,1,3,,,,0.0,59,0,0,3.0,14.0,20212,,,StatusOfficial,ResultPassComplete,,,,,22675,12.0,Visitor,34.0,6.0,19.0,3:12, ,21194,,21196,,,,,,,,,,,,,,,,,,,,,,,,,,,,0,0.0,0.0,0.0
2023,FOOTBALL_XFL_2023_3_26_SA@ARL,SA,3,ARL,1,17,1679857945.0,54745,2023-03-26 19:12:25.000000,EventFootballPunt,"4-2-ARL 47 (11:19) 0 B. Wing punts 47 yards from ARL 47 to end zone, Touchback",,True,1,11,19,Half1,MaSourceTypeOfficialScoring,FOOTBALL_XFL_2023_3_26_SA@ARL,,QBStat,8,2302023-SA-at-ARL,679,1579,3379,11:19,3,3,Home,47,1,3,,,,0.0,47,0,0,4.0,2.0,,,,StatusOfficial,ResultKickTouchback,,Home,35.0,,,,Visitor,34.0,6.0,19.0,3:41,PUNT,,,,21706,47.0,,,,,,,,,,,,,,,,,,,,,,,,,,1,0.0,0.0,0.0
2023,FOOTBALL_XFL_2023_3_26_SA@ARL,SA,3,ARL,1,19,1679857999.0,54799,2023-03-26 19:13:19.000000,EventFootballPass,1-10-ARL 35 (11:11) 10 K. Sloter pass to 3 J. Payton to ARL 31 for -4 yards (15 J. Williams),,True,1,11,11,Half1,MaSourceTypeOfficialScoring,FOOTBALL_XFL_2023_3_26_SA@ARL,,QBStat,9,2302023-SA-at-ARL,671,1571,3371,11:11,3,3,Home,35,2,1,,,,1.0,65,0,0,1.0,10.0,21974,,,StatusOfficial,ResultPassComplete,,,,,,-4.0,Home,35.0,1.0,-4.0,0:41, ,21884,,22354,,,,,,,,,,,,,,,,,,,,,,,,,,,,0,0.0,0.0,0.0
2023,FOOTBALL_XFL_2023_3_26_SA@ARL,SA,3,ARL,1,21,1679858034.0,54834,2023-03-26 19:13:54.000000,EventFootballRush,2-14-ARL 31 (10:36) 2 D. Smith rush to ARL 32 for 1 yard (42 M. Tverdov),,True,1,10,36,Half1,MaSourceTypeOfficialScoring,FOOTBALL_XFL_2023_3_26_SA@ARL,,QBStat,10,2302023-SA-at-ARL,636,1536,3336,10:36,3,3,Home,31,2,1,,,,1.0,69,0,0,2.0,14.0,21589,,,StatusOfficial,,,,,22305,,1.0,Home,35.0,2.0,-3.0,1:00, ,,,,,,,,,,,,,,,,,,,,,,,,,,,,,,,0,0.0,0.0,0.0
2023,FOOTBALL_XFL_2023_3_26_SA@ARL,SA,3,ARL,1,23,1679858075.0,54875,2023-03-26 19:14:35.000000,EventFootballPass,3-13-ARL 32 (9:55) 10 K. Sloter pass incomplete to 16 R. Hall Pass Defended by 1 L. Barcoo,,True,1,9,55,Half1,MaSourceTypeOfficialScoring,FOOTBALL_XFL_2023_3_26_SA@ARL,,QBStat,11,2302023-SA-at-ARL,595,1495,3295,9:55,3,3,Home,32,2,1,,,,1.0,68,0,0,3.0,13.0,,,,StatusOfficial,ResultPassIncomplete,,,,,,,Home,35.0,3.0,-3.0,1:27, ,21884,,22529,,,20087,,,,,,,,,,,,,,,,,,,,,,,,,0,0.0,0.0,0.0
2023,FOOTBALL_XFL_2023_3_26_SA@ARL,SA,3,ARL,1,25,1679858115.0,54915,2023-03-26 19:15:15.000000,EventFootballPunt,"4-13-ARL 32 (9:21) 0 M. King punts 50 yards from ARL 32 to SA 18. 2 T. Bonds to SA 30 for 12 yards (2 D. Smith, 23 J. Johnson)",,True,1,9,21,Half1,MaSourceTypeOfficialScoring,FOOTBALL_XFL_2023_3_26_SA@ARL,,QBStat,12,2302023-SA-at-ARL,561,1461,3261,9:21,3,3,Home,32,2,1,,,,1.0,68,0,0,4.0,13.0,20142,,,StatusOfficial,ResultKickReturned,,Visitor,30.0,,21775,,Home,35.0,3.0,-3.0,1:58,PUNT,,,,20891,50.0,,20142,12.0,,,,,,,,,,,,,,,,,,,,,,,1,0.0,0.0,0.0
2023,FOOTBALL_XFL_2023_3_26_SA@ARL,SA,3,ARL,1,27,1679858172.0,54972,2023-03-26 19:16:12.000000,EventFootballSack,1-10-SA 30 (9:00) 4 J. Pass sacked at SA 26 for -4 yards (6 D. Lambert),,True,1,9,0,Half1,MaSourceTypeOfficialScoring,FOOTBALL_XFL_2023_3_26_SA@ARL,,QBStat,13,2302023-SA-at-ARL,540,1440,3240,9:00,3,3,Visitor,30,3,3,,,,0.0,70,0,0,1.0,10.0,,,,StatusOfficial,,,,,,,-4.0,Visitor,30.0,1.0,-4.0,0:15, ,21194,20919,,,,,,,,,,,,,,,,,,,,,,,,,,,,,0,0.0,0.0,0.0
2023,FOOTBALL_XFL_2023_3_26_SA@ARL,SA,3,ARL,1,29,1679858200.0,55000,2023-03-26 19:16:40.000000,EventFootballPass,2-14-SA 26 (8:31) 4 J. Pass pass to 18 T. Vasher to SA 48 for 22 yards (4 J. Powell),,True,1,8,31,Half1,MaSourceTypeOfficialScoring,FOOTBALL_XFL_2023_3_26_SA@ARL,,QBStat,14,2302023-SA-at-ARL,511,1411,3211,8:31,3,3,Visitor,26,3,3,,,,0.0,74,0,0,2.0,14.0,21251,,,StatusOfficial,ResultPassComplete,,,,,,22.0,Visitor,30.0,2.0,18.0,1:01, ,21194,,21898,,,,,,,,,,,,,,,,,,,,,,,,,,,,0,0.0,0.0,0.0
2023,FOOTBALL_XFL_2023_3_26_SA@ARL,SA,3,ARL,1,31,1679858240.0,55040,2023-03-26 19:17:20.000000,EventFootballRush,"1-10-SA 48 (7:52) 9 J. Patrick rush to Midfield for 2 yards (44 B. Rotimi, 90 B. Hector)",,True,1,7,52,Half1,MaSourceTypeOfficialScoring,FOOTBALL_XFL_2023_3_26_SA@ARL,,QBStat,15,2302023-SA-at-ARL,472,1372,3172,7:52,3,3,Visitor,48,3,3,,,,0.0,52,0,0,1.0,10.0,21348,,,StatusOfficial,,,,,21196,22010,2.0,Visitor,30.0,3.0,20.0,1:32, ,,,,,,,,,,,,,,,,,,,,,,,,,,,,,,,0,0.0,0.0,0.0
2023,FOOTBALL_XFL_2023_3_26_SA@ARL,SA,3,ARL,1,33,1679858274.0,55074,2023-03-26 19:17:54.000000,EventFootballPass,"2-8-Midfield (7:18) 4 J. Pass pass to 82 L. Akers to ARL 47 for 3 yards (5 W. Hill, 18 D. Payne)",,True,1,7,18,Half1,MaSourceTypeOfficialScoring,FOOTBALL_XFL_2023_3_26_SA@ARL,,QBStat,16,2302023-SA-at-ARL,438,1338,3138,7:18,3,3,Visitor,50,3,3,,,,0.0,50,0,0,2.0,8.0,20693,,,StatusOfficial,ResultPassComplete,,,,,22675,3.0,Visitor,30.0,4.0,23.0,2:08, ,21194,,20016,,,,,,,,,,,,,,,,,,,,,,,,,,,,0,0.0,0.0,0.0
2023,FOOTBALL_XFL_2023_3_26_SA@ARL,SA,3,ARL,1,35,1679858318.0,55118,2023-03-26 19:18:38.000000,EventFootballPass,3-5-ARL 47 (6:33) 4 J. Pass pass to 82 L. Akers to ARL 26 for 21 yards (24 D. Evans),,True,1,6,33,Half1,MaSourceTypeOfficialScoring,FOOTBALL_XFL_2023_3_26_SA@ARL,,QBStat,17,2302023-SA-at-ARL,393,1293,3093,6:33,3,3,Home,47,3,3,,,,0.0,47,0,0,3.0,5.0,22302,,,StatusOfficial,ResultPassComplete,,,,,,21.0,Visitor,30.0,5.0,44.0,2:54, ,21194,,20016,,,,,,,,,,,,,,,,,,,,,,,,,,,,0,0.0,0.0,0.0
2023,FOOTBALL_XFL_2023_3_26_SA@ARL,SA,3,ARL,1,37,1679858357.0,55157,2023-03-26 19:19:17.000000,EventFootballPenalty,"1-10-ARL 26 (5:56) PENALTY on (SA) 77 C. Okeke, 5 yards",,True,1,5,56,Half1,MaSourceTypeOfficialScoring,FOOTBALL_XFL_2023_3_26_SA@ARL,,QBStat,18,2302023-SA-at-ARL,356,1256,3056,5:56,3,3,Home,26,3,3,,,,0.0,26,0,0,1.0,10.0,,,,StatusOfficial,,,,,,,,Visitor,30.0,5.0,39.0,3:13, ,,,,,,,,,3,21954,5.0,ResultPenaltyRepeatdown,NA,,,,,,,,,,,,,,,,,,0,0.0,0.0,0.0
2023,FOOTBALL_XFL_2023_3_26_SA@ARL,SA,3,ARL,1,39,1679858398.0,55198,2023-03-26 19:19:58.000000,EventFootballRush,1-15-ARL 31 (5:31) 4 J. Pass rush to ARL 22 for 9 yards (5 W. Hill),,True,1,5,31,Half1,MaSourceTypeOfficialScoring,FOOTBALL_XFL_2023_3_26_SA@ARL,,QBStat,19,2302023-SA-at-ARL,331,1231,3031,5:31,3,3,Home,31,3,3,,,,0.0,31,0,0,1.0,15.0,20693,,,StatusOfficial,,,,,21194,,9.0,Visitor,30.0,6.0,48.0,4:08, ,,,,,,,,,,,,,,,,,,,,,,,,,,,,,,,0,0.0,0.0,0.0
2023,FOOTBALL_XFL_2023_3_26_SA@ARL,SA,3,ARL,1,41,1679858442.0,55242,2023-03-26 19:20:42.000000,EventFootballRush,2-6-ARL 22 (4:47) 4 J. Pass rush to ARL 12 for 10 yards (90 B. Hector),,True,1,4,47,Half1,MaSourceTypeOfficialScoring,FOOTBALL_XFL_2023_3_26_SA@ARL,,QBStat,20,2302023-SA-at-ARL,287,1187,2987,4:47,3,3,Home,22,3,3,,,,0.0,22,0,0,2.0,6.0,22010,,,StatusOfficial,,,,,21194,,10.0,Visitor,30.0,7.0,58.0,4:30, ,,,,,,,,,,,,,,,,,,,,,,,,,,,,,,,0,0.0,0.0,0.0
2023,FOOTBALL_XFL_2023_3_26_SA@ARL,SA,3,ARL,1,43,1679858484.0,55284,2023-03-26 19:21:24.000000,EventFootballPass,1-10-ARL 12 (4:05) 4 J. Pass pass to 9 J. Patrick to ARL 14 for -2 yards (18 D. Payne),,True,1,4,5,Half1,MaSourceTypeOfficialScoring,FOOTBALL_XFL_2023_3_26_SA@ARL,,QBStat,21,2302023-SA-at-ARL,245,1145,2945,4:05,3,3,Home,12,3,3,,,,0.0,12,0,0,1.0,10.0,22675,,,StatusOfficial,ResultPassComplete,,,,,,-2.0,Visitor,30.0,8.0,56.0,5:18, ,21194,,21196,,,,,,,,,,,,,,,,,,,,,,,,,,,,0,0.0,0.0,0.0
2023,FOOTBALL_XFL_2023_3_26_SA@ARL,SA,3,ARL,1,45,1679858533.0,55333,2023-03-26 19:22:13.000000,EventFootballPenalty,"2-12-ARL 14 (3:24) PENALTY on (SA) 4 J. Pass, 5 yards",,True,1,3,24,Half1,MaSourceTypeOfficialScoring,FOOTBALL_XFL_2023_3_26_SA@ARL,,QBStat,22,2302023-SA-at-ARL,204,1104,2904,3:24,3,3,Home,14,3,3,,,,0.0,14,0,0,2.0,12.0,,,,StatusOfficial,,,,,,,,Visitor,30.0,8.0,51.0,5:45, ,,,,,,,,,3,21194,5.0,ResultPenaltyRepeatdown,NA,,,,,,,,,,,,,,,,,,0,0.0,0.0,0.0
2023,FOOTBALL_XFL_2023_3_26_SA@ARL,SA,3,ARL,1,47,1679858561.0,55361,2023-03-26 19:22:41.000000,EventFootballPass,2-17-ARL 19 (3:04) 4 J. Pass pass to 9 J. Patrick to ARL 11 for 8 yards,,True,1,3,4,Half1,MaSourceTypeOfficialScoring,FOOTBALL_XFL_2023_3_26_SA@ARL,,QBStat,23,2302023-SA-at-ARL,184,1084,2884,3:04,3,3,Home,19,3,3,,,,0.0,19,0,0,2.0,17.0,,,,StatusOfficial,ResultPassComplete,,,,,,8.0,Visitor,30.0,9.0,59.0,6:24, ,21194,,21196,,,,,,,,,,,,,,,,,,,,,,,,,,,,0,0.0,0.0,0.0
2023,FOOTBALL_XFL_2023_3_26_SA@ARL,SA,3,ARL,1,49,1679858603.0,55403,2023-03-26 19:23:23.000000,EventFootballPass,3-9-ARL 11 (2:22) 4 J. Pass pass incomplete to 18 T. Vasher,,True,1,2,22,Half1,MaSourceTypeOfficialScoring,FOOTBALL_XFL_2023_3_26_SA@ARL,,QBStat,24,2302023-SA-at-ARL,142,1042,2842,2:22,3,3,Home,11,3,3,,,,0.0,11,0,0,3.0,9.0,,,,StatusOfficial,ResultPassIncomplete,,,,,,,Visitor,30.0,10.0,59.0,6:49, ,21194,,21898,,,,,,,,,,,,,,,,,,,,,,,,,,,,0,0.0,0.0,0.0
2023,FOOTBALL_XFL_2023_3_26_SA@ARL,SA,3,ARL,1,53,1679858642.0,55442,2023-03-26 19:24:02.000000,EventFootballFg,4-9-ARL 11 (1:48) 23 P. Romo 29 yard field goal is GOOD,,True,1,1,48,Half1,MaSourceTypeOfficialScoring,FOOTBALL_XFL_2023_3_26_SA@ARL,,QBStat,25,2302023-SA-at-ARL,108,1008,2808,1:48,3,3,Home,11,3,3,,,,0.0,11,0,0,4.0,9.0,,21775,,StatusOfficial,ResultKickMade,,,,,,29.0,Visitor,30.0,11.0,59.0,7:33,FG,,,,,,,,,,,,,,ScoreTypeFg,,,,,,,,,,,,,,,,,0,0.0,0.0,0.0
2023,FOOTBALL_XFL_2023_3_26_SA@ARL,SA,3,ARL,1,55,1679858827.0,55627,2023-03-26 19:27:07.000000,EventFootballKickoff,FROM SA 30 (1:46) 23 P. Romo kicks from SA 30. 26 L. Brown to ARL 24 for 16 yards (24 R. Lewis),,True,1,1,46,Half1,MaSourceTypeOfficialScoring,FOOTBALL_XFL_2023_3_26_SA@ARL,,QBStat,26,2302023-SA-at-ARL,106,1006,2806,1:46,3,3,Visitor,30,4,1,,,,1.0,30,3,0,,,21761,20810,26,StatusOfficial,ResultKickReturned,16.0,Home,24.0,,,,,,,,,,,,,,,,,,,,,,,,,,,,,,,,,,,,,,,,0,0.0,0.0,0.0
2023,FOOTBALL_XFL_2023_3_26_SA@ARL,SA,3,ARL,1,57,1679858911.0,55711,2023-03-26 19:28:31.000000,EventFootballPass,"1-10-ARL 24 (1:33) 10 K. Sloter pass to 80 S. Cannella to ARL 27 for 3 yards (5 T. Adewusi, 21 S. Williams)",,True,1,1,33,Half1,MaSourceTypeOfficialScoring,FOOTBALL_XFL_2023_3_26_SA@ARL,,QBStat,27,2302023-SA-at-ARL,93,993,2793,1:33,3,3,Home,24,4,1,,,,1.0,76,3,0,1.0,10.0,20008,,,StatusOfficial,ResultPassComplete,,,,,22819,3.0,Home,24.0,1.0,3.0,0:22, ,21884,,22030,,,,,,,,,,,,,,,,,,,,,,,,,,,,0,0.0,0.0,0.0
2023,FOOTBALL_XFL_2023_3_26_SA@ARL,SA,3,ARL,1,62,1679858943.0,55743,2023-03-26 19:29:03.000000,EventFootballRush,"2-7-ARL 27 (1:01) 2 D. Smith rush to ARL 26 for -1 yards (15 J. Williams, 92 S. Soto)",,True,1,1,1,Half1,MaSourceTypeOfficialScoring,FOOTBALL_XFL_2023_3_26_SA@ARL,,QBStat,28,2302023-SA-at-ARL,61,961,2761,1:01,3,3,Home,27,4,1,,,,1.0,73,3,0,2.0,7.0,21974,,,StatusOfficial,,,,,22305,22744,-1.0,Home,24.0,2.0,2.0,1:07, ,,,,,,,,,,,,,,,,,,,,,,,,,,,,,,,0,0.0,0.0,0.0
2023,FOOTBALL_XFL_2023_3_26_SA@ARL,SA,3,ARL,1,61,1679858987.0,55787,2023-03-26 19:29:47.000000,EventFootballPass,3-8-ARL 26 (0:17) 10 K. Sloter pass incomplete to 8 V. Bolden Pass Defended by 1 L. Barcoo,,True,1,0,17,Half1,MaSourceTypeOfficialScoring,FOOTBALL_XFL_2023_3_26_SA@ARL,,QBStat,29,2302023-SA-at-ARL,17,917,2717,0:17,3,3,Home,26,4,1,,,,1.0,74,3,0,3.0,8.0,,,,StatusOfficial,ResultPassIncomplete,,,,,,,Home,24.0,3.0,2.0,1:29, ,21884,,22896,,,20087,,,,,,,,,,,,,,,,,,,,,,,,,0,0.0,0.0,0.0
2023,FOOTBALL_XFL_2023_3_26_SA@ARL,SA,3,ARL,1,78,1679859035.0,55835,2023-03-26 19:30:35.000000,EventFootballPunt,"4-8-ARL 26 (0:05) 0 M. King punts 0 yards from ARL 26 to ARL 26. 2 T. Bonds to SA 28 for 7 yards (0 M. King) PENALTY on (SA) 1 L. Barcoo, 10 yards",,True,1,0,5,Half1,MaSourceTypeOfficialScoring,FOOTBALL_XFL_2023_3_26_SA@ARL,,QBStat,30,2302023-SA-at-ARL,5,905,2705,0:05,3,3,Home,26,4,1,,,,1.0,74,3,0,4.0,8.0,21706,,,StatusOfficial,ResultKickReturned,,Visitor,28.0,,,,Home,24.0,3.0,2.0,1:43,PUNT,,,,20891,0.0,,20142,7.0,3,20087,10.0,ResultPenaltyRepeatdown,NA,,,,,,,,,,,,,,,,,,1,0.0,0.0,0.0
2023,FOOTBALL_XFL_2023_3_26_SA@ARL,SA,3,ARL,1,79,1679859289.0,56089,2023-03-26 19:34:49.000000,EventFootballRush,1-10-SA 28 (14:58) 31 J. Hilliman rush to SA 28 for 0 yards (52 I. Graham-Mobley),,True,2,14,58,Half1,MaSourceTypeOfficialScoring,FOOTBALL_XFL_2023_3_26_SA@ARL,,QBStat,31,2302023-SA-at-ARL,898,898,2698,14:58,3,3,Visitor,28,5,3,,,,0.0,72,3,0,1.0,10.0,22024,,,StatusOfficial,,,,,20697,,0.0,Home,28.0,1.0,,0:16, ,,,,,,,,,,,,,,,,,,,,,,,,,,,,,,,0,0.0,0.0,0.0
2023,FOOTBALL_XFL_2023_3_26_SA@ARL,SA,3,ARL,1,80,1679859323.0,56123,2023-03-26 19:35:23.000000,EventFootballPass,2-10-SA 28 (14:24) 13 K. Benkert pass incomplete to 18 T. Vasher,,True,2,14,24,Half1,MaSourceTypeOfficialScoring,FOOTBALL_XFL_2023_3_26_SA@ARL,,QBStat,32,2302023-SA-at-ARL,864,864,2664,14:24,3,3,Visitor,28,5,3,,,,0.0,72,3,0,2.0,10.0,,,,StatusOfficial,ResultPassIncomplete,,,,,,,Home,28.0,2.0,,0:36, ,22290,,21898,,,,,,,,,,,,,,,,,,,,,,,,,,,,0,0.0,0.0,0.0
2023,FOOTBALL_XFL_2023_3_26_SA@ARL,SA,3,ARL,1,83,1679859362.0,56162,2023-03-26 19:36:02.000000,EventFootballRush,3-10-SA 28 (13:50) 13 K. Benkert rush to SA 33 for 5 yards (18 D. Payne),,True,2,13,50,Half1,MaSourceTypeOfficialScoring,FOOTBALL_XFL_2023_3_26_SA@ARL,,QBStat,33,2302023-SA-at-ARL,830,830,2630,13:50,3,3,Visitor,28,5,3,,,,0.0,72,3,0,3.0,10.0,22675,,,StatusOfficial,,,,,22290,,5.0,Home,28.0,3.0,5.0,1:32, ,,,,,,,,,,,,,,,,,,,,,,,,,,,,,,,0,0.0,0.0,0.0
2023,FOOTBALL_XFL_2023_3_26_SA@ARL,SA,3,ARL,1,90,1679859427.0,56227,2023-03-26 19:37:07.000000,EventFootballPenalty,"4-5-SA 33 (13:06) PENALTY on San Antonio Brahmas, 5 yards",,True,2,13,6,Half1,MaSourceTypeOfficialScoring,FOOTBALL_XFL_2023_3_26_SA@ARL,,QBStat,34,2302023-SA-at-ARL,786,786,2586,13:06,3,3,Visitor,33,5,3,,,,0.0,67,3,0,4.0,5.0,,,,StatusOfficial,,,,,,,,Home,28.0,3.0,,1:54, ,,,,,,,,,3,TM,5.0,ResultPenaltyRepeatdown,NA,,,,,,,,,,,,,,,,,,0,0.0,0.0,0.0
2023,FOOTBALL_XFL_2023_3_26_SA@ARL,SA,3,ARL,1,95,1679859480.0,56280,2023-03-26 19:38:00.000000,EventFootballPunt,4-10-SA 28 (12:45) 0 B. Wing punts 44 yards from SA 28 to ARL 28. 16 R. Hall to ARL 44 for 17 yards (28 J. Koerner),,True,2,12,45,Half1,MaSourceTypeOfficialScoring,FOOTBALL_XFL_2023_3_26_SA@ARL,,QBStat,35,2302023-SA-at-ARL,765,765,2565,12:45,3,3,Visitor,28,5,3,,,,0.0,72,3,0,4.0,10.0,28,,,StatusOfficial,ResultKickReturned,,Home,44.0,,,,Visitor,28.0,3.0,,2:20,PUNT,,,,21706,44.0,,22529,17.0,,,,,,,,,,,,,,,,,,,,,,,1,0.0,0.0,0.0
2023,FOOTBALL_XFL_2023_3_26_SA@ARL,SA,3,ARL,1,88,1679859558.0,56358,2023-03-26 19:39:18.000000,EventFootballRush,"2-10-ARL 44 (12:10) 2 D. Smith rush to ARL 47 for 3 yards (42 M. Tverdov, 45 D. Scott)",,True,2,12,10,Half1,MaSourceTypeOfficialScoring,FOOTBALL_XFL_2023_3_26_SA@ARL,,QBStat,37,2302023-SA-at-ARL,730,730,2530,12:10,3,3,Home,44,6,1,,,,1.0,56,3,0,2.0,10.0,21589,,,StatusOfficial,,,,,22305,22844,3.0,Home,44.0,2.0,3.0,0:40, ,,,,,,,,,,,,,,,,,,,,,,,,,,,,,,,0,0.0,0.0,0.0
2023,FOOTBALL_XFL_2023_3_26_SA@ARL,SA,3,ARL,1,92,1679859597.0,56397,2023-03-26 19:39:57.000000,EventFootballPass,3-7-ARL 47 (11:31) 9 D. Plitt pass to 19 B. Arconado to SA 42 for 11 yards (22 R. Texada),,True,2,11,31,Half1,MaSourceTypeOfficialScoring,FOOTBALL_XFL_2023_3_26_SA@ARL,,QBStat,38,2302023-SA-at-ARL,691,691,2491,11:31,3,3,Home,47,6,1,,,,1.0,53,3,0,3.0,7.0,22376,,,StatusOfficial,ResultPassComplete,,,,,,11.0,Home,44.0,3.0,14.0,1:36, ,21243,,20050,,,,,,,,,,,,,,,,,,,,,,,,,,,,0,0.0,0.0,0.0
2023,FOOTBALL_XFL_2023_3_26_SA@ARL,SA,3,ARL,1,98,1679859632.0,56432,2023-03-26 19:40:32.000000,EventFootballPass,1-10-SA 42 (10:56) 9 D. Plitt pass incomplete to 80 S. Cannella QB Hit by 33 D. Beesley,,True,2,10,56,Half1,MaSourceTypeOfficialScoring,FOOTBALL_XFL_2023_3_26_SA@ARL,,QBStat,39,2302023-SA-at-ARL,656,656,2456,10:56,3,3,Visitor,42,6,1,,,,1.0,42,3,0,1.0,10.0,,,,StatusOfficial,ResultPassIncomplete,,,,,,,Home,44.0,4.0,14.0,1:44, ,21243,,22030,,,,,,,,,,,,21740,,,,,,,,,,,,,,,,0,0.0,0.0,0.0
2023,FOOTBALL_XFL_2023_3_26_SA@ARL,SA,3,ARL,1,97,1679859672.0,56472,2023-03-26 19:41:12.000000,EventFootballPenalty,"2-10-SA 42 (10:25) PENALTY on (ARL) 80 S. Cannella, 5 yards",,True,2,10,25,Half1,MaSourceTypeOfficialScoring,FOOTBALL_XFL_2023_3_26_SA@ARL,,QBStat,40,2302023-SA-at-ARL,625,625,2425,10:25,3,3,Visitor,42,6,1,,,,1.0,42,3,0,2.0,10.0,,,,StatusOfficial,,,,,,,,Home,44.0,4.0,9.0,2:14, ,,,,,,,,,1,22030,5.0,ResultPenaltyRepeatdown,NA,,,,,,,,,,,,,,,,,,0,0.0,0.0,0.0
2023,FOOTBALL_XFL_2023_3_26_SA@ARL,SA,3,ARL,1,114,1679859703.0,56503,2023-03-26 19:41:43.000000,EventFootballPass,"2-15-SA 47 (10:06) 9 D. Plitt pass to 2 D. Smith to SA 41 for 6 yards (15 J. Williams, 21 S. Williams)",,True,2,10,6,Half1,MaSourceTypeOfficialScoring,FOOTBALL_XFL_2023_3_26_SA@ARL,,QBStat,41,2302023-SA-at-ARL,606,606,2406,10:06,3,3,Visitor,47,6,1,,,,1.0,47,3,0,2.0,15.0,21974,,,StatusOfficial,ResultPassComplete,,,,,22819,6.0,Home,44.0,5.0,15.0,2:52, ,21243,,22305,,,,,,,,,,,,,,,,,,,,,,,,,,,,0,0.0,0.0,0.0
2023,FOOTBALL_XFL_2023_3_26_SA@ARL,SA,3,ARL,1,108,1679859771.0,56571,2023-03-26 19:42:51.000000,EventFootballPass,3-9-SA 41 (9:26) 9 D. Plitt pass to 80 S. Cannella to SA 39 for 2 yards (8 K. Kelly),,True,2,9,26,Half1,MaSourceTypeOfficialScoring,FOOTBALL_XFL_2023_3_26_SA@ARL,,QBStat,42,2302023-SA-at-ARL,566,566,2366,9:26,3,3,Visitor,41,6,1,,,,1.0,41,3,0,3.0,9.0,22884,,,StatusOfficial,ResultPassComplete,,,,,,2.0,Home,44.0,6.0,17.0,3:13, ,21243,,22030,,,,,,,,,,,,,,,,,,,,,,,,,,,,0,0.0,0.0,0.0
2023,FOOTBALL_XFL_2023_3_26_SA@ARL,SA,3,ARL,1,110,1679859827.0,56627,2023-03-26 19:43:47.000000,EventFootballPenalty,"4-7-SA 39 (9:10) PENALTY on (ARL) 36 C. Schooler, 5 yards",,True,2,9,10,Half1,MaSourceTypeOfficialScoring,FOOTBALL_XFL_2023_3_26_SA@ARL,,QBStat,43,2302023-SA-at-ARL,550,550,2350,9:10,3,3,Visitor,39,6,1,,,,1.0,39,3,0,4.0,7.0,,,,StatusOfficial,,,,,,,,Home,44.0,6.0,12.0,3:29, ,,,,,,,,,1,21379,5.0,ResultPenaltyRepeatdown,NA,,,,,,,,,,,,,,,,,,0,0.0,0.0,0.0
2023,FOOTBALL_XFL_2023_3_26_SA@ARL,SA,3,ARL,1,113,1679859853.0,56653,2023-03-26 19:44:13.000000,EventFootballPunt,"4-12-SA 44 (8:50) 0 M. King punts 32 yards from SA 44 to 82 L. Akers, Fair Catch at SA 12",,True,2,8,50,Half1,MaSourceTypeOfficialScoring,FOOTBALL_XFL_2023_3_26_SA@ARL,,QBStat,44,2302023-SA-at-ARL,530,530,2330,8:50,3,3,Visitor,44,6,1,,,,1.0,44,3,0,4.0,12.0,,,,StatusOfficial,ResultKickFaircatch,,Visitor,12.0,,,,Home,44.0,6.0,12.0,3:55,PUNT,,,,20891,32.0,,20016,,,,,,,,,,,,,,,,,,,,,,,,1,0.0,0.0,0.0
2023,FOOTBALL_XFL_2023_3_26_SA@ARL,SA,3,ARL,1,116,1679860073.0,56873,2023-03-26 19:47:53.000000,EventFootballRush,"1-10-SA 12 (8:46) 9 J. Patrick rush to SA 17 for 5 yards (53 D. Sankey, 44 B. Rotimi)",,True,2,8,46,Half1,MaSourceTypeOfficialScoring,FOOTBALL_XFL_2023_3_26_SA@ARL,,QBStat,45,2302023-SA-at-ARL,526,526,2326,8:46,3,3,Visitor,12,7,3,,,,0.0,88,3,0,1.0,10.0,22886,,,StatusOfficial,,,,,21196,21348,5.0,Visitor,12.0,1.0,5.0,0:18, ,,,,,,,,,,,,,,,,,,,,,,,,,,,,,,,0,0.0,0.0,0.0
2023,FOOTBALL_XFL_2023_3_26_SA@ARL,SA,3,ARL,1,118,1679860100.0,56900,2023-03-26 19:48:20.000000,EventFootballRush,"2-5-SA 17 (8:19) 9 J. Patrick rush to SA 20 for 3 yards (72 T. Barnes, 6 D. Lambert)",,True,2,8,19,Half1,MaSourceTypeOfficialScoring,FOOTBALL_XFL_2023_3_26_SA@ARL,,QBStat,46,2302023-SA-at-ARL,499,499,2299,8:19,3,3,Visitor,17,7,3,,,,0.0,83,3,0,2.0,5.0,20089,,,StatusOfficial,,,,,21196,20919,3.0,Visitor,12.0,2.0,8.0,0:43, ,,,,,,,,,,,,,,,,,,,,,,,,,,,,,,,0,0.0,0.0,0.0
2023,FOOTBALL_XFL_2023_3_26_SA@ARL,SA,3,ARL,1,121,1679860141.0,56941,2023-03-26 19:49:01.000000,EventFootballPass,3-2-SA 20 (7:38) 13 K. Benkert pass dropped by 84 D. Yelder,,True,2,7,38,Half1,MaSourceTypeOfficialScoring,FOOTBALL_XFL_2023_3_26_SA@ARL,,QBStat,47,2302023-SA-at-ARL,458,458,2258,7:38,3,3,Visitor,20,7,3,,,,0.0,80,3,0,3.0,2.0,,,,StatusOfficial,ResultPassDropped,,,,,,,Visitor,12.0,3.0,8.0,1:21, ,22290,,22022,,,,,,,,,,,,,,,,,,,,,,,,,,,,0,0.0,0.0,0.0
2023,FOOTBALL_XFL_2023_3_26_SA@ARL,SA,3,ARL,1,123,1679860179.0,56979,2023-03-26 19:49:39.000000,EventFootballPunt,"4-2-SA 20 (7:02) 0 B. Wing punts 49 yards from SA 20 to ARL 31. 4 J. Powell to ARL 49 for 18 yards (14 D. Buckrham, 47 R. Sunahara)",,True,2,7,2,Half1,MaSourceTypeOfficialScoring,FOOTBALL_XFL_2023_3_26_SA@ARL,,QBStat,48,2302023-SA-at-ARL,422,422,2222,7:02,3,3,Visitor,20,7,3,,,,0.0,80,3,0,4.0,2.0,20041,,,StatusOfficial,ResultKickReturned,,Home,49.0,,47,,Visitor,12.0,3.0,8.0,1:48,PUNT,,,,21706,49.0,,21251,18.0,,,,,,,,,,,,,,,,,,,,,,,1,0.0,0.0,0.0
2023,FOOTBALL_XFL_2023_3_26_SA@ARL,SA,3,ARL,1,128,1679860245.0,57045,2023-03-26 19:50:45.000000,EventFootballSack,"1-10-ARL 49 (6:34) 9 D. Plitt sacked at ARL 44 for -5 yards Fumbled by 9 D. Plitt,  Forced by 45 D. Scott Recovered by 15 J. Williams , FUM REC TD scored by 15 J. Williams (45 D. Scott)",,True,2,6,34,Half1,MaSourceTypeOfficialScoring,FOOTBALL_XFL_2023_3_26_SA@ARL,,QBStat,49,2302023-SA-at-ARL,394,394,2194,6:34,3,3,Home,49,8,1,,,,1.0,51,3,0,1.0,10.0,,,,StatusOfficial,,,Home,,,,-5.0,Home,49.0,1.0,,0:28,FUMBLE,21243,22844,,,,,,,,,,,,,,,1,21243,3,21974,22844,ScoreTypeFumrectd,3,21974,,,,,,,0,0.0,0.0,0.0
2023,FOOTBALL_XFL_2023_3_26_SA@ARL,SA,3,ARL,1,127,1679860297.0,57097,2023-03-26 19:51:37.000000,EventFootballPat2PtPass,FROM ARL 5 (6:33) 4 J. Pass 2-pt conversion pass to 18 T. Vasher NO GOOD,,True,2,6,33,Half1,MaSourceTypeOfficialScoring,FOOTBALL_XFL_2023_3_26_SA@ARL,,QBStat,50,2302023-SA-at-ARL,393,393,2193,6:33,3,3,Home,5,9,3,,,,0.0,5,9,0,,,,,,StatusOfficial,ResultPassIncomplete,,,,,,,,,,,,,21194,,21898,,,,,,,,,,,,,2.0,,,,,,,,,,,,,,,0,0.0,0.0,0.0
2023,FOOTBALL_XFL_2023_3_26_SA@ARL,SA,3,ARL,1,130,1679860529.0,57329,2023-03-26 19:55:29.000000,EventFootballKickoff,"FROM SA 30 (6:33) 23 P. Romo kicks from SA 30. 16 R. Hall to ARL 17 for 4 yards (3 B. Davis, 21 S. Williams)",,True,2,6,33,Half1,MaSourceTypeOfficialScoring,FOOTBALL_XFL_2023_3_26_SA@ARL,,QBStat,51,2302023-SA-at-ARL,393,393,2193,6:33,3,3,Visitor,30,10,1,,,,1.0,30,9,0,,,20362,20810,20301,StatusOfficial,ResultKickReturned,4.0,Home,17.0,,22819,,,,,,,,,,,,,,,,,,,,,,,,,,,,,,,,,,,,,,0,0.0,0.0,0.0
2023,FOOTBALL_XFL_2023_3_26_SA@ARL,SA,3,ARL,1,132,1679860569.0,57369,2023-03-26 19:56:09.000000,EventFootballRush,1-10-ARL 17 (6:23) 26 L. Brown rush to ARL 21 for 4 yards (92 S. Soto),,True,2,6,23,Half1,MaSourceTypeOfficialScoring,FOOTBALL_XFL_2023_3_26_SA@ARL,,QBStat,52,2302023-SA-at-ARL,383,383,2183,6:23,3,3,Home,17,10,1,,,,1.0,83,9,0,1.0,10.0,22744,,,StatusOfficial,,,,,20207,,4.0,Home,17.0,1.0,4.0,0:27, ,,,,,,,,,,,,,,,,,,,,,,,,,,,,,,,0,0.0,0.0,0.0
2023,FOOTBALL_XFL_2023_3_26_SA@ARL,SA,3,ARL,1,137,1679860590.0,57390,2023-03-26 19:56:30.000000,EventFootballRush,2-6-ARL 21 (6:02) 26 L. Brown rush to ARL 23 for 2 yards (45 D. Scott),,True,2,6,2,Half1,MaSourceTypeOfficialScoring,FOOTBALL_XFL_2023_3_26_SA@ARL,,QBStat,53,2302023-SA-at-ARL,362,362,2162,6:02,3,3,Home,21,10,1,,,,1.0,79,9,0,2.0,6.0,22844,,,StatusOfficial,,,,,20207,,2.0,Home,17.0,2.0,6.0,0:52, ,,,,,,,,,,,,,,,,,,,,,,,,,,,,,,,0,0.0,0.0,0.0
2023,FOOTBALL_XFL_2023_3_26_SA@ARL,SA,3,ARL,1,145,1679860622.0,57422,2023-03-26 19:57:02.000000,EventFootballPass,3-4-ARL 23 (5:30) 10 K. Sloter pass to 19 B. Arconado to ARL 31 for 8 yards (22 R. Texada),,True,2,5,30,Half1,MaSourceTypeOfficialScoring,FOOTBALL_XFL_2023_3_26_SA@ARL,,QBStat,54,2302023-SA-at-ARL,330,330,2130,5:30,3,3,Home,23,10,1,,,,1.0,77,9,0,3.0,4.0,22376,,,StatusOfficial,ResultPassComplete,,,,,,8.0,Home,17.0,3.0,14.0,1:21, ,21884,,20050,,,,,,,,,,,,,,,,,,,,,,,,,,,,0,0.0,0.0,0.0
2023,FOOTBALL_XFL_2023_3_26_SA@ARL,SA,3,ARL,1,142,1679860662.0,57462,2023-03-26 19:57:42.000000,EventFootballPass,"1-10-ARL 31 (4:50) 10 K. Sloter pass to 19 B. Arconado to ARL 38 for 7 yards (22 R. Texada, 15 J. Williams)",,True,2,4,50,Half1,MaSourceTypeOfficialScoring,FOOTBALL_XFL_2023_3_26_SA@ARL,,QBStat,55,2302023-SA-at-ARL,290,290,2090,4:50,3,3,Home,31,10,1,,,,1.0,69,9,0,1.0,10.0,22376,,,StatusOfficial,ResultPassComplete,,,,,21974,7.0,Home,17.0,4.0,21.0,2:02, ,21884,,20050,,,,,,,,,,,,,,,,,,,,,,,,,,,,0,0.0,0.0,0.0
2023,FOOTBALL_XFL_2023_3_26_SA@ARL,SA,3,ARL,1,141,1679860685.0,57485,2023-03-26 19:58:05.000000,EventFootballRush,"2-3-ARL 38 (4:27) 10 K. Sloter rush to ARL 39 for 1 yard (15 J. Williams, 55 D. Downey)",,True,2,4,27,Half1,MaSourceTypeOfficialScoring,FOOTBALL_XFL_2023_3_26_SA@ARL,,QBStat,56,2302023-SA-at-ARL,267,267,2067,4:27,3,3,Home,38,10,1,,,,1.0,62,9,0,2.0,3.0,21974,,,StatusOfficial,,,,,21884,20410,1.0,Home,17.0,5.0,22.0,2:24, ,,,,,,,,,,,,,,,,,,,,,,,,,,,,,,,0,0.0,0.0,0.0
2023,FOOTBALL_XFL_2023_3_26_SA@ARL,SA,3,ARL,1,144,1679860717.0,57517,2023-03-26 19:58:37.000000,EventFootballPass,3-2-ARL 39 (3:56) 10 K. Sloter pass incomplete to 11 L. Winningham,,True,2,3,56,Half1,MaSourceTypeOfficialScoring,FOOTBALL_XFL_2023_3_26_SA@ARL,,QBStat,57,2302023-SA-at-ARL,236,236,2036,3:56,3,3,Home,39,10,1,,,,1.0,61,9,0,3.0,2.0,,,,StatusOfficial,ResultPassIncomplete,,,,,,,Home,17.0,6.0,22.0,2:38, ,21884,,21707,,,,,,,,,,,,,,,,,,,,,,,,,,,,0,0.0,0.0,0.0
2023,FOOTBALL_XFL_2023_3_26_SA@ARL,SA,3,ARL,1,150,1679860753.0,57553,2023-03-26 19:59:13.000000,EventFootballPunt,4-2-ARL 39 (3:23) 0 M. King punts 39 yards from ARL 39 to SA 22. 2 T. Bonds to SA 22 for 0 yards (2 D. Smith),,True,2,3,23,Half1,MaSourceTypeOfficialScoring,FOOTBALL_XFL_2023_3_26_SA@ARL,,QBStat,58,2302023-SA-at-ARL,203,203,2003,3:23,3,3,Home,39,10,1,,,,1.0,61,9,0,4.0,2.0,20142,,,StatusOfficial,ResultKickReturned,,Visitor,22.0,,,,Home,17.0,6.0,22.0,3:10,PUNT,,,,20891,39.0,,20142,0.0,,,,,,,,,,,,,,,,,,,,,,,1,0.0,0.0,0.0
2023,FOOTBALL_XFL_2023_3_26_SA@ARL,SA,3,ARL,1,149,1679860804.0,57604,2023-03-26 20:00:04.000000,EventFootballRush,1-10-SA 22 (3:10) 4 J. Pass rush to SA 25 for 3 yards (36 C. Schooler),,True,2,3,10,Half1,MaSourceTypeOfficialScoring,FOOTBALL_XFL_2023_3_26_SA@ARL,,QBStat,59,2302023-SA-at-ARL,190,190,1990,3:10,3,3,Visitor,22,11,3,,,,0.0,78,9,0,1.0,10.0,21379,,,StatusOfficial,,,,,21194,,3.0,Visitor,22.0,1.0,3.0,0:15, ,,,,,,,,,,,,,,,,,,,,,,,,,,,,,,,0,0.0,0.0,0.0
2023,FOOTBALL_XFL_2023_3_26_SA@ARL,SA,3,ARL,1,153,1679860834.0,57634,2023-03-26 20:00:34.000000,EventFootballPass,2-7-SA 25 (2:40) 4 J. Pass pass to 31 J. Hilliman to SA 27 for 2 yards (21 C. LeBlanc),,True,2,2,40,Half1,MaSourceTypeOfficialScoring,FOOTBALL_XFL_2023_3_26_SA@ARL,,QBStat,60,2302023-SA-at-ARL,160,160,1960,2:40,3,3,Visitor,25,11,3,,,,0.0,75,9,0,2.0,7.0,21798,,,StatusOfficial,ResultPassComplete,,,,,,2.0,Visitor,22.0,2.0,5.0,1:03, ,21194,,20697,,,,,,,,,,,,,,,,,,,,,,,,,,,,0,0.0,0.0,0.0
2023,FOOTBALL_XFL_2023_3_26_SA@ARL,SA,3,ARL,1,155,1679860911.0,57711,2023-03-26 20:01:51.000000,EventFootballTimeout,3-5-SA 27 (2:01) Timeout by San Antonio Brahmas at 2:01,,True,2,2,1,Half1,MaSourceTypeOfficialScoring,FOOTBALL_XFL_2023_3_26_SA@ARL,,QBStat,61,2302023-SA-at-ARL,121,121,1921,2:01,3,3,Visitor,27,11,3,,,,0.0,73,9,0,3.0,5.0,,,,StatusOfficial,,,,,,,,Visitor,22.0,2.0,5.0,1:13, ,,,,,,,,,,,,,,,,,,,,,,,,,3,,,,,,0,0.0,0.0,0.0
2023,FOOTBALL_XFL_2023_3_26_SA@ARL,SA,3,ARL,1,157,1679860966.0,57766,2023-03-26 20:02:46.000000,EventFootballPass,3-5-SA 27 (2:00) 4 J. Pass pass incomplete to 82 L. Akers,,True,2,2,0,Half1,MaSourceTypeOfficialScoring,FOOTBALL_XFL_2023_3_26_SA@ARL,,QBStat,62,2302023-SA-at-ARL,120,120,1920,2:00,2,3,Visitor,27,11,3,,,,0.0,73,9,0,3.0,5.0,,,,StatusOfficial,ResultPassIncomplete,,,,,,,Visitor,22.0,3.0,5.0,1:14, ,21194,,20016,,,,,,,,,,,,,,,,,,,,,,,,,,,,0,0.0,0.0,0.0
2023,FOOTBALL_XFL_2023_3_26_SA@ARL,SA,3,ARL,1,159,1679861189.0,57989,2023-03-26 20:06:29.000000,EventFootballPunt,"4-5-SA 27 (1:52) 0 B. Wing punts 58 yards from SA 27 to ARL 15. 4 J. Powell to ARL 25 for 10 yards (3 B. Davis, 14 D. Buckrham)",,True,2,1,52,Half1,MaSourceTypeOfficialScoring,FOOTBALL_XFL_2023_3_26_SA@ARL,,QBStat,63,2302023-SA-at-ARL,112,112,1912,1:52,2,3,Visitor,27,11,3,,,,0.0,73,9,0,4.0,5.0,22354,,,StatusOfficial,ResultKickReturned,,Home,25.0,,20041,,Visitor,22.0,3.0,5.0,1:31,PUNT,,,,21706,58.0,,21251,10.0,,,,,,,,,,,,,,,,,,,,,,,1,0.0,0.0,0.0
2023,FOOTBALL_XFL_2023_3_26_SA@ARL,SA,3,ARL,1,161,1679861237.0,58037,2023-03-26 20:07:17.000000,EventFootballRush,1-10-ARL 25 (1:43) 2 D. Smith rush to ARL 33 for 8 yards (21 S. Williams),,True,2,1,43,Half1,MaSourceTypeOfficialScoring,FOOTBALL_XFL_2023_3_26_SA@ARL,,QBStat,64,2302023-SA-at-ARL,103,103,1903,1:43,2,3,Home,25,12,1,,,,1.0,75,9,0,1.0,10.0,22819,,,StatusOfficial,,,,,22305,,8.0,Home,25.0,1.0,8.0,0:17, ,,,,,,,,,,,,,,,,,,,,,,,,,,,,,,,0,0.0,0.0,0.0
2023,FOOTBALL_XFL_2023_3_26_SA@ARL,SA,3,ARL,1,163,1679861258.0,58058,2023-03-26 20:07:38.000000,EventFootballRush,"2-2-ARL 33 (1:22) 2 D. Smith rush to ARL 33 for 0 yards (91 J. Edwards, 95 K. Tongamoa)",,True,2,1,22,Half1,MaSourceTypeOfficialScoring,FOOTBALL_XFL_2023_3_26_SA@ARL,,QBStat,65,2302023-SA-at-ARL,82,82,1882,1:22,2,3,Home,33,12,1,,,,1.0,67,9,0,2.0,2.0,20440,,,StatusOfficial,,,,,22305,22778,0.0,Home,25.0,2.0,8.0,0:29, ,,,,,,,,,,,,,,,,,,,,,,,,,,,,,,,0,0.0,0.0,0.0
2023,FOOTBALL_XFL_2023_3_26_SA@ARL,SA,3,ARL,1,165,1679861306.0,58106,2023-03-26 20:08:26.000000,EventFootballTimeout,3-2-ARL 33 (1:16) Timeout by Arlington Renegades at 1:16,,True,2,1,16,Half1,MaSourceTypeOfficialScoring,FOOTBALL_XFL_2023_3_26_SA@ARL,,QBStat,66,2302023-SA-at-ARL,76,76,1876,1:16,2,3,Home,33,12,1,,,,1.0,67,9,0,3.0,2.0,,,,StatusOfficial,,,,,,,,Home,25.0,2.0,8.0,0:29, ,,,,,,,,,,,,,,,,,,,,,,,,,1,,,,,,0,0.0,0.0,0.0
2023,FOOTBALL_XFL_2023_3_26_SA@ARL,SA,3,ARL,1,167,1679861324.0,58124,2023-03-26 20:08:44.000000,EventFootballPass,3-2-ARL 33 (1:13) 10 K. Sloter pass incomplete to 11 L. Winningham Pass Defended by 2 T. Bonds,,True,2,1,13,Half1,MaSourceTypeOfficialScoring,FOOTBALL_XFL_2023_3_26_SA@ARL,,QBStat,67,2302023-SA-at-ARL,73,73,1873,1:13,2,2,Home,33,12,1,,,,1.0,67,9,0,3.0,2.0,,,,StatusOfficial,ResultPassIncomplete,,,,,,,Home,25.0,3.0,8.0,0:32, ,21884,,21707,,,20142,,,,,,,,,,,,,,,,,,,,,,,,,0,0.0,0.0,0.0
2023,FOOTBALL_XFL_2023_3_26_SA@ARL,SA,3,ARL,1,169,1679861358.0,58158,2023-03-26 20:09:18.000000,EventFootballPunt,4-2-ARL 33 (1:13) 0 M. King punts 52 yards from ARL 33 to SA 15. 2 T. Bonds to SA 24 for 9 yards (36 C. Schooler),,True,2,1,13,Half1,MaSourceTypeOfficialScoring,FOOTBALL_XFL_2023_3_26_SA@ARL,,QBStat,68,2302023-SA-at-ARL,73,73,1873,1:13,2,2,Home,33,12,1,,,,1.0,67,9,0,4.0,2.0,36,,,StatusOfficial,ResultKickReturned,,Visitor,24.0,,,,Home,25.0,3.0,8.0,0:39,PUNT,,,,20891,52.0,,20142,9.0,,,,,,,,,,,,,,,,,,,,,,,1,0.0,0.0,0.0
2023,FOOTBALL_XFL_2023_3_26_SA@ARL,SA,3,ARL,1,171,1679861414.0,58214,2023-03-26 20:10:14.000000,EventFootballPass,1-10-SA 24 (0:57) 13 K. Benkert pass incomplete to 18 T. Vasher,,True,2,0,57,Half1,MaSourceTypeOfficialScoring,FOOTBALL_XFL_2023_3_26_SA@ARL,,QBStat,69,2302023-SA-at-ARL,57,57,1857,0:57,2,2,Visitor,24,13,3,,,,0.0,76,9,0,1.0,10.0,,,,StatusOfficial,ResultPassIncomplete,,,,,,,Visitor,24.0,1.0,,0:04, ,22290,,21898,,,,,,,,,,,,,,,,,,,,,,,,,,,,0,0.0,0.0,0.0
2023,FOOTBALL_XFL_2023_3_26_SA@ARL,SA,3,ARL,1,174,1679861440.0,58240,2023-03-26 20:10:40.000000,EventFootballRush,"2-10-SA 24 (0:51) 13 K. Benkert rush to SA 24 for 0 yards Team Gained -6 Extra Yards Fumbled by 13 K. Benkert,  Recovered by 13 K. Benkert",,True,2,0,51,Half1,MaSourceTypeOfficialScoring,FOOTBALL_XFL_2023_3_26_SA@ARL,,QBStat,70,2302023-SA-at-ARL,51,51,1851,0:51,2,2,Visitor,24,13,3,,,,0.0,76,9,0,2.0,10.0,,,,StatusOfficial,,,Visitor,18.0,22290,,0.0,Visitor,24.0,2.0,-6.0,0:43, ,,,,,,,,,,,,,,,,,3,22290,3,22290,,,,,,Team,3,,-6.0,,0,0.0,0.0,0.0
2023,FOOTBALL_XFL_2023_3_26_SA@ARL,SA,3,ARL,1,176,1679861523.0,58323,2023-03-26 20:12:03.000000,EventFootballTimeout,3-16-SA 18 (0:18) Timeout by San Antonio Brahmas at 0:18,,True,2,0,18,Half1,MaSourceTypeOfficialScoring,FOOTBALL_XFL_2023_3_26_SA@ARL,,QBStat,71,2302023-SA-at-ARL,18,18,1818,0:18,2,2,Visitor,18,13,3,,,,0.0,82,9,0,3.0,16.0,,,,StatusOfficial,,,,,,,,Visitor,24.0,2.0,-6.0,0:43, ,,,,,,,,,,,,,,,,,,,,,,,,,3,,,,,,0,0.0,0.0,0.0
2023,FOOTBALL_XFL_2023_3_26_SA@ARL,SA,3,ARL,1,179,1679861542.0,58342,2023-03-26 20:12:22.000000,EventFootballRush,"3-16-SA 18 (0:14) 31 J. Hilliman rush to SA 19 for 1 yard (21 C. LeBlanc, 29 S. Brown)",,True,2,0,14,Half1,MaSourceTypeOfficialScoring,FOOTBALL_XFL_2023_3_26_SA@ARL,,QBStat,72,2302023-SA-at-ARL,14,14,1814,0:14,1,2,Visitor,18,13,3,,,,0.0,82,9,0,3.0,16.0,21798,,,StatusOfficial,,,,,20697,20212,1.0,Visitor,24.0,3.0,-5.0,0:48, ,,,,,,,,,,,,,,,,,,,,,,,,,,,,,,,0,0.0,0.0,0.0
2023,FOOTBALL_XFL_2023_3_26_SA@ARL,SA,3,ARL,1,181,1679861582.0,58382,2023-03-26 20:13:02.000000,EventFootballTimeout,4-15-SA 19 (0:13) Timeout by Arlington Renegades at 0:13,,True,2,0,13,Half1,MaSourceTypeOfficialScoring,FOOTBALL_XFL_2023_3_26_SA@ARL,,QBStat,73,2302023-SA-at-ARL,13,13,1813,0:13,1,2,Visitor,19,13,3,,,,0.0,81,9,0,4.0,15.0,,,,StatusOfficial,,,,,,,,Visitor,24.0,3.0,-5.0,0:48, ,,,,,,,,,,,,,,,,,,,,,,,,,1,,,,,,0,0.0,0.0,0.0
2023,FOOTBALL_XFL_2023_3_26_SA@ARL,SA,3,ARL,1,186,1679861602.0,58402,2023-03-26 20:13:22.000000,EventFootballPunt,4-15-SA 19 (0:03) 0 B. Wing punts 47 yards from SA 19 to ARL 34. 4 J. Powell to ARL 25 for -9 yards (28 J. Koerner),,True,2,0,3,Half1,MaSourceTypeOfficialScoring,FOOTBALL_XFL_2023_3_26_SA@ARL,,QBStat,74,2302023-SA-at-ARL,3,3,1803,0:03,1,1,Visitor,19,13,3,,,,0.0,81,9,0,4.0,15.0,28,,,StatusOfficial,ResultKickReturned,,Home,25.0,,,,Visitor,24.0,3.0,-5.0,1:10,PUNT,,,,21706,47.0,,21251,-9.0,,,,,,,,,,,,,,,,,,,,,,,1,0.0,0.0,0.0
2023,FOOTBALL_XFL_2023_3_26_SA@ARL,SA,3,ARL,1,185,1679861645.5847063,,2023-03-26 20:14:05.584706,EventPeriodEnd,Halftime Marker,,True,2,0,0,Half1,MaSourceTypeOfficialScoring,FOOTBALL_XFL_2023_3_26_SA@ARL,,QBStat,10010,2302023-SA-at-ARL,0,0,1800,0:00,3,3,Home,25,14,1,,,,1.0,75,9,0,1.0,10.0,,,,,,,,,,,,,,,,,,,,,,,,,,,,,,,,,,,,,,,,,,,,,,,,0,0.0,0.0,0.0
2023,FOOTBALL_XFL_2023_3_26_SA@ARL,SA,3,ARL,1,188,1679862339.0,59139,2023-03-26 20:25:39.000000,EventFootballKickoff,"1-10-ARL 25 (15:00) 23 P. Romo kicks from ARL 25. 26 L. Brown to ARL 27 for 17 yards (14 D. Buckrham, 3 B. Davis)",,True,3,15,0,Half2,MaSourceTypeOfficialScoring,FOOTBALL_XFL_2023_3_26_SA@ARL,,QBStat,75,2302023-SA-at-ARL,900,1800,1800,15:00,3,3,Home,25,15,1,,,,1.0,75,9,0,1.0,10.0,20222,20810,26,StatusOfficial,ResultKickReturned,17.0,Home,27.0,,20362,,,,,,,,,,,,,,,,,,,,,,,,,,,,,,,,,,,,,,0,0.0,0.0,0.0
2023,FOOTBALL_XFL_2023_3_26_SA@ARL,SA,3,ARL,1,204,1679862406.0,59206,2023-03-26 20:26:46.000000,EventFootballRush,"1-10-ARL 27 (14:51) 2 D. Smith rush to ARL 32 for 5 yards (5 T. Adewusi, 45 D. Scott) PENALTY on (SA) 5 T. Adewusi, 15 yards",,True,3,14,51,Half2,MaSourceTypeOfficialScoring,FOOTBALL_XFL_2023_3_26_SA@ARL,,QBStat,76,2302023-SA-at-ARL,891,1791,1791,14:51,3,3,Home,27,15,1,,,,1.0,73,9,0,1.0,10.0,20008,,,StatusOfficial,,,,,22305,22844,5.0,Home,27.0,1.0,20.0,0:14, ,,,,,,,,,3,20008,15.0,ResultPenaltyOnkickoffpat,NA,,,,,,,,,,,,,,,,,,0,0.0,0.0,0.0
2023,FOOTBALL_XFL_2023_3_26_SA@ARL,SA,3,ARL,1,192,1679862462.0,59262,2023-03-26 20:27:42.000000,EventFootballRush,1-10-ARL 47 (14:26) 2 D. Smith rush to SA 39 for 14 yards (15 J. Williams),,True,3,14,26,Half2,MaSourceTypeOfficialScoring,FOOTBALL_XFL_2023_3_26_SA@ARL,,QBStat,77,2302023-SA-at-ARL,866,1766,1766,14:26,3,3,Home,47,15,1,,,,1.0,53,9,0,1.0,10.0,21974,,,StatusOfficial,,,,,22305,,14.0,Home,27.0,2.0,34.0,0:52, ,,,,,,,,,,,,,,,,,,,,,,,,,,,,,,,0,0.0,0.0,0.0
2023,FOOTBALL_XFL_2023_3_26_SA@ARL,SA,3,ARL,1,209,1679862503.0,59303,2023-03-26 20:28:23.000000,EventFootballRush,1-10-SA 39 (13:46) 9 D. Plitt rush to SA 45 for -6 yards (90 M. Gotel),,True,3,13,46,Half2,MaSourceTypeOfficialScoring,FOOTBALL_XFL_2023_3_26_SA@ARL,,QBStat,78,2302023-SA-at-ARL,826,1726,1726,13:46,3,3,Visitor,39,15,1,,,,1.0,39,9,0,1.0,10.0,20567,,,StatusOfficial,,,,,21243,,-6.0,Home,27.0,3.0,29.0,1:57, ,,,,,,,,,,,,,,,,,,,,,,,,,,,,,,,0,0.0,0.0,0.0
2023,FOOTBALL_XFL_2023_3_26_SA@ARL,SA,3,ARL,1,234,1679862548.0,59348,2023-03-26 20:29:08.000000,EventFootballRush,"2-16-SA 45 (13:00) 2 D. Smith rush to SA 35 for 10 yards (22 R. Texada, 15 J. Williams)",,True,3,13,0,Half2,MaSourceTypeOfficialScoring,FOOTBALL_XFL_2023_3_26_SA@ARL,,QBStat,79,2302023-SA-at-ARL,780,1680,1680,13:00,3,3,Visitor,45,15,1,,,,1.0,45,9,0,2.0,16.0,22376,,,StatusOfficial,,,,,22305,21974,10.0,Home,27.0,4.0,38.0,2:20, ,,,,,,,,,,,,,,,,,,,,,,,,,,,,,,,0,0.0,0.0,0.0
2023,FOOTBALL_XFL_2023_3_26_SA@ARL,SA,3,ARL,1,224,1679862585.0,59385,2023-03-26 20:29:45.000000,EventFootballPass,3-6-SA 35 (12:24) 10 K. Sloter pass incomplete to 13 C. Vander Esch,,True,3,12,24,Half2,MaSourceTypeOfficialScoring,FOOTBALL_XFL_2023_3_26_SA@ARL,,QBStat,80,2302023-SA-at-ARL,744,1644,1644,12:24,3,3,Visitor,35,15,1,,,,1.0,35,9,0,3.0,6.0,,,,StatusOfficial,ResultPassIncomplete,,,,,,,Home,27.0,5.0,38.0,2:36, ,21884,,21601,,,,,,,,,,,,,,,,,,,,,,,,,,,,0,0.0,0.0,0.0
2023,FOOTBALL_XFL_2023_3_26_SA@ARL,SA,3,ARL,1,225,1679862616.0,59416,2023-03-26 20:30:16.000000,EventFootballFg,4-6-SA 35 (12:00) 1 T. Russolino 53 yard field goal is GOOD,,True,3,12,0,Half2,MaSourceTypeOfficialScoring,FOOTBALL_XFL_2023_3_26_SA@ARL,,QBStat,81,2302023-SA-at-ARL,720,1620,1620,12:00,3,3,Visitor,35,15,1,,,,1.0,35,9,0,4.0,6.0,,21359,,StatusOfficial,ResultKickMade,,,,,,53.0,Home,27.0,6.0,38.0,3:00,FG,,,,,,,,,,,,,,ScoreTypeFg,,,,,,,,,,,,,,,,,0,0.0,0.0,0.0
2023,FOOTBALL_XFL_2023_3_26_SA@ARL,SA,3,ARL,1,206,1679862689.0,59489,2023-03-26 20:31:29.000000,EventFootballKickoff,"FROM ARL 30 (11:53) 1 T. Russolino kicks from ARL 30. 6 F. Brown to SA 20 for 12 yards (27 B. Rusnak, 81 N. Becker)",,True,3,11,53,Half2,MaSourceTypeOfficialScoring,FOOTBALL_XFL_2023_3_26_SA@ARL,,QBStat,82,2302023-SA-at-ARL,713,1613,1613,11:53,3,3,Home,30,16,3,,,,0.0,30,9,3,,,22893,20087,20919,StatusOfficial,ResultKickReturned,12.0,Visitor,20.0,,22326,,,,,,,,,,,,,,,,,,,,,,,,,,,,,,,,,,,,,,0,0.0,0.0,0.0
2023,FOOTBALL_XFL_2023_3_26_SA@ARL,SA,3,ARL,1,208,1679862733.0,59533,2023-03-26 20:32:13.000000,EventFootballRush,"1-10-SA 20 (11:44) 9 J. Patrick rush to SA 20 for 0 yards (18 D. Payne, 90 B. Hector)",,True,3,11,44,Half2,MaSourceTypeOfficialScoring,FOOTBALL_XFL_2023_3_26_SA@ARL,,QBStat,83,2302023-SA-at-ARL,704,1604,1604,11:44,3,3,Visitor,20,16,3,,,,0.0,80,9,3,1.0,10.0,22675,,,StatusOfficial,,,,,21196,22010,0.0,Visitor,20.0,1.0,,0:20, ,,,,,,,,,,,,,,,,,,,,,,,,,,,,,,,0,0.0,0.0,0.0
2023,FOOTBALL_XFL_2023_3_26_SA@ARL,SA,3,ARL,1,220,1679862775.0,59575,2023-03-26 20:32:55.000000,EventFootballPass,2-10-SA 20 (11:03) 13 K. Benkert pass intended for 82 L. Akers INTERCEPTED by 18 D. Payne returned 0 yards to SA 33 QB Hit by 45 W. Clarke,,True,3,11,3,Half2,MaSourceTypeOfficialScoring,FOOTBALL_XFL_2023_3_26_SA@ARL,,QBStat,84,2302023-SA-at-ARL,663,1563,1563,11:03,3,3,Visitor,20,16,3,,,,0.0,80,9,3,2.0,10.0,,,,StatusOfficial,ResultPassInterception,,Visitor,33.0,,,,Visitor,20.0,2.0,,0:57,INT,22290,,20016,,,,,,,,,,,,20296,,,,,,,,,,,,,,,22675,0,0.0,0.0,0.0
2023,FOOTBALL_XFL_2023_3_26_SA@ARL,SA,3,ARL,1,217,1679862850.0,59650,2023-03-26 20:34:10.000000,EventFootballPass,1-10-SA 33 (10:41) 9 D. Plitt pass to 2 D. Smith to SA 16 for 17 yards (15 J. Williams),,True,3,10,41,Half2,MaSourceTypeOfficialScoring,FOOTBALL_XFL_2023_3_26_SA@ARL,,QBStat,85,2302023-SA-at-ARL,641,1541,1541,10:41,3,3,Visitor,33,17,1,,,,1.0,33,9,3,1.0,10.0,21974,,,StatusOfficial,ResultPassComplete,,,,,,17.0,Visitor,33.0,1.0,17.0,0:11, ,21243,,22305,,,,,,,,,,,,,,,,,,,,,,,,,,,,0,0.0,0.0,0.0
2023,FOOTBALL_XFL_2023_3_26_SA@ARL,SA,3,ARL,1,219,1679862865.0,59665,2023-03-26 20:34:25.000000,EventFootballRush,1-10-SA 16 (10:25) 2 D. Smith rush to SA 14 for 2 yards (15 J. Williams),,True,3,10,25,Half2,MaSourceTypeOfficialScoring,FOOTBALL_XFL_2023_3_26_SA@ARL,,QBStat,86,2302023-SA-at-ARL,625,1525,1525,10:25,3,3,Visitor,16,17,1,,,,1.0,16,9,3,1.0,10.0,21974,,,StatusOfficial,,,,,22305,,2.0,Visitor,33.0,2.0,19.0,0:30, ,,,,,,,,,,,,,,,,,,,,,,,,,,,,,,,0,0.0,0.0,0.0
2023,FOOTBALL_XFL_2023_3_26_SA@ARL,SA,3,ARL,1,222,1679862904.0,59704,2023-03-26 20:35:04.000000,EventFootballPenalty,"2-8-SA 14 (9:50) PENALTY on (ARL) 56 C. Hunt, 5 yards",,True,3,9,50,Half2,MaSourceTypeOfficialScoring,FOOTBALL_XFL_2023_3_26_SA@ARL,,QBStat,87,2302023-SA-at-ARL,590,1490,1490,9:50,3,3,Visitor,14,17,1,,,,1.0,14,9,3,2.0,8.0,,,,StatusOfficial,,,,,,,,Visitor,33.0,2.0,14.0,0:52, ,,,,,,,,,1,20735,5.0,ResultPenaltyRepeatdown,NA,,,,,,,,,,,,,,,,,,0,0.0,0.0,0.0
2023,FOOTBALL_XFL_2023_3_26_SA@ARL,SA,3,ARL,1,227,1679862948.0,59748,2023-03-26 20:35:48.000000,EventFootballRush,2-13-SA 19 (9:18) 9 D. Plitt rush to SA 16 for 3 yards (15 J. Williams),,True,3,9,18,Half2,MaSourceTypeOfficialScoring,FOOTBALL_XFL_2023_3_26_SA@ARL,,QBStat,88,2302023-SA-at-ARL,558,1458,1458,9:18,3,3,Visitor,19,17,1,,,,1.0,19,9,3,2.0,13.0,21974,,,StatusOfficial,,,,,21243,,3.0,Visitor,33.0,3.0,17.0,1:32, ,,,,,,,,,,,,,,,,,,,,,,,,,,,,,,,0,0.0,0.0,0.0
2023,FOOTBALL_XFL_2023_3_26_SA@ARL,SA,3,ARL,1,230,1679862989.0,59789,2023-03-26 20:36:29.000000,EventFootballPass,"3-10-SA 16 (8:38) 9 D. Plitt pass to 11 L. Winningham for 16 yards, TOUCHDOWN",,True,3,8,38,Half2,MaSourceTypeOfficialScoring,FOOTBALL_XFL_2023_3_26_SA@ARL,,QBStat,89,2302023-SA-at-ARL,518,1418,1418,8:38,3,3,Visitor,16,17,1,,,,1.0,16,9,3,3.0,10.0,,,,StatusOfficial,ResultPassComplete,,,,,,16.0,Visitor,33.0,4.0,33.0,2:04,TD,21243,,21707,,,,,,,,,,,ScoreTypeTd,,,,,,,,,,,,,,,,,0,1.0,0.0,1.0
2023,FOOTBALL_XFL_2023_3_26_SA@ARL,SA,3,ARL,1,233,1679863019.0,59819,2023-03-26 20:36:59.000000,EventFootballPat1PtRush,FROM SA 2 (8:38) 2 D. Smith 1-pt conversion rush attempt NO GOOD,,True,3,8,38,Half2,MaSourceTypeOfficialScoring,FOOTBALL_XFL_2023_3_26_SA@ARL,,QBStat,90,2302023-SA-at-ARL,518,1418,1418,8:38,3,3,Visitor,2,17,1,,,,1.0,2,9,9,,,,,,StatusOfficial,,,,,22305,,0.0,,,,,,,,,,,,,,,,,,,,,,1.0,,,,,,,,,,,,,,,0,0.0,0.0,0.0
2023,FOOTBALL_XFL_2023_3_26_SA@ARL,SA,3,ARL,1,240,1679863292.0,60092,2023-03-26 20:41:32.000000,EventFootballKickoff,"FROM ARL 30 (8:33) 1 T. Russolino kicks from ARL 30. 6 F. Brown to SA 33 for 28 yards (44 B. Rotimi, 80 S. Cannella)",,True,3,8,33,Half2,MaSourceTypeOfficialScoring,FOOTBALL_XFL_2023_3_26_SA@ARL,,QBStat,91,2302023-SA-at-ARL,513,1413,1413,8:33,3,3,Home,30,18,3,,,,0.0,30,9,9,,,21348,20087,20919,StatusOfficial,ResultKickReturned,28.0,Visitor,33.0,,22030,,,,,,,,,,,,,,,,,,,,,,,,,,,,,,,,,,,,,,0,0.0,0.0,0.0
2023,FOOTBALL_XFL_2023_3_26_SA@ARL,SA,3,ARL,1,242,1679863434.0,60234,2023-03-26 20:43:54.000000,EventFootballRush,1-10-SA 33 (8:21) 9 J. Patrick rush to SA 34 for 1 yard (71 J. Coatney),,True,3,8,21,Half2,MaSourceTypeOfficialScoring,FOOTBALL_XFL_2023_3_26_SA@ARL,,QBStat,92,2302023-SA-at-ARL,501,1401,1401,8:21,3,3,Visitor,33,18,3,,,,0.0,67,9,9,1.0,10.0,21922,,,StatusOfficial,,,,,21196,,1.0,Visitor,33.0,1.0,1.0,0:27, ,,,,,,,,,,,,,,,,,,,,,,,,,,,,,,,0,0.0,0.0,0.0
2023,FOOTBALL_XFL_2023_3_26_SA@ARL,SA,3,ARL,1,244,1679863463.0,60263,2023-03-26 20:44:23.000000,EventFootballPass,2-9-SA 34 (7:53) 4 J. Pass pass to 6 F. Brown to SA 25 for -9 yards (71 J. Coatney),,True,3,7,53,Half2,MaSourceTypeOfficialScoring,FOOTBALL_XFL_2023_3_26_SA@ARL,,QBStat,93,2302023-SA-at-ARL,473,1373,1373,7:53,3,3,Visitor,34,18,3,,,,0.0,66,9,9,2.0,9.0,21922,,,StatusOfficial,ResultPassComplete,,,,,,-9.0,Visitor,33.0,2.0,-8.0,1:03, ,21194,,20203,,,,,,,,,,,,,,,,,,,,,,,,,,,,0,0.0,0.0,0.0
2023,FOOTBALL_XFL_2023_3_26_SA@ARL,SA,3,ARL,1,246,1679863506.0,60306,2023-03-26 20:45:06.000000,EventFootballPass,3-18-SA 25 (7:10) 4 J. Pass pass incomplete to 9 J. Patrick,,True,3,7,10,Half2,MaSourceTypeOfficialScoring,FOOTBALL_XFL_2023_3_26_SA@ARL,,QBStat,94,2302023-SA-at-ARL,430,1330,1330,7:10,3,3,Visitor,25,18,3,,,,0.0,75,9,9,3.0,18.0,,,,StatusOfficial,ResultPassIncomplete,,,,,,,Visitor,33.0,3.0,-8.0,1:33, ,21194,,21196,,,,,,,,,,,,,,,,,,,,,,,,,,,,0,0.0,0.0,0.0
2023,FOOTBALL_XFL_2023_3_26_SA@ARL,SA,3,ARL,1,249,1679863536.0,60336,2023-03-26 20:45:36.000000,EventFootballPunt,4-18-SA 25 (6:48) 0 B. Wing punts 55 yards from SA 25 to ARL 20. 8 V. Bolden to ARL 18 for -2 yards (24 R. Lewis),,True,3,6,48,Half2,MaSourceTypeOfficialScoring,FOOTBALL_XFL_2023_3_26_SA@ARL,,QBStat,95,2302023-SA-at-ARL,408,1308,1308,6:48,3,3,Visitor,25,18,3,,,,0.0,75,9,9,4.0,18.0,22302,,,StatusOfficial,ResultKickReturned,,Home,18.0,,,,Visitor,33.0,3.0,-8.0,1:50,PUNT,,,,21706,55.0,,22896,-2.0,,,,,,,,,,,,,,,,,,,,,,,1,0.0,0.0,0.0
2023,FOOTBALL_XFL_2023_3_26_SA@ARL,SA,3,ARL,1,251,1679863769.0,60569,2023-03-26 20:49:29.000000,EventFootballRush,1-10-ARL 18 (6:34) 26 L. Brown rush to ARL 14 for -4 yards (55 D. Downey),,True,3,6,34,Half2,MaSourceTypeOfficialScoring,FOOTBALL_XFL_2023_3_26_SA@ARL,,QBStat,96,2302023-SA-at-ARL,394,1294,1294,6:34,3,3,Home,18,19,1,,,,1.0,82,9,9,1.0,10.0,20410,,,StatusOfficial,,,,,20207,,-4.0,Home,18.0,1.0,-4.0,0:14, ,,,,,,,,,,,,,,,,,,,,,,,,,,,,,,,0,0.0,0.0,0.0
2023,FOOTBALL_XFL_2023_3_26_SA@ARL,SA,3,ARL,1,253,1679863807.0,60607,2023-03-26 20:50:07.000000,EventFootballRush,"2-14-ARL 14 (5:55) 26 L. Brown rush to ARL 26 for 12 yards (22 R. Texada, 1 L. Barcoo)",,True,3,5,55,Half2,MaSourceTypeOfficialScoring,FOOTBALL_XFL_2023_3_26_SA@ARL,,QBStat,97,2302023-SA-at-ARL,355,1255,1255,5:55,3,3,Home,14,19,1,,,,1.0,86,9,9,2.0,14.0,22376,,,StatusOfficial,,,,,20207,20087,12.0,Home,18.0,2.0,8.0,1:00, ,,,,,,,,,,,,,,,,,,,,,,,,,,,,,,,0,0.0,0.0,0.0
2023,FOOTBALL_XFL_2023_3_26_SA@ARL,SA,3,ARL,1,258,1679863842.0,60642,2023-03-26 20:50:42.000000,EventFootballPass,3-2-ARL 26 (5:21) 10 K. Sloter pass to 81 N. Becker to ARL 34 for 8 yards (33 D. Beesley),,True,3,5,21,Half2,MaSourceTypeOfficialScoring,FOOTBALL_XFL_2023_3_26_SA@ARL,,QBStat,98,2302023-SA-at-ARL,321,1221,1221,5:21,3,3,Home,26,19,1,,,,1.0,74,9,9,3.0,2.0,21740,,,StatusOfficial,ResultPassComplete,,,,,,8.0,Home,18.0,3.0,21.0,1:28, ,21884,,22326,,,,,,,,,,,,,,,,,,,,,,,,,,,,0,0.0,0.0,0.0
2023,FOOTBALL_XFL_2023_3_26_SA@ARL,SA,3,ARL,1,259,1679863877.0,60677,2023-03-26 20:51:17.000000,EventFootballPass,1-10-ARL 34 (4:48) 10 K. Sloter pass to 16 R. Hall to ARL 34 for 0 yards (45 D. Scott),,True,3,4,48,Half2,MaSourceTypeOfficialScoring,FOOTBALL_XFL_2023_3_26_SA@ARL,,QBStat,99,2302023-SA-at-ARL,288,1188,1188,4:48,3,3,Home,34,19,1,,,,1.0,66,9,9,1.0,10.0,22844,,,StatusOfficial,ResultPassComplete,,,,,,0.0,Home,18.0,4.0,16.0,2:36, ,21884,,22529,,,,,,,,,,,,,,,,,,,,,,,,,,,,0,0.0,0.0,0.0
2023,FOOTBALL_XFL_2023_3_26_SA@ARL,SA,3,ARL,1,261,1679863926.0,60726,2023-03-26 20:52:06.000000,EventFootballSack,2-10-ARL 34 (3:58) 10 K. Sloter sacked at ARL 30 for -4 yards (45 D. Scott),,True,3,3,58,Half2,MaSourceTypeOfficialScoring,FOOTBALL_XFL_2023_3_26_SA@ARL,,QBStat,100,2302023-SA-at-ARL,238,1138,1138,3:58,3,3,Home,34,19,1,,,,1.0,66,9,9,2.0,10.0,,,,StatusOfficial,,,,,,,-4.0,Home,18.0,5.0,12.0,2:46, ,21884,22844,,,,,,,,,,,,,,,,,,,,,,,,,,,,,0,0.0,0.0,0.0
2023,FOOTBALL_XFL_2023_3_26_SA@ARL,SA,3,ARL,1,263,1679863986.0,60786,2023-03-26 20:53:06.000000,EventFootballPenalty,"3-14-ARL 30 (3:26) PENALTY on Arlington Renegades, 5 yards",,True,3,3,26,Half2,MaSourceTypeOfficialScoring,FOOTBALL_XFL_2023_3_26_SA@ARL,,QBStat,101,2302023-SA-at-ARL,206,1106,1106,3:26,3,3,Home,30,19,1,,,,1.0,70,9,9,3.0,14.0,,,,StatusOfficial,,,,,,,,Home,18.0,5.0,7.0,3:10, ,,,,,,,,,1,TM,5.0,ResultPenaltyRepeatdown,NA,,,,,,,,,,,,,,,,,,0,0.0,0.0,0.0
2023,FOOTBALL_XFL_2023_3_26_SA@ARL,SA,3,ARL,1,265,1679864039.0,60839,2023-03-26 20:53:59.000000,EventFootballPenalty,"3-19-ARL 25 (3:00) PENALTY on (ARL) 56 C. Hunt, 10 yards",,True,3,3,0,Half2,MaSourceTypeOfficialScoring,FOOTBALL_XFL_2023_3_26_SA@ARL,,QBStat,102,2302023-SA-at-ARL,180,1080,1080,3:00,3,3,Home,25,19,1,,,,1.0,75,9,9,3.0,19.0,,,,StatusOfficial,,,,,,,,Home,18.0,5.0,-3.0,3:36, ,,,,,,,,,1,20735,10.0,ResultPenaltyRepeatdown,NA,,,,,,,,,,,,,,,,,,0,0.0,0.0,0.0
2023,FOOTBALL_XFL_2023_3_26_SA@ARL,SA,3,ARL,1,267,1679864080.0,60880,2023-03-26 20:54:40.000000,EventFootballPass,3-29-ARL 15 (2:38) 10 K. Sloter pass dropped by 19 B. Arconado,,True,3,2,38,Half2,MaSourceTypeOfficialScoring,FOOTBALL_XFL_2023_3_26_SA@ARL,,QBStat,103,2302023-SA-at-ARL,158,1058,1058,2:38,3,3,Home,15,19,1,,,,1.0,85,9,9,3.0,29.0,,,,StatusOfficial,ResultPassDropped,,,,,,,Home,18.0,6.0,-3.0,3:58, ,21884,,20050,,,,,,,,,,,,,,,,,,,,,,,,,,,,0,0.0,0.0,0.0
2023,FOOTBALL_XFL_2023_3_26_SA@ARL,SA,3,ARL,1,271,1679864111.0,60911,2023-03-26 20:55:11.000000,EventFootballPunt,4-29-ARL 15 (2:16) 0 M. King punts 57 yards from ARL 15 to SA 28. 2 T. Bonds to SA 40 for 12 yards (27 B. Rusnak),,True,3,2,16,Half2,MaSourceTypeOfficialScoring,FOOTBALL_XFL_2023_3_26_SA@ARL,,QBStat,104,2302023-SA-at-ARL,136,1036,1036,2:16,3,3,Home,15,19,1,,,,1.0,85,9,9,4.0,29.0,22534,,,StatusOfficial,ResultKickReturned,,Visitor,40.0,,,,Home,18.0,6.0,-3.0,4:32,PUNT,,,,20891,57.0,,20142,12.0,,,,,,,,,,,,,,,,,,,,,,,1,0.0,0.0,0.0
2023,FOOTBALL_XFL_2023_3_26_SA@ARL,SA,3,ARL,1,273,1679864171.0,60971,2023-03-26 20:56:11.000000,EventFootballPass,1-10-SA 40 (1:54) 4 J. Pass pass incomplete to 18 T. Vasher,,True,3,1,54,Half2,MaSourceTypeOfficialScoring,FOOTBALL_XFL_2023_3_26_SA@ARL,,QBStat,105,2302023-SA-at-ARL,114,1014,1014,1:54,3,3,Visitor,40,20,3,,,,0.0,60,9,9,1.0,10.0,,,,StatusOfficial,ResultPassIncomplete,,,,,,,Visitor,40.0,1.0,,0:07, ,21194,,21898,,,,,,,,,,,,,,,,,,,,,,,,,,,,0,0.0,0.0,0.0
2023,FOOTBALL_XFL_2023_3_26_SA@ARL,SA,3,ARL,1,276,1679864203.0,61003,2023-03-26 20:56:43.000000,EventFootballRush,"2-10-SA 40 (1:25) 9 J. Patrick rush to SA 46 for 6 yards (5 W. Hill, 72 T. Barnes)",,True,3,1,25,Half2,MaSourceTypeOfficialScoring,FOOTBALL_XFL_2023_3_26_SA@ARL,,QBStat,106,2302023-SA-at-ARL,85,985,985,1:25,3,3,Visitor,40,20,3,,,,0.0,60,9,9,2.0,10.0,20693,,,StatusOfficial,,,,,21196,20089,6.0,Visitor,40.0,2.0,6.0,1:20, ,,,,,,,,,,,,,,,,,,,,,,,,,,,,,,,0,0.0,0.0,0.0
2023,FOOTBALL_XFL_2023_3_26_SA@ARL,SA,3,ARL,1,278,1679864256.0,61056,2023-03-26 20:57:36.000000,EventFootballPass,3-4-SA 46 (0:36) 4 J. Pass pass incomplete to 18 T. Vasher,,True,3,0,36,Half2,MaSourceTypeOfficialScoring,FOOTBALL_XFL_2023_3_26_SA@ARL,,QBStat,107,2302023-SA-at-ARL,36,936,936,0:36,3,3,Visitor,46,20,3,,,,0.0,54,9,9,3.0,4.0,,,,StatusOfficial,ResultPassIncomplete,,,,,,,Visitor,40.0,3.0,6.0,1:26, ,21194,,21898,,,,,,,,,,,,,,,,,,,,,,,,,,,,0,0.0,0.0,0.0
2023,FOOTBALL_XFL_2023_3_26_SA@ARL,SA,3,ARL,1,285,1679864294.0,61094,2023-03-26 20:58:14.000000,EventFootballPunt,4-4-SA 46 (0:00) 1 L. Barcoo punts 46 yards from SA 46 to ARL 8. 4 J. Powell to ARL 16 for 8 yards (31 J. Hilliman),,True,3,0,0,Half2,MaSourceTypeOfficialScoring,FOOTBALL_XFL_2023_3_26_SA@ARL,,QBStat,108,2302023-SA-at-ARL,0,900,900,0:00,3,3,Visitor,46,20,3,,,,0.0,54,9,9,4.0,4.0,31,,,StatusOfficial,ResultKickReturned,,Home,16.0,,,,Visitor,40.0,3.0,6.0,2:16,PUNT,,,,20087,46.0,,21251,8.0,,,,,,,,,,,,,,,,,,,,,,,1,0.0,0.0,0.0
2023,FOOTBALL_XFL_2023_3_26_SA@ARL,SA,3,ARL,1,287,1679864550.0,61350,2023-03-26 21:02:30.000000,EventFootballRush,"1-10-ARL 16 (14:56) 26 L. Brown rush to ARL 19 for 3 yards (3 B. Davis, 91 J. Edwards)",,True,4,14,56,Half2,MaSourceTypeOfficialScoring,FOOTBALL_XFL_2023_3_26_SA@ARL,,QBStat,109,2302023-SA-at-ARL,896,896,896,14:56,3,3,Home,16,21,1,,,,1.0,84,9,9,1.0,10.0,20362,,,StatusOfficial,,,,,20207,20440,3.0,Home,16.0,1.0,3.0,0:16, ,,,,,,,,,,,,,,,,,,,,,,,,,,,,,,,0,0.0,0.0,0.0
2023,FOOTBALL_XFL_2023_3_26_SA@ARL,SA,3,ARL,1,291,1679864608.0,61408,2023-03-26 21:03:28.000000,EventFootballRush,2-7-ARL 19 (13:58) 26 L. Brown rush to ARL 25 for 6 yards (3 B. Davis),,True,4,13,58,Half2,MaSourceTypeOfficialScoring,FOOTBALL_XFL_2023_3_26_SA@ARL,,QBStat,110,2302023-SA-at-ARL,838,838,838,13:58,3,3,Home,19,21,1,,,,1.0,81,9,9,2.0,7.0,20362,,,StatusOfficial,,,,,20207,,6.0,Home,16.0,2.0,9.0,1:09, ,,,,,,,,,,,,,,,,,,,,,,,,,,,,,,,0,0.0,0.0,0.0
2023,FOOTBALL_XFL_2023_3_26_SA@ARL,SA,3,ARL,1,293,1679864624.0,61424,2023-03-26 21:03:44.000000,EventFootballRush,"3-1-ARL 25 (13:42) 26 L. Brown rush to ARL 29 for 4 yards (1 L. Barcoo, 45 D. Scott)",,True,4,13,42,Half2,MaSourceTypeOfficialScoring,FOOTBALL_XFL_2023_3_26_SA@ARL,,QBStat,111,2302023-SA-at-ARL,822,822,822,13:42,3,3,Home,25,21,1,,,,1.0,75,9,9,3.0,1.0,20087,,,StatusOfficial,,,,,20207,22844,4.0,Home,16.0,3.0,13.0,1:33, ,,,,,,,,,,,,,,,,,,,,,,,,,,,,,,,0,0.0,0.0,0.0
2023,FOOTBALL_XFL_2023_3_26_SA@ARL,SA,3,ARL,1,295,1679864665.0,61465,2023-03-26 21:04:25.000000,EventFootballRush,"1-10-ARL 29 (13:01) 26 L. Brown rush to ARL 31 for 2 yards (15 J. Williams, 91 J. Edwards)",,True,4,13,1,Half2,MaSourceTypeOfficialScoring,FOOTBALL_XFL_2023_3_26_SA@ARL,,QBStat,112,2302023-SA-at-ARL,781,781,781,13:01,3,3,Home,29,21,1,,,,1.0,71,9,9,1.0,10.0,21974,,,StatusOfficial,,,,,20207,20440,2.0,Home,16.0,4.0,15.0,2:13, ,,,,,,,,,,,,,,,,,,,,,,,,,,,,,,,0,0.0,0.0,0.0
2023,FOOTBALL_XFL_2023_3_26_SA@ARL,SA,3,ARL,1,297,1679864706.0,61506,2023-03-26 21:05:06.000000,EventFootballRush,2-8-ARL 31 (12:20) 2 D. Smith rush to ARL 31 for 0 yards (90 M. Gotel),,True,4,12,20,Half2,MaSourceTypeOfficialScoring,FOOTBALL_XFL_2023_3_26_SA@ARL,,QBStat,113,2302023-SA-at-ARL,740,740,740,12:20,3,3,Home,31,21,1,,,,1.0,69,9,9,2.0,8.0,20567,,,StatusOfficial,,,,,22305,,0.0,Home,16.0,5.0,15.0,3:00, ,,,,,,,,,,,,,,,,,,,,,,,,,,,,,,,0,0.0,0.0,0.0
2023,FOOTBALL_XFL_2023_3_26_SA@ARL,SA,3,ARL,1,299,1679864748.0,61548,2023-03-26 21:05:48.000000,EventFootballPass,3-8-ARL 31 (11:39) 10 K. Sloter pass incomplete to 80 S. Cannella QB Hit by 42 M. Tverdov Pass Defended by 42 M. Tverdov,,True,4,11,39,Half2,MaSourceTypeOfficialScoring,FOOTBALL_XFL_2023_3_26_SA@ARL,,QBStat,114,2302023-SA-at-ARL,699,699,699,11:39,3,3,Home,31,21,1,,,,1.0,69,9,9,3.0,8.0,,,,StatusOfficial,ResultPassIncomplete,,,,,,,Home,16.0,6.0,15.0,3:38, ,21884,,22030,,,21589,,,,,,,,,21589,,,,,,,,,,,,,,,,0,0.0,0.0,0.0
2023,FOOTBALL_XFL_2023_3_26_SA@ARL,SA,3,ARL,1,302,1679864790.0,61590,2023-03-26 21:06:30.000000,EventFootballPunt,"4-8-ARL 31 (11:04) 0 M. King punts 48 yards from ARL 31 to SA 21. 2 T. Bonds to SA 25 for 4 yards (19 B. Arconado, 4 J. Powell)",,True,4,11,4,Half2,MaSourceTypeOfficialScoring,FOOTBALL_XFL_2023_3_26_SA@ARL,,QBStat,115,2302023-SA-at-ARL,664,664,664,11:04,3,3,Home,31,21,1,,,,1.0,69,9,9,4.0,8.0,20238,,,StatusOfficial,ResultKickReturned,,Visitor,25.0,,21194,,Home,16.0,6.0,15.0,3:56,PUNT,,,,20891,48.0,,20142,4.0,,,,,,,,,,,,,,,,,,,,,,,1,0.0,0.0,0.0
2023,FOOTBALL_XFL_2023_3_26_SA@ARL,SA,3,ARL,1,304,1679865006.0,61806,2023-03-26 21:10:06.000000,EventFootballPenalty,"1-10-SA 25 (10:55) PENALTY on (ARL) 24 D. Evans, 41 yards",,True,4,10,55,Half2,MaSourceTypeOfficialScoring,FOOTBALL_XFL_2023_3_26_SA@ARL,,QBStat,116,2302023-SA-at-ARL,655,655,655,10:55,3,3,Visitor,25,22,3,,,,0.0,75,9,9,1.0,10.0,,,,StatusOfficial,,,,,,,,Visitor,25.0,,41.0,0:12, ,,,,,,,,,1,22302,41.0,ResultPenaltyAuto1Stdown,NA,,,,,,,,,,,,,,,,,,0,0.0,0.0,0.0
2023,FOOTBALL_XFL_2023_3_26_SA@ARL,SA,3,ARL,1,306,1679865055.0,61855,2023-03-26 21:10:55.000000,EventFootballRush,1-10-ARL 34 (10:37) 9 J. Patrick rush to ARL 32 for 2 yards (18 D. Payne),,True,4,10,37,Half2,MaSourceTypeOfficialScoring,FOOTBALL_XFL_2023_3_26_SA@ARL,,QBStat,117,2302023-SA-at-ARL,637,637,637,10:37,3,3,Home,34,22,3,,,,0.0,34,9,9,1.0,10.0,22675,,,StatusOfficial,,,,,21196,,2.0,Visitor,25.0,1.0,43.0,0:37, ,,,,,,,,,,,,,,,,,,,,,,,,,,,,,,,0,0.0,0.0,0.0
2023,FOOTBALL_XFL_2023_3_26_SA@ARL,SA,3,ARL,1,308,1679865085.0,61885,2023-03-26 21:11:25.000000,EventFootballRush,2-8-ARL 32 (10:07) 9 J. Patrick rush to ARL 27 for 5 yards (53 D. Sankey),,True,4,10,7,Half2,MaSourceTypeOfficialScoring,FOOTBALL_XFL_2023_3_26_SA@ARL,,QBStat,118,2302023-SA-at-ARL,607,607,607,10:07,3,3,Home,32,22,3,,,,0.0,32,9,9,2.0,8.0,22886,,,StatusOfficial,,,,,21196,,5.0,Visitor,25.0,2.0,48.0,1:20, ,,,,,,,,,,,,,,,,,,,,,,,,,,,,,,,0,0.0,0.0,0.0
2023,FOOTBALL_XFL_2023_3_26_SA@ARL,SA,3,ARL,1,310,1679865125.0,61925,2023-03-26 21:12:05.000000,EventFootballPass,3-3-ARL 27 (9:28) 13 K. Benkert pass incomplete to 18 T. Vasher,,True,4,9,28,Half2,MaSourceTypeOfficialScoring,FOOTBALL_XFL_2023_3_26_SA@ARL,,QBStat,119,2302023-SA-at-ARL,568,568,568,9:28,3,3,Home,27,22,3,,,,0.0,27,9,9,3.0,3.0,,,,StatusOfficial,ResultPassIncomplete,,,,,,,Visitor,25.0,3.0,48.0,1:33, ,22290,,21898,,,,,,,,,,,,,,,,,,,,,,,,,,,,0,0.0,0.0,0.0
2023,FOOTBALL_XFL_2023_3_26_SA@ARL,SA,3,ARL,1,312,1679865161.0,61961,2023-03-26 21:12:41.000000,EventFootballTimeout,4-3-ARL 27 (9:02) Timeout by San Antonio Brahmas at 9:02,,True,4,9,2,Half2,MaSourceTypeOfficialScoring,FOOTBALL_XFL_2023_3_26_SA@ARL,,QBStat,120,2302023-SA-at-ARL,542,542,542,9:02,3,3,Home,27,22,3,,,,0.0,27,9,9,4.0,3.0,,,,StatusOfficial,,,,,,,,Visitor,25.0,3.0,48.0,1:57, ,,,,,,,,,,,,,,,,,,,,,,,,,3,,,,,,0,0.0,0.0,0.0
