season,game_id,away_team_abv,away_team,home_team_abv,home_team,roof,MarkerId,MarkerUTC,MarkerLTC,play_date_time,play_type,desc,comments,IsOfficial,qtr,ClockMinutes,ClockSeconds,game_half,SourceType,EventId,SituationCode,SourceId,SourceNativeMarkerId,OfficialCode,quarter_seconds_remaining,half_seconds_remaining,game_seconds_remaining,time,posteam,LastPlaySummary,LastPlayStatus,home_team_has_pos,posteam_abv,defteam_abv,receive_2h_ko_team,VisTimeouts,HomeTimeouts,posteam_timeouts_remaining,defteam_timeouts_remaining,BallOn_Side,BallOn_YardNum,DriveNum,yardline_100,spread_line,VisScore,HomeScore,MapRoleTackler1,MapRoleKicker,MapRoleKickreturner,FootballStatus,FootballPlayResult,FootballKickRetYards,FootballSetBallOn_VisOrHome,FootballSetBallOn_YardNum,FootballPenalty_TeamId,FootballPenalty_PlayerId,FootballPenalty_Yards,FootballPenalty_PenaltyResult,FootballPenalty_Description,MapRolePasser,MapRoleReceiver,MapRoleTackler2,down,ydstogo,FootballYards,Drive_Start_VisOrHome,Drive_Start_YardNum,Drive_Plays,Drive_Yards,Drive_TOP,Result,MapRoleRusher,MapRoleQbHitter,MapRolePunter,MapRolePuntreturner,FootballPuntYards,FootballPuntRetYards,FootballFumble_TeamFumbled,FootballFumble_PlayerFumbled,FootballFumble_TeamRecovered,FootballFumble_PlayerRecovered,FootballFumble_PlayerForcedFumble,FootballMainScoringPlay,FootballConvAttPts,MapRolePassDefender,FootballTimeoutTeamId,MapRoleInterceptor,MapRoleSacker1,MapRoleSacker2,punt_attempt,pass_touchdown,rush_touchdown,field_goal_attempt,field_goal_made,touchdown
2023,FOOTBALL_XFL_2023_4_22_ORL@STL,ORL,4,STL,5,outdoors,1,1682179449.8378656,,2023-04-22 16:04:09.837866,EventStart,Game Start Marker,,True,1,15,0,Half1,MaSourceTypeOfficialScoring,FOOTBALL_XFL_2023_4_22_ORL@STL,,QBStat,10005,2302037-ORL-at-STL,900,1800,3600,15:00,5,,,1.0,STL,ORL,0.0,3,3,3.0,3.0,Visitor,30,1,30.0,0,0,0,,,,,,,,,,,,,,,,,,,,,,,,,,,,,,,,,,,,,,,,,,,,0,0.0,0.0,0.0,0.0,0.0
2023,FOOTBALL_XFL_2023_4_22_ORL@STL,ORL,4,STL,5,outdoors,3,1682179452.0,43452,2023-04-22 16:04:12.000000,EventFootballKickoff,"FROM ORL 30 (15:00) 0 J. Borregales kicks from ORL 30. 11 D. Shepherd to STL 20 for 8 yards (38 M. Murphy) PENALTY on (STL) 55 D. Warmack, 10 yards",,True,1,15,0,Half1,MaSourceTypeOfficialScoring,FOOTBALL_XFL_2023_4_22_ORL@STL,,QBStat,1,2302037-ORL-at-STL,900,1800,3600,15:00,5,,,1.0,STL,ORL,0.0,3,3,3.0,3.0,Visitor,30,1,30.0,0,0,0,21121,21741,21822,StatusOfficial,ResultKickReturned,8.0,Home,20.0,5,22800,10.0,ResultPenaltyOnkickoffpat,NA,,,,,,,,,,,,,,,,,,,,,,,,,,,,,,,0,0.0,0.0,0.0,0.0,0.0
2023,FOOTBALL_XFL_2023_4_22_ORL@STL,ORL,4,STL,5,outdoors,5,1682179560.0,43560,2023-04-22 16:06:00.000000,EventFootballPass,"1-10-STL 20 (14:45) 10 A. McCarron pass to 21 M. Durant to STL 32 for 12 yards (92 D. Wade-Perry, 8 T. Smith)",,True,1,14,45,Half1,MaSourceTypeOfficialScoring,FOOTBALL_XFL_2023_4_22_ORL@STL,,QBStat,2,2302037-ORL-at-STL,885,1785,3585,14:45,5,,,1.0,STL,ORL,0.0,3,3,3.0,3.0,Home,20,1,80.0,0,0,0,21899,,,StatusOfficial,ResultPassComplete,,,,,,,,,22026,21856,21448,1.0,10.0,12.0,Home,20.0,1.0,12.0,0:25, ,,,,,,,,,,,,,,,,,,,0,0.0,0.0,0.0,0.0,0.0
2023,FOOTBALL_XFL_2023_4_22_ORL@STL,ORL,4,STL,5,outdoors,7,1682179593.0,43593,2023-04-22 16:06:33.000000,EventFootballRush,1-10-STL 32 (14:12) 21 M. Durant rush to STL 34 for 2 yards (88 C. Patton),,True,1,14,12,Half1,MaSourceTypeOfficialScoring,FOOTBALL_XFL_2023_4_22_ORL@STL,,QBStat,3,2302037-ORL-at-STL,852,1752,3552,14:12,5,,,1.0,STL,ORL,0.0,3,3,3.0,3.0,Home,32,1,68.0,0,0,0,22001,,,StatusOfficial,,,,,,,,,,,,,1.0,10.0,2.0,Home,20.0,2.0,14.0,0:57, ,21856,,,,,,,,,,,,,,,,,,0,0.0,0.0,0.0,0.0,0.0
2023,FOOTBALL_XFL_2023_4_22_ORL@STL,ORL,4,STL,5,outdoors,10,1682179630.0,43630,2023-04-22 16:07:10.000000,EventFootballPass,"2-8-STL 34 (13:35) 10 A. McCarron pass to 21 M. Durant to STL 35 for 1 yard (8 T. Smith, 27 T. Smith)",,True,1,13,35,Half1,MaSourceTypeOfficialScoring,FOOTBALL_XFL_2023_4_22_ORL@STL,,QBStat,4,2302037-ORL-at-STL,815,1715,3515,13:35,5,,,1.0,STL,ORL,0.0,3,3,3.0,3.0,Home,34,1,66.0,0,0,0,21448,,,StatusOfficial,ResultPassComplete,,,,,,,,,22026,21856,21825,2.0,8.0,1.0,Home,20.0,3.0,15.0,1:55, ,,,,,,,,,,,,,,,,,,,0,0.0,0.0,0.0,0.0,0.0
2023,FOOTBALL_XFL_2023_4_22_ORL@STL,ORL,4,STL,5,outdoors,12,1682179673.0,43673,2023-04-22 16:07:53.000000,EventFootballRush,3-7-STL 35 (12:52) 10 A. McCarron rush to STL 36 for 1 yard (46 T. Scales),,True,1,12,52,Half1,MaSourceTypeOfficialScoring,FOOTBALL_XFL_2023_4_22_ORL@STL,,QBStat,5,2302037-ORL-at-STL,772,1672,3472,12:52,5,,,1.0,STL,ORL,0.0,3,3,3.0,3.0,Home,35,1,65.0,0,0,0,22319,,,StatusOfficial,,,,,,,,,,,,,3.0,7.0,1.0,Home,20.0,4.0,16.0,2:20, ,22026,,,,,,,,,,,,,,,,,,0,0.0,0.0,0.0,0.0,0.0
2023,FOOTBALL_XFL_2023_4_22_ORL@STL,ORL,4,STL,5,outdoors,14,1682179750.0,43750,2023-04-22 16:09:10.000000,EventFootballPenalty,"4-6-STL 36 (12:07) PENALTY on St. Louis Battlehawks, 5 yards",,True,1,12,7,Half1,MaSourceTypeOfficialScoring,FOOTBALL_XFL_2023_4_22_ORL@STL,,QBStat,6,2302037-ORL-at-STL,727,1627,3427,12:07,5,,,1.0,STL,ORL,0.0,3,3,3.0,3.0,Home,36,1,64.0,0,0,0,,,,StatusOfficial,,,,,5,TM,5.0,ResultPenaltyRepeatdown,NA,,,,4.0,6.0,,Home,20.0,4.0,11.0,2:53, ,,,,,,,,,,,,,,,,,,,0,0.0,0.0,0.0,0.0,0.0
2023,FOOTBALL_XFL_2023_4_22_ORL@STL,ORL,4,STL,5,outdoors,30,1682179821.0,43821,2023-04-22 16:10:21.000000,EventFootballPunt,"4-11-STL 31 (11:56) 16 S. Hofrichter punts 42 yards from STL 31 to ORL 27. 32 J. Rogers to ORL 21 for 0 yards Fumbled by 32 J. Rogers,  Recovered by 31 L. Henry (12 G. Jennings)",,True,1,11,56,Half1,MaSourceTypeOfficialScoring,FOOTBALL_XFL_2023_4_22_ORL@STL,,QBStat,7,2302037-ORL-at-STL,716,1616,3416,11:56,5,,,1.0,STL,ORL,0.0,3,3,3.0,3.0,Home,31,1,69.0,0,0,0,22038,,,StatusOfficial,ResultKickReturned,,Visitor,21.0,,,,,,,,,4.0,11.0,,Home,20.0,4.0,11.0,3:04,PUNT,,,20704,21333,42.0,0.0,4,21333,4,21941,,,,,,,,,1,0.0,0.0,0.0,0.0,0.0
2023,FOOTBALL_XFL_2023_4_22_ORL@STL,ORL,4,STL,5,outdoors,19,1682179876.0,43876,2023-04-22 16:11:16.000000,EventFootballPass,1-10-ORL 21 (11:43) 3 D. Francois pass incomplete to 14 C. Rambo,,True,1,11,43,Half1,MaSourceTypeOfficialScoring,FOOTBALL_XFL_2023_4_22_ORL@STL,,QBStat,8,2302037-ORL-at-STL,703,1603,3403,11:43,4,,,0.0,ORL,STL,0.0,3,3,3.0,3.0,Visitor,21,2,79.0,0,0,0,,,,StatusOfficial,ResultPassIncomplete,,,,,,,,,20512,22018,,1.0,10.0,,Visitor,21.0,1.0,,0:18, ,,,,,,,,,,,,,,,,,,,0,0.0,0.0,0.0,0.0,0.0
2023,FOOTBALL_XFL_2023_4_22_ORL@STL,ORL,4,STL,5,outdoors,22,1682179912.0,43912,2023-04-22 16:11:52.000000,EventFootballPass,2-10-ORL 21 (11:15) 3 D. Francois pass dropped by 80 R. Becker QB Hit by 56 T. Feeney,,True,1,11,15,Half1,MaSourceTypeOfficialScoring,FOOTBALL_XFL_2023_4_22_ORL@STL,,QBStat,9,2302037-ORL-at-STL,675,1575,3375,11:15,4,,,0.0,ORL,STL,0.0,3,3,3.0,3.0,Visitor,21,2,79.0,0,0,0,,,,StatusOfficial,ResultPassDropped,,,,,,,,,20512,20105,,2.0,10.0,,Visitor,21.0,2.0,,0:44, ,,22503,,,,,,,,,,,,,,,,,0,0.0,0.0,0.0,0.0,0.0
2023,FOOTBALL_XFL_2023_4_22_ORL@STL,ORL,4,STL,5,outdoors,24,1682179945.0,43945,2023-04-22 16:12:25.000000,EventFootballPass,3-10-ORL 21 (10:45) 3 D. Francois pass to 14 C. Rambo to ORL 32 for 11 yards (8 M. Hampton),,True,1,10,45,Half1,MaSourceTypeOfficialScoring,FOOTBALL_XFL_2023_4_22_ORL@STL,,QBStat,10,2302037-ORL-at-STL,645,1545,3345,10:45,4,,,0.0,ORL,STL,0.0,3,3,3.0,3.0,Visitor,21,2,79.0,0,0,0,21862,,,StatusOfficial,ResultPassComplete,,,,,,,,,20512,22018,,3.0,10.0,11.0,Visitor,21.0,3.0,11.0,1:11, ,,,,,,,,,,,,,,,,,,,0,0.0,0.0,0.0,0.0,0.0
2023,FOOTBALL_XFL_2023_4_22_ORL@STL,ORL,4,STL,5,outdoors,26,1682179980.0,43980,2023-04-22 16:13:00.000000,EventFootballPass,"1-10-ORL 32 (10:12) 3 D. Francois pass to 26 D. Darrington to ORL 49 for 17 yards (8 M. Hampton, 96 L. London)",,True,1,10,12,Half1,MaSourceTypeOfficialScoring,FOOTBALL_XFL_2023_4_22_ORL@STL,,QBStat,11,2302037-ORL-at-STL,612,1512,3312,10:12,4,,,0.0,ORL,STL,0.0,3,3,3.0,3.0,Visitor,32,2,68.0,0,0,0,21862,,,StatusOfficial,ResultPassComplete,,,,,,,,,20512,20357,20965,1.0,10.0,17.0,Visitor,21.0,4.0,28.0,1:49, ,,,,,,,,,,,,,,,,,,,0,0.0,0.0,0.0,0.0,0.0
2023,FOOTBALL_XFL_2023_4_22_ORL@STL,ORL,4,STL,5,outdoors,28,1682180017.0,44017,2023-04-22 16:13:37.000000,EventFootballRush,1-10-ORL 49 (9:35) 26 D. Darrington rush to ORL 45 for -4 yards (56 T. Feeney),,True,1,9,35,Half1,MaSourceTypeOfficialScoring,FOOTBALL_XFL_2023_4_22_ORL@STL,,QBStat,12,2302037-ORL-at-STL,575,1475,3275,9:35,4,,,0.0,ORL,STL,0.0,3,3,3.0,3.0,Visitor,49,2,51.0,0,0,0,22503,,,StatusOfficial,,,,,,,,,,,,,1.0,10.0,-4.0,Visitor,21.0,5.0,24.0,2:23, ,20357,,,,,,,,,,,,,,,,,,0,0.0,0.0,0.0,0.0,0.0
2023,FOOTBALL_XFL_2023_4_22_ORL@STL,ORL,4,STL,5,outdoors,32,1682180052.0,44052,2023-04-22 16:14:12.000000,EventFootballPass,2-14-ORL 45 (9:00) 3 D. Francois pass to 83 D. Williams to STL 42 for 13 yards (38 B. Sebastian),,True,1,9,0,Half1,MaSourceTypeOfficialScoring,FOOTBALL_XFL_2023_4_22_ORL@STL,,QBStat,13,2302037-ORL-at-STL,540,1440,3240,9:00,4,,,0.0,ORL,STL,0.0,3,3,3.0,3.0,Visitor,45,2,55.0,0,0,0,21389,,,StatusOfficial,ResultPassComplete,,,,,,,,,20512,21672,,2.0,14.0,13.0,Visitor,21.0,6.0,37.0,3:04, ,,,,,,,,,,,,,,,,,,,0,0.0,0.0,0.0,0.0,0.0
2023,FOOTBALL_XFL_2023_4_22_ORL@STL,ORL,4,STL,5,outdoors,34,1682180075.0,44075,2023-04-22 16:14:35.000000,EventFootballRush,"3-1-STL 42 (8:37) 26 D. Darrington rush to STL 41 for 1 yard (96 L. London, 53 C. Wells)",,True,1,8,37,Half1,MaSourceTypeOfficialScoring,FOOTBALL_XFL_2023_4_22_ORL@STL,,QBStat,14,2302037-ORL-at-STL,517,1417,3217,8:37,4,,,0.0,ORL,STL,0.0,3,3,3.0,3.0,Home,42,2,42.0,0,0,0,20965,,,StatusOfficial,,,,,,,,,,,,21833,3.0,1.0,1.0,Visitor,21.0,7.0,38.0,3:24, ,20357,,,,,,,,,,,,,,,,,,0,0.0,0.0,0.0,0.0,0.0
2023,FOOTBALL_XFL_2023_4_22_ORL@STL,ORL,4,STL,5,outdoors,36,1682180119.0,44119,2023-04-22 16:15:19.000000,EventFootballPass,1-10-STL 41 (7:54) 3 D. Francois pass to 14 C. Rambo to STL 36 for 5 yards (38 B. Sebastian),,True,1,7,54,Half1,MaSourceTypeOfficialScoring,FOOTBALL_XFL_2023_4_22_ORL@STL,,QBStat,15,2302037-ORL-at-STL,474,1374,3174,7:54,4,,,0.0,ORL,STL,0.0,3,3,3.0,3.0,Home,41,2,41.0,0,0,0,21389,,,StatusOfficial,ResultPassComplete,,,,,,,,,20512,22018,,1.0,10.0,5.0,Visitor,21.0,8.0,43.0,4:00, ,,,,,,,,,,,,,,,,,,,0,0.0,0.0,0.0,0.0,0.0
2023,FOOTBALL_XFL_2023_4_22_ORL@STL,ORL,4,STL,5,outdoors,38,1682180170.0,44170,2023-04-22 16:16:10.000000,EventFootballPenalty,"2-5-STL 36 (7:22) PENALTY on (STL) 38 B. Sebastian, 5 yards",,True,1,7,22,Half1,MaSourceTypeOfficialScoring,FOOTBALL_XFL_2023_4_22_ORL@STL,,QBStat,16,2302037-ORL-at-STL,442,1342,3142,7:22,4,,,0.0,ORL,STL,0.0,3,3,3.0,3.0,Home,36,2,36.0,0,0,0,,,,StatusOfficial,,,,,5,21389,5.0,ResultPenaltyAuto1Stdown,NA,,,,2.0,5.0,,Visitor,21.0,8.0,48.0,4:26, ,,,,,,,,,,,,,,,,,,,0,0.0,0.0,0.0,0.0,0.0
2023,FOOTBALL_XFL_2023_4_22_ORL@STL,ORL,4,STL,5,outdoors,40,1682180207.0,44207,2023-04-22 16:16:47.000000,EventFootballPass,1-10-STL 31 (6:57) 3 D. Francois pass incomplete to 81 J. Thomas QB Hit by 53 C. Wells,,True,1,6,57,Half1,MaSourceTypeOfficialScoring,FOOTBALL_XFL_2023_4_22_ORL@STL,,QBStat,17,2302037-ORL-at-STL,417,1317,3117,6:57,4,,,0.0,ORL,STL,0.0,3,3,3.0,3.0,Home,31,2,31.0,0,0,0,,,,StatusOfficial,ResultPassIncomplete,,,,,,,,,20512,21546,,1.0,10.0,,Visitor,21.0,9.0,48.0,4:57, ,,21833,,,,,,,,,,,,,,,,,0,0.0,0.0,0.0,0.0,0.0
2023,FOOTBALL_XFL_2023_4_22_ORL@STL,ORL,4,STL,5,outdoors,42,1682180269.0,44269,2023-04-22 16:17:49.000000,EventFootballPenalty,"2-10-STL 31 (6:15) PENALTY on (STL) 56 T. Feeney, 5 yards",,True,1,6,15,Half1,MaSourceTypeOfficialScoring,FOOTBALL_XFL_2023_4_22_ORL@STL,,QBStat,18,2302037-ORL-at-STL,375,1275,3075,6:15,4,,,0.0,ORL,STL,0.0,3,3,3.0,3.0,Home,31,2,31.0,0,0,0,,,,StatusOfficial,,,,,5,22503,5.0,ResultPenaltyRepeatdown,NA,,,,2.0,10.0,,Visitor,21.0,9.0,53.0,5:33, ,,,,,,,,,,,,,,,,,,,0,0.0,0.0,0.0,0.0,0.0
2023,FOOTBALL_XFL_2023_4_22_ORL@STL,ORL,4,STL,5,outdoors,44,1682180308.0,44308,2023-04-22 16:18:28.000000,EventFootballRush,"2-5-STL 26 (5:52) 26 D. Darrington rush to STL 27 for -1 yards (33 T. Watson, 24 L. Hill)",,True,1,5,52,Half1,MaSourceTypeOfficialScoring,FOOTBALL_XFL_2023_4_22_ORL@STL,,QBStat,19,2302037-ORL-at-STL,352,1252,3052,5:52,4,,,0.0,ORL,STL,0.0,3,3,3.0,3.0,Home,26,2,26.0,0,0,0,22297,,,StatusOfficial,,,,,,,,,,,,22870,2.0,5.0,-1.0,Visitor,21.0,10.0,52.0,6:05, ,20357,,,,,,,,,,,,,,,,,,0,0.0,0.0,0.0,0.0,0.0
2023,FOOTBALL_XFL_2023_4_22_ORL@STL,ORL,4,STL,5,outdoors,46,1682180347.0,44347,2023-04-22 16:19:07.000000,EventFootballPass,"3-6-STL 27 (5:15) 3 D. Francois pass to 18 A. Jamiel for 27 yards, TOUCHDOWN",,True,1,5,15,Half1,MaSourceTypeOfficialScoring,FOOTBALL_XFL_2023_4_22_ORL@STL,,QBStat,20,2302037-ORL-at-STL,315,1215,3015,5:15,4,,,0.0,ORL,STL,0.0,3,3,3.0,3.0,Home,27,2,27.0,0,0,0,,,,StatusOfficial,ResultPassComplete,,,,,,,,,20512,20783,,3.0,6.0,27.0,Visitor,21.0,11.0,79.0,6:33,TD,,,,,,,,,,,,ScoreTypeTd,,,,,,,0,1.0,0.0,0.0,0.0,1.0
2023,FOOTBALL_XFL_2023_4_22_ORL@STL,ORL,4,STL,5,outdoors,50,1682180372.0,44372,2023-04-22 16:19:32.000000,EventFootballPat1PtPass,FROM STL 2 (5:15) 3 D. Francois 1-pt conversion pass to 11 C. Latimer NO GOOD,,True,1,5,15,Half1,MaSourceTypeOfficialScoring,FOOTBALL_XFL_2023_4_22_ORL@STL,,QBStat,21,2302037-ORL-at-STL,315,1215,3015,5:15,4,,,0.0,ORL,STL,0.0,3,3,3.0,3.0,Home,2,2,2.0,0,6,0,,,,StatusOfficial,ResultPassIncomplete,,,,,,,,,20512,20929,,,,,,,,,,,,,,,,,,,,,,,1.0,,,,,,0,0.0,0.0,0.0,0.0,0.0
2023,FOOTBALL_XFL_2023_4_22_ORL@STL,ORL,4,STL,5,outdoors,52,1682180469.0,44469,2023-04-22 16:21:09.000000,EventFootballKickoff,"FROM ORL 30 (5:15) 0 J. Borregales kicks from ORL 30. 11 D. Shepherd to STL 42 for 21 yards (31 L. Henry) PENALTY on (ORL) 38 M. Murphy, 15 yards",,True,1,5,15,Half1,MaSourceTypeOfficialScoring,FOOTBALL_XFL_2023_4_22_ORL@STL,,QBStat,22,2302037-ORL-at-STL,315,1215,3015,5:15,5,,,1.0,STL,ORL,0.0,3,3,3.0,3.0,Visitor,30,3,30.0,0,6,0,21941,21741,21822,StatusOfficial,ResultKickReturned,21.0,Home,42.0,4,21121,15.0,ResultPenaltyOnkickoffpat,NA,,,,,,,,,,,,,,,,,,,,,,,,,,,,,,,0,0.0,0.0,0.0,0.0,0.0
2023,FOOTBALL_XFL_2023_4_22_ORL@STL,ORL,4,STL,5,outdoors,54,1682180726.0,44726,2023-04-22 16:25:26.000000,EventFootballPass,1-10-STL 42 (5:02) 10 A. McCarron pass to 88 H. Butler to STL 47 for 5 yards (46 T. Scales),,True,1,5,2,Half1,MaSourceTypeOfficialScoring,FOOTBALL_XFL_2023_4_22_ORL@STL,,QBStat,23,2302037-ORL-at-STL,302,1202,3002,5:02,5,,,1.0,STL,ORL,0.0,3,3,3.0,3.0,Home,42,3,58.0,0,6,0,22319,,,StatusOfficial,ResultPassComplete,,,,,,,,,22026,22333,,1.0,10.0,5.0,Home,42.0,1.0,5.0,0:25, ,,,,,,,,,,,,,,,,,,,0,0.0,0.0,0.0,0.0,0.0
2023,FOOTBALL_XFL_2023_4_22_ORL@STL,ORL,4,STL,5,outdoors,56,1682180753.0,44753,2023-04-22 16:25:53.000000,EventFootballPass,2-5-STL 47 (4:35) 10 A. McCarron pass to 22 S. Mitchell to ORL 17 for 36 yards (1 C. Holmes),,True,1,4,35,Half1,MaSourceTypeOfficialScoring,FOOTBALL_XFL_2023_4_22_ORL@STL,,QBStat,24,2302037-ORL-at-STL,275,1175,2975,4:35,5,,,1.0,STL,ORL,0.0,3,3,3.0,3.0,Home,47,3,53.0,0,6,0,20713,,,StatusOfficial,ResultPassComplete,,,,,,,,,22026,21081,,2.0,5.0,36.0,Home,42.0,2.0,41.0,1:09, ,,,,,,,,,,,,,,,,,,,0,0.0,0.0,0.0,0.0,0.0
2023,FOOTBALL_XFL_2023_4_22_ORL@STL,ORL,4,STL,5,outdoors,58,1682180800.0,44800,2023-04-22 16:26:40.000000,EventFootballPass,1-10-ORL 17 (3:52) 10 A. McCarron pass incomplete to 88 H. Butler Pass Defended by 1 C. Holmes,,True,1,3,52,Half1,MaSourceTypeOfficialScoring,FOOTBALL_XFL_2023_4_22_ORL@STL,,QBStat,25,2302037-ORL-at-STL,232,1132,2932,3:52,5,,,1.0,STL,ORL,0.0,3,3,3.0,3.0,Visitor,17,3,17.0,0,6,0,,,,StatusOfficial,ResultPassIncomplete,,,,,,,,,22026,22333,,1.0,10.0,,Home,42.0,3.0,41.0,1:27, ,,,,,,,,,,,,,,20713,,,,,0,0.0,0.0,0.0,0.0,0.0
2023,FOOTBALL_XFL_2023_4_22_ORL@STL,ORL,4,STL,5,outdoors,60,1682180872.0,44872,2023-04-22 16:27:52.000000,EventFootballPass,2-10-ORL 17 (3:12) 10 A. McCarron pass to 88 H. Butler to ORL 17 for 0 yards (27 T. Smith),,True,1,3,12,Half1,MaSourceTypeOfficialScoring,FOOTBALL_XFL_2023_4_22_ORL@STL,,QBStat,26,2302037-ORL-at-STL,192,1092,2892,3:12,5,,,1.0,STL,ORL,0.0,3,3,3.0,3.0,Visitor,17,3,17.0,0,6,0,21825,,,StatusOfficial,ResultPassComplete,,,,,,,,,22026,22333,,2.0,10.0,0.0,Home,42.0,4.0,41.0,2:13, ,,,,,,,,,,,,,,,,,,,0,0.0,0.0,0.0,0.0,0.0
2023,FOOTBALL_XFL_2023_4_22_ORL@STL,ORL,4,STL,5,outdoors,62,1682180900.0,44900,2023-04-22 16:28:20.000000,EventFootballTimeout,3-10-ORL 17 (2:52) Timeout by St. Louis Battlehawks at 2:52,,True,1,2,52,Half1,MaSourceTypeOfficialScoring,FOOTBALL_XFL_2023_4_22_ORL@STL,,QBStat,27,2302037-ORL-at-STL,172,1072,2872,2:52,5,,,1.0,STL,ORL,0.0,3,3,3.0,3.0,Visitor,17,3,17.0,0,6,0,,,,StatusOfficial,,,,,,,,,,,,,3.0,10.0,,Home,42.0,4.0,41.0,2:23, ,,,,,,,,,,,,,,,5,,,,0,0.0,0.0,0.0,0.0,0.0
2023,FOOTBALL_XFL_2023_4_22_ORL@STL,ORL,4,STL,5,outdoors,64,1682181119.0,45119,2023-04-22 16:31:59.000000,EventFootballPass,3-10-ORL 17 (2:46) 10 A. McCarron pass incomplete to 22 S. Mitchell,,True,1,2,46,Half1,MaSourceTypeOfficialScoring,FOOTBALL_XFL_2023_4_22_ORL@STL,,QBStat,28,2302037-ORL-at-STL,166,1066,2866,2:46,5,,,1.0,STL,ORL,0.0,3,2,2.0,2.0,Visitor,17,3,17.0,0,6,0,,,,StatusOfficial,ResultPassIncomplete,,,,,,,,,22026,21081,,3.0,10.0,,Home,42.0,5.0,41.0,2:33, ,,,,,,,,,,,,,,,,,,,0,0.0,0.0,0.0,0.0,0.0
2023,FOOTBALL_XFL_2023_4_22_ORL@STL,ORL,4,STL,5,outdoors,66,1682181140.0,45140,2023-04-22 16:32:20.000000,EventFootballFg,4-10-ORL 17 (2:25) 2 D. Hageman 35 yard field goal is GOOD,,True,1,2,25,Half1,MaSourceTypeOfficialScoring,FOOTBALL_XFL_2023_4_22_ORL@STL,,QBStat,29,2302037-ORL-at-STL,145,1045,2845,2:25,5,,,1.0,STL,ORL,0.0,3,2,2.0,2.0,Visitor,17,3,17.0,0,6,0,,22008,,StatusOfficial,ResultKickMade,,,,,,,,,,,,4.0,10.0,35.0,Home,42.0,6.0,41.0,2:50,FG,,,,,,,,,,,,ScoreTypeFg,,,,,,,0,0.0,0.0,1.0,1.0,0.0
2023,FOOTBALL_XFL_2023_4_22_ORL@STL,ORL,4,STL,5,outdoors,68,1682181222.0,45222,2023-04-22 16:33:42.000000,EventFootballKickoff,"FROM STL 30 (2:14) 2 D. Hageman kicks from STL 30. 10 D. Thomas to ORL 26 for 14 yards (53 C. Wells, 24 L. Hill)",,True,1,2,14,Half1,MaSourceTypeOfficialScoring,FOOTBALL_XFL_2023_4_22_ORL@STL,,QBStat,30,2302037-ORL-at-STL,134,1034,2834,2:14,4,,,0.0,ORL,STL,0.0,3,2,3.0,3.0,Home,30,4,30.0,0,6,3,21833,22008,21891,StatusOfficial,ResultKickReturned,14.0,Visitor,26.0,,,,,,,,22870,,,,,,,,,,,,,,,,,,,,,,,,,,,,0,0.0,0.0,0.0,0.0,0.0
2023,FOOTBALL_XFL_2023_4_22_ORL@STL,ORL,4,STL,5,outdoors,71,1682181288.0,45288,2023-04-22 16:34:48.000000,EventFootballRush,"1-10-ORL 26 (2:03) 26 D. Darrington rush to ORL 23 for -3 yards (90 K. Atkins, 24 L. Hill)",,True,1,2,3,Half1,MaSourceTypeOfficialScoring,FOOTBALL_XFL_2023_4_22_ORL@STL,,QBStat,31,2302037-ORL-at-STL,123,1023,2823,2:03,4,,,0.0,ORL,STL,0.0,3,2,3.0,3.0,Visitor,26,4,74.0,0,6,3,20061,,,StatusOfficial,,,,,,,,,,,,22870,1.0,10.0,-3.0,Visitor,26.0,1.0,-3.0,0:47, ,20357,,,,,,,,,,,,,,,,,,0,0.0,0.0,0.0,0.0,0.0
2023,FOOTBALL_XFL_2023_4_22_ORL@STL,ORL,4,STL,5,outdoors,73,1682181328.0,45328,2023-04-22 16:35:28.000000,EventFootballRush,"2-13-ORL 23 (1:23) 3 D. Francois rush to ORL 30 for 7 yards (91 T. Tupou, 33 T. Watson)",,True,1,1,23,Half1,MaSourceTypeOfficialScoring,FOOTBALL_XFL_2023_4_22_ORL@STL,,QBStat,32,2302037-ORL-at-STL,83,983,2783,1:23,4,,,0.0,ORL,STL,0.0,3,2,3.0,3.0,Visitor,23,4,77.0,0,6,3,21578,,,StatusOfficial,,,,,,,,,,,,22297,2.0,13.0,7.0,Visitor,26.0,2.0,4.0,1:13, ,20512,,,,,,,,,,,,,,,,,,0,0.0,0.0,0.0,0.0,0.0
2023,FOOTBALL_XFL_2023_4_22_ORL@STL,ORL,4,STL,5,outdoors,75,1682181367.0,45367,2023-04-22 16:36:07.000000,EventFootballTimeout,3-6-ORL 30 (0:49) Timeout by Orlando Guardians at 0:49,,True,1,0,49,Half1,MaSourceTypeOfficialScoring,FOOTBALL_XFL_2023_4_22_ORL@STL,,QBStat,33,2302037-ORL-at-STL,49,949,2749,0:49,4,,,0.0,ORL,STL,0.0,3,2,3.0,3.0,Visitor,30,4,70.0,0,6,3,,,,StatusOfficial,,,,,,,,,,,,,3.0,6.0,,Visitor,26.0,2.0,4.0,1:25, ,,,,,,,,,,,,,,,4,,,,0,0.0,0.0,0.0,0.0,0.0
2023,FOOTBALL_XFL_2023_4_22_ORL@STL,ORL,4,STL,5,outdoors,77,1682181428.0,45428,2023-04-22 16:37:08.000000,EventFootballPass,3-6-ORL 30 (0:41) 3 D. Francois pass intended for 81 J. Thomas INTERCEPTED by 38 B. Sebastian returned 2 yards to ORL 42 Pass Defended by 38 B. Sebastian,,True,1,0,41,Half1,MaSourceTypeOfficialScoring,FOOTBALL_XFL_2023_4_22_ORL@STL,,QBStat,34,2302037-ORL-at-STL,41,941,2741,0:41,4,,,0.0,ORL,STL,0.0,2,2,2.0,2.0,Visitor,30,4,70.0,0,6,3,,,,StatusOfficial,ResultPassInterception,,Visitor,42.0,,,,,,20512,21546,,3.0,6.0,,Visitor,26.0,3.0,4.0,1:44,INT,,,,,,,,,,,,,,21389,,21389,,,0,0.0,0.0,0.0,0.0,0.0
2023,FOOTBALL_XFL_2023_4_22_ORL@STL,ORL,4,STL,5,outdoors,79,1682181481.0,45481,2023-04-22 16:38:01.000000,EventFootballRush,1-10-ORL 42 (0:34) 10 A. McCarron rush to ORL 38 for 4 yards,,True,1,0,34,Half1,MaSourceTypeOfficialScoring,FOOTBALL_XFL_2023_4_22_ORL@STL,,QBStat,35,2302037-ORL-at-STL,34,934,2734,0:34,5,,,1.0,STL,ORL,0.0,2,2,2.0,2.0,Visitor,42,5,42.0,0,6,3,,,,StatusOfficial,,,,,,,,,,,,,1.0,10.0,4.0,Visitor,42.0,1.0,4.0,0:26, ,22026,,,,,,,,,,,,,,,,,,0,0.0,0.0,0.0,0.0,0.0
2023,FOOTBALL_XFL_2023_4_22_ORL@STL,ORL,4,STL,5,outdoors,132,1682181524.0,45524,2023-04-22 16:38:44.000000,EventFootballPass,2-6-ORL 38 (0:00) 10 A. McCarron pass incomplete to 3 M. Ateman Pass Defended by 46 T. Scales,,True,1,0,0,Half1,MaSourceTypeOfficialScoring,FOOTBALL_XFL_2023_4_22_ORL@STL,,QBStat,36,2302037-ORL-at-STL,0,900,2700,0:00,5,,,1.0,STL,ORL,0.0,2,2,2.0,2.0,Visitor,38,5,38.0,0,6,3,,,,StatusOfficial,ResultPassIncomplete,,,,,,,,,22026,20058,,2.0,6.0,,Visitor,42.0,2.0,4.0,0:41, ,,,,,,,,,,,,,,22319,,,,,0,0.0,0.0,0.0,0.0,0.0
2023,FOOTBALL_XFL_2023_4_22_ORL@STL,ORL,4,STL,5,outdoors,83,1682181762.0,45762,2023-04-22 16:42:42.000000,EventFootballPass,3-6-ORL 38 (14:52) 10 A. McCarron pass to 88 H. Butler to ORL 9 for 29 yards (46 T. Scales),,True,2,14,52,Half1,MaSourceTypeOfficialScoring,FOOTBALL_XFL_2023_4_22_ORL@STL,,QBStat,37,2302037-ORL-at-STL,892,892,2692,14:52,5,,,1.0,STL,ORL,0.0,2,2,2.0,2.0,Visitor,38,5,38.0,0,6,3,22319,,,StatusOfficial,ResultPassComplete,,,,,,,,,22026,22333,,3.0,6.0,29.0,Visitor,42.0,3.0,33.0,1:08, ,,,,,,,,,,,,,,,,,,,0,0.0,0.0,0.0,0.0,0.0
2023,FOOTBALL_XFL_2023_4_22_ORL@STL,ORL,4,STL,5,outdoors,85,1682181806.0,45806,2023-04-22 16:43:26.000000,EventFootballPass,1-9-ORL 9 (14:12) 10 A. McCarron pass to 22 S. Mitchell to ORL 2 for 7 yards (27 T. Smith),,True,2,14,12,Half1,MaSourceTypeOfficialScoring,FOOTBALL_XFL_2023_4_22_ORL@STL,,QBStat,38,2302037-ORL-at-STL,852,852,2652,14:12,5,,,1.0,STL,ORL,0.0,2,2,2.0,2.0,Visitor,9,5,9.0,0,6,3,21825,,,StatusOfficial,ResultPassComplete,,,,,,,,,22026,21081,,1.0,9.0,7.0,Visitor,42.0,4.0,40.0,1:42, ,,,,,,,,,,,,,,,,,,,0,0.0,0.0,0.0,0.0,0.0
2023,FOOTBALL_XFL_2023_4_22_ORL@STL,ORL,4,STL,5,outdoors,87,1682181875.0,45875,2023-04-22 16:44:35.000000,EventFootballPass,2-2-ORL 2 (13:35) 10 A. McCarron pass incomplete to 88 H. Butler Pass Defended by 27 T. Smith,,True,2,13,35,Half1,MaSourceTypeOfficialScoring,FOOTBALL_XFL_2023_4_22_ORL@STL,,QBStat,39,2302037-ORL-at-STL,815,815,2615,13:35,5,,,1.0,STL,ORL,0.0,2,2,2.0,2.0,Visitor,2,5,2.0,0,6,3,,,,StatusOfficial,ResultPassIncomplete,,,,,,,,,22026,22333,,2.0,2.0,,Visitor,42.0,5.0,40.0,2:10, ,,,,,,,,,,,,,,21825,,,,,0,0.0,0.0,0.0,0.0,0.0
2023,FOOTBALL_XFL_2023_4_22_ORL@STL,ORL,4,STL,5,outdoors,89,1682181916.0,45916,2023-04-22 16:45:16.000000,EventFootballPass,"3-2-ORL 2 (12:55) 10 A. McCarron pass to 11 D. Shepherd to ORL 1 for 1 yard (44 T. Plummer, 46 T. Scales)",,True,2,12,55,Half1,MaSourceTypeOfficialScoring,FOOTBALL_XFL_2023_4_22_ORL@STL,,QBStat,40,2302037-ORL-at-STL,775,775,2575,12:55,5,,,1.0,STL,ORL,0.0,2,2,2.0,2.0,Visitor,2,5,2.0,0,6,3,21244,,,StatusOfficial,ResultPassComplete,,,,,,,,,22026,21822,22319,3.0,2.0,1.0,Visitor,42.0,6.0,41.0,2:59, ,,,,,,,,,,,,,,,,,,,0,0.0,0.0,0.0,0.0,0.0
2023,FOOTBALL_XFL_2023_4_22_ORL@STL,ORL,4,STL,5,outdoors,91,1682181953.0,45953,2023-04-22 16:45:53.000000,EventFootballTimeout,4-1-ORL 1 (12:30) Timeout by Orlando Guardians at 12:30,,True,2,12,30,Half1,MaSourceTypeOfficialScoring,FOOTBALL_XFL_2023_4_22_ORL@STL,,QBStat,41,2302037-ORL-at-STL,750,750,2550,12:30,5,,,1.0,STL,ORL,0.0,2,2,2.0,2.0,Visitor,1,5,1.0,0,6,3,,,,StatusOfficial,,,,,,,,,,,,,4.0,1.0,,Visitor,42.0,6.0,41.0,3:11, ,,,,,,,,,,,,,,,4,,,,0,0.0,0.0,0.0,0.0,0.0
2023,FOOTBALL_XFL_2023_4_22_ORL@STL,ORL,4,STL,5,outdoors,93,1682182022.0,46022,2023-04-22 16:47:02.000000,EventFootballRush,"4-1-ORL 1 (12:27) 0 K. Walker rush for 1 yard, TOUCHDOWN",,True,2,12,27,Half1,MaSourceTypeOfficialScoring,FOOTBALL_XFL_2023_4_22_ORL@STL,,QBStat,42,2302037-ORL-at-STL,747,747,2547,12:27,5,,,1.0,STL,ORL,0.0,1,2,2.0,2.0,Visitor,1,5,1.0,0,6,3,,,,StatusOfficial,,,,,,,,,,,,,4.0,1.0,1.0,Visitor,42.0,7.0,42.0,3:14,TD,22033,,,,,,,,,,,ScoreTypeTd,,,,,,,0,0.0,1.0,0.0,0.0,1.0
2023,FOOTBALL_XFL_2023_4_22_ORL@STL,ORL,4,STL,5,outdoors,95,1682182057.0,46057,2023-04-22 16:47:37.000000,EventFootballPat2PtPass,FROM ORL 5 (12:27) 10 A. McCarron 2-pt conversion pass to 3 M. Ateman NO GOOD,,True,2,12,27,Half1,MaSourceTypeOfficialScoring,FOOTBALL_XFL_2023_4_22_ORL@STL,,QBStat,43,2302037-ORL-at-STL,747,747,2547,12:27,5,,,1.0,STL,ORL,0.0,1,2,2.0,2.0,Visitor,5,5,5.0,0,6,9,,,,StatusOfficial,ResultPassIncomplete,,,,,,,,,22026,20058,,,,,,,,,,,,,,,,,,,,,,,2.0,,,,,,0,0.0,0.0,0.0,0.0,0.0
2023,FOOTBALL_XFL_2023_4_22_ORL@STL,ORL,4,STL,5,outdoors,97,1682182286.0,46286,2023-04-22 16:51:26.000000,EventFootballKickoff,"FROM STL 30 (12:27) 2 D. Hageman kicks from STL 30. 10 D. Thomas to ORL 27 for 20 yards (53 C. Wells, 24 L. Hill)",,True,2,12,27,Half1,MaSourceTypeOfficialScoring,FOOTBALL_XFL_2023_4_22_ORL@STL,,QBStat,44,2302037-ORL-at-STL,747,747,2547,12:27,4,,,0.0,ORL,STL,0.0,1,2,1.0,1.0,Home,30,6,30.0,0,6,9,21833,22008,21891,StatusOfficial,ResultKickReturned,20.0,Visitor,27.0,,,,,,,,22870,,,,,,,,,,,,,,,,,,,,,,,,,,,,0,0.0,0.0,0.0,0.0,0.0
2023,FOOTBALL_XFL_2023_4_22_ORL@STL,ORL,4,STL,5,outdoors,99,1682182351.0,46351,2023-04-22 16:52:31.000000,EventFootballRush,"1-10-ORL 27 (12:08) 30 J. Martin rush to ORL 27 for 0 yards (51 W. Harvey, 6 L. Williams)",,True,2,12,8,Half1,MaSourceTypeOfficialScoring,FOOTBALL_XFL_2023_4_22_ORL@STL,,QBStat,45,2302037-ORL-at-STL,728,728,2528,12:08,4,,,0.0,ORL,STL,0.0,1,2,1.0,1.0,Visitor,27,6,73.0,0,6,9,20647,,,StatusOfficial,,,,,,,,,,,,21678,1.0,10.0,0.0,Visitor,27.0,1.0,,0:34, ,20997,,,,,,,,,,,,,,,,,,0,0.0,0.0,0.0,0.0,0.0
2023,FOOTBALL_XFL_2023_4_22_ORL@STL,ORL,4,STL,5,outdoors,101,1682182385.0,46385,2023-04-22 16:53:05.000000,EventFootballPass,2-10-ORL 27 (11:39) 3 D. Francois pass incomplete to 18 A. Jamiel Pass Defended by 24 L. Hill,,True,2,11,39,Half1,MaSourceTypeOfficialScoring,FOOTBALL_XFL_2023_4_22_ORL@STL,,QBStat,46,2302037-ORL-at-STL,699,699,2499,11:39,4,,,0.0,ORL,STL,0.0,1,2,1.0,1.0,Visitor,27,6,73.0,0,6,9,,,,StatusOfficial,ResultPassIncomplete,,,,,,,,,20512,20783,,2.0,10.0,,Visitor,27.0,2.0,,0:58, ,,,,,,,,,,,,,,22870,,,,,0,0.0,0.0,0.0,0.0,0.0
2023,FOOTBALL_XFL_2023_4_22_ORL@STL,ORL,4,STL,5,outdoors,103,1682182420.0,46420,2023-04-22 16:53:40.000000,EventFootballPenalty,"3-10-ORL 27 (11:06) PENALTY on (ORL) 67 B. Boyko, 5 yards",,True,2,11,6,Half1,MaSourceTypeOfficialScoring,FOOTBALL_XFL_2023_4_22_ORL@STL,,QBStat,47,2302037-ORL-at-STL,666,666,2466,11:06,4,,,0.0,ORL,STL,0.0,1,2,1.0,1.0,Visitor,27,6,73.0,0,6,9,,,,StatusOfficial,,,,,4,22309,5.0,ResultPenaltyRepeatdown,NA,,,,3.0,10.0,,Visitor,27.0,2.0,-5.0,1:21, ,,,,,,,,,,,,,,,,,,,0,0.0,0.0,0.0,0.0,0.0
2023,FOOTBALL_XFL_2023_4_22_ORL@STL,ORL,4,STL,5,outdoors,105,1682182469.0,46469,2023-04-22 16:54:29.000000,EventFootballPass,3-15-ORL 22 (10:33) 3 D. Francois pass to 30 J. Martin to ORL 16 for -6 yards QB Hit by 53 C. Wells (24 L. Hill),,True,2,10,33,Half1,MaSourceTypeOfficialScoring,FOOTBALL_XFL_2023_4_22_ORL@STL,,QBStat,48,2302037-ORL-at-STL,633,633,2433,10:33,4,,,0.0,ORL,STL,0.0,1,2,1.0,1.0,Visitor,22,6,78.0,0,6,9,22870,,,StatusOfficial,ResultPassComplete,,,,,,,,,20512,20997,,3.0,15.0,-6.0,Visitor,27.0,3.0,-11.0,2:16, ,,21833,,,,,,,,,,,,,,,,,0,0.0,0.0,0.0,0.0,0.0
2023,FOOTBALL_XFL_2023_4_22_ORL@STL,ORL,4,STL,5,outdoors,107,1682182533.0,46533,2023-04-22 16:55:33.000000,EventFootballPass,"4-21-ORL 16 (9:35) 19 M. Brown pass to 81 J. Thomas for 84 yards, TOUCHDOWN",,True,2,9,35,Half1,MaSourceTypeOfficialScoring,FOOTBALL_XFL_2023_4_22_ORL@STL,,QBStat,49,2302037-ORL-at-STL,575,575,2375,9:35,4,,,0.0,ORL,STL,0.0,1,2,1.0,1.0,Visitor,16,6,84.0,0,6,9,,,,StatusOfficial,ResultPassComplete,,,,,,,,,20208,21546,,4.0,21.0,84.0,Visitor,27.0,4.0,73.0,2:52,TD,,,,,,,,,,,,ScoreTypeTd,,,,,,,0,1.0,0.0,0.0,0.0,1.0
2023,FOOTBALL_XFL_2023_4_22_ORL@STL,ORL,4,STL,5,outdoors,109,1682182592.0,46592,2023-04-22 16:56:32.000000,EventFootballPenalty,"FROM STL 5 (9:35) PENALTY on Orlando Guardians, 5 yards",,True,2,9,35,Half1,MaSourceTypeOfficialScoring,FOOTBALL_XFL_2023_4_22_ORL@STL,,QBStat,50,2302037-ORL-at-STL,575,575,2375,9:35,4,,,0.0,ORL,STL,0.0,1,2,1.0,1.0,Home,5,6,5.0,0,12,9,,,,StatusOfficial,,,,,4,TM,5.0,ResultPenaltyRepeatdown,NA,,,,,,,Visitor,27.0,4.0,63.0,2:52,TD,,,,,,,,,,,,,,,,,,,0,0.0,0.0,0.0,0.0,0.0
2023,FOOTBALL_XFL_2023_4_22_ORL@STL,ORL,4,STL,5,outdoors,111,1682182650.0,46650,2023-04-22 16:57:30.000000,EventFootballPat2PtPass,FROM STL 10 (9:35) 3 D. Francois 2-pt conversion pass to  NO GOOD,,True,2,9,35,Half1,MaSourceTypeOfficialScoring,FOOTBALL_XFL_2023_4_22_ORL@STL,,QBStat,51,2302037-ORL-at-STL,575,575,2375,9:35,4,,,0.0,ORL,STL,0.0,1,2,1.0,1.0,Home,10,6,10.0,0,12,9,,,,StatusOfficial,ResultPassIncomplete,,,,,,,,,20512,,,,,,,,,,,,,,,,,,,,,,,,2.0,,,,,,0,0.0,0.0,0.0,0.0,0.0
2023,FOOTBALL_XFL_2023_4_22_ORL@STL,ORL,4,STL,5,outdoors,113,1682182709.0,46709,2023-04-22 16:58:29.000000,EventFootballKickoff,"FROM ORL 30 (9:35) 0 J. Borregales kicks from ORL 30. 11 D. Shepherd to STL 30 for 24 yards (48 J. Blakely, 40 E. Thompson)",,True,2,9,35,Half1,MaSourceTypeOfficialScoring,FOOTBALL_XFL_2023_4_22_ORL@STL,,QBStat,52,2302037-ORL-at-STL,575,575,2375,9:35,5,,,1.0,STL,ORL,0.0,1,2,2.0,2.0,Visitor,30,7,30.0,0,12,9,20134,21741,21822,StatusOfficial,ResultKickReturned,24.0,Home,30.0,,,,,,,,21550,,,,,,,,,,,,,,,,,,,,,,,,,,,,0,0.0,0.0,0.0,0.0,0.0
2023,FOOTBALL_XFL_2023_4_22_ORL@STL,ORL,4,STL,5,outdoors,190,1682182774.0,46774,2023-04-22 16:59:34.000000,EventFootballRush,1-10-STL 30 (9:24) 21 M. Durant rush to STL 37 for 7 yards (1 C. Holmes),,True,2,9,24,Half1,MaSourceTypeOfficialScoring,FOOTBALL_XFL_2023_4_22_ORL@STL,,QBStat,53,2302037-ORL-at-STL,564,564,2364,9:24,5,,,1.0,STL,ORL,0.0,1,2,2.0,2.0,Home,30,7,70.0,0,12,9,20713,,,StatusOfficial,,,,,,,,,,,,,1.0,10.0,7.0,Home,30.0,1.0,7.0,0:26, ,21856,,,,,,,,,,,,,,,,,,0,0.0,0.0,0.0,0.0,0.0
2023,FOOTBALL_XFL_2023_4_22_ORL@STL,ORL,4,STL,5,outdoors,117,1682182810.0,46810,2023-04-22 17:00:10.000000,EventFootballRush,"2-3-STL 37 (8:48) 21 M. Durant rush to STL 45 for 8 yards (1 C. Holmes, 13 M. Lee)",,True,2,8,48,Half1,MaSourceTypeOfficialScoring,FOOTBALL_XFL_2023_4_22_ORL@STL,,QBStat,54,2302037-ORL-at-STL,528,528,2328,8:48,5,,,1.0,STL,ORL,0.0,1,2,2.0,2.0,Home,37,7,63.0,0,12,9,20713,,,StatusOfficial,,,,,,,,,,,,20942,2.0,3.0,8.0,Home,30.0,2.0,15.0,1:01, ,21856,,,,,,,,,,,,,,,,,,0,0.0,0.0,0.0,0.0,0.0
2023,FOOTBALL_XFL_2023_4_22_ORL@STL,ORL,4,STL,5,outdoors,119,1682182845.0,46845,2023-04-22 17:00:45.000000,EventFootballPass,1-10-STL 45 (8:15) 10 A. McCarron pass to 11 D. Shepherd to ORL 21 for 34 yards (20 B. Buchanan),,True,2,8,15,Half1,MaSourceTypeOfficialScoring,FOOTBALL_XFL_2023_4_22_ORL@STL,,QBStat,55,2302037-ORL-at-STL,495,495,2295,8:15,5,,,1.0,STL,ORL,0.0,1,2,2.0,2.0,Home,45,7,55.0,0,12,9,20221,,,StatusOfficial,ResultPassComplete,,,,,,,,,22026,21822,,1.0,10.0,34.0,Home,30.0,3.0,49.0,1:31, ,,,,,,,,,,,,,,,,,,,0,0.0,0.0,0.0,0.0,0.0
2023,FOOTBALL_XFL_2023_4_22_ORL@STL,ORL,4,STL,5,outdoors,121,1682182876.0,46876,2023-04-22 17:01:16.000000,EventFootballRush,"1-10-ORL 21 (7:49) 0 K. Walker rush to ORL 10 for 11 yards (38 M. Murphy, 13 M. Lee)",,True,2,7,49,Half1,MaSourceTypeOfficialScoring,FOOTBALL_XFL_2023_4_22_ORL@STL,,QBStat,56,2302037-ORL-at-STL,469,469,2269,7:49,5,,,1.0,STL,ORL,0.0,1,2,2.0,2.0,Visitor,21,7,21.0,0,12,9,21121,,,StatusOfficial,,,,,,,,,,,,20942,1.0,10.0,11.0,Home,30.0,4.0,60.0,1:59, ,22033,,,,,,,,,,,,,,,,,,0,0.0,0.0,0.0,0.0,0.0
2023,FOOTBALL_XFL_2023_4_22_ORL@STL,ORL,4,STL,5,outdoors,123,1682182916.0,46916,2023-04-22 17:01:56.000000,EventFootballRush,1-10-ORL 10 (7:09) 21 M. Durant rush to ORL 7 for 3 yards (13 M. Lee),,True,2,7,9,Half1,MaSourceTypeOfficialScoring,FOOTBALL_XFL_2023_4_22_ORL@STL,,QBStat,57,2302037-ORL-at-STL,429,429,2229,7:09,5,,,1.0,STL,ORL,0.0,1,2,2.0,2.0,Visitor,10,7,10.0,0,12,9,20942,,,StatusOfficial,,,,,,,,,,,,,1.0,10.0,3.0,Home,30.0,5.0,63.0,2:33, ,21856,,,,,,,,,,,,,,,,,,0,0.0,0.0,0.0,0.0,0.0
2023,FOOTBALL_XFL_2023_4_22_ORL@STL,ORL,4,STL,5,outdoors,131,1682182952.0,46952,2023-04-22 17:02:32.000000,EventFootballPass,"2-7-ORL 7 (6:36) 10 A. McCarron pass to 88 H. Butler for 7 yards QB Hit by 92 D. Wade-Perry, TOUCHDOWN",,True,2,6,36,Half1,MaSourceTypeOfficialScoring,FOOTBALL_XFL_2023_4_22_ORL@STL,,QBStat,58,2302037-ORL-at-STL,396,396,2196,6:36,5,,,1.0,STL,ORL,0.0,1,2,2.0,2.0,Visitor,7,7,7.0,0,12,9,,,,StatusOfficial,ResultPassComplete,,,,,,,,,22026,22333,,2.0,7.0,7.0,Home,30.0,6.0,70.0,2:59,TD,,21899,,,,,,,,,,ScoreTypeTd,,,,,,,0,1.0,0.0,0.0,0.0,1.0
2023,FOOTBALL_XFL_2023_4_22_ORL@STL,ORL,4,STL,5,outdoors,128,1682183013.0,47013,2023-04-22 17:03:33.000000,EventFootballPat2PtPass,FROM ORL 5 (6:36) 10 A. McCarron 2-pt conversion pass to 3 M. Ateman GOOD,,True,2,6,36,Half1,MaSourceTypeOfficialScoring,FOOTBALL_XFL_2023_4_22_ORL@STL,,QBStat,59,2302037-ORL-at-STL,396,396,2196,6:36,5,,,1.0,STL,ORL,0.0,1,2,2.0,2.0,Visitor,5,7,5.0,0,12,15,,,,StatusOfficial,ResultPassComplete,,,,,,,,,22026,20058,,,,5.0,,,,,,,,,,,,,,,,,,ScoreTypeConv,2.0,,,,,,0,0.0,0.0,0.0,0.0,0.0
2023,FOOTBALL_XFL_2023_4_22_ORL@STL,ORL,4,STL,5,outdoors,134,1682183174.0,47174,2023-04-22 17:06:14.000000,EventFootballKickoff,FROM STL 30 (6:36) 2 D. Hageman kicks from STL 30. 10 D. Thomas to STL 45 for 47 yards (2 D. Hageman),,True,2,6,36,Half1,MaSourceTypeOfficialScoring,FOOTBALL_XFL_2023_4_22_ORL@STL,,QBStat,60,2302037-ORL-at-STL,396,396,2196,6:36,4,,,0.0,ORL,STL,0.0,1,2,1.0,1.0,Home,30,8,30.0,0,12,17,22008,22008,21891,StatusOfficial,ResultKickReturned,47.0,Home,45.0,,,,,,,,,,,,,,,,,,,,,,,,,,,,,,,,,,,,0,0.0,0.0,0.0,0.0,0.0
2023,FOOTBALL_XFL_2023_4_22_ORL@STL,ORL,4,STL,5,outdoors,136,1682183299.0,47299,2023-04-22 17:08:19.000000,EventFootballPass,"1-10-STL 45 (6:19) 12 Q. Dormady pass to 15 K. Cannon for 45 yards, TOUCHDOWN",,True,2,6,19,Half1,MaSourceTypeOfficialScoring,FOOTBALL_XFL_2023_4_22_ORL@STL,,QBStat,61,2302037-ORL-at-STL,379,379,2179,6:19,4,,,0.0,ORL,STL,0.0,1,2,1.0,1.0,Home,45,8,45.0,0,12,17,,,,StatusOfficial,ResultPassComplete,,,,,,,,,20407,20257,,1.0,10.0,45.0,Home,45.0,1.0,45.0,0:17,TD,,,,,,,,,,,,ScoreTypeTd,,,,,,,0,1.0,0.0,0.0,0.0,1.0
2023,FOOTBALL_XFL_2023_4_22_ORL@STL,ORL,4,STL,5,outdoors,153,1682183333.0,47333,2023-04-22 17:08:53.000000,EventFootballPat2PtPass,FROM STL 5 (6:19) 12 Q. Dormady 2-pt conversion pass to 18 A. Jamiel GOOD,,True,2,6,19,Half1,MaSourceTypeOfficialScoring,FOOTBALL_XFL_2023_4_22_ORL@STL,,QBStat,62,2302037-ORL-at-STL,379,379,2179,6:19,4,,,0.0,ORL,STL,0.0,1,2,1.0,1.0,Home,5,8,5.0,0,18,17,,,,StatusOfficial,ResultPassComplete,,,,,,,,,20407,20783,,,,5.0,,,,,,,,,,,,,,,,,,ScoreTypeConv,2.0,,,,,,0,0.0,0.0,0.0,0.0,0.0
2023,FOOTBALL_XFL_2023_4_22_ORL@STL,ORL,4,STL,5,outdoors,140,1682183439.0,47439,2023-04-22 17:10:39.000000,EventFootballKickoff,FROM ORL 30 (6:19) 0 J. Borregales kicks from ORL 30. 11 D. Shepherd to STL 34 for 24 yards (41 J. Gemmel),,True,2,6,19,Half1,MaSourceTypeOfficialScoring,FOOTBALL_XFL_2023_4_22_ORL@STL,,QBStat,63,2302037-ORL-at-STL,379,379,2179,6:19,5,,,1.0,STL,ORL,0.0,1,2,2.0,2.0,Visitor,30,9,30.0,0,20,17,20546,21741,21822,StatusOfficial,ResultKickReturned,24.0,Home,34.0,,,,,,,,,,,,,,,,,,,,,,,,,,,,,,,,,,,,0,0.0,0.0,0.0,0.0,0.0
2023,FOOTBALL_XFL_2023_4_22_ORL@STL,ORL,4,STL,5,outdoors,142,1682183521.0,47521,2023-04-22 17:12:01.000000,EventFootballPass,1-10-STL 34 (6:06) 10 A. McCarron pass to 88 H. Butler to STL 40 for 6 yards (1 C. Holmes),,True,2,6,6,Half1,MaSourceTypeOfficialScoring,FOOTBALL_XFL_2023_4_22_ORL@STL,,QBStat,64,2302037-ORL-at-STL,366,366,2166,6:06,5,,,1.0,STL,ORL,0.0,1,2,2.0,2.0,Home,34,9,66.0,0,20,17,20713,,,StatusOfficial,ResultPassComplete,,,,,,,,,22026,22333,,1.0,10.0,6.0,Home,34.0,1.0,6.0,0:22, ,,,,,,,,,,,,,,,,,,,0,0.0,0.0,0.0,0.0,0.0
2023,FOOTBALL_XFL_2023_4_22_ORL@STL,ORL,4,STL,5,outdoors,144,1682183562.0,47562,2023-04-22 17:12:42.000000,EventFootballRush,2-4-STL 40 (5:24) 21 M. Durant rush to STL 43 for 3 yards (9 G. Willis),,True,2,5,24,Half1,MaSourceTypeOfficialScoring,FOOTBALL_XFL_2023_4_22_ORL@STL,,QBStat,65,2302037-ORL-at-STL,324,324,2124,5:24,5,,,1.0,STL,ORL,0.0,1,2,2.0,2.0,Home,40,9,60.0,0,20,17,21696,,,StatusOfficial,,,,,,,,,,,,,2.0,4.0,3.0,Home,34.0,2.0,9.0,1:12, ,21856,,,,,,,,,,,,,,,,,,0,0.0,0.0,0.0,0.0,0.0
2023,FOOTBALL_XFL_2023_4_22_ORL@STL,ORL,4,STL,5,outdoors,146,1682183649.0,47649,2023-04-22 17:14:09.000000,EventFootballTimeout,3-1-STL 43 (5:00) Timeout by St. Louis Battlehawks at 5:00,,True,2,5,0,Half1,MaSourceTypeOfficialScoring,FOOTBALL_XFL_2023_4_22_ORL@STL,,QBStat,66,2302037-ORL-at-STL,300,300,2100,5:00,5,,,1.0,STL,ORL,0.0,1,2,2.0,2.0,Home,43,9,57.0,0,20,17,,,,StatusOfficial,,,,,,,,,,,,,3.0,1.0,,Home,34.0,2.0,9.0,1:19, ,,,,,,,,,,,,,,,5,,,,0,0.0,0.0,0.0,0.0,0.0
2023,FOOTBALL_XFL_2023_4_22_ORL@STL,ORL,4,STL,5,outdoors,148,1682183669.0,47669,2023-04-22 17:14:29.000000,EventFootballPenalty,"3-1-STL 43 (5:00) PENALTY on St. Louis Battlehawks, 5 yards",,True,2,5,0,Half1,MaSourceTypeOfficialScoring,FOOTBALL_XFL_2023_4_22_ORL@STL,,QBStat,67,2302037-ORL-at-STL,300,300,2100,5:00,5,,,1.0,STL,ORL,0.0,1,1,1.0,1.0,Home,43,9,57.0,0,20,17,,,,StatusOfficial,,,,,5,TM,5.0,ResultPenaltyRepeatdown,NA,,,,3.0,1.0,,Home,34.0,2.0,4.0,1:19, ,,,,,,,,,,,,,,,,,,,0,0.0,0.0,0.0,0.0,0.0
2023,FOOTBALL_XFL_2023_4_22_ORL@STL,ORL,4,STL,5,outdoors,150,1682183716.0,47716,2023-04-22 17:15:16.000000,EventFootballPass,3-6-STL 38 (4:53) 10 A. McCarron pass to 12 G. Jennings to ORL 45 for 17 yards (1 C. Holmes),,True,2,4,53,Half1,MaSourceTypeOfficialScoring,FOOTBALL_XFL_2023_4_22_ORL@STL,,QBStat,68,2302037-ORL-at-STL,293,293,2093,4:53,5,,,1.0,STL,ORL,0.0,1,1,1.0,1.0,Home,38,9,62.0,0,20,17,20713,,,StatusOfficial,ResultPassComplete,,,,,,,,,22026,22038,,3.0,6.0,17.0,Home,34.0,3.0,21.0,1:35, ,,,,,,,,,,,,,,,,,,,0,0.0,0.0,0.0,0.0,0.0
2023,FOOTBALL_XFL_2023_4_22_ORL@STL,ORL,4,STL,5,outdoors,152,1682183755.0,47755,2023-04-22 17:15:55.000000,EventFootballRush,1-10-ORL 45 (4:16) 21 M. Durant rush to ORL 43 for 2 yards (1 C. Holmes),,True,2,4,16,Half1,MaSourceTypeOfficialScoring,FOOTBALL_XFL_2023_4_22_ORL@STL,,QBStat,69,2302037-ORL-at-STL,256,256,2056,4:16,5,,,1.0,STL,ORL,0.0,1,1,1.0,1.0,Visitor,45,9,45.0,0,20,17,20713,,,StatusOfficial,,,,,,,,,,,,,1.0,10.0,2.0,Home,34.0,4.0,23.0,2:11, ,21856,,,,,,,,,,,,,,,,,,0,0.0,0.0,0.0,0.0,0.0
2023,FOOTBALL_XFL_2023_4_22_ORL@STL,ORL,4,STL,5,outdoors,155,1682183797.0,47797,2023-04-22 17:16:37.000000,EventFootballPass,"2-8-ORL 43 (3:35) 10 A. McCarron pass to 12 G. Jennings to ORL 38 for 5 yards (46 T. Scales, 56 S. Maponga)",,True,2,3,35,Half1,MaSourceTypeOfficialScoring,FOOTBALL_XFL_2023_4_22_ORL@STL,,QBStat,70,2302037-ORL-at-STL,215,215,2015,3:35,5,,,1.0,STL,ORL,0.0,1,1,1.0,1.0,Visitor,43,9,43.0,0,20,17,22319,,,StatusOfficial,ResultPassComplete,,,,,,,,,22026,22038,20992,2.0,8.0,5.0,Home,34.0,5.0,28.0,3:01, ,,,,,,,,,,,,,,,,,,,0,0.0,0.0,0.0,0.0,0.0
2023,FOOTBALL_XFL_2023_4_22_ORL@STL,ORL,4,STL,5,outdoors,157,1682183841.0,47841,2023-04-22 17:17:21.000000,EventFootballPass,3-3-ORL 38 (2:54) 10 A. McCarron pass incomplete to 22 S. Mitchell Pass Defended by 23 N. Hosein,,True,2,2,54,Half1,MaSourceTypeOfficialScoring,FOOTBALL_XFL_2023_4_22_ORL@STL,,QBStat,71,2302037-ORL-at-STL,174,174,1974,2:54,5,,,1.0,STL,ORL,0.0,1,1,1.0,1.0,Visitor,38,9,38.0,0,20,17,,,,StatusOfficial,ResultPassIncomplete,,,,,,,,,22026,21081,,3.0,3.0,,Home,34.0,6.0,28.0,3:32, ,,,,,,,,,,,,,,20723,,,,,0,0.0,0.0,0.0,0.0,0.0
2023,FOOTBALL_XFL_2023_4_22_ORL@STL,ORL,4,STL,5,outdoors,159,1682183881.0,47881,2023-04-22 17:18:01.000000,EventFootballTimeout,4-3-ORL 38 (2:20) Timeout by Orlando Guardians at 2:20,,True,2,2,20,Half1,MaSourceTypeOfficialScoring,FOOTBALL_XFL_2023_4_22_ORL@STL,,QBStat,72,2302037-ORL-at-STL,140,140,1940,2:20,5,,,1.0,STL,ORL,0.0,1,1,1.0,1.0,Visitor,38,9,38.0,0,20,17,,,,StatusOfficial,,,,,,,,,,,,,4.0,3.0,,Home,34.0,6.0,28.0,3:59, ,,,,,,,,,,,,,,,4,,,,0,0.0,0.0,0.0,0.0,0.0
2023,FOOTBALL_XFL_2023_4_22_ORL@STL,ORL,4,STL,5,outdoors,161,1682183960.0,47960,2023-04-22 17:19:20.000000,EventFootballPass,4-3-ORL 38 (2:13) 10 A. McCarron pass to 88 H. Butler to ORL 34 for 4 yards (32 J. Rogers),,True,2,2,13,Half1,MaSourceTypeOfficialScoring,FOOTBALL_XFL_2023_4_22_ORL@STL,,QBStat,73,2302037-ORL-at-STL,133,133,1933,2:13,5,,,1.0,STL,ORL,0.0,0,1,1.0,1.0,Visitor,38,9,38.0,0,20,17,21333,,,StatusOfficial,ResultPassComplete,,,,,,,,,22026,22333,,4.0,3.0,4.0,Home,34.0,7.0,32.0,4:19, ,,,,,,,,,,,,,,,,,,,0,0.0,0.0,0.0,0.0,0.0
2023,FOOTBALL_XFL_2023_4_22_ORL@STL,ORL,4,STL,5,outdoors,163,1682184208.0,48208,2023-04-22 17:23:28.000000,EventFootballRush,1-10-ORL 34 (1:52) 10 A. McCarron rush to ORL 30 for 4 yards (31 L. Henry),,True,2,1,52,Half1,MaSourceTypeOfficialScoring,FOOTBALL_XFL_2023_4_22_ORL@STL,,QBStat,74,2302037-ORL-at-STL,112,112,1912,1:52,5,,,1.0,STL,ORL,0.0,0,1,1.0,1.0,Visitor,34,9,34.0,0,20,17,21941,,,StatusOfficial,,,,,,,,,,,,,1.0,10.0,4.0,Home,34.0,8.0,36.0,4:35, ,22026,,,,,,,,,,,,,,,,,,0,0.0,0.0,0.0,0.0,0.0
2023,FOOTBALL_XFL_2023_4_22_ORL@STL,ORL,4,STL,5,outdoors,165,1682184235.0,48235,2023-04-22 17:23:55.000000,EventFootballPass,"2-6-ORL 30 (1:25) 10 A. McCarron pass to 88 H. Butler to ORL 5 for 25 yards Fumbled by 88 H. Butler,  Forced by 23 N. Hosein Recovered by 88 H. Butler (21 S. Wiggins)",,True,2,1,25,Half1,MaSourceTypeOfficialScoring,FOOTBALL_XFL_2023_4_22_ORL@STL,,QBStat,75,2302037-ORL-at-STL,85,85,1885,1:25,5,,,1.0,STL,ORL,0.0,0,1,1.0,1.0,Visitor,30,9,30.0,0,20,17,21664,,,StatusOfficial,ResultPassComplete,,Visitor,5.0,,,,,,22026,22333,,2.0,6.0,25.0,Home,34.0,9.0,61.0,5:02, ,,,,,,,5,22333,5,22333,20723,,,,,,,,0,0.0,0.0,0.0,0.0,0.0
2023,FOOTBALL_XFL_2023_4_22_ORL@STL,ORL,4,STL,5,outdoors,167,1682184333.0,48333,2023-04-22 17:25:33.000000,EventFootballPass,"1-5-ORL 5 (0:55) 10 A. McCarron pass to 84 J. Sutherland for 5 yards, TOUCHDOWN",,True,2,0,55,Half1,MaSourceTypeOfficialScoring,FOOTBALL_XFL_2023_4_22_ORL@STL,,QBStat,76,2302037-ORL-at-STL,55,55,1855,0:55,5,,,1.0,STL,ORL,0.0,0,1,1.0,1.0,Visitor,5,9,5.0,0,20,17,,,,StatusOfficial,ResultPassComplete,,,,,,,,,22026,21501,,1.0,5.0,5.0,Home,34.0,10.0,66.0,5:24,TD,,,,,,,,,,,,ScoreTypeTd,,,,,,,0,1.0,0.0,0.0,0.0,1.0
2023,FOOTBALL_XFL_2023_4_22_ORL@STL,ORL,4,STL,5,outdoors,169,1682184378.0,48378,2023-04-22 17:26:18.000000,EventFootballPat2PtPass,FROM ORL 5 (0:55) 10 A. McCarron 2-pt conversion pass to 88 H. Butler GOOD,,True,2,0,55,Half1,MaSourceTypeOfficialScoring,FOOTBALL_XFL_2023_4_22_ORL@STL,,QBStat,77,2302037-ORL-at-STL,55,55,1855,0:55,5,,,1.0,STL,ORL,0.0,0,1,1.0,1.0,Visitor,5,9,5.0,0,20,23,,,,StatusOfficial,ResultPassComplete,,,,,,,,,22026,22333,,,,5.0,,,,,,,,,,,,,,,,,,ScoreTypeConv,2.0,,,,,,0,0.0,0.0,0.0,0.0,0.0
2023,FOOTBALL_XFL_2023_4_22_ORL@STL,ORL,4,STL,5,outdoors,171,1682184441.0,48441,2023-04-22 17:27:21.000000,EventFootballKickoff,"FROM STL 30 (0:55) 2 D. Hageman kicks from STL 30. 10 D. Thomas to ORL 23 for 15 yards (0 K. Walker, 51 W. Harvey)",,True,2,0,55,Half1,MaSourceTypeOfficialScoring,FOOTBALL_XFL_2023_4_22_ORL@STL,,QBStat,78,2302037-ORL-at-STL,55,55,1855,0:55,4,,,0.0,ORL,STL,0.0,0,1,0.0,0.0,Home,30,10,30.0,0,20,25,22033,22008,21891,StatusOfficial,ResultKickReturned,15.0,Visitor,23.0,,,,,,,,20647,,,,,,,,,,,,,,,,,,,,,,,,,,,,0,0.0,0.0,0.0,0.0,0.0
2023,FOOTBALL_XFL_2023_4_22_ORL@STL,ORL,4,STL,5,outdoors,176,1682184545.0,48545,2023-04-22 17:29:05.000000,EventFootballPass,1-10-ORL 23 (0:31) 12 Q. Dormady pass to 18 A. Jamiel to ORL 29 for 6 yards (24 L. Hill),,True,2,0,31,Half1,MaSourceTypeOfficialScoring,FOOTBALL_XFL_2023_4_22_ORL@STL,,QBStat,79,2302037-ORL-at-STL,31,31,1831,0:31,4,,,0.0,ORL,STL,0.0,0,1,0.0,0.0,Visitor,23,10,77.0,0,20,25,22870,,,StatusOfficial,ResultPassComplete,,,,,,,,,20407,20783,,1.0,10.0,6.0,Visitor,23.0,1.0,6.0,0:31, ,,,,,,,,,,,,,,,,,,,0,0.0,0.0,0.0,0.0,0.0
2023,FOOTBALL_XFL_2023_4_22_ORL@STL,ORL,4,STL,5,outdoors,175,1682184555.0,48555,2023-04-22 17:29:15.000000,EventFootballPass,2-4-ORL 29 (0:24) 12 Q. Dormady pass to 11 C. Latimer to ORL 46 for 17 yards (8 M. Hampton),,True,2,0,24,Half1,MaSourceTypeOfficialScoring,FOOTBALL_XFL_2023_4_22_ORL@STL,,QBStat,80,2302037-ORL-at-STL,24,24,1824,0:24,4,,,0.0,ORL,STL,0.0,0,1,0.0,0.0,Visitor,29,10,71.0,0,20,25,21862,,,StatusOfficial,ResultPassComplete,,,,,,,,,20407,20929,,2.0,4.0,17.0,Visitor,23.0,2.0,23.0,0:37, ,,,,,,,,,,,,,,,,,,,0,0.0,0.0,0.0,0.0,0.0
2023,FOOTBALL_XFL_2023_4_22_ORL@STL,ORL,4,STL,5,outdoors,179,1682184580.0,48580,2023-04-22 17:29:40.000000,EventFootballPass,1-10-ORL 46 (0:10) 12 Q. Dormady pass to 14 C. Rambo to STL 28 for 26 yards (25 L. Denis),,True,2,0,10,Half1,MaSourceTypeOfficialScoring,FOOTBALL_XFL_2023_4_22_ORL@STL,,QBStat,81,2302037-ORL-at-STL,10,10,1810,0:10,4,,,0.0,ORL,STL,0.0,0,1,0.0,0.0,Visitor,46,10,54.0,0,20,25,20385,,,StatusOfficial,ResultPassComplete,,,,,,,,,20407,22018,,1.0,10.0,26.0,Visitor,23.0,3.0,49.0,0:47, ,,,,,,,,,,,,,,,,,,,0,0.0,0.0,0.0,0.0,0.0
2023,FOOTBALL_XFL_2023_4_22_ORL@STL,ORL,4,STL,5,outdoors,181,1682184613.0,48613,2023-04-22 17:30:13.000000,EventFootballPass,1-10-STL 28 (0:05) 12 Q. Dormady pass incomplete to 18 A. Jamiel,,True,2,0,5,Half1,MaSourceTypeOfficialScoring,FOOTBALL_XFL_2023_4_22_ORL@STL,,QBStat,82,2302037-ORL-at-STL,5,5,1805,0:05,4,,,0.0,ORL,STL,0.0,0,1,0.0,0.0,Home,28,10,28.0,0,20,25,,,,StatusOfficial,ResultPassIncomplete,,,,,,,,,20407,20783,,1.0,10.0,,Visitor,23.0,4.0,49.0,0:50, ,,,,,,,,,,,,,,,,,,,0,0.0,0.0,0.0,0.0,0.0
2023,FOOTBALL_XFL_2023_4_22_ORL@STL,ORL,4,STL,5,outdoors,183,1682184662.0,48662,2023-04-22 17:31:02.000000,EventFootballPenalty,"2-10-STL 28 (0:05) PENALTY on (ORL) 78 T. Bradley, 5 yards",,True,2,0,5,Half1,MaSourceTypeOfficialScoring,FOOTBALL_XFL_2023_4_22_ORL@STL,,QBStat,83,2302037-ORL-at-STL,5,5,1805,0:05,4,,,0.0,ORL,STL,0.0,0,1,0.0,0.0,Home,28,10,28.0,0,20,25,,,,StatusOfficial,,,,,4,20170,5.0,ResultPenaltyRepeatdown,NA,,,,2.0,10.0,,Visitor,23.0,4.0,44.0,0:50, ,,,,,,,,,,,,,,,,,,,0,0.0,0.0,0.0,0.0,0.0
2023,FOOTBALL_XFL_2023_4_22_ORL@STL,ORL,4,STL,5,outdoors,185,1682184707.0,48707,2023-04-22 17:31:47.000000,EventFootballTimeout,2-15-STL 33 (0:05) Timeout by St. Louis Battlehawks at 0:05,,True,2,0,5,Half1,MaSourceTypeOfficialScoring,FOOTBALL_XFL_2023_4_22_ORL@STL,,QBStat,84,2302037-ORL-at-STL,5,5,1805,0:05,4,,,0.0,ORL,STL,0.0,0,1,0.0,0.0,Home,33,10,33.0,0,20,25,,,,StatusOfficial,,,,,,,,,,,,,2.0,15.0,,Visitor,23.0,4.0,44.0,0:50, ,,,,,,,,,,,,,,,5,,,,0,0.0,0.0,0.0,0.0,0.0
2023,FOOTBALL_XFL_2023_4_22_ORL@STL,ORL,4,STL,5,outdoors,188,1682184761.0,48761,2023-04-22 17:32:41.000000,EventFootballFg,2-15-STL 33 (0:05) 0 J. Borregales 51 yard field goal is NO GOOD,,True,2,0,5,Half1,MaSourceTypeOfficialScoring,FOOTBALL_XFL_2023_4_22_ORL@STL,,QBStat,85,2302037-ORL-at-STL,5,5,1805,0:05,4,,,0.0,ORL,STL,0.0,0,0,0.0,0.0,Home,33,10,33.0,0,20,25,,21741,,StatusOfficial,ResultKickMissed,,,,,,,,,,,,2.0,15.0,51.0,Visitor,23.0,5.0,44.0,0:50,MISSED FG,,,,,,,,,,,,,,,,,,,0,0.0,0.0,0.0,0.0,0.0
2023,FOOTBALL_XFL_2023_4_22_ORL@STL,ORL,4,STL,5,outdoors,189,1682184796.9372728,,2023-04-22 17:33:16.937273,EventPeriodEnd,Halftime Marker,,True,2,0,0,Half1,MaSourceTypeOfficialScoring,FOOTBALL_XFL_2023_4_22_ORL@STL,,QBStat,10010,2302037-ORL-at-STL,0,0,1800,0:00,5,,,1.0,STL,ORL,0.0,3,3,3.0,3.0,Home,41,11,59.0,0,20,25,,,,,,,,,,,,,,,,,1.0,10.0,,,,,,,,,,,,,,,,,,,,,,,,,,0,0.0,0.0,0.0,0.0,0.0
2023,FOOTBALL_XFL_2023_4_22_ORL@STL,ORL,4,STL,5,outdoors,192,1682185500.0,49500,2023-04-22 17:45:00.000000,EventFootballKickoff,"FROM STL 30 (14:55) 2 D. Hageman kicks from STL 30. 10 D. Thomas to ORL 23 for 12 yards (24 L. Hill, 51 W. Harvey)",,True,3,14,55,Half2,MaSourceTypeOfficialScoring,FOOTBALL_XFL_2023_4_22_ORL@STL,,QBStat,86,2302037-ORL-at-STL,895,1795,1795,14:55,4,,,0.0,ORL,STL,0.0,3,3,3.0,3.0,Home,30,12,30.0,0,20,25,22870,22008,21891,StatusOfficial,ResultKickReturned,12.0,Visitor,23.0,,,,,,,,20647,,,,,,,,,,,,,,,,,,,,,,,,,,,,0,0.0,0.0,0.0,0.0,0.0
2023,FOOTBALL_XFL_2023_4_22_ORL@STL,ORL,4,STL,5,outdoors,194,1682185546.0,49546,2023-04-22 17:45:46.000000,EventFootballRush,1-10-ORL 23 (14:48) 26 D. Darrington rush to ORL 28 for 5 yards (51 W. Harvey),,True,3,14,48,Half2,MaSourceTypeOfficialScoring,FOOTBALL_XFL_2023_4_22_ORL@STL,,QBStat,87,2302037-ORL-at-STL,888,1788,1788,14:48,4,,,0.0,ORL,STL,0.0,3,3,3.0,3.0,Visitor,23,12,77.0,0,20,25,20647,,,StatusOfficial,,,,,,,,,,,,,1.0,10.0,5.0,Visitor,23.0,1.0,5.0,0:23, ,20357,,,,,,,,,,,,,,,,,,0,0.0,0.0,0.0,0.0,0.0
2023,FOOTBALL_XFL_2023_4_22_ORL@STL,ORL,4,STL,5,outdoors,196,1682185580.0,49580,2023-04-22 17:46:20.000000,EventFootballSack,"2-5-ORL 28 (14:14) 12 Q. Dormady sacked at ORL 21 for -7 yards (53 C. Wells, 96 L. London)",,True,3,14,14,Half2,MaSourceTypeOfficialScoring,FOOTBALL_XFL_2023_4_22_ORL@STL,,QBStat,88,2302037-ORL-at-STL,854,1754,1754,14:14,4,,,0.0,ORL,STL,0.0,3,3,3.0,3.0,Visitor,28,12,72.0,0,20,25,,,,StatusOfficial,,,,,,,,,,20407,,,2.0,5.0,-7.0,Visitor,23.0,2.0,-2.0,1:08, ,,,,,,,,,,,,,,,,,21833,20965,0,0.0,0.0,0.0,0.0,0.0
2023,FOOTBALL_XFL_2023_4_22_ORL@STL,ORL,4,STL,5,outdoors,198,1682185626.0,49626,2023-04-22 17:47:06.000000,EventFootballPass,"3-12-ORL 21 (13:28) 12 Q. Dormady pass to 26 D. Darrington to ORL 28 for 7 yards (96 L. London, 51 W. Harvey)",,True,3,13,28,Half2,MaSourceTypeOfficialScoring,FOOTBALL_XFL_2023_4_22_ORL@STL,,QBStat,89,2302037-ORL-at-STL,808,1708,1708,13:28,4,,,0.0,ORL,STL,0.0,3,3,3.0,3.0,Visitor,21,12,79.0,0,20,25,20965,,,StatusOfficial,ResultPassComplete,,,,,,,,,20407,20357,20647,3.0,12.0,7.0,Visitor,23.0,3.0,5.0,1:57, ,,,,,,,,,,,,,,,,,,,0,0.0,0.0,0.0,0.0,0.0
2023,FOOTBALL_XFL_2023_4_22_ORL@STL,ORL,4,STL,5,outdoors,201,1682185912.0,49912,2023-04-22 17:51:52.000000,EventFootballPunt,"4-5-ORL 28 (12:29) 19 M. Brown punts 57 yards from ORL 28 to STL 15. 22 S. Mitchell to STL 32 for 17 yards (34 N. Coe, 48 J. Blakely)",,True,3,12,29,Half2,MaSourceTypeOfficialScoring,FOOTBALL_XFL_2023_4_22_ORL@STL,,QBStat,90,2302037-ORL-at-STL,749,1649,1649,12:29,4,,,0.0,ORL,STL,0.0,3,3,3.0,3.0,Visitor,28,12,72.0,0,20,25,20308,,,StatusOfficial,ResultKickReturned,,Home,32.0,,,,,,,,20134,4.0,5.0,,Visitor,23.0,3.0,5.0,2:31,PUNT,,,20208,21081,57.0,17.0,,,,,,,,,,,,,1,0.0,0.0,0.0,0.0,0.0
2023,FOOTBALL_XFL_2023_4_22_ORL@STL,ORL,4,STL,5,outdoors,203,1682186123.0,50123,2023-04-22 17:55:23.000000,EventFootballPass,"1-10-STL 32 (12:23) 10 A. McCarron pass to 88 H. Butler to ORL 46 for 22 yards (23 N. Hosein, 21 S. Wiggins)",,True,3,12,23,Half2,MaSourceTypeOfficialScoring,FOOTBALL_XFL_2023_4_22_ORL@STL,,QBStat,91,2302037-ORL-at-STL,743,1643,1643,12:23,5,,,1.0,STL,ORL,0.0,3,3,3.0,3.0,Home,32,13,68.0,0,20,25,20723,,,StatusOfficial,ResultPassComplete,,,,,,,,,22026,22333,21664,1.0,10.0,22.0,Home,32.0,1.0,22.0,0:26, ,,,,,,,,,,,,,,,,,,,0,0.0,0.0,0.0,0.0,0.0
2023,FOOTBALL_XFL_2023_4_22_ORL@STL,ORL,4,STL,5,outdoors,205,1682186157.0,50157,2023-04-22 17:55:57.000000,EventFootballPass,"1-10-ORL 46 (11:49) 10 A. McCarron pass to 11 D. Shepherd to ORL 34 for 12 yards (23 N. Hosein, 1 C. Holmes)",,True,3,11,49,Half2,MaSourceTypeOfficialScoring,FOOTBALL_XFL_2023_4_22_ORL@STL,,QBStat,92,2302037-ORL-at-STL,709,1609,1609,11:49,5,,,1.0,STL,ORL,0.0,3,3,3.0,3.0,Visitor,46,13,46.0,0,20,25,20723,,,StatusOfficial,ResultPassComplete,,,,,,,,,22026,21822,20713,1.0,10.0,12.0,Home,32.0,2.0,34.0,0:53, ,,,,,,,,,,,,,,,,,,,0,0.0,0.0,0.0,0.0,0.0
2023,FOOTBALL_XFL_2023_4_22_ORL@STL,ORL,4,STL,5,outdoors,207,1682186187.0,50187,2023-04-22 17:56:27.000000,EventFootballRush,"1-10-ORL 34 (11:19) 0 K. Walker rush to ORL 25 for 9 yards (9 G. Willis, 22 M. Elam)",,True,3,11,19,Half2,MaSourceTypeOfficialScoring,FOOTBALL_XFL_2023_4_22_ORL@STL,,QBStat,93,2302037-ORL-at-STL,679,1579,1579,11:19,5,,,1.0,STL,ORL,0.0,3,3,3.0,3.0,Visitor,34,13,34.0,0,20,25,21696,,,StatusOfficial,,,,,,,,,,,,20444,1.0,10.0,9.0,Home,32.0,3.0,43.0,1:27, ,22033,,,,,,,,,,,,,,,,,,0,0.0,0.0,0.0,0.0,0.0
2023,FOOTBALL_XFL_2023_4_22_ORL@STL,ORL,4,STL,5,outdoors,209,1682186289.0,50289,2023-04-22 17:58:09.000000,EventFootballRush,2-1-ORL 25 (10:34) 0 K. Walker rush to ORL 20 for 5 yards (27 T. Smith),,True,3,10,34,Half2,MaSourceTypeOfficialScoring,FOOTBALL_XFL_2023_4_22_ORL@STL,,QBStat,94,2302037-ORL-at-STL,634,1534,1534,10:34,5,,,1.0,STL,ORL,0.0,3,3,3.0,3.0,Visitor,25,13,25.0,0,20,25,21825,,,StatusOfficial,,,,,,,,,,,,,2.0,1.0,5.0,Home,32.0,4.0,48.0,1:57, ,22033,,,,,,,,,,,,,,,,,,0,0.0,0.0,0.0,0.0,0.0
2023,FOOTBALL_XFL_2023_4_22_ORL@STL,ORL,4,STL,5,outdoors,211,1682186338.0,50338,2023-04-22 17:58:58.000000,EventFootballRush,"1-10-ORL 20 (10:14) 0 K. Walker rush to ORL 13 for 7 yards (44 T. Plummer, 23 N. Hosein)",,True,3,10,14,Half2,MaSourceTypeOfficialScoring,FOOTBALL_XFL_2023_4_22_ORL@STL,,QBStat,95,2302037-ORL-at-STL,614,1514,1514,10:14,5,,,1.0,STL,ORL,0.0,3,3,3.0,3.0,Visitor,20,13,20.0,0,20,25,21244,,,StatusOfficial,,,,,,,,,,,,20723,1.0,10.0,7.0,Home,32.0,5.0,55.0,2:29, ,22033,,,,,,,,,,,,,,,,,,0,0.0,0.0,0.0,0.0,0.0
2023,FOOTBALL_XFL_2023_4_22_ORL@STL,ORL,4,STL,5,outdoors,213,1682186385.0,50385,2023-04-22 17:59:45.000000,EventFootballPass,"2-3-ORL 13 (9:32) 10 A. McCarron pass to 22 S. Mitchell for 13 yards, TOUCHDOWN",,True,3,9,32,Half2,MaSourceTypeOfficialScoring,FOOTBALL_XFL_2023_4_22_ORL@STL,,QBStat,96,2302037-ORL-at-STL,572,1472,1472,9:32,5,,,1.0,STL,ORL,0.0,3,3,3.0,3.0,Visitor,13,13,13.0,0,20,25,,,,StatusOfficial,ResultPassComplete,,,,,,,,,22026,21081,,2.0,3.0,13.0,Home,32.0,6.0,68.0,2:57,TD,,,,,,,,,,,,ScoreTypeTd,,,,,,,0,1.0,0.0,0.0,0.0,1.0
2023,FOOTBALL_XFL_2023_4_22_ORL@STL,ORL,4,STL,5,outdoors,215,1682186427.0,50427,2023-04-22 18:00:27.000000,EventFootballPat2PtPass,FROM ORL 5 (9:32) 10 A. McCarron 2-pt conversion pass to 22 S. Mitchell GOOD,,True,3,9,32,Half2,MaSourceTypeOfficialScoring,FOOTBALL_XFL_2023_4_22_ORL@STL,,QBStat,97,2302037-ORL-at-STL,572,1472,1472,9:32,5,,,1.0,STL,ORL,0.0,3,3,3.0,3.0,Visitor,5,13,5.0,0,20,31,,,,StatusOfficial,ResultPassComplete,,,,,,,,,22026,21081,,,,5.0,,,,,,,,,,,,,,,,,,ScoreTypeConv,2.0,,,,,,0,0.0,0.0,0.0,0.0,0.0
2023,FOOTBALL_XFL_2023_4_22_ORL@STL,ORL,4,STL,5,outdoors,217,1682186676.0,50676,2023-04-22 18:04:36.000000,EventFootballKickoff,"FROM STL 30 (9:32) 2 D. Hageman kicks from STL 30. 10 D. Thomas to ORL 15 for 7 yards (33 T. Watson) PENALTY on (ORL) 65 J. Ighofose, 10 yards",,True,3,9,32,Half2,MaSourceTypeOfficialScoring,FOOTBALL_XFL_2023_4_22_ORL@STL,,QBStat,98,2302037-ORL-at-STL,572,1472,1472,9:32,4,,,0.0,ORL,STL,0.0,3,3,3.0,3.0,Home,30,14,30.0,0,20,33,22297,22008,21891,StatusOfficial,ResultKickReturned,7.0,Visitor,15.0,4,20750,10.0,ResultPenaltyOnkickoffpat,NA,,,,,,,,,,,,,,,,,,,,,,,,,,,,,,,0,0.0,0.0,0.0,0.0,0.0
2023,FOOTBALL_XFL_2023_4_22_ORL@STL,ORL,4,STL,5,outdoors,219,1682186768.0,50768,2023-04-22 18:06:08.000000,EventFootballPass,1-10-ORL 15 (9:15) 12 Q. Dormady pass incomplete to 11 C. Latimer,,True,3,9,15,Half2,MaSourceTypeOfficialScoring,FOOTBALL_XFL_2023_4_22_ORL@STL,,QBStat,99,2302037-ORL-at-STL,555,1455,1455,9:15,4,,,0.0,ORL,STL,0.0,3,3,3.0,3.0,Visitor,15,14,85.0,0,20,33,,,,StatusOfficial,ResultPassIncomplete,,,,,,,,,20407,20929,,1.0,10.0,,Visitor,15.0,1.0,,0:25, ,,,,,,,,,,,,,,,,,,,0,0.0,0.0,0.0,0.0,0.0
2023,FOOTBALL_XFL_2023_4_22_ORL@STL,ORL,4,STL,5,outdoors,221,1682186796.0,50796,2023-04-22 18:06:36.000000,EventFootballPass,2-10-ORL 15 (8:46) 12 Q. Dormady pass to 11 C. Latimer to ORL 27 for 12 yards (25 L. Denis),,True,3,8,46,Half2,MaSourceTypeOfficialScoring,FOOTBALL_XFL_2023_4_22_ORL@STL,,QBStat,100,2302037-ORL-at-STL,526,1426,1426,8:46,4,,,0.0,ORL,STL,0.0,3,3,3.0,3.0,Visitor,15,14,85.0,0,20,33,20385,,,StatusOfficial,ResultPassComplete,,,,,,,,,20407,20929,,2.0,10.0,12.0,Visitor,15.0,2.0,12.0,0:57, ,,,,,,,,,,,,,,,,,,,0,0.0,0.0,0.0,0.0,0.0
2023,FOOTBALL_XFL_2023_4_22_ORL@STL,ORL,4,STL,5,outdoors,223,1682186816.0,50816,2023-04-22 18:06:56.000000,EventFootballPass,1-10-ORL 27 (8:26) 12 Q. Dormady pass to 11 C. Latimer to ORL 33 for 6 yards (24 L. Hill),,True,3,8,26,Half2,MaSourceTypeOfficialScoring,FOOTBALL_XFL_2023_4_22_ORL@STL,,QBStat,101,2302037-ORL-at-STL,506,1406,1406,8:26,4,,,0.0,ORL,STL,0.0,3,3,3.0,3.0,Visitor,27,14,73.0,0,20,33,22870,,,StatusOfficial,ResultPassComplete,,,,,,,,,20407,20929,,1.0,10.0,6.0,Visitor,15.0,3.0,18.0,1:15, ,,,,,,,,,,,,,,,,,,,0,0.0,0.0,0.0,0.0,0.0
2023,FOOTBALL_XFL_2023_4_22_ORL@STL,ORL,4,STL,5,outdoors,225,1682186848.0,50848,2023-04-22 18:07:28.000000,EventFootballRush,"2-4-ORL 33 (7:55) 30 J. Martin rush to ORL 34 for 1 yard (51 W. Harvey, 53 C. Wells)",,True,3,7,55,Half2,MaSourceTypeOfficialScoring,FOOTBALL_XFL_2023_4_22_ORL@STL,,QBStat,102,2302037-ORL-at-STL,475,1375,1375,7:55,4,,,0.0,ORL,STL,0.0,3,3,3.0,3.0,Visitor,33,14,67.0,0,20,33,20647,,,StatusOfficial,,,,,,,,,,,,21833,2.0,4.0,1.0,Visitor,15.0,4.0,19.0,1:51, ,20997,,,,,,,,,,,,,,,,,,0,0.0,0.0,0.0,0.0,0.0
2023,FOOTBALL_XFL_2023_4_22_ORL@STL,ORL,4,STL,5,outdoors,227,1682186883.0,50883,2023-04-22 18:08:03.000000,EventFootballPass,3-3-ORL 34 (7:19) 12 Q. Dormady pass to 39 J. Smith to ORL 39 for 5 yards (8 M. Hampton),,True,3,7,19,Half2,MaSourceTypeOfficialScoring,FOOTBALL_XFL_2023_4_22_ORL@STL,,QBStat,103,2302037-ORL-at-STL,439,1339,1339,7:19,4,,,0.0,ORL,STL,0.0,3,3,3.0,3.0,Visitor,34,14,66.0,0,20,33,21862,,,StatusOfficial,ResultPassComplete,,,,,,,,,20407,21439,,3.0,3.0,5.0,Visitor,15.0,5.0,24.0,2:22, ,,,,,,,,,,,,,,,,,,,0,0.0,0.0,0.0,0.0,0.0
2023,FOOTBALL_XFL_2023_4_22_ORL@STL,ORL,4,STL,5,outdoors,229,1682186908.0,50908,2023-04-22 18:08:28.000000,EventFootballPass,"1-10-ORL 39 (6:55) 12 Q. Dormady pass to 83 D. Williams to ORL 43 for 4 yards (38 B. Sebastian, 24 L. Hill)",,True,3,6,55,Half2,MaSourceTypeOfficialScoring,FOOTBALL_XFL_2023_4_22_ORL@STL,,QBStat,104,2302037-ORL-at-STL,415,1315,1315,6:55,4,,,0.0,ORL,STL,0.0,3,3,3.0,3.0,Visitor,39,14,61.0,0,20,33,21389,,,StatusOfficial,ResultPassComplete,,,,,,,,,20407,21672,22870,1.0,10.0,4.0,Visitor,15.0,6.0,28.0,2:52, ,,,,,,,,,,,,,,,,,,,0,0.0,0.0,0.0,0.0,0.0
2023,FOOTBALL_XFL_2023_4_22_ORL@STL,ORL,4,STL,5,outdoors,231,1682186948.0,50948,2023-04-22 18:09:08.000000,EventFootballSack,2-6-ORL 43 (6:15) 12 Q. Dormady sacked at ORL 35 for -8 yards (95 E. Lumor),,True,3,6,15,Half2,MaSourceTypeOfficialScoring,FOOTBALL_XFL_2023_4_22_ORL@STL,,QBStat,105,2302037-ORL-at-STL,375,1275,1275,6:15,4,,,0.0,ORL,STL,0.0,3,3,3.0,3.0,Visitor,43,14,57.0,0,20,33,,,,StatusOfficial,,,,,,,,,,20407,,,2.0,6.0,-8.0,Visitor,15.0,7.0,20.0,3:43, ,,,,,,,,,,,,,,,,,20971,,0,0.0,0.0,0.0,0.0,0.0
2023,FOOTBALL_XFL_2023_4_22_ORL@STL,ORL,4,STL,5,outdoors,233,1682186986.0,50986,2023-04-22 18:09:46.000000,EventFootballSack,3-14-ORL 35 (5:37) 12 Q. Dormady sacked at ORL 32 for -3 yards (96 L. London),,True,3,5,37,Half2,MaSourceTypeOfficialScoring,FOOTBALL_XFL_2023_4_22_ORL@STL,,QBStat,106,2302037-ORL-at-STL,337,1237,1237,5:37,4,,,0.0,ORL,STL,0.0,3,3,3.0,3.0,Visitor,35,14,65.0,0,20,33,,,,StatusOfficial,,,,,,,,,,20407,,,3.0,14.0,-3.0,Visitor,15.0,8.0,17.0,4:10, ,,,,,,,,,,,,,,,,,20965,,0,0.0,0.0,0.0,0.0,0.0
2023,FOOTBALL_XFL_2023_4_22_ORL@STL,ORL,4,STL,5,outdoors,235,1682187035.0,51035,2023-04-22 18:10:35.000000,EventFootballPunt,"4-17-ORL 32 (4:54) 19 M. Brown punts 49 yards from ORL 32 to STL 19. 22 S. Mitchell to STL 33 for 14 yards (53 C. Kaye, 46 T. Scales)",,True,3,4,54,Half2,MaSourceTypeOfficialScoring,FOOTBALL_XFL_2023_4_22_ORL@STL,,QBStat,107,2302037-ORL-at-STL,294,1194,1194,4:54,4,,,0.0,ORL,STL,0.0,3,3,3.0,3.0,Visitor,32,14,68.0,0,20,33,20870,,,StatusOfficial,ResultKickReturned,,Home,33.0,,,,,,,,22319,4.0,17.0,,Visitor,15.0,8.0,17.0,4:38,PUNT,,,20208,21081,49.0,14.0,,,,,,,,,,,,,1,0.0,0.0,0.0,0.0,0.0
2023,FOOTBALL_XFL_2023_4_22_ORL@STL,ORL,4,STL,5,outdoors,237,1682187087.0,51087,2023-04-22 18:11:27.000000,EventFootballRush,"1-10-STL 33 (4:46) 21 M. Durant rush to STL 34 for 1 yard (48 J. Blakely, 9 G. Willis)",,True,3,4,46,Half2,MaSourceTypeOfficialScoring,FOOTBALL_XFL_2023_4_22_ORL@STL,,QBStat,108,2302037-ORL-at-STL,286,1186,1186,4:46,5,,,1.0,STL,ORL,0.0,3,3,3.0,3.0,Home,33,15,67.0,0,20,33,20134,,,StatusOfficial,,,,,,,,,,,,21696,1.0,10.0,1.0,Home,33.0,1.0,1.0,0:23, ,21856,,,,,,,,,,,,,,,,,,0,0.0,0.0,0.0,0.0,0.0
2023,FOOTBALL_XFL_2023_4_22_ORL@STL,ORL,4,STL,5,outdoors,239,1682187126.0,51126,2023-04-22 18:12:06.000000,EventFootballPass,"2-9-STL 34 (4:08) 10 A. McCarron pass to 88 H. Butler for 66 yards, TOUCHDOWN",,True,3,4,8,Half2,MaSourceTypeOfficialScoring,FOOTBALL_XFL_2023_4_22_ORL@STL,,QBStat,109,2302037-ORL-at-STL,248,1148,1148,4:08,5,,,1.0,STL,ORL,0.0,3,3,3.0,3.0,Home,34,15,66.0,0,20,33,,,,StatusOfficial,ResultPassComplete,,,,,,,,,22026,22333,,2.0,9.0,66.0,Home,33.0,2.0,67.0,0:46,TD,,,,,,,,,,,,ScoreTypeTd,,,,,,,0,1.0,0.0,0.0,0.0,1.0
2023,FOOTBALL_XFL_2023_4_22_ORL@STL,ORL,4,STL,5,outdoors,241,1682187259.0,51259,2023-04-22 18:14:19.000000,EventFootballTimeout,FROM ORL 2 (4:08) Timeout by Orlando Guardians at 4:08,,True,3,4,8,Half2,MaSourceTypeOfficialScoring,FOOTBALL_XFL_2023_4_22_ORL@STL,,QBStat,110,2302037-ORL-at-STL,248,1148,1148,4:08,5,,,1.0,STL,ORL,0.0,3,3,3.0,3.0,Visitor,2,15,2.0,0,20,39,,,,StatusOfficial,,,,,,,,,,,,,,,,Home,33.0,2.0,65.0,0:46,TD,,,,,,,,,,,,,,,4,,,,0,0.0,0.0,0.0,0.0,0.0
2023,FOOTBALL_XFL_2023_4_22_ORL@STL,ORL,4,STL,5,outdoors,243,1682187273.0,51273,2023-04-22 18:14:33.000000,EventFootballPat3PtPass,FROM ORL 10 (4:08) 10 A. McCarron 3-pt conversion pass to 3 M. Ateman NO GOOD,,True,3,4,8,Half2,MaSourceTypeOfficialScoring,FOOTBALL_XFL_2023_4_22_ORL@STL,,QBStat,111,2302037-ORL-at-STL,248,1148,1148,4:08,5,,,1.0,STL,ORL,0.0,2,3,3.0,3.0,Visitor,10,15,10.0,0,20,39,,,,StatusOfficial,ResultPassIncomplete,,,,,,,,,22026,20058,,,,,,,,,,,,,,,,,,,,,,,3.0,,,,,,0,0.0,0.0,0.0,0.0,0.0
2023,FOOTBALL_XFL_2023_4_22_ORL@STL,ORL,4,STL,5,outdoors,245,1682187358.0,51358,2023-04-22 18:15:58.000000,EventFootballKickoff,"FROM STL 30 (4:08) 2 D. Hageman kicks from STL 30. 10 D. Thomas to ORL 31 for 20 yards (19 E. Fields, 6 L. Williams)",,True,3,4,8,Half2,MaSourceTypeOfficialScoring,FOOTBALL_XFL_2023_4_22_ORL@STL,,QBStat,112,2302037-ORL-at-STL,248,1148,1148,4:08,4,,,0.0,ORL,STL,0.0,2,3,2.0,2.0,Home,30,16,30.0,0,20,39,20477,22008,21891,StatusOfficial,ResultKickReturned,20.0,Visitor,31.0,,,,,,,,21678,,,,,,,,,,,,,,,,,,,,,,,,,,,,0,0.0,0.0,0.0,0.0,0.0
2023,FOOTBALL_XFL_2023_4_22_ORL@STL,ORL,4,STL,5,outdoors,247,1682187439.0,51439,2023-04-22 18:17:19.000000,EventFootballPass,1-10-ORL 31 (3:56) 3 D. Francois pass to 15 K. Cannon to ORL 37 for 6 yards (6 L. Williams),,True,3,3,56,Half2,MaSourceTypeOfficialScoring,FOOTBALL_XFL_2023_4_22_ORL@STL,,QBStat,113,2302037-ORL-at-STL,236,1136,1136,3:56,4,,,0.0,ORL,STL,0.0,2,3,2.0,2.0,Visitor,31,16,69.0,0,20,39,21678,,,StatusOfficial,ResultPassComplete,,,,,,,,,20512,20257,,1.0,10.0,6.0,Visitor,31.0,1.0,6.0,0:26, ,,,,,,,,,,,,,,,,,,,0,0.0,0.0,0.0,0.0,0.0
2023,FOOTBALL_XFL_2023_4_22_ORL@STL,ORL,4,STL,5,outdoors,249,1682187468.0,51468,2023-04-22 18:17:48.000000,EventFootballRush,2-4-ORL 37 (3:27) 3 D. Francois rush to ORL 47 for 10 yards,,True,3,3,27,Half2,MaSourceTypeOfficialScoring,FOOTBALL_XFL_2023_4_22_ORL@STL,,QBStat,114,2302037-ORL-at-STL,207,1107,1107,3:27,4,,,0.0,ORL,STL,0.0,2,3,2.0,2.0,Visitor,37,16,63.0,0,20,39,,,,StatusOfficial,,,,,,,,,,,,,2.0,4.0,10.0,Visitor,31.0,2.0,16.0,0:53, ,20512,,,,,,,,,,,,,,,,,,0,0.0,0.0,0.0,0.0,0.0
2023,FOOTBALL_XFL_2023_4_22_ORL@STL,ORL,4,STL,5,outdoors,251,1682187531.0,51531,2023-04-22 18:18:51.000000,EventFootballPass,"1-10-ORL 47 (2:52) 3 D. Francois pass to 26 D. Darrington to STL 48 for 5 yards (17 J. Alexander, 6 L. Williams)",,True,3,2,52,Half2,MaSourceTypeOfficialScoring,FOOTBALL_XFL_2023_4_22_ORL@STL,,QBStat,115,2302037-ORL-at-STL,172,1072,1072,2:52,4,,,0.0,ORL,STL,0.0,2,3,2.0,2.0,Visitor,47,16,53.0,0,20,39,21842,,,StatusOfficial,ResultPassComplete,,,,,,,,,20512,20357,21678,1.0,10.0,5.0,Visitor,31.0,3.0,21.0,1:30, ,,,,,,,,,,,,,,,,,,,0,0.0,0.0,0.0,0.0,0.0
2023,FOOTBALL_XFL_2023_4_22_ORL@STL,ORL,4,STL,5,outdoors,253,1682187573.0,51573,2023-04-22 18:19:33.000000,EventFootballSack,2-5-STL 48 (2:11) 3 D. Francois sacked at ORL 48 for -4 yards (95 E. Lumor),,True,3,2,11,Half2,MaSourceTypeOfficialScoring,FOOTBALL_XFL_2023_4_22_ORL@STL,,QBStat,116,2302037-ORL-at-STL,131,1031,1031,2:11,4,,,0.0,ORL,STL,0.0,2,3,2.0,2.0,Home,48,16,48.0,0,20,39,,,,StatusOfficial,,,,,,,,,,20512,,,2.0,5.0,-4.0,Visitor,31.0,4.0,17.0,2:13, ,,,,,,,,,,,,,,,,,20971,,0,0.0,0.0,0.0,0.0,0.0
2023,FOOTBALL_XFL_2023_4_22_ORL@STL,ORL,4,STL,5,outdoors,256,1682187610.0,51610,2023-04-22 18:20:10.000000,EventFootballPass,3-9-ORL 48 (1:33) 3 D. Francois pass to 83 D. Williams to STL 43 for 9 yards (38 B. Sebastian),,True,3,1,33,Half2,MaSourceTypeOfficialScoring,FOOTBALL_XFL_2023_4_22_ORL@STL,,QBStat,117,2302037-ORL-at-STL,93,993,993,1:33,4,,,0.0,ORL,STL,0.0,2,3,2.0,2.0,Visitor,48,16,52.0,0,20,39,21389,,,StatusOfficial,ResultPassComplete,,,,,,,,,20512,21672,,3.0,9.0,9.0,Visitor,31.0,5.0,26.0,2:54, ,,,,,,,,,,,,,,,,,,,0,0.0,0.0,0.0,0.0,0.0
2023,FOOTBALL_XFL_2023_4_22_ORL@STL,ORL,4,STL,5,outdoors,258,1682187684.0,51684,2023-04-22 18:21:24.000000,EventFootballPass,1-10-STL 43 (0:58) 3 D. Francois pass incomplete to 80 R. Becker QB Hit by 96 L. London Pass Defended by 25 L. Denis,,True,3,0,58,Half2,MaSourceTypeOfficialScoring,FOOTBALL_XFL_2023_4_22_ORL@STL,,QBStat,118,2302037-ORL-at-STL,58,958,958,0:58,4,,,0.0,ORL,STL,0.0,2,3,2.0,2.0,Home,43,16,43.0,0,20,39,,,,StatusOfficial,ResultPassIncomplete,,,,,,,,,20512,20105,,1.0,10.0,,Visitor,31.0,6.0,26.0,3:20, ,,20965,,,,,,,,,,,,20385,,,,,0,0.0,0.0,0.0,0.0,0.0
2023,FOOTBALL_XFL_2023_4_22_ORL@STL,ORL,4,STL,5,outdoors,260,1682187727.0,51727,2023-04-22 18:22:07.000000,EventFootballRush,2-10-STL 43 (0:22) 26 D. Darrington rush to STL 41 for 2 yards (53 C. Wells),,True,3,0,22,Half2,MaSourceTypeOfficialScoring,FOOTBALL_XFL_2023_4_22_ORL@STL,,QBStat,119,2302037-ORL-at-STL,22,922,922,0:22,4,,,0.0,ORL,STL,0.0,2,3,2.0,2.0,Home,43,16,43.0,0,20,39,21833,,,StatusOfficial,,,,,,,,,,,,,2.0,10.0,2.0,Visitor,31.0,7.0,28.0,3:58, ,20357,,,,,,,,,,,,,,,,,,0,0.0,0.0,0.0,0.0,0.0
2023,FOOTBALL_XFL_2023_4_22_ORL@STL,ORL,4,STL,5,outdoors,262,1682187971.0,51971,2023-04-22 18:26:11.000000,EventFootballPass,3-8-STL 41 (14:51) 3 D. Francois pass to 83 D. Williams to STL 35 for 6 yards (38 B. Sebastian),,True,4,14,51,Half2,MaSourceTypeOfficialScoring,FOOTBALL_XFL_2023_4_22_ORL@STL,,QBStat,120,2302037-ORL-at-STL,891,891,891,14:51,4,,,0.0,ORL,STL,0.0,2,3,2.0,2.0,Home,41,16,41.0,0,20,39,21389,,,StatusOfficial,ResultPassComplete,,,,,,,,,20512,21672,,3.0,8.0,6.0,Visitor,31.0,8.0,34.0,4:31, ,,,,,,,,,,,,,,,,,,,0,0.0,0.0,0.0,0.0,0.0
2023,FOOTBALL_XFL_2023_4_22_ORL@STL,ORL,4,STL,5,outdoors,264,1682188012.0,52012,2023-04-22 18:26:52.000000,EventFootballRush,4-2-STL 35 (14:10) 3 D. Francois rush to STL 25 for 10 yards (53 C. Wells),,True,4,14,10,Half2,MaSourceTypeOfficialScoring,FOOTBALL_XFL_2023_4_22_ORL@STL,,QBStat,121,2302037-ORL-at-STL,850,850,850,14:10,4,,,0.0,ORL,STL,0.0,2,3,2.0,2.0,Home,35,16,35.0,0,20,39,21833,,,StatusOfficial,,,,,,,,,,,,,4.0,2.0,10.0,Visitor,31.0,9.0,44.0,5:13, ,20512,,,,,,,,,,,,,,,,,,0,0.0,0.0,0.0,0.0,0.0
2023,FOOTBALL_XFL_2023_4_22_ORL@STL,ORL,4,STL,5,outdoors,267,1682188059.0,52059,2023-04-22 18:27:39.000000,EventFootballPass,1-10-STL 25 (13:26) 3 D. Francois pass intended for 83 D. Williams INTERCEPTED by 25 L. Denis returned 40 yards to STL 43 Pass Defended by 25 L. Denis,,True,4,13,26,Half2,MaSourceTypeOfficialScoring,FOOTBALL_XFL_2023_4_22_ORL@STL,,QBStat,122,2302037-ORL-at-STL,806,806,806,13:26,4,,,0.0,ORL,STL,0.0,2,3,2.0,2.0,Home,25,16,25.0,0,20,39,,,,StatusOfficial,ResultPassInterception,,Home,43.0,,,,,,20512,21672,,1.0,10.0,,Visitor,31.0,10.0,44.0,5:42,INT,,,,,,,,,,,,,,20385,,20385,,,0,0.0,0.0,0.0,0.0,0.0
2023,FOOTBALL_XFL_2023_4_22_ORL@STL,ORL,4,STL,5,outdoors,269,1682188123.0,52123,2023-04-22 18:28:43.000000,EventFootballPass,1-10-STL 43 (13:15) 10 A. McCarron pass to 21 M. Durant to ORL 29 for 28 yards (44 T. Plummer),,True,4,13,15,Half2,MaSourceTypeOfficialScoring,FOOTBALL_XFL_2023_4_22_ORL@STL,,QBStat,123,2302037-ORL-at-STL,795,795,795,13:15,5,,,1.0,STL,ORL,0.0,2,3,3.0,3.0,Home,43,17,57.0,0,20,39,21244,,,StatusOfficial,ResultPassComplete,,,,,,,,,22026,21856,,1.0,10.0,28.0,Home,43.0,1.0,28.0,0:28, ,,,,,,,,,,,,,,,,,,,0,0.0,0.0,0.0,0.0,0.0
2023,FOOTBALL_XFL_2023_4_22_ORL@STL,ORL,4,STL,5,outdoors,271,1682188156.0,52156,2023-04-22 18:29:16.000000,EventFootballRush,1-10-ORL 29 (12:42) 21 M. Durant rush to ORL 19 for 10 yards (38 M. Murphy),,True,4,12,42,Half2,MaSourceTypeOfficialScoring,FOOTBALL_XFL_2023_4_22_ORL@STL,,QBStat,124,2302037-ORL-at-STL,762,762,762,12:42,5,,,1.0,STL,ORL,0.0,2,3,3.0,3.0,Visitor,29,17,29.0,0,20,39,21121,,,StatusOfficial,,,,,,,,,,,,,1.0,10.0,10.0,Home,43.0,2.0,38.0,1:04, ,21856,,,,,,,,,,,,,,,,,,0,0.0,0.0,0.0,0.0,0.0
2023,FOOTBALL_XFL_2023_4_22_ORL@STL,ORL,4,STL,5,outdoors,273,1682188188.0,52188,2023-04-22 18:29:48.000000,EventFootballPass,1-10-ORL 19 (12:10) 10 A. McCarron pass to 11 D. Shepherd to ORL 4 for 15 yards (23 N. Hosein),,True,4,12,10,Half2,MaSourceTypeOfficialScoring,FOOTBALL_XFL_2023_4_22_ORL@STL,,QBStat,125,2302037-ORL-at-STL,730,730,730,12:10,5,,,1.0,STL,ORL,0.0,2,3,3.0,3.0,Visitor,19,17,19.0,0,20,39,20723,,,StatusOfficial,ResultPassComplete,,,,,,,,,22026,21822,,1.0,10.0,15.0,Home,43.0,3.0,53.0,1:36, ,,,,,,,,,,,,,,,,,,,0,0.0,0.0,0.0,0.0,0.0
2023,FOOTBALL_XFL_2023_4_22_ORL@STL,ORL,4,STL,5,outdoors,275,1682188233.0,52233,2023-04-22 18:30:33.000000,EventFootballPass,1-4-ORL 4 (11:28) 10 A. McCarron pass incomplete to 88 H. Butler,,True,4,11,28,Half2,MaSourceTypeOfficialScoring,FOOTBALL_XFL_2023_4_22_ORL@STL,,QBStat,126,2302037-ORL-at-STL,688,688,688,11:28,5,,,1.0,STL,ORL,0.0,2,3,3.0,3.0,Visitor,4,17,4.0,0,20,39,,,,StatusOfficial,ResultPassIncomplete,,,,,,,,,22026,22333,,1.0,4.0,,Home,43.0,4.0,53.0,2:00, ,,,,,,,,,,,,,,,,,,,0,0.0,0.0,0.0,0.0,0.0
2023,FOOTBALL_XFL_2023_4_22_ORL@STL,ORL,4,STL,5,outdoors,277,1682188272.0,52272,2023-04-22 18:31:12.000000,EventFootballPass,"2-4-ORL 4 (10:55) 10 A. McCarron pass to 11 D. Shepherd for 4 yards, TOUCHDOWN",,True,4,10,55,Half2,MaSourceTypeOfficialScoring,FOOTBALL_XFL_2023_4_22_ORL@STL,,QBStat,127,2302037-ORL-at-STL,655,655,655,10:55,5,,,1.0,STL,ORL,0.0,2,3,3.0,3.0,Visitor,4,17,4.0,0,20,39,,,,StatusOfficial,ResultPassComplete,,,,,,,,,22026,21822,,2.0,4.0,4.0,Home,43.0,5.0,57.0,2:31,TD,,,,,,,,,,,,ScoreTypeTd,,,,,,,0,1.0,0.0,0.0,0.0,1.0
2023,FOOTBALL_XFL_2023_4_22_ORL@STL,ORL,4,STL,5,outdoors,279,1682188362.0,52362,2023-04-22 18:32:42.000000,EventFootballPat2PtPass,FROM ORL 5 (10:55) 10 A. McCarron 2-pt conversion pass to 12 G. Jennings NO GOOD,,True,4,10,55,Half2,MaSourceTypeOfficialScoring,FOOTBALL_XFL_2023_4_22_ORL@STL,,QBStat,128,2302037-ORL-at-STL,655,655,655,10:55,5,,,1.0,STL,ORL,0.0,2,3,3.0,3.0,Visitor,5,17,5.0,0,20,45,,,,StatusOfficial,ResultPassIncomplete,,,,,,,,,22026,22038,,,,,,,,,,,,,,,,,,,,,,,2.0,,,,,,0,0.0,0.0,0.0,0.0,0.0
2023,FOOTBALL_XFL_2023_4_22_ORL@STL,ORL,4,STL,5,outdoors,281,1682188548.0,52548,2023-04-22 18:35:48.000000,EventFootballKickoff,"FROM STL 30 (10:55) 2 D. Hageman kicks from STL 30. 10 D. Thomas to ORL 35 for 24 yards (19 E. Fields, 1 E. Hamilton)",,True,4,10,55,Half2,MaSourceTypeOfficialScoring,FOOTBALL_XFL_2023_4_22_ORL@STL,,QBStat,129,2302037-ORL-at-STL,655,655,655,10:55,4,,,0.0,ORL,STL,0.0,2,3,2.0,2.0,Home,30,18,30.0,0,20,45,20477,22008,21891,StatusOfficial,ResultKickReturned,24.0,Visitor,35.0,,,,,,,,20615,,,,,,,,,,,,,,,,,,,,,,,,,,,,0,0.0,0.0,0.0,0.0,0.0
2023,FOOTBALL_XFL_2023_4_22_ORL@STL,ORL,4,STL,5,outdoors,283,1682188656.0,52656,2023-04-22 18:37:36.000000,EventFootballPass,1-10-ORL 35 (10:18) 12 Q. Dormady pass to 18 A. Jamiel to ORL 39 for 4 yards (24 L. Hill),,True,4,10,18,Half2,MaSourceTypeOfficialScoring,FOOTBALL_XFL_2023_4_22_ORL@STL,,QBStat,130,2302037-ORL-at-STL,618,618,618,10:18,4,,,0.0,ORL,STL,0.0,2,3,2.0,2.0,Visitor,35,18,65.0,0,20,45,22870,,,StatusOfficial,ResultPassComplete,,,,,,,,,20407,20783,,1.0,10.0,4.0,Visitor,35.0,1.0,4.0,0:59, ,,,,,,,,,,,,,,,,,,,0,0.0,0.0,0.0,0.0,0.0
2023,FOOTBALL_XFL_2023_4_22_ORL@STL,ORL,4,STL,5,outdoors,357,1682188698.0,52698,2023-04-22 18:38:18.000000,EventFootballPass,2-6-ORL 39 (10:00) 12 Q. Dormady pass to 18 A. Jamiel to ORL 46 for 7 yards (24 L. Hill),,True,4,10,0,Half2,MaSourceTypeOfficialScoring,FOOTBALL_XFL_2023_4_22_ORL@STL,,QBStat,131,2302037-ORL-at-STL,600,600,600,10:00,4,,,0.0,ORL,STL,0.0,2,3,2.0,2.0,Visitor,39,18,61.0,0,20,45,22870,,,StatusOfficial,ResultPassComplete,,,,,,,,,20407,20783,,2.0,6.0,7.0,Visitor,35.0,2.0,10.0,1:06, ,,,,,,,,,,,,,,,,,,,0,0.0,0.0,0.0,0.0,0.0
2023,FOOTBALL_XFL_2023_4_22_ORL@STL,ORL,4,STL,5,outdoors,358,1682188737.0,52737,2023-04-22 18:38:57.000000,EventFootballPass,1-10-ORL 46 (9:48) 12 Q. Dormady pass to 81 J. Thomas to STL 45 for 9 yards (1 E. Hamilton),,True,4,9,48,Half2,MaSourceTypeOfficialScoring,FOOTBALL_XFL_2023_4_22_ORL@STL,,QBStat,132,2302037-ORL-at-STL,588,588,588,9:48,4,,,0.0,ORL,STL,0.0,2,3,2.0,2.0,Visitor,46,18,54.0,0,20,45,20615,,,StatusOfficial,ResultPassComplete,,,,,,,,,20407,21546,,1.0,10.0,9.0,Visitor,35.0,3.0,19.0,1:20, ,,,,,,,,,,,,,,,,,,,0,0.0,0.0,0.0,0.0,0.0
2023,FOOTBALL_XFL_2023_4_22_ORL@STL,ORL,4,STL,5,outdoors,359,1682188752.0,52752,2023-04-22 18:39:12.000000,EventFootballPass,2-1-STL 46 (9:35) 12 Q. Dormady pass to 81 J. Thomas to STL 35 for 11 yards (38 B. Sebastian),,True,4,9,35,Half2,MaSourceTypeOfficialScoring,FOOTBALL_XFL_2023_4_22_ORL@STL,,QBStat,133,2302037-ORL-at-STL,575,575,575,9:35,4,,,0.0,ORL,STL,0.0,2,3,2.0,2.0,Home,46,18,46.0,0,20,45,21389,,,StatusOfficial,ResultPassComplete,,,,,,,,,20407,21546,,2.0,1.0,11.0,Visitor,35.0,4.0,30.0,1:52, ,,,,,,,,,,,,,,,,,,,0,0.0,0.0,0.0,0.0,0.0
2023,FOOTBALL_XFL_2023_4_22_ORL@STL,ORL,4,STL,5,outdoors,291,1682188788.0,52788,2023-04-22 18:39:48.000000,EventFootballPass,1-10-STL 35 (9:02) 12 Q. Dormady pass to 18 A. Jamiel to STL 32 for 3 yards (51 W. Harvey),,True,4,9,2,Half2,MaSourceTypeOfficialScoring,FOOTBALL_XFL_2023_4_22_ORL@STL,,QBStat,134,2302037-ORL-at-STL,542,542,542,9:02,4,,,0.0,ORL,STL,0.0,2,3,2.0,2.0,Home,35,18,35.0,0,20,45,20647,,,StatusOfficial,ResultPassComplete,,,,,,,,,20407,20783,,1.0,10.0,3.0,Visitor,35.0,5.0,33.0,2:08, ,,,,,,,,,,,,,,,,,,,0,0.0,0.0,0.0,0.0,0.0
2023,FOOTBALL_XFL_2023_4_22_ORL@STL,ORL,4,STL,5,outdoors,293,1682188813.0,52813,2023-04-22 18:40:13.000000,EventFootballPass,2-7-STL 32 (8:36) 12 Q. Dormady pass to 10 D. Thomas to STL 26 for 6 yards (8 M. Hampton),,True,4,8,36,Half2,MaSourceTypeOfficialScoring,FOOTBALL_XFL_2023_4_22_ORL@STL,,QBStat,135,2302037-ORL-at-STL,516,516,516,8:36,4,,,0.0,ORL,STL,0.0,2,3,2.0,2.0,Home,32,18,32.0,0,20,45,21862,,,StatusOfficial,ResultPassComplete,,,,,,,,,20407,21891,,2.0,7.0,6.0,Visitor,35.0,6.0,39.0,2:39, ,,,,,,,,,,,,,,,,,,,0,0.0,0.0,0.0,0.0,0.0
2023,FOOTBALL_XFL_2023_4_22_ORL@STL,ORL,4,STL,5,outdoors,295,1682188840.0,52840,2023-04-22 18:40:40.000000,EventFootballRush,3-1-STL 26 (8:09) 12 Q. Dormady rush to STL 20 for 6 yards (56 T. Feeney),,True,4,8,9,Half2,MaSourceTypeOfficialScoring,FOOTBALL_XFL_2023_4_22_ORL@STL,,QBStat,136,2302037-ORL-at-STL,489,489,489,8:09,4,,,0.0,ORL,STL,0.0,2,3,2.0,2.0,Home,26,18,26.0,0,20,45,22503,,,StatusOfficial,,,,,,,,,,,,,3.0,1.0,6.0,Visitor,35.0,7.0,45.0,2:57, ,20407,,,,,,,,,,,,,,,,,,0,0.0,0.0,0.0,0.0,0.0
2023,FOOTBALL_XFL_2023_4_22_ORL@STL,ORL,4,STL,5,outdoors,297,1682188875.0,52875,2023-04-22 18:41:15.000000,EventFootballPass,1-10-STL 20 (7:37) 12 Q. Dormady pass incomplete to 81 J. Thomas,,True,4,7,37,Half2,MaSourceTypeOfficialScoring,FOOTBALL_XFL_2023_4_22_ORL@STL,,QBStat,137,2302037-ORL-at-STL,457,457,457,7:37,4,,,0.0,ORL,STL,0.0,2,3,2.0,2.0,Home,20,18,20.0,0,20,45,,,,StatusOfficial,ResultPassIncomplete,,,,,,,,,20407,21546,,1.0,10.0,,Visitor,35.0,8.0,45.0,3:22, ,,,,,,,,,,,,,,,,,,,0,0.0,0.0,0.0,0.0,0.0
2023,FOOTBALL_XFL_2023_4_22_ORL@STL,ORL,4,STL,5,outdoors,299,1682188911.0,52911,2023-04-22 18:41:51.000000,EventFootballPass,2-10-STL 20 (7:03) 12 Q. Dormady pass to 14 C. Rambo to STL 11 for 9 yards (51 W. Harvey),,True,4,7,3,Half2,MaSourceTypeOfficialScoring,FOOTBALL_XFL_2023_4_22_ORL@STL,,QBStat,138,2302037-ORL-at-STL,423,423,423,7:03,4,,,0.0,ORL,STL,0.0,2,3,2.0,2.0,Home,20,18,20.0,0,20,45,20647,,,StatusOfficial,ResultPassComplete,,,,,,,,,20407,22018,,2.0,10.0,9.0,Visitor,35.0,9.0,54.0,4:08, ,,,,,,,,,,,,,,,,,,,0,0.0,0.0,0.0,0.0,0.0
2023,FOOTBALL_XFL_2023_4_22_ORL@STL,ORL,4,STL,5,outdoors,301,1682188934.0,52934,2023-04-22 18:42:14.000000,EventFootballRush,"3-1-STL 11 (6:40) 30 J. Martin rush to STL 6 for 5 yards (56 T. Feeney, 17 J. Alexander)",,True,4,6,40,Half2,MaSourceTypeOfficialScoring,FOOTBALL_XFL_2023_4_22_ORL@STL,,QBStat,139,2302037-ORL-at-STL,400,400,400,6:40,4,,,0.0,ORL,STL,0.0,2,3,2.0,2.0,Home,11,18,11.0,0,20,45,22503,,,StatusOfficial,,,,,,,,,,,,21842,3.0,1.0,5.0,Visitor,35.0,10.0,59.0,4:32, ,20997,,,,,,,,,,,,,,,,,,0,0.0,0.0,0.0,0.0,0.0
2023,FOOTBALL_XFL_2023_4_22_ORL@STL,ORL,4,STL,5,outdoors,303,1682188965.0,52965,2023-04-22 18:42:45.000000,EventFootballPass,1-6-STL 6 (6:13) 12 Q. Dormady pass incomplete to 81 J. Thomas Pass Defended by 38 B. Sebastian,,True,4,6,13,Half2,MaSourceTypeOfficialScoring,FOOTBALL_XFL_2023_4_22_ORL@STL,,QBStat,140,2302037-ORL-at-STL,373,373,373,6:13,4,,,0.0,ORL,STL,0.0,2,3,2.0,2.0,Home,6,18,6.0,0,20,45,,,,StatusOfficial,ResultPassIncomplete,,,,,,,,,20407,21546,,1.0,6.0,,Visitor,35.0,11.0,59.0,4:45, ,,,,,,,,,,,,,,21389,,,,,0,0.0,0.0,0.0,0.0,0.0
2023,FOOTBALL_XFL_2023_4_22_ORL@STL,ORL,4,STL,5,outdoors,305,1682189007.0,53007,2023-04-22 18:43:27.000000,EventFootballPass,2-6-STL 6 (5:40) 12 Q. Dormady pass incomplete to 11 C. Latimer Pass Defended by 38 B. Sebastian,,True,4,5,40,Half2,MaSourceTypeOfficialScoring,FOOTBALL_XFL_2023_4_22_ORL@STL,,QBStat,141,2302037-ORL-at-STL,340,340,340,5:40,4,,,0.0,ORL,STL,0.0,2,3,2.0,2.0,Home,6,18,6.0,0,20,45,,,,StatusOfficial,ResultPassIncomplete,,,,,,,,,20407,20929,,2.0,6.0,,Visitor,35.0,12.0,59.0,5:20, ,,,,,,,,,,,,,,21389,,,,,0,0.0,0.0,0.0,0.0,0.0
2023,FOOTBALL_XFL_2023_4_22_ORL@STL,ORL,4,STL,5,outdoors,307,1682189038.0,53038,2023-04-22 18:43:58.000000,EventFootballPass,"3-6-STL 6 (5:10) 12 Q. Dormady pass to 14 C. Rambo for 6 yards, TOUCHDOWN",,True,4,5,10,Half2,MaSourceTypeOfficialScoring,FOOTBALL_XFL_2023_4_22_ORL@STL,,QBStat,142,2302037-ORL-at-STL,310,310,310,5:10,4,,,0.0,ORL,STL,0.0,2,3,2.0,2.0,Home,6,18,6.0,0,20,45,,,,StatusOfficial,ResultPassComplete,,,,,,,,,20407,22018,,3.0,6.0,6.0,Visitor,35.0,13.0,65.0,5:45,TD,,,,,,,,,,,,ScoreTypeTd,,,,,,,0,1.0,0.0,0.0,0.0,1.0
2023,FOOTBALL_XFL_2023_4_22_ORL@STL,ORL,4,STL,5,outdoors,309,1682189080.0,53080,2023-04-22 18:44:40.000000,EventFootballPat2PtPass,FROM STL 5 (5:10) 12 Q. Dormady 2-pt conversion pass to 15 K. Cannon GOOD,,True,4,5,10,Half2,MaSourceTypeOfficialScoring,FOOTBALL_XFL_2023_4_22_ORL@STL,,QBStat,143,2302037-ORL-at-STL,310,310,310,5:10,4,,,0.0,ORL,STL,0.0,2,3,2.0,2.0,Home,5,18,5.0,0,26,45,,,,StatusOfficial,ResultPassComplete,,,,,,,,,20407,20257,,,,5.0,,,,,,,,,,,,,,,,,,ScoreTypeConv,2.0,,,,,,0,0.0,0.0,0.0,0.0,0.0
2023,FOOTBALL_XFL_2023_4_22_ORL@STL,ORL,4,STL,5,outdoors,311,1682189243.0,53243,2023-04-22 18:47:23.000000,EventFootballKickoff,FROM ORL 30 (5:10) 0 J. Borregales kicks from ORL 30. 11 D. Shepherd to ORL 39 for 55 yards (41 J. Gemmel),,True,4,5,10,Half2,MaSourceTypeOfficialScoring,FOOTBALL_XFL_2023_4_22_ORL@STL,,QBStat,144,2302037-ORL-at-STL,310,310,310,5:10,5,,,1.0,STL,ORL,0.0,2,3,3.0,3.0,Visitor,30,19,30.0,0,28,45,20546,21741,21822,StatusOfficial,ResultKickReturned,55.0,Visitor,39.0,,,,,,,,,,,,,,,,,,,,,,,,,,,,,,,,,,,,0,0.0,0.0,0.0,0.0,0.0
2023,FOOTBALL_XFL_2023_4_22_ORL@STL,ORL,4,STL,5,outdoors,313,1682189369.0,53369,2023-04-22 18:49:29.000000,EventFootballPass,1-10-ORL 39 (4:52) 10 A. McCarron pass to 11 D. Shepherd to ORL 9 for 30 yards (32 J. Rogers),,True,4,4,52,Half2,MaSourceTypeOfficialScoring,FOOTBALL_XFL_2023_4_22_ORL@STL,,QBStat,145,2302037-ORL-at-STL,292,292,292,4:52,5,,,1.0,STL,ORL,0.0,2,3,3.0,3.0,Visitor,39,19,39.0,0,28,45,21333,,,StatusOfficial,ResultPassComplete,,,,,,,,,22026,21822,,1.0,10.0,30.0,Visitor,39.0,1.0,30.0,0:31, ,,,,,,,,,,,,,,,,,,,0,0.0,0.0,0.0,0.0,0.0
2023,FOOTBALL_XFL_2023_4_22_ORL@STL,ORL,4,STL,5,outdoors,315,1682189410.0,53410,2023-04-22 18:50:10.000000,EventFootballRush,"1-9-ORL 9 (4:11) 12 G. Jennings rush to ORL 4 for 5 yards (44 T. Plummer, 13 M. Lee)",,True,4,4,11,Half2,MaSourceTypeOfficialScoring,FOOTBALL_XFL_2023_4_22_ORL@STL,,QBStat,146,2302037-ORL-at-STL,251,251,251,4:11,5,,,1.0,STL,ORL,0.0,2,3,3.0,3.0,Visitor,9,19,9.0,0,28,45,21244,,,StatusOfficial,,,,,,,,,,,,20942,1.0,9.0,5.0,Visitor,39.0,2.0,35.0,1:12, ,22038,,,,,,,,,,,,,,,,,,0,0.0,0.0,0.0,0.0,0.0
2023,FOOTBALL_XFL_2023_4_22_ORL@STL,ORL,4,STL,5,outdoors,317,1682189444.0,53444,2023-04-22 18:50:44.000000,EventFootballPass,2-4-ORL 4 (3:43) 10 A. McCarron pass incomplete to 3 M. Ateman Pass Defended by 20 B. Buchanan,,True,4,3,43,Half2,MaSourceTypeOfficialScoring,FOOTBALL_XFL_2023_4_22_ORL@STL,,QBStat,147,2302037-ORL-at-STL,223,223,223,3:43,5,,,1.0,STL,ORL,0.0,2,3,3.0,3.0,Visitor,4,19,4.0,0,28,45,,,,StatusOfficial,ResultPassIncomplete,,,,,,,,,22026,20058,,2.0,4.0,,Visitor,39.0,3.0,35.0,1:33, ,,,,,,,,,,,,,,20221,,,,,0,0.0,0.0,0.0,0.0,0.0
2023,FOOTBALL_XFL_2023_4_22_ORL@STL,ORL,4,STL,5,outdoors,319,1682189495.0,53495,2023-04-22 18:51:35.000000,EventFootballPenalty,"3-4-ORL 4 (3:10) PENALTY on (ORL) 1 C. Holmes, 3 yards",,True,4,3,10,Half2,MaSourceTypeOfficialScoring,FOOTBALL_XFL_2023_4_22_ORL@STL,,QBStat,148,2302037-ORL-at-STL,190,190,190,3:10,5,,,1.0,STL,ORL,0.0,2,3,3.0,3.0,Visitor,4,19,4.0,0,28,45,,,,StatusOfficial,,,,,4,20713,3.0,ResultPenaltyAuto1Stdown,NA,,,,3.0,4.0,,Visitor,39.0,3.0,38.0,2:00, ,,,,,,,,,,,,,,,,,,,0,0.0,0.0,0.0,0.0,0.0
2023,FOOTBALL_XFL_2023_4_22_ORL@STL,ORL,4,STL,5,outdoors,321,1682189533.0,53533,2023-04-22 18:52:13.000000,EventFootballRush,"1-1-ORL 1 (2:51) 0 K. Walker rush to ORL 1 for 0 yards (13 M. Lee, 46 T. Scales)",,True,4,2,51,Half2,MaSourceTypeOfficialScoring,FOOTBALL_XFL_2023_4_22_ORL@STL,,QBStat,149,2302037-ORL-at-STL,171,171,171,2:51,5,,,1.0,STL,ORL,0.0,2,3,3.0,3.0,Visitor,1,19,1.0,0,28,45,20942,,,StatusOfficial,,,,,,,,,,,,22319,1.0,1.0,0.0,Visitor,39.0,4.0,38.0,2:35, ,22033,,,,,,,,,,,,,,,,,,0,0.0,0.0,0.0,0.0,0.0
2023,FOOTBALL_XFL_2023_4_22_ORL@STL,ORL,4,STL,5,outdoors,323,1682189560.0,53560,2023-04-22 18:52:40.000000,EventFootballRush,"2-1-ORL 1 (2:24) 0 K. Walker rush to ORL 1 for 0 yards (13 M. Lee, 9 G. Willis)",,True,4,2,24,Half2,MaSourceTypeOfficialScoring,FOOTBALL_XFL_2023_4_22_ORL@STL,,QBStat,150,2302037-ORL-at-STL,144,144,144,2:24,5,,,1.0,STL,ORL,0.0,2,3,3.0,3.0,Visitor,1,19,1.0,0,28,45,20942,,,StatusOfficial,,,,,,,,,,,,21696,2.0,1.0,0.0,Visitor,39.0,5.0,38.0,2:51, ,22033,,,,,,,,,,,,,,,,,,0,0.0,0.0,0.0,0.0,0.0
2023,FOOTBALL_XFL_2023_4_22_ORL@STL,ORL,4,STL,5,outdoors,325,1682189608.0,53608,2023-04-22 18:53:28.000000,EventFootballPenalty,"3-1-ORL 1 (2:19) PENALTY on (STL) 73 J. Bushell-Beatty, 15 yards",,True,4,2,19,Half2,MaSourceTypeOfficialScoring,FOOTBALL_XFL_2023_4_22_ORL@STL,,QBStat,151,2302037-ORL-at-STL,139,139,139,2:19,5,,,1.0,STL,ORL,0.0,2,3,3.0,3.0,Visitor,1,19,1.0,0,28,45,,,,StatusOfficial,,,,,5,22443,15.0,ResultPenaltyRepeatdown,NA,,,,3.0,1.0,,Visitor,39.0,5.0,23.0,2:51, ,,,,,,,,,,,,,,,,,,,0,0.0,0.0,0.0,0.0,0.0
2023,FOOTBALL_XFL_2023_4_22_ORL@STL,ORL,4,STL,5,outdoors,327,1682189860.0,53860,2023-04-22 18:57:40.000000,EventFootballPass,"3-16-ORL 16 (1:55) 10 A. McCarron pass to 22 S. Mitchell for 16 yards, TOUCHDOWN",,True,4,1,55,Half2,MaSourceTypeOfficialScoring,FOOTBALL_XFL_2023_4_22_ORL@STL,,QBStat,152,2302037-ORL-at-STL,115,115,115,1:55,5,,,1.0,STL,ORL,0.0,2,3,3.0,3.0,Visitor,16,19,16.0,0,28,45,,,,StatusOfficial,ResultPassComplete,,,,,,,,,22026,21081,,3.0,16.0,16.0,Visitor,39.0,6.0,39.0,3:15,TD,,,,,,,,,,,,ScoreTypeTd,,,,,,,0,1.0,0.0,0.0,0.0,1.0
2023,FOOTBALL_XFL_2023_4_22_ORL@STL,ORL,4,STL,5,outdoors,329,1682189897.0,53897,2023-04-22 18:58:17.000000,EventFootballPat2PtPass,FROM ORL 5 (1:55) 10 A. McCarron 2-pt conversion pass to 88 H. Butler GOOD,,True,4,1,55,Half2,MaSourceTypeOfficialScoring,FOOTBALL_XFL_2023_4_22_ORL@STL,,QBStat,153,2302037-ORL-at-STL,115,115,115,1:55,5,,,1.0,STL,ORL,0.0,2,3,3.0,3.0,Visitor,5,19,5.0,0,28,51,,,,StatusOfficial,ResultPassComplete,,,,,,,,,22026,22333,,,,5.0,,,,,,,,,,,,,,,,,,ScoreTypeConv,2.0,,,,,,0,0.0,0.0,0.0,0.0,0.0
2023,FOOTBALL_XFL_2023_4_22_ORL@STL,ORL,4,STL,5,outdoors,331,1682190017.0,54017,2023-04-22 19:00:17.000000,EventFootballKickoff,FROM STL 30 (1:49) 2 D. Hageman kicks from STL 30. 10 D. Thomas to ORL 26 for 21 yards (1 E. Hamilton),,True,4,1,49,Half2,MaSourceTypeOfficialScoring,FOOTBALL_XFL_2023_4_22_ORL@STL,,QBStat,154,2302037-ORL-at-STL,109,109,109,1:49,4,,,0.0,ORL,STL,0.0,2,3,2.0,2.0,Home,30,20,30.0,0,28,53,20615,22008,21891,StatusOfficial,ResultKickReturned,21.0,Visitor,26.0,,,,,,,,,,,,,,,,,,,,,,,,,,,,,,,,,,,,0,0.0,0.0,0.0,0.0,0.0
2023,FOOTBALL_XFL_2023_4_22_ORL@STL,ORL,4,STL,5,outdoors,333,1682190062.0,54062,2023-04-22 19:01:02.000000,EventFootballPass,1-10-ORL 26 (1:42) 12 Q. Dormady pass to 81 J. Thomas to ORL 31 for 5 yards (56 T. Feeney),,True,4,1,42,Half2,MaSourceTypeOfficialScoring,FOOTBALL_XFL_2023_4_22_ORL@STL,,QBStat,155,2302037-ORL-at-STL,102,102,102,1:42,4,,,0.0,ORL,STL,0.0,2,3,2.0,2.0,Visitor,26,20,74.0,0,28,53,22503,,,StatusOfficial,ResultPassComplete,,,,,,,,,20407,21546,,1.0,10.0,5.0,Visitor,26.0,1.0,5.0,0:13, ,,,,,,,,,,,,,,,,,,,0,0.0,0.0,0.0,0.0,0.0
2023,FOOTBALL_XFL_2023_4_22_ORL@STL,ORL,4,STL,5,outdoors,360,1682190102.0,54102,2023-04-22 19:01:42.000000,EventFootballRush,2-5-ORL 31 (1:36) 12 Q. Dormady rush to ORL 31 for 0 yards,,True,4,1,36,Half2,MaSourceTypeOfficialScoring,FOOTBALL_XFL_2023_4_22_ORL@STL,,QBStat,156,2302037-ORL-at-STL,96,96,96,1:36,4,,,0.0,ORL,STL,0.0,2,3,2.0,2.0,Visitor,31,20,69.0,0,28,53,,,,StatusOfficial,,,,,,,,,,,,,2.0,5.0,0.0,Visitor,26.0,2.0,5.0,0:19, ,20407,,,,,,,,,,,,,,,,,,0,0.0,0.0,0.0,0.0,0.0
2023,FOOTBALL_XFL_2023_4_22_ORL@STL,ORL,4,STL,5,outdoors,338,1682190192.0,54192,2023-04-22 19:03:12.000000,EventFootballPass,3-5-ORL 31 (1:34) 12 Q. Dormady pass incomplete to 18 A. Jamiel,,True,4,1,34,Half2,MaSourceTypeOfficialScoring,FOOTBALL_XFL_2023_4_22_ORL@STL,,QBStat,157,2302037-ORL-at-STL,94,94,94,1:34,4,,,0.0,ORL,STL,0.0,2,3,2.0,2.0,Visitor,31,20,69.0,0,28,53,,,,StatusOfficial,ResultPassIncomplete,,,,,,,,,20407,20783,,3.0,5.0,,Visitor,26.0,3.0,5.0,0:21, ,,,,,,,,,,,,,,,,,,,0,0.0,0.0,0.0,0.0,0.0
2023,FOOTBALL_XFL_2023_4_22_ORL@STL,ORL,4,STL,5,outdoors,340,1682190224.0,54224,2023-04-22 19:03:44.000000,EventFootballTimeout,4-5-ORL 31 (1:34) Timeout by Orlando Guardians at 1:34,,True,4,1,34,Half2,MaSourceTypeOfficialScoring,FOOTBALL_XFL_2023_4_22_ORL@STL,,QBStat,158,2302037-ORL-at-STL,94,94,94,1:34,4,,,0.0,ORL,STL,0.0,2,3,2.0,2.0,Visitor,31,20,69.0,0,28,53,,,,StatusOfficial,,,,,,,,,,,,,4.0,5.0,,Visitor,26.0,3.0,5.0,0:21, ,,,,,,,,,,,,,,,4,,,,0,0.0,0.0,0.0,0.0,0.0
2023,FOOTBALL_XFL_2023_4_22_ORL@STL,ORL,4,STL,5,outdoors,342,1682190285.0,54285,2023-04-22 19:04:45.000000,EventFootballPass,4-5-ORL 31 (1:25) 19 M. Brown pass intended for 81 J. Thomas INTERCEPTED by 38 B. Sebastian returned 1 yards to ORL 41 QB Hit by 51 W. Harvey,,True,4,1,25,Half2,MaSourceTypeOfficialScoring,FOOTBALL_XFL_2023_4_22_ORL@STL,,QBStat,159,2302037-ORL-at-STL,85,85,85,1:25,4,,,0.0,ORL,STL,0.0,1,3,1.0,1.0,Visitor,31,20,69.0,0,28,53,,,,StatusOfficial,ResultPassInterception,,Visitor,41.0,,,,,,20208,21546,,4.0,5.0,,Visitor,26.0,4.0,5.0,0:30,INT,,20647,,,,,,,,,,,,,,21389,,,0,0.0,0.0,0.0,0.0,0.0
2023,FOOTBALL_XFL_2023_4_22_ORL@STL,ORL,4,STL,5,outdoors,344,1682190356.0,54356,2023-04-22 19:05:56.000000,EventFootballPass,1-10-ORL 41 (1:19) 10 A. McCarron pass to 12 G. Jennings to ORL 28 for 13 yards (1 C. Holmes),,True,4,1,19,Half2,MaSourceTypeOfficialScoring,FOOTBALL_XFL_2023_4_22_ORL@STL,,QBStat,160,2302037-ORL-at-STL,79,79,79,1:19,5,,,1.0,STL,ORL,0.0,1,3,3.0,3.0,Visitor,41,21,41.0,0,28,53,20713,,,StatusOfficial,ResultPassComplete,,,,,,,,,22026,22038,,1.0,10.0,13.0,Visitor,41.0,1.0,13.0,0:06, ,,,,,,,,,,,,,,,,,,,0,0.0,0.0,0.0,0.0,0.0
2023,FOOTBALL_XFL_2023_4_22_ORL@STL,ORL,4,STL,5,outdoors,346,1682190390.0,54390,2023-04-22 19:06:30.000000,EventFootballPass,1-10-ORL 28 (1:09) 10 A. McCarron pass to 12 G. Jennings to ORL 26 for 2 yards (36 J. Jones),,True,4,1,9,Half2,MaSourceTypeOfficialScoring,FOOTBALL_XFL_2023_4_22_ORL@STL,,QBStat,161,2302037-ORL-at-STL,69,69,69,1:09,5,,,1.0,STL,ORL,0.0,1,3,3.0,3.0,Visitor,28,21,28.0,0,28,53,20841,,,StatusOfficial,ResultPassComplete,,,,,,,,,22026,22038,,1.0,10.0,2.0,Visitor,41.0,2.0,15.0,0:26, ,,,,,,,,,,,,,,,,,,,0,0.0,0.0,0.0,0.0,0.0
2023,FOOTBALL_XFL_2023_4_22_ORL@STL,ORL,4,STL,5,outdoors,348,1682190419.0,54419,2023-04-22 19:06:59.000000,EventFootballPass,2-8-ORL 26 (0:45) 10 A. McCarron pass to 12 G. Jennings to ORL 21 for 5 yards (44 T. Plummer),,True,4,0,45,Half2,MaSourceTypeOfficialScoring,FOOTBALL_XFL_2023_4_22_ORL@STL,,QBStat,162,2302037-ORL-at-STL,45,45,45,0:45,5,,,1.0,STL,ORL,0.0,1,3,3.0,3.0,Visitor,26,21,26.0,0,28,53,21244,,,StatusOfficial,ResultPassComplete,,,,,,,,,22026,22038,,2.0,8.0,5.0,Visitor,41.0,3.0,20.0,0:40, ,,,,,,,,,,,,,,,,,,,0,0.0,0.0,0.0,0.0,0.0
2023,FOOTBALL_XFL_2023_4_22_ORL@STL,ORL,4,STL,5,outdoors,350,1682190467.0,54467,2023-04-22 19:07:47.000000,EventFootballSack,3-3-ORL 21 (0:34) 10 A. McCarron sacked at ORL 31 for -10 yards (34 N. Coe),,True,4,0,34,Half2,MaSourceTypeOfficialScoring,FOOTBALL_XFL_2023_4_22_ORL@STL,,QBStat,163,2302037-ORL-at-STL,34,34,34,0:34,5,,,1.0,STL,ORL,0.0,1,3,3.0,3.0,Visitor,21,21,21.0,0,28,53,,,,StatusOfficial,,,,,,,,,,22026,,,3.0,3.0,-10.0,Visitor,41.0,4.0,10.0,0:51, ,,,,,,,,,,,,,,,,,20308,,0,0.0,0.0,0.0,0.0,0.0
2023,FOOTBALL_XFL_2023_4_22_ORL@STL,ORL,4,STL,5,outdoors,352,1682190582.0,54582,2023-04-22 19:09:42.000000,EventFootballFg,4-13-ORL 31 (0:34) 2 D. Hageman 49 yard field goal is NO GOOD,,True,4,0,34,Half2,MaSourceTypeOfficialScoring,FOOTBALL_XFL_2023_4_22_ORL@STL,,QBStat,164,2302037-ORL-at-STL,34,34,34,0:34,5,,,1.0,STL,ORL,0.0,1,3,3.0,3.0,Visitor,31,21,31.0,0,28,53,,22008,,StatusOfficial,ResultKickMissed,,,,,,,,,,,,4.0,13.0,49.0,Visitor,41.0,5.0,10.0,0:51,MISSED FG,,,,,,,,,,,,,,,,,,,0,0.0,0.0,0.0,0.0,0.0
2023,FOOTBALL_XFL_2023_4_22_ORL@STL,ORL,4,STL,5,outdoors,362,1682190735.0,54735,2023-04-22 19:12:15.000000,EventFootballRush,1-10-ORL 39 (0:26) 12 Q. Dormady rush to ORL 38 for -1 yards,,True,4,0,26,Half2,MaSourceTypeOfficialScoring,FOOTBALL_XFL_2023_4_22_ORL@STL,,QBStat,165,2302037-ORL-at-STL,26,26,26,0:26,4,,,0.0,ORL,STL,0.0,1,3,1.0,1.0,Visitor,39,22,61.0,0,28,53,,,,StatusOfficial,,,,,,,,,,,,,1.0,10.0,-1.0,Visitor,39.0,1.0,-1.0,0:30,HALF,20407,,,,,,,,,,,,,,,,,,0,0.0,0.0,0.0,0.0,0.0
2023,FOOTBALL_XFL_2023_4_22_ORL@STL,ORL,4,STL,5,outdoors,356,1682190772.107508,,2023-04-22 19:12:52.107508,EventEnd,Game End Marker,,True,4,0,0,Half2,MaSourceTypeOfficialScoring,FOOTBALL_XFL_2023_4_22_ORL@STL,,QBStat,10020,2302037-ORL-at-STL,0,0,0,0:00,4,,,0.0,ORL,STL,0.0,1,3,1.0,1.0,Visitor,38,22,62.0,0,28,53,,,,,,,,,,,,,,,,,2.0,11.0,,,,,,,,,,,,,,,,,,,,,,,,,,0,0.0,0.0,0.0,0.0,0.0
2023,FOOTBALL_XFL_2023_4_22_ORL@STL,ORL,4,STL,5,outdoors,364,1682368609.9039085,,2023-04-24 20:36:49.903908,EventOfficial,Game Official Marker,,True,4,0,0,Half2,MaSourceTypeOfficialScoring,FOOTBALL_XFL_2023_4_22_ORL@STL,,QBStat,10025,2302037-ORL-at-STL,0,0,0,0:00,4,,,0.0,ORL,STL,0.0,1,3,1.0,1.0,Visitor,38,22,62.0,0,28,53,,,,,,,,,,,,,,,,,2.0,11.0,,,,,,,,,,,,,,,,,,,,,,,,,,0,0.0,0.0,0.0,0.0,0.0
