season,game_id,away_team_abv,away_team,home_team_abv,home_team,roof,MarkerId,MarkerUTC,MarkerLTC,play_date_time,play_type,desc,comments,IsOfficial,qtr,ClockMinutes,ClockSeconds,game_half,SourceType,EventId,SituationCode,SourceId,SourceNativeMarkerId,OfficialCode,quarter_seconds_remaining,half_seconds_remaining,game_seconds_remaining,time,posteam,LastPlaySummary,LastPlayStatus,home_team_has_pos,posteam_abv,defteam_abv,receive_2h_ko_team,VisTimeouts,HomeTimeouts,posteam_timeouts_remaining,defteam_timeouts_remaining,BallOn_Side,BallOn_YardNum,DriveNum,yardline_100,spread_line,VisScore,HomeScore,MapRoleTackler1,MapRoleTackler2,MapRoleKicker,MapRoleKickreturner,FootballStatus,FootballPlayResult,FootballKickRetYards,FootballSetBallOn_VisOrHome,FootballSetBallOn_YardNum,MapRolePasser,MapRoleReceiver,down,ydstogo,FootballYards,Drive_Start_VisOrHome,Drive_Start_YardNum,Drive_Plays,Drive_Yards,Drive_TOP,Result,MapRoleRusher,FootballPenalty_TeamId,FootballPenalty_PlayerId,FootballPenalty_Yards,FootballPenalty_PenaltyResult,FootballPenalty_Description,MapRolePassDefender,MapRolePunter,MapRolePuntreturner,FootballPuntYards,FootballPuntRetYards,FootballTimeoutTeamId,FootballMainScoringPlay,FootballConvAttPts,MapRoleSacker1,MapRoleInterceptor,FootballKickYards,MapRoleQbHitter,FootballFumble_TeamFumbled,FootballFumble_PlayerFumbled,FootballFumble_TeamRecovered,FootballFumble_PlayerRecovered,FootballFumble_PlayerForcedFumble,punt_attempt,pass_touchdown,rush_touchdown,field_goal_attempt,field_goal_made,touchdown
2023,FOOTBALL_XFL_2023_3_18_DC@STL,DC,8,STL,5,outdoors,1,1679180627.5152986,,2023-03-18 23:03:47.515299,EventStart,Game Start Marker,,True,1,15,0,Half1,MaSourceTypeOfficialScoring,FOOTBALL_XFL_2023_3_18_DC@STL,,QBStat,10005,2302018-DC-at-STL,900,1800,3600,15:00,8,,,0.0,DC,STL,0.0,3,3,3.0,3.0,Home,30,1,30.0,0,0,0,,,,,,,,,,,,,,,,,,,,,,,,,,,,,,,,,,,,,,,,,,,,0,0.0,0.0,0.0,0.0,0.0
2023,FOOTBALL_XFL_2023_3_18_DC@STL,DC,8,STL,5,outdoors,4,1679180721.0,68721,2023-03-18 23:05:21.000000,EventFootballKickoff,"2 D. Hageman kicks from STL 30. 12 J. Ezzard to DC 41 for 34 yards (27 M. Rose, 28 B. DeLuca)",,True,1,14,59,Half1,MaSourceTypeOfficialScoring,FOOTBALL_XFL_2023_3_18_DC@STL,,QBStat,1,2302018-DC-at-STL,899,1799,3599,14:59,8,,,0.0,DC,STL,0.0,3,3,3.0,3.0,Home,30,1,30.0,0,0,0,21340,20381,20419,22038,StatusOfficial,ResultKickReturned,34.0,Visitor,41.0,,,,,,,,,,,,,,,,,,,,,,,,,,,,,,,,,,,0,0.0,0.0,0.0,0.0,0.0
2023,FOOTBALL_XFL_2023_3_18_DC@STL,DC,8,STL,5,outdoors,6,1679180768.0,68768,2023-03-18 23:06:08.000000,EventFootballPass,1-10-DC 41 (14:50) 10 J. Ta'amu pass to 11 L. Jackson to DC 46 for 5 yards (8 M. Hampton),,True,1,14,50,Half1,MaSourceTypeOfficialScoring,FOOTBALL_XFL_2023_3_18_DC@STL,,QBStat,2,2302018-DC-at-STL,890,1790,3590,14:50,8,,,0.0,DC,STL,0.0,3,3,3.0,3.0,Visitor,41,1,59.0,0,0,0,21862,,,,StatusOfficial,ResultPassComplete,,,,22296,20766,1.0,10.0,5.0,Visitor,41.0,1.0,5.0,0:19, ,,,,,,,,,,,,,,,,,,,,,,,,0,0.0,0.0,0.0,0.0,0.0
2023,FOOTBALL_XFL_2023_3_18_DC@STL,DC,8,STL,5,outdoors,8,1679180792.0,68792,2023-03-18 23:06:32.000000,EventFootballPass,2-5-DC 46 (14:26) 10 J. Ta'amu pass to 11 L. Jackson to Midfield for 4 yards (8 M. Hampton),,True,1,14,26,Half1,MaSourceTypeOfficialScoring,FOOTBALL_XFL_2023_3_18_DC@STL,,QBStat,3,2302018-DC-at-STL,866,1766,3566,14:26,8,,,0.0,DC,STL,0.0,3,3,3.0,3.0,Visitor,46,1,54.0,0,0,0,21862,,,,StatusOfficial,ResultPassComplete,,,,22296,20766,2.0,5.0,4.0,Visitor,41.0,2.0,9.0,0:45, ,,,,,,,,,,,,,,,,,,,,,,,,0,0.0,0.0,0.0,0.0,0.0
2023,FOOTBALL_XFL_2023_3_18_DC@STL,DC,8,STL,5,outdoors,11,1679180817.0,68817,2023-03-18 23:06:57.000000,EventFootballRush,"3-1-Midfield (14:01) 4 A. Smith rush to STL 44 for 6 yards (27 M. Rose, 51 W. Harvey)",,True,1,14,1,Half1,MaSourceTypeOfficialScoring,FOOTBALL_XFL_2023_3_18_DC@STL,,QBStat,4,2302018-DC-at-STL,841,1741,3541,14:01,8,,,0.0,DC,STL,0.0,3,3,3.0,3.0,Visitor,50,1,50.0,0,0,0,21340,20647,,,StatusOfficial,,,,,,,3.0,1.0,6.0,Visitor,41.0,3.0,15.0,1:20, ,21427,,,,,,,,,,,,,,,,,,,,,,,0,0.0,0.0,0.0,0.0,0.0
2023,FOOTBALL_XFL_2023_3_18_DC@STL,DC,8,STL,5,outdoors,13,1679180842.0,68842,2023-03-18 23:07:22.000000,EventFootballPass,1-10-STL 44 (13:37) 10 J. Ta'amu pass to 88 B. Moore-Mckinney to STL 35 for 9 yards (51 W. Harvey),,True,1,13,37,Half1,MaSourceTypeOfficialScoring,FOOTBALL_XFL_2023_3_18_DC@STL,,QBStat,5,2302018-DC-at-STL,817,1717,3517,13:37,8,,,0.0,DC,STL,0.0,3,3,3.0,3.0,Home,44,1,44.0,0,0,0,20647,,,,StatusOfficial,ResultPassComplete,,,,22296,21983,1.0,10.0,9.0,Visitor,41.0,4.0,24.0,1:36, ,,,,,,,,,,,,,,,,,,,,,,,,0,0.0,0.0,0.0,0.0,0.0
2023,FOOTBALL_XFL_2023_3_18_DC@STL,DC,8,STL,5,outdoors,15,1679180862.0,68862,2023-03-18 23:07:42.000000,EventFootballRush,"2-1-STL 35 (13:16) 4 A. Smith rush to STL 33 for 2 yards (96 L. London, 53 C. Wells)",,True,1,13,16,Half1,MaSourceTypeOfficialScoring,FOOTBALL_XFL_2023_3_18_DC@STL,,QBStat,6,2302018-DC-at-STL,796,1696,3496,13:16,8,,,0.0,DC,STL,0.0,3,3,3.0,3.0,Home,35,1,35.0,0,0,0,20965,21833,,,StatusOfficial,,,,,,,2.0,1.0,2.0,Visitor,41.0,5.0,26.0,1:55, ,21427,,,,,,,,,,,,,,,,,,,,,,,0,0.0,0.0,0.0,0.0,0.0
2023,FOOTBALL_XFL_2023_3_18_DC@STL,DC,8,STL,5,outdoors,18,1679180890.0,68890,2023-03-18 23:08:10.000000,EventFootballPass,"1-10-STL 33 (12:49) 10 J. Ta'amu pass to 1 C. Blair to STL 21 for 12 yards (28 B. DeLuca, 26 N. Meadors)",,True,1,12,49,Half1,MaSourceTypeOfficialScoring,FOOTBALL_XFL_2023_3_18_DC@STL,,QBStat,7,2302018-DC-at-STL,769,1669,3469,12:49,8,,,0.0,DC,STL,0.0,3,3,3.0,3.0,Home,33,1,33.0,0,0,0,20381,22352,,,StatusOfficial,ResultPassComplete,,,,22296,20133,1.0,10.0,12.0,Visitor,41.0,6.0,38.0,2:28, ,,,,,,,,,,,,,,,,,,,,,,,,0,0.0,0.0,0.0,0.0,0.0
2023,FOOTBALL_XFL_2023_3_18_DC@STL,DC,8,STL,5,outdoors,20,1679180912.0,68912,2023-03-18 23:08:32.000000,EventFootballRush,"1-10-STL 21 (12:26) 4 A. Smith rush to STL 25 for -4 yards (51 W. Harvey, 53 C. Wells)",,True,1,12,26,Half1,MaSourceTypeOfficialScoring,FOOTBALL_XFL_2023_3_18_DC@STL,,QBStat,8,2302018-DC-at-STL,746,1646,3446,12:26,8,,,0.0,DC,STL,0.0,3,3,3.0,3.0,Home,21,1,21.0,0,0,0,20647,21833,,,StatusOfficial,,,,,,,1.0,10.0,-4.0,Visitor,41.0,7.0,34.0,2:49, ,21427,,,,,,,,,,,,,,,,,,,,,,,0,0.0,0.0,0.0,0.0,0.0
2023,FOOTBALL_XFL_2023_3_18_DC@STL,DC,8,STL,5,outdoors,22,1679180942.0,68942,2023-03-18 23:09:02.000000,EventFootballRush,"2-14-STL 25 (11:56) 4 A. Smith rush to STL 20 for 5 yards (28 B. DeLuca, 51 W. Harvey)",,True,1,11,56,Half1,MaSourceTypeOfficialScoring,FOOTBALL_XFL_2023_3_18_DC@STL,,QBStat,9,2302018-DC-at-STL,716,1616,3416,11:56,8,,,0.0,DC,STL,0.0,3,3,3.0,3.0,Home,25,1,25.0,0,0,0,20381,20647,,,StatusOfficial,,,,,,,2.0,14.0,5.0,Visitor,41.0,8.0,39.0,3:15, ,21427,,,,,,,,,,,,,,,,,,,,,,,0,0.0,0.0,0.0,0.0,0.0
2023,FOOTBALL_XFL_2023_3_18_DC@STL,DC,8,STL,5,outdoors,25,1679180975.0,68975,2023-03-18 23:09:35.000000,EventFootballRush,"3-9-STL 20 (11:23) 10 J. Ta'amu rush to STL 12 for 8 yards (96 L. London, 25 L. Denis)",,True,1,11,23,Half1,MaSourceTypeOfficialScoring,FOOTBALL_XFL_2023_3_18_DC@STL,,QBStat,10,2302018-DC-at-STL,683,1583,3383,11:23,8,,,0.0,DC,STL,0.0,3,3,3.0,3.0,Home,20,1,20.0,0,0,0,20965,20385,,,StatusOfficial,,,,,,,3.0,9.0,8.0,Visitor,41.0,9.0,47.0,3:59, ,22296,,,,,,,,,,,,,,,,,,,,,,,0,0.0,0.0,0.0,0.0,0.0
2023,FOOTBALL_XFL_2023_3_18_DC@STL,DC,8,STL,5,outdoors,28,1679181004.0,69004,2023-03-18 23:10:04.000000,EventFootballRush,"4-1-STL 12 (10:54) 10 J. Ta'amu rush to STL 9 for 3 yards (96 L. London, 28 B. DeLuca)",,True,1,10,54,Half1,MaSourceTypeOfficialScoring,FOOTBALL_XFL_2023_3_18_DC@STL,,QBStat,11,2302018-DC-at-STL,654,1554,3354,10:54,8,,,0.0,DC,STL,0.0,3,3,3.0,3.0,Home,12,1,12.0,0,0,0,20965,20381,,,StatusOfficial,,,,,,,4.0,1.0,3.0,Visitor,41.0,10.0,50.0,4:26, ,22296,,,,,,,,,,,,,,,,,,,,,,,0,0.0,0.0,0.0,0.0,0.0
2023,FOOTBALL_XFL_2023_3_18_DC@STL,DC,8,STL,5,outdoors,31,1679181041.0,69041,2023-03-18 23:10:41.000000,EventFootballPass,"1-9-STL 9 (10:18) 10 J. Ta'amu pass incomplete to 11 L. Jackson PENALTY on 8 J. Ferguson, 8 yards",,True,1,10,18,Half1,MaSourceTypeOfficialScoring,FOOTBALL_XFL_2023_3_18_DC@STL,,QBStat,12,2302018-DC-at-STL,618,1518,3318,10:18,8,,,0.0,DC,STL,0.0,3,3,3.0,3.0,Home,9,1,9.0,0,0,0,,,,,StatusOfficial,ResultPassIncomplete,,,,22296,20766,1.0,9.0,,Visitor,41.0,11.0,42.0,4:56, ,,8,20474,8.0,ResultPenaltyAuto1Stdown,NA,,,,,,,,,,,,,,,,,,0,0.0,0.0,0.0,0.0,0.0
2023,FOOTBALL_XFL_2023_3_18_DC@STL,DC,8,STL,5,outdoors,118,1679181104.0,69104,2023-03-18 23:11:44.000000,EventFootballRush,"1-10-STL 1 (9:57) 10 J. Ta'amu rush to STL 4 for -3 yards (53 C. Wells, 28 B. DeLuca)",,True,1,9,57,Half1,MaSourceTypeOfficialScoring,FOOTBALL_XFL_2023_3_18_DC@STL,,QBStat,13,2302018-DC-at-STL,597,1497,3297,9:57,8,,,0.0,DC,STL,0.0,3,3,3.0,3.0,Home,1,1,1.0,0,0,0,21833,20381,,,StatusOfficial,,,,,,,1.0,10.0,-3.0,Visitor,41.0,12.0,52.0,5:33, ,22296,,,,,,,,,,,,,,,,,,,,,,,0,0.0,0.0,0.0,0.0,0.0
2023,FOOTBALL_XFL_2023_3_18_DC@STL,DC,8,STL,5,outdoors,40,1679181142.0,69142,2023-03-18 23:12:22.000000,EventFootballPass,2-13-STL 4 (9:21) 10 J. Ta'amu pass incomplete to 18 A. Ellis,,True,1,9,21,Half1,MaSourceTypeOfficialScoring,FOOTBALL_XFL_2023_3_18_DC@STL,,QBStat,14,2302018-DC-at-STL,561,1461,3261,9:21,8,,,0.0,DC,STL,0.0,3,3,3.0,3.0,Home,4,1,4.0,0,0,0,,,,,StatusOfficial,ResultPassIncomplete,,,,22296,20448,2.0,13.0,,Visitor,41.0,13.0,52.0,5:39, ,,,,,,,,,,,,,,,,,,,,,,,,0,0.0,0.0,0.0,0.0,0.0
2023,FOOTBALL_XFL_2023_3_18_DC@STL,DC,8,STL,5,outdoors,41,1679181187.0,69187,2023-03-18 23:13:07.000000,EventFootballPenalty,"3-13-STL 9 (8:47) PENALTY on D.C. Defenders, 5 yards",,True,1,8,47,Half1,MaSourceTypeOfficialScoring,FOOTBALL_XFL_2023_3_18_DC@STL,,QBStat,15,2302018-DC-at-STL,527,1427,3227,8:47,8,,,0.0,DC,STL,0.0,3,3,3.0,3.0,Home,9,1,9.0,0,0,0,,,,,StatusOfficial,,,,,,,3.0,13.0,,Visitor,41.0,13.0,45.0,6:27, ,,8,TM,5.0,ResultPenaltyRepeatdown,NA,,,,,,,,,,,,,,,,,,0,0.0,0.0,0.0,0.0,0.0
2023,FOOTBALL_XFL_2023_3_18_DC@STL,DC,8,STL,5,outdoors,75,1679181250.0,69250,2023-03-18 23:14:10.000000,EventFootballRush,3-9-STL 9 (8:08) 10 J. Ta'amu rush to STL 1 for 8  yards (95 E. Lumor),,True,1,8,8,Half1,MaSourceTypeOfficialScoring,FOOTBALL_XFL_2023_3_18_DC@STL,,QBStat,16,2302018-DC-at-STL,488,1388,3188,8:08,8,,,0.0,DC,STL,0.0,3,3,3.0,3.0,Home,9,1,9.0,0,0,0,20971,,,,StatusOfficial,,,,,,,3.0,9.0,8.0,Visitor,41.0,14.0,59.0,7:00, ,22296,,,,,,,,,,,,,,,,,,,,,,,0,0.0,0.0,0.0,0.0,0.0
2023,FOOTBALL_XFL_2023_3_18_DC@STL,DC,8,STL,5,outdoors,76,1679181280.0,69280,2023-03-18 23:14:40.000000,EventFootballRush,"4-1-STL 1 (7:39) 10 J. Ta'amu rush to STL 1 for 0 yards (27 M. Rose, 53 C. Wells)",,True,1,7,39,Half1,MaSourceTypeOfficialScoring,FOOTBALL_XFL_2023_3_18_DC@STL,,QBStat,17,2302018-DC-at-STL,459,1359,3159,7:39,8,,,0.0,DC,STL,0.0,3,3,3.0,3.0,Home,1,1,1.0,0,0,0,21340,21833,,,StatusOfficial,,,,,,,4.0,1.0,0.0,Visitor,41.0,15.0,58.0,7:21,DOWNS,22296,,,,,,,,,,,,,,,,,,,,,,,0,0.0,0.0,0.0,0.0,0.0
2023,FOOTBALL_XFL_2023_3_18_DC@STL,DC,8,STL,5,outdoors,53,1679181480.0,69480,2023-03-18 23:18:00.000000,EventFootballRush,1-10-STL 1 (7:36) 23 B. Hill rush to STL 2 for 1 yard (97 C. Reid),,True,1,7,36,Half1,MaSourceTypeOfficialScoring,FOOTBALL_XFL_2023_3_18_DC@STL,,QBStat,18,2302018-DC-at-STL,456,1356,3156,7:36,5,,,1.0,STL,DC,0.0,3,3,3.0,3.0,Home,1,2,99.0,0,0,0,22356,,,,StatusOfficial,,,,,,,1.0,10.0,1.0,Home,1.0,1.0,1.0,0:14, ,20688,,,,,,,,,,,,,,,,,,,,,,,0,0.0,0.0,0.0,0.0,0.0
2023,FOOTBALL_XFL_2023_3_18_DC@STL,DC,8,STL,5,outdoors,56,1679181521.0,69521,2023-03-18 23:18:41.000000,EventFootballRush,2-9-STL 2 (6:55) 10 A. McCarron rush to STL 10 for 8 yards (27 F. Gardner),,True,1,6,55,Half1,MaSourceTypeOfficialScoring,FOOTBALL_XFL_2023_3_18_DC@STL,,QBStat,19,2302018-DC-at-STL,415,1315,3115,6:55,5,,,1.0,STL,DC,0.0,3,3,3.0,3.0,Home,2,2,98.0,0,0,0,21935,,,,StatusOfficial,,,,,,,2.0,9.0,8.0,Home,1.0,2.0,9.0,0:53, ,22026,,,,,,,,,,,,,,,,,,,,,,,0,0.0,0.0,0.0,0.0,0.0
2023,FOOTBALL_XFL_2023_3_18_DC@STL,DC,8,STL,5,outdoors,58,1679181584.0,69584,2023-03-18 23:19:44.000000,EventFootballPenalty,"3-1-STL 10 (6:22) PENALTY on 74 S. Gonzalez, 5 yards",,True,1,6,22,Half1,MaSourceTypeOfficialScoring,FOOTBALL_XFL_2023_3_18_DC@STL,,QBStat,20,2302018-DC-at-STL,382,1282,3082,6:22,5,,,1.0,STL,DC,0.0,3,3,3.0,3.0,Home,10,2,90.0,0,0,0,,,,,StatusOfficial,,,,,,,3.0,1.0,,Home,1.0,2.0,4.0,1:19, ,,5,20562,5.0,ResultPenaltyRepeatdown,NA,,,,,,,,,,,,,,,,,,0,0.0,0.0,0.0,0.0,0.0
2023,FOOTBALL_XFL_2023_3_18_DC@STL,DC,8,STL,5,outdoors,60,1679181630.0,69630,2023-03-18 23:20:30.000000,EventFootballPass,3-6-STL 5 (5:52) 10 A. McCarron pass incomplete to 9 J. Haskins Pass Defended by 15 M. Joseph,,True,1,5,52,Half1,MaSourceTypeOfficialScoring,FOOTBALL_XFL_2023_3_18_DC@STL,,QBStat,21,2302018-DC-at-STL,352,1252,3052,5:52,5,,,1.0,STL,DC,0.0,3,3,3.0,3.0,Home,5,2,95.0,0,0,0,,,,,StatusOfficial,ResultPassIncomplete,,,,22026,20651,3.0,6.0,,Home,1.0,3.0,4.0,1:49, ,,,,,,,22862,,,,,,,,,,,,,,,,,0,0.0,0.0,0.0,0.0,0.0
2023,FOOTBALL_XFL_2023_3_18_DC@STL,DC,8,STL,5,outdoors,62,1679181657.0,69657,2023-03-18 23:20:57.000000,EventFootballPunt,"4-6-STL 5 (5:31) 16 S. Hofrichter punts 45 yards from STL 5 to Midfield. 12 J. Ezzard to STL 44 for 7 yards (12 G. Jennings, 29 S. Kelly)",,True,1,5,31,Half1,MaSourceTypeOfficialScoring,FOOTBALL_XFL_2023_3_18_DC@STL,,QBStat,22,2302018-DC-at-STL,331,1231,3031,5:31,5,,,1.0,STL,DC,0.0,3,3,3.0,3.0,Home,5,2,95.0,0,0,0,21933,20180,,,StatusOfficial,ResultKickReturned,,Home,44.0,,,4.0,6.0,,Home,1.0,3.0,4.0,2:08,PUNT,,,,,,,,20704,21933,45.0,7.0,,,,,,,,,,,,,1,0.0,0.0,0.0,0.0,0.0
2023,FOOTBALL_XFL_2023_3_18_DC@STL,DC,8,STL,5,outdoors,64,1679181895.0,69895,2023-03-18 23:24:55.000000,EventFootballRush,"1-10-STL 44 (5:21) 4 A. Smith rush to STL 41 for 3 yards (95 E. Lumor, 27 M. Rose)",,True,1,5,21,Half1,MaSourceTypeOfficialScoring,FOOTBALL_XFL_2023_3_18_DC@STL,,QBStat,23,2302018-DC-at-STL,321,1221,3021,5:21,8,,,0.0,DC,STL,0.0,3,3,3.0,3.0,Home,44,3,44.0,0,0,0,20971,21340,,,StatusOfficial,,,,,,,1.0,10.0,3.0,Home,44.0,1.0,3.0,0:17, ,21427,,,,,,,,,,,,,,,,,,,,,,,0,0.0,0.0,0.0,0.0,0.0
2023,FOOTBALL_XFL_2023_3_18_DC@STL,DC,8,STL,5,outdoors,66,1679181918.0,69918,2023-03-18 23:25:18.000000,EventFootballPass,"2-7-STL 41 (4:59) 10 J. Ta'amu pass to 0 J. Hammond to STL 38 for 3 yards (27 M. Rose, 24 L. Hill)",,True,1,4,59,Half1,MaSourceTypeOfficialScoring,FOOTBALL_XFL_2023_3_18_DC@STL,,QBStat,24,2302018-DC-at-STL,299,1199,2999,4:59,8,,,0.0,DC,STL,0.0,3,3,3.0,3.0,Home,41,3,41.0,0,0,0,21340,22870,,,StatusOfficial,ResultPassComplete,,,,22296,20618,2.0,7.0,3.0,Home,44.0,2.0,6.0,0:37, ,,,,,,,,,,,,,,,,,,,,,,,,0,0.0,0.0,0.0,0.0,0.0
2023,FOOTBALL_XFL_2023_3_18_DC@STL,DC,8,STL,5,outdoors,68,1679181949.0,69949,2023-03-18 23:25:49.000000,EventFootballPass,3-4-STL 38 (4:28) 10 J. Ta'amu pass to 4 A. Smith to STL 41 for -3 yards (8 M. Hampton),,True,1,4,28,Half1,MaSourceTypeOfficialScoring,FOOTBALL_XFL_2023_3_18_DC@STL,,QBStat,25,2302018-DC-at-STL,268,1168,2968,4:28,8,,,0.0,DC,STL,0.0,3,3,3.0,3.0,Home,38,3,38.0,0,0,0,21862,,,,StatusOfficial,ResultPassComplete,,,,22296,21427,3.0,4.0,-3.0,Home,44.0,3.0,3.0,1:06, ,,,,,,,,,,,,,,,,,,,,,,,,0,0.0,0.0,0.0,0.0,0.0
2023,FOOTBALL_XFL_2023_3_18_DC@STL,DC,8,STL,5,outdoors,70,1679181979.0,69979,2023-03-18 23:26:19.000000,EventFootballPunt,"4-7-STL 41 (3:57) 19 D. Whelan punts 31 yards from STL 41 to 13 A. Proehl, Fair Catch at STL 10",,True,1,3,57,Half1,MaSourceTypeOfficialScoring,FOOTBALL_XFL_2023_3_18_DC@STL,,QBStat,26,2302018-DC-at-STL,237,1137,2937,3:57,8,,,0.0,DC,STL,0.0,3,3,3.0,3.0,Home,41,3,41.0,0,0,0,,,,,StatusOfficial,ResultKickFaircatch,,Home,10.0,,,4.0,7.0,,Home,44.0,3.0,3.0,1:34,PUNT,,,,,,,,21835,21263,31.0,,,,,,,,,,,,,,1,0.0,0.0,0.0,0.0,0.0
2023,FOOTBALL_XFL_2023_3_18_DC@STL,DC,8,STL,5,outdoors,72,1679182030.0,70030,2023-03-18 23:27:10.000000,EventFootballRush,"1-10-STL 10 (3:51) 23 B. Hill rush to STL 23 for 13 yards (24 A. Kelly, 29 K. Brice)",,True,1,3,51,Half1,MaSourceTypeOfficialScoring,FOOTBALL_XFL_2023_3_18_DC@STL,,QBStat,27,2302018-DC-at-STL,231,1131,2931,3:51,5,,,1.0,STL,DC,0.0,3,3,3.0,3.0,Home,10,4,90.0,0,0,0,20873,20180,,,StatusOfficial,,,,,,,1.0,10.0,13.0,Home,10.0,1.0,13.0,0:15, ,20688,,,,,,,,,,,,,,,,,,,,,,,0,0.0,0.0,0.0,0.0,0.0
2023,FOOTBALL_XFL_2023_3_18_DC@STL,DC,8,STL,5,outdoors,78,1679182393.0,70393,2023-03-18 23:33:13.000000,EventFootballRush,"1-10-STL 23 (3:21) 23 B. Hill rush to STL 26 for 3 yards (48 A. Mintze, 5 R. Northrup)",,True,1,3,21,Half1,MaSourceTypeOfficialScoring,FOOTBALL_XFL_2023_3_18_DC@STL,,QBStat,28,2302018-DC-at-STL,201,1101,2901,3:21,5,,,1.0,STL,DC,0.0,3,3,3.0,3.0,Home,23,4,77.0,0,0,0,21080,21148,,,StatusOfficial,,,,,,,1.0,10.0,3.0,Home,10.0,2.0,16.0,0:45, ,20688,,,,,,,,,,,,,,,,,,,,,,,0,0.0,0.0,0.0,0.0,0.0
2023,FOOTBALL_XFL_2023_3_18_DC@STL,DC,8,STL,5,outdoors,80,1679182435.0,70435,2023-03-18 23:33:55.000000,EventFootballPass,2-7-STL 26 (2:39) 10 A. McCarron pass incomplete to 11 D. Shepherd,,True,1,2,39,Half1,MaSourceTypeOfficialScoring,FOOTBALL_XFL_2023_3_18_DC@STL,,QBStat,29,2302018-DC-at-STL,159,1059,2859,2:39,5,,,1.0,STL,DC,0.0,3,3,3.0,3.0,Home,26,4,74.0,0,0,0,,,,,StatusOfficial,ResultPassIncomplete,,,,22026,21822,2.0,7.0,,Home,10.0,3.0,16.0,1:14, ,,,,,,,,,,,,,,,,,,,,,,,,0,0.0,0.0,0.0,0.0,0.0
2023,FOOTBALL_XFL_2023_3_18_DC@STL,DC,8,STL,5,outdoors,83,1679182475.0,70475,2023-03-18 23:34:35.000000,EventFootballPass,3-7-STL 26 (2:05) 10 A. McCarron pass to 88 H. Butler to STL 42 for 16 yards (21 M. Nicholson),,True,1,2,5,Half1,MaSourceTypeOfficialScoring,FOOTBALL_XFL_2023_3_18_DC@STL,,QBStat,30,2302018-DC-at-STL,125,1025,2825,2:05,5,,,1.0,STL,DC,0.0,3,3,3.0,3.0,Home,26,4,74.0,0,0,0,22892,,,,StatusOfficial,ResultPassComplete,,,,22026,22333,3.0,7.0,16.0,Home,10.0,4.0,32.0,2:14, ,,,,,,,,,,,,,,,,,,,,,,,,0,0.0,0.0,0.0,0.0,0.0
2023,FOOTBALL_XFL_2023_3_18_DC@STL,DC,8,STL,5,outdoors,85,1679182515.0,70515,2023-03-18 23:35:15.000000,EventFootballRush,"1-10-STL 42 (1:26) 23 B. Hill rush to STL 43 for 1 yard (96 J. Panasiuk, 5 R. Northrup)",,True,1,1,26,Half1,MaSourceTypeOfficialScoring,FOOTBALL_XFL_2023_3_18_DC@STL,,QBStat,31,2302018-DC-at-STL,86,986,2786,1:26,5,,,1.0,STL,DC,0.0,3,3,3.0,3.0,Home,42,4,58.0,0,0,0,21182,21148,,,StatusOfficial,,,,,,,1.0,10.0,1.0,Home,10.0,5.0,33.0,2:39, ,20688,,,,,,,,,,,,,,,,,,,,,,,0,0.0,0.0,0.0,0.0,0.0
2023,FOOTBALL_XFL_2023_3_18_DC@STL,DC,8,STL,5,outdoors,87,1679182557.0,70557,2023-03-18 23:35:57.000000,EventFootballPass,2-9-STL 43 (0:44) 10 A. McCarron pass to 84 J. Sutherland to Midfield for 7 yards (15 M. Joseph),,True,1,0,44,Half1,MaSourceTypeOfficialScoring,FOOTBALL_XFL_2023_3_18_DC@STL,,QBStat,32,2302018-DC-at-STL,44,944,2744,0:44,5,,,1.0,STL,DC,0.0,3,3,3.0,3.0,Home,43,4,57.0,0,0,0,22862,,,,StatusOfficial,ResultPassComplete,,,,22026,21501,2.0,9.0,7.0,Home,10.0,6.0,40.0,3:20, ,,,,,,,,,,,,,,,,,,,,,,,,0,0.0,0.0,0.0,0.0,0.0
2023,FOOTBALL_XFL_2023_3_18_DC@STL,DC,8,STL,5,outdoors,90,1679182599.0,70599,2023-03-18 23:36:39.000000,EventFootballRush,3-2-Midfield (0:02) 10 A. McCarron rush to DC 49 for 1 yard (38 N. Rouse),,True,1,0,2,Half1,MaSourceTypeOfficialScoring,FOOTBALL_XFL_2023_3_18_DC@STL,,QBStat,33,2302018-DC-at-STL,2,902,2702,0:02,5,,,1.0,STL,DC,0.0,3,3,3.0,3.0,Home,50,4,50.0,0,0,0,21350,,,,StatusOfficial,,,,,,,3.0,2.0,1.0,Home,10.0,7.0,41.0,3:53, ,22026,,,,,,,,,,,,,,,,,,,,,,,0,0.0,0.0,0.0,0.0,0.0
2023,FOOTBALL_XFL_2023_3_18_DC@STL,DC,8,STL,5,outdoors,92,1679182845.0,70845,2023-03-18 23:40:45.000000,EventFootballRush,"4-1-DC 49 (14:57) 10 A. McCarron rush to DC 48 for 1 yard (95 J. Owens, 26 D. Neal)",,True,2,14,57,Half1,MaSourceTypeOfficialScoring,FOOTBALL_XFL_2023_3_18_DC@STL,,QBStat,34,2302018-DC-at-STL,897,897,2697,14:57,5,,,1.0,STL,DC,0.0,3,3,3.0,3.0,Visitor,49,4,49.0,0,0,0,21174,21133,,,StatusOfficial,,,,,,,4.0,1.0,1.0,Home,10.0,8.0,42.0,4:08, ,22026,,,,,,,,,,,,,,,,,,,,,,,0,0.0,0.0,0.0,0.0,0.0
2023,FOOTBALL_XFL_2023_3_18_DC@STL,DC,8,STL,5,outdoors,94,1679182883.0,70883,2023-03-18 23:41:23.000000,EventFootballPass,1-10-DC 48 (14:19) 10 A. McCarron pass to 13 A. Proehl to DC 34 for 14 yards (39 S. Ramirez),,True,2,14,19,Half1,MaSourceTypeOfficialScoring,FOOTBALL_XFL_2023_3_18_DC@STL,,QBStat,35,2302018-DC-at-STL,859,859,2659,14:19,5,,,1.0,STL,DC,0.0,3,3,3.0,3.0,Visitor,48,4,48.0,0,0,0,21278,,,,StatusOfficial,ResultPassComplete,,,,22026,21263,1.0,10.0,14.0,Home,10.0,9.0,56.0,4:46, ,,,,,,,,,,,,,,,,,,,,,,,,0,0.0,0.0,0.0,0.0,0.0
2023,FOOTBALL_XFL_2023_3_18_DC@STL,DC,8,STL,5,outdoors,97,1679182917.0,70917,2023-03-18 23:41:57.000000,EventFootballRush,"1-10-DC 34 (13:46) 21 M. Durant rush to DC 30 for 4 yards (5 R. Northrup, 96 J. Panasiuk)",,True,2,13,46,Half1,MaSourceTypeOfficialScoring,FOOTBALL_XFL_2023_3_18_DC@STL,,QBStat,36,2302018-DC-at-STL,826,826,2626,13:46,5,,,1.0,STL,DC,0.0,3,3,3.0,3.0,Visitor,34,4,34.0,0,0,0,21148,21182,,,StatusOfficial,,,,,,,1.0,10.0,4.0,Home,10.0,10.0,60.0,5:41, ,21856,,,,,,,,,,,,,,,,,,,,,,,0,0.0,0.0,0.0,0.0,0.0
2023,FOOTBALL_XFL_2023_3_18_DC@STL,DC,8,STL,5,outdoors,99,1679182954.0,70954,2023-03-18 23:42:34.000000,EventFootballRush,"2-6-DC 30 (13:08) 23 B. Hill rush to DC 22 for 8 yards (5 R. Northrup, 21 M. Nicholson)",,True,2,13,8,Half1,MaSourceTypeOfficialScoring,FOOTBALL_XFL_2023_3_18_DC@STL,,QBStat,37,2302018-DC-at-STL,788,788,2588,13:08,5,,,1.0,STL,DC,0.0,3,3,3.0,3.0,Visitor,30,4,30.0,0,0,0,21148,22892,,,StatusOfficial,,,,,,,2.0,6.0,8.0,Home,10.0,11.0,68.0,5:54, ,20688,,,,,,,,,,,,,,,,,,,,,,,0,0.0,0.0,0.0,0.0,0.0
2023,FOOTBALL_XFL_2023_3_18_DC@STL,DC,8,STL,5,outdoors,101,1679182989.0,70989,2023-03-18 23:43:09.000000,EventFootballPass,1-10-DC 22 (12:34) 10 A. McCarron pass to 13 A. Proehl to DC 12 for 10 yards (5 R. Northrup),,True,2,12,34,Half1,MaSourceTypeOfficialScoring,FOOTBALL_XFL_2023_3_18_DC@STL,,QBStat,38,2302018-DC-at-STL,754,754,2554,12:34,5,,,1.0,STL,DC,0.0,3,3,3.0,3.0,Visitor,22,4,22.0,0,0,0,21148,,,,StatusOfficial,ResultPassComplete,,,,22026,21263,1.0,10.0,10.0,Home,10.0,12.0,78.0,6:23, ,,,,,,,,,,,,,,,,,,,,,,,,0,0.0,0.0,0.0,0.0,0.0
2023,FOOTBALL_XFL_2023_3_18_DC@STL,DC,8,STL,5,outdoors,104,1679183067.0,71067,2023-03-18 23:44:27.000000,EventFootballRush,"1-10-DC 12 (12:10) 21 M. Durant rush to DC 10 for 2 yards (24 A. Kelly, 57 A. Hines)",,True,2,12,10,Half1,MaSourceTypeOfficialScoring,FOOTBALL_XFL_2023_3_18_DC@STL,,QBStat,39,2302018-DC-at-STL,730,730,2530,12:10,5,,,1.0,STL,DC,0.0,3,3,3.0,3.0,Visitor,12,4,12.0,0,0,0,20873,20699,,,StatusOfficial,,,,,,,1.0,10.0,2.0,Home,10.0,13.0,80.0,7:09, ,21856,,,,,,,,,,,,,,,,,,,,,,,0,0.0,0.0,0.0,0.0,0.0
2023,FOOTBALL_XFL_2023_3_18_DC@STL,DC,8,STL,5,outdoors,106,1679183116.0,71116,2023-03-18 23:45:16.000000,EventFootballTimeout,Timeout by St. Louis Battlehawks at 11:34,,True,2,11,34,Half1,MaSourceTypeOfficialScoring,FOOTBALL_XFL_2023_3_18_DC@STL,,QBStat,40,2302018-DC-at-STL,694,694,2494,11:34,5,,,1.0,STL,DC,0.0,3,3,3.0,3.0,Visitor,10,4,10.0,0,0,0,,,,,StatusOfficial,,,,,,,2.0,8.0,,Home,10.0,13.0,80.0,7:19, ,,,,,,,,,,,,5,,,,,,,,,,,,0,0.0,0.0,0.0,0.0,0.0
2023,FOOTBALL_XFL_2023_3_18_DC@STL,DC,8,STL,5,outdoors,108,1679183192.0,71192,2023-03-18 23:46:32.000000,EventFootballRush,2-8-DC 10 (11:27) 10 A. McCarron rush to DC 8 for 2 yards,,True,2,11,27,Half1,MaSourceTypeOfficialScoring,FOOTBALL_XFL_2023_3_18_DC@STL,,QBStat,41,2302018-DC-at-STL,687,687,2487,11:27,5,,,1.0,STL,DC,0.0,3,2,2.0,2.0,Visitor,10,4,10.0,0,0,0,,,,,StatusOfficial,,,,,,,2.0,8.0,2.0,Home,10.0,14.0,82.0,7:31, ,22026,,,,,,,,,,,,,,,,,,,,,,,0,0.0,0.0,0.0,0.0,0.0
2023,FOOTBALL_XFL_2023_3_18_DC@STL,DC,8,STL,5,outdoors,112,1679183264.0,71264,2023-03-18 23:47:44.000000,EventFootballPenalty,"3-6-DC 8 (10:45) PENALTY on 73 J. Bushell-Beatty, 10 yards",,True,2,10,45,Half1,MaSourceTypeOfficialScoring,FOOTBALL_XFL_2023_3_18_DC@STL,,QBStat,42,2302018-DC-at-STL,645,645,2445,10:45,5,,,1.0,STL,DC,0.0,3,2,2.0,2.0,Visitor,8,4,8.0,0,0,0,,,,,StatusOfficial,,,,,,,3.0,6.0,,Home,10.0,14.0,72.0,8:08, ,,5,22443,10.0,ResultPenaltyRepeatdown,NA,,,,,,,,,,,,,,,,,,0,0.0,0.0,0.0,0.0,0.0
2023,FOOTBALL_XFL_2023_3_18_DC@STL,DC,8,STL,5,outdoors,114,1679183308.0,71308,2023-03-18 23:48:28.000000,EventFootballPass,3-16-DC 18 (10:22) 10 A. McCarron pass incomplete to 13 A. Proehl,,True,2,10,22,Half1,MaSourceTypeOfficialScoring,FOOTBALL_XFL_2023_3_18_DC@STL,,QBStat,43,2302018-DC-at-STL,622,622,2422,10:22,5,,,1.0,STL,DC,0.0,3,2,2.0,2.0,Visitor,18,4,18.0,0,0,0,,,,,StatusOfficial,ResultPassIncomplete,,,,22026,21263,3.0,16.0,,Home,10.0,15.0,72.0,8:31, ,,,,,,,,,,,,,,,,,,,,,,,,0,0.0,0.0,0.0,0.0,0.0
2023,FOOTBALL_XFL_2023_3_18_DC@STL,DC,8,STL,5,outdoors,117,1679183336.0,71336,2023-03-18 23:48:56.000000,EventFootballFg,4-16-DC 18 (10:02) 2 D. Hageman 36 yard field goal is GOOD,,True,2,10,2,Half1,MaSourceTypeOfficialScoring,FOOTBALL_XFL_2023_3_18_DC@STL,,QBStat,44,2302018-DC-at-STL,602,602,2402,10:02,5,,,1.0,STL,DC,0.0,3,2,2.0,2.0,Visitor,18,4,18.0,0,0,0,,,22008,,StatusOfficial,ResultKickMade,,,,,,4.0,16.0,36.0,Home,10.0,16.0,72.0,8:55,FG,,8,21623,15.0,ResultPenaltyOnkickoffpat,NA,,,,,,,ScoreTypeFg,,,,,,,,,,,0,0.0,0.0,1.0,1.0,0.0
2023,FOOTBALL_XFL_2023_3_18_DC@STL,DC,8,STL,5,outdoors,121,1679183564.0,71564,2023-03-18 23:52:44.000000,EventFootballKickoff,"2 D. Hageman kicks from STL 45. 9 K. Sails to DC 32 for 19 yards (27 M. Rose, 39 C. Cooper) PENALTY on 39 C. Cooper, 5 yards",,True,2,9,53,Half1,MaSourceTypeOfficialScoring,FOOTBALL_XFL_2023_3_18_DC@STL,,QBStat,45,2302018-DC-at-STL,593,593,2393,9:53,8,,,0.0,DC,STL,0.0,3,2,3.0,3.0,Home,45,5,45.0,0,0,3,21340,22336,20419,20651,StatusOfficial,ResultKickReturned,19.0,Visitor,32.0,,,,,,,,,,,,,5,22336,5.0,ResultPenaltyAuto1Stdown,NA,,,,,,,,,,,,,,,,,,0,0.0,0.0,0.0,0.0,0.0
2023,FOOTBALL_XFL_2023_3_18_DC@STL,DC,8,STL,5,outdoors,123,1679183661.0,71661,2023-03-18 23:54:21.000000,EventFootballPass,1-10-DC 32 (9:43) 10 J. Ta'amu pass to 1 C. Blair to DC 38 for 6 yards (38 B. Sebastian),,True,2,9,43,Half1,MaSourceTypeOfficialScoring,FOOTBALL_XFL_2023_3_18_DC@STL,,QBStat,46,2302018-DC-at-STL,583,583,2383,9:43,8,,,0.0,DC,STL,0.0,3,2,3.0,3.0,Visitor,32,5,68.0,0,0,3,21389,,,,StatusOfficial,ResultPassComplete,,,,22296,20133,1.0,10.0,6.0,Visitor,32.0,1.0,6.0,0:24, ,,,,,,,,,,,,,,,,,,,,,,,,0,0.0,0.0,0.0,0.0,0.0
2023,FOOTBALL_XFL_2023_3_18_DC@STL,DC,8,STL,5,outdoors,125,1679183682.0,71682,2023-03-18 23:54:42.000000,EventFootballRush,"2-4-DC 38 (9:22) 4 A. Smith rush for 62 yards, TOUCHDOWN",,True,2,9,22,Half1,MaSourceTypeOfficialScoring,FOOTBALL_XFL_2023_3_18_DC@STL,,QBStat,47,2302018-DC-at-STL,562,562,2362,9:22,8,,,0.0,DC,STL,0.0,3,2,3.0,3.0,Visitor,38,5,62.0,0,0,3,,,,,StatusOfficial,,,,,,,2.0,4.0,62.0,Visitor,32.0,2.0,68.0,0:38,TD,21427,,,,,,,,,,,,ScoreTypeTd,,,,,,,,,,,0,0.0,1.0,0.0,0.0,1.0
2023,FOOTBALL_XFL_2023_3_18_DC@STL,DC,8,STL,5,outdoors,127,1679183726.0,71726,2023-03-18 23:55:26.000000,EventFootballPat2PtPass,10 J. Ta'amu 2-pt conversion pass to 0 J. Hammond GOOD,,True,2,9,15,Half1,MaSourceTypeOfficialScoring,FOOTBALL_XFL_2023_3_18_DC@STL,,QBStat,48,2302018-DC-at-STL,555,555,2355,9:15,8,,,0.0,DC,STL,0.0,3,2,3.0,3.0,Home,5,5,5.0,0,6,3,,,,,StatusOfficial,ResultPassComplete,,,,22296,20618,,,5.0,,,,,,,,,,,,,,,,,,,ScoreTypeConv,2.0,,,,,,,,,,0,0.0,0.0,0.0,0.0,0.0
2023,FOOTBALL_XFL_2023_3_18_DC@STL,DC,8,STL,5,outdoors,129,1679183812.0,71812,2023-03-18 23:56:52.000000,EventFootballKickoff,"34 M. McCrane kicks from DC 30. 11 D. Shepherd to STL 27 for 23 yards (2 E. Dungey, 21 M. Nicholson)",,True,2,9,15,Half1,MaSourceTypeOfficialScoring,FOOTBALL_XFL_2023_3_18_DC@STL,,QBStat,49,2302018-DC-at-STL,555,555,2355,9:15,5,,,1.0,STL,DC,0.0,3,2,2.0,2.0,Visitor,30,6,30.0,0,8,3,20419,22892,34,20766,StatusOfficial,ResultKickReturned,23.0,Home,27.0,,,,,,,,,,,,,,,,,,,,,,,,,,,,,,,,,,,0,0.0,0.0,0.0,0.0,0.0
2023,FOOTBALL_XFL_2023_3_18_DC@STL,DC,8,STL,5,outdoors,145,1679183862.0,71862,2023-03-18 23:57:42.000000,EventFootballRush,1-10-STL 27 (9:05) 23 B. Hill rush to STL 31 for 4 yards (15 M. Joseph),,True,2,9,5,Half1,MaSourceTypeOfficialScoring,FOOTBALL_XFL_2023_3_18_DC@STL,,QBStat,50,2302018-DC-at-STL,545,545,2345,9:05,5,,,1.0,STL,DC,0.0,3,2,2.0,2.0,Home,27,6,73.0,0,8,3,22862,,,,StatusOfficial,,,,,,,1.0,10.0,4.0,Home,27.0,1.0,4.0,0:42, ,20688,,,,,,,,,,,,,,,,,,,,,,,0,0.0,0.0,0.0,0.0,0.0
2023,FOOTBALL_XFL_2023_3_18_DC@STL,DC,8,STL,5,outdoors,137,1679183899.0,71899,2023-03-18 23:58:19.000000,EventFootballRush,2-6-STL 31 (8:29) 23 B. Hill rush to STL 31 for 0 yards (96 J. Panasiuk),,True,2,8,29,Half1,MaSourceTypeOfficialScoring,FOOTBALL_XFL_2023_3_18_DC@STL,,QBStat,51,2302018-DC-at-STL,509,509,2309,8:29,5,,,1.0,STL,DC,0.0,3,2,2.0,2.0,Home,31,6,69.0,0,8,3,21182,,,,StatusOfficial,,,,,,,2.0,6.0,0.0,Home,27.0,2.0,4.0,1:25, ,20688,,,,,,,,,,,,,,,,,,,,,,,0,0.0,0.0,0.0,0.0,0.0
2023,FOOTBALL_XFL_2023_3_18_DC@STL,DC,8,STL,5,outdoors,146,1679183944.0,71944,2023-03-18 23:59:04.000000,EventFootballPenalty,"3-6-STL 31 (7:49) PENALTY on St. Louis Battlehawks, 5 yards",,True,2,7,49,Half1,MaSourceTypeOfficialScoring,FOOTBALL_XFL_2023_3_18_DC@STL,,QBStat,52,2302018-DC-at-STL,469,469,2269,7:49,5,,,1.0,STL,DC,0.0,3,2,2.0,2.0,Home,31,6,69.0,0,8,3,,,,,StatusOfficial,,,,,,,3.0,6.0,,Home,27.0,2.0,-1.0,1:26, ,,5,TM,5.0,ResultPenaltyRepeatdown,NA,,,,,,,,,,,,,,,,,,0,0.0,0.0,0.0,0.0,0.0
2023,FOOTBALL_XFL_2023_3_18_DC@STL,DC,8,STL,5,outdoors,141,1679183994.0,71994,2023-03-18 23:59:54.000000,EventFootballPass,3-11-STL 25 (7:16) 10 A. McCarron pass incomplete to 88 H. Butler,,True,2,7,16,Half1,MaSourceTypeOfficialScoring,FOOTBALL_XFL_2023_3_18_DC@STL,,QBStat,53,2302018-DC-at-STL,436,436,2236,7:16,5,,,1.0,STL,DC,0.0,3,2,2.0,2.0,Home,25,6,75.0,0,8,3,,,,,StatusOfficial,ResultPassIncomplete,,,,22026,22333,3.0,11.0,,Home,27.0,3.0,-2.0,1:59, ,,,,,,,,,,,,,,,,,,,,,,,,0,0.0,0.0,0.0,0.0,0.0
2023,FOOTBALL_XFL_2023_3_18_DC@STL,DC,8,STL,5,outdoors,143,1679184022.0,72022,2023-03-19 00:00:22.000000,EventFootballPunt,4-11-STL 25 (6:55) 16 S. Hofrichter punts 40 yards from STL 25 to DC 35. 12 J. Ezzard to DC 44 for 9 yards (28 B. DeLuca),,True,2,6,55,Half1,MaSourceTypeOfficialScoring,FOOTBALL_XFL_2023_3_18_DC@STL,,QBStat,54,2302018-DC-at-STL,415,415,2215,6:55,5,,,1.0,STL,DC,0.0,3,2,2.0,2.0,Home,25,6,75.0,0,8,3,28,,,,StatusOfficial,ResultKickReturned,,Visitor,44.0,,,4.0,11.0,,Home,27.0,3.0,-2.0,2:20,PUNT,,,,,,,,20704,21933,40.0,9.0,,,,,,,,,,,,,1,0.0,0.0,0.0,0.0,0.0
2023,FOOTBALL_XFL_2023_3_18_DC@STL,DC,8,STL,5,outdoors,148,1679184238.0,72238,2023-03-19 00:03:58.000000,EventFootballRush,"1-10-DC 44 (6:43) 4 A. Smith rush to DC 49 for 5 yards (33 T. Watson, 6 L. Williams)",,True,2,6,43,Half1,MaSourceTypeOfficialScoring,FOOTBALL_XFL_2023_3_18_DC@STL,,QBStat,55,2302018-DC-at-STL,403,403,2203,6:43,8,,,0.0,DC,STL,0.0,3,2,3.0,3.0,Visitor,44,7,56.0,0,8,3,22297,21678,,,StatusOfficial,,,,,,,1.0,10.0,5.0,Visitor,44.0,1.0,5.0,0:21, ,21427,,,,,,,,,,,,,,,,,,,,,,,0,0.0,0.0,0.0,0.0,0.0
2023,FOOTBALL_XFL_2023_3_18_DC@STL,DC,8,STL,5,outdoors,150,1679184279.0,72279,2023-03-19 00:04:39.000000,EventFootballPass,2-5-DC 49 (6:05) 3 D. King pass incomplete to 0 J. Hammond,,True,2,6,5,Half1,MaSourceTypeOfficialScoring,FOOTBALL_XFL_2023_3_18_DC@STL,,QBStat,56,2302018-DC-at-STL,365,365,2165,6:05,8,,,0.0,DC,STL,0.0,3,2,3.0,3.0,Visitor,49,7,51.0,0,8,3,,,,,StatusOfficial,ResultPassIncomplete,,,,21981,20618,2.0,5.0,,Visitor,44.0,2.0,5.0,0:41, ,,,,,,,,,,,,,,,,,,,,,,,,0,0.0,0.0,0.0,0.0,0.0
2023,FOOTBALL_XFL_2023_3_18_DC@STL,DC,8,STL,5,outdoors,153,1679184311.0,72311,2023-03-19 00:05:11.000000,EventFootballRush,3-5-DC 49 (5:38) 3 D. King rush to DC 48 for -1 yards (53 C. Wells),,True,2,5,38,Half1,MaSourceTypeOfficialScoring,FOOTBALL_XFL_2023_3_18_DC@STL,,QBStat,57,2302018-DC-at-STL,338,338,2138,5:38,8,,,0.0,DC,STL,0.0,3,2,3.0,3.0,Visitor,49,7,51.0,0,8,3,21833,,,,StatusOfficial,,,,,,,3.0,5.0,-1.0,Visitor,44.0,3.0,4.0,1:40, ,21981,,,,,,,,,,,,,,,,,,,,,,,0,0.0,0.0,0.0,0.0,0.0
2023,FOOTBALL_XFL_2023_3_18_DC@STL,DC,8,STL,5,outdoors,157,1679184410.0,72410,2023-03-19 00:06:50.000000,EventFootballPenalty,"4-6-DC 48 (4:46) PENALTY on D.C. Defenders, 5 yards",,True,2,4,46,Half1,MaSourceTypeOfficialScoring,FOOTBALL_XFL_2023_3_18_DC@STL,,QBStat,58,2302018-DC-at-STL,286,286,2086,4:46,8,,,0.0,DC,STL,0.0,3,2,3.0,3.0,Visitor,48,7,52.0,0,8,3,,,,,StatusOfficial,,,,,,,4.0,6.0,,Visitor,44.0,3.0,-1.0,2:00, ,,8,TM,5.0,ResultPenaltyRepeatdown,NA,,,,,,,,,,,,,,,,,,0,0.0,0.0,0.0,0.0,0.0
2023,FOOTBALL_XFL_2023_3_18_DC@STL,DC,8,STL,5,outdoors,205,1679184450.0,72450,2023-03-19 00:07:30.000000,EventFootballPunt,"4-11-DC 43 (4:45) 19 D. Whelan punts 49 yards, downed at STL 8",,True,2,4,45,Half1,MaSourceTypeOfficialScoring,FOOTBALL_XFL_2023_3_18_DC@STL,,QBStat,59,2302018-DC-at-STL,285,285,2085,4:45,8,,,0.0,DC,STL,0.0,3,2,3.0,3.0,Visitor,43,7,57.0,0,8,3,,,,,StatusOfficial,ResultKickDowned,,Home,8.0,,,4.0,11.0,,Visitor,44.0,3.0,-1.0,2:10,PUNT,,5,21340,4.0,ResultPenaltyRepeatdown,NA,,21835,,49.0,,,,,,,,,,,,,,1,0.0,0.0,0.0,0.0,0.0
2023,FOOTBALL_XFL_2023_3_18_DC@STL,DC,8,STL,5,outdoors,162,1679184548.0,72548,2023-03-19 00:09:08.000000,EventFootballPass,1-10-STL 4 (4:30) 10 A. McCarron pass to 11 D. Shepherd to STL 16 for 12 yards (26 D. Neal),,True,2,4,30,Half1,MaSourceTypeOfficialScoring,FOOTBALL_XFL_2023_3_18_DC@STL,,QBStat,60,2302018-DC-at-STL,270,270,2070,4:30,5,,,1.0,STL,DC,0.0,3,2,2.0,2.0,Home,4,8,96.0,0,8,3,21133,,,,StatusOfficial,ResultPassComplete,,,,22026,21822,1.0,10.0,12.0,Home,4.0,1.0,12.0,0:13, ,,,,,,,,,,,,,,,,,,,,,,,,0,0.0,0.0,0.0,0.0,0.0
2023,FOOTBALL_XFL_2023_3_18_DC@STL,DC,8,STL,5,outdoors,164,1679184591.0,72591,2023-03-19 00:09:51.000000,EventFootballSack,1-10-STL 16 (3:48) 10 A. McCarron sacked at STL 14 for -2 yards (48 A. Mintze),,True,2,3,48,Half1,MaSourceTypeOfficialScoring,FOOTBALL_XFL_2023_3_18_DC@STL,,QBStat,61,2302018-DC-at-STL,228,228,2028,3:48,5,,,1.0,STL,DC,0.0,3,2,2.0,2.0,Home,16,8,84.0,0,8,3,,,,,StatusOfficial,,,,,22026,,1.0,10.0,-2.0,Home,4.0,2.0,10.0,0:58, ,,,,,,,,,,,,,,,21080,,,,,,,,,0,0.0,0.0,0.0,0.0,0.0
2023,FOOTBALL_XFL_2023_3_18_DC@STL,DC,8,STL,5,outdoors,166,1679184627.0,72627,2023-03-19 00:10:27.000000,EventFootballPass,2-12-STL 14 (3:11) 10 A. McCarron pass to 11 D. Shepherd to STL 22 for 8 yards (21 M. Nicholson),,True,2,3,11,Half1,MaSourceTypeOfficialScoring,FOOTBALL_XFL_2023_3_18_DC@STL,,QBStat,62,2302018-DC-at-STL,191,191,1991,3:11,5,,,1.0,STL,DC,0.0,3,2,2.0,2.0,Home,14,8,86.0,0,8,3,22892,,,,StatusOfficial,ResultPassComplete,,,,22026,21822,2.0,12.0,8.0,Home,4.0,3.0,18.0,1:33, ,,,,,,,,,,,,,,,,,,,,,,,,0,0.0,0.0,0.0,0.0,0.0
2023,FOOTBALL_XFL_2023_3_18_DC@STL,DC,8,STL,5,outdoors,168,1679184675.0,72675,2023-03-19 00:11:15.000000,EventFootballPenalty,"3-4-STL 22 (2:34) PENALTY on 73 J. Bushell-Beatty, 5 yards",,True,2,2,34,Half1,MaSourceTypeOfficialScoring,FOOTBALL_XFL_2023_3_18_DC@STL,,QBStat,63,2302018-DC-at-STL,154,154,1954,2:34,5,,,1.0,STL,DC,0.0,3,2,2.0,2.0,Home,22,8,78.0,0,8,3,,,,,StatusOfficial,,,,,,,3.0,4.0,,Home,4.0,3.0,13.0,2:00, ,,5,22443,5.0,ResultPenaltyRepeatdown,NA,,,,,,,,,,,,,,,,,,0,0.0,0.0,0.0,0.0,0.0
2023,FOOTBALL_XFL_2023_3_18_DC@STL,DC,8,STL,5,outdoors,411,1679184725.0,72725,2023-03-19 00:12:05.000000,EventFootballSack,"3-9-STL 17 (2:06) 10 A. McCarron sacked at STL 17 for 0 yards Fumbled by 10 A. McCarron,  Forced by 48 A. Mintze Recovered by 21 M. Nicholson (48 A. Mintze)",,True,2,2,6,Half1,MaSourceTypeOfficialScoring,FOOTBALL_XFL_2023_3_18_DC@STL,,QBStat,64,2302018-DC-at-STL,126,126,1926,2:06,5,,,1.0,STL,DC,0.0,3,2,2.0,2.0,Home,17,8,83.0,0,8,3,,,,,StatusOfficial,,,Home,14.0,22026,,3.0,9.0,0.0,Home,4.0,4.0,10.0,2:39,FUMBLE,,,,,,,,,,,,,,,21080,,,,5,22026,8,22892,21080,0,0.0,0.0,0.0,0.0,0.0
2023,FOOTBALL_XFL_2023_3_18_DC@STL,DC,8,STL,5,outdoors,172,1679184775.0,72775,2023-03-19 00:12:55.000000,EventFootballRush,1-10-STL 14 (2:02) 4 A. Smith rush to STL 10 for 4 yards (28 B. DeLuca),,True,2,2,2,Half1,MaSourceTypeOfficialScoring,FOOTBALL_XFL_2023_3_18_DC@STL,,QBStat,65,2302018-DC-at-STL,122,122,1922,2:02,8,,,0.0,DC,STL,0.0,3,2,3.0,3.0,Home,14,9,14.0,0,8,3,20381,,,,StatusOfficial,,,,,,,1.0,10.0,4.0,Home,14.0,1.0,4.0,0:05, ,21427,,,,,,,,,,,,,,,,,,,,,,,0,0.0,0.0,0.0,0.0,0.0
2023,FOOTBALL_XFL_2023_3_18_DC@STL,DC,8,STL,5,outdoors,180,1679184971.0,72971,2023-03-19 00:16:11.000000,EventFootballPass,"2-6-STL 10 (1:57) 10 J. Ta'amu pass incomplete to 11 L. Jackson PENALTY on 96 L. London, 5 yards",,True,2,1,57,Half1,MaSourceTypeOfficialScoring,FOOTBALL_XFL_2023_3_18_DC@STL,,QBStat,66,2302018-DC-at-STL,117,117,1917,1:57,8,,,0.0,DC,STL,0.0,3,2,3.0,3.0,Home,10,9,10.0,0,8,3,,,,,StatusOfficial,ResultPassIncomplete,,,,22296,20766,2.0,6.0,,Home,14.0,2.0,9.0,0:07, ,,5,20965,5.0,ResultPenaltyRepeatdown,NA,,,,,,,,,,,,,,,,,,0,0.0,0.0,0.0,0.0,0.0
2023,FOOTBALL_XFL_2023_3_18_DC@STL,DC,8,STL,5,outdoors,177,1679185008.0,73008,2023-03-19 00:16:48.000000,EventFootballRush,"2-1-STL 5 (1:54) 4 A. Smith rush for 5 yards, TOUCHDOWN",,True,2,1,54,Half1,MaSourceTypeOfficialScoring,FOOTBALL_XFL_2023_3_18_DC@STL,,QBStat,67,2302018-DC-at-STL,114,114,1914,1:54,8,,,0.0,DC,STL,0.0,3,2,3.0,3.0,Home,5,9,5.0,0,8,3,,,,,StatusOfficial,,,,,,,2.0,1.0,5.0,Home,14.0,3.0,14.0,0:12,TD,21427,,,,,,,,,,,,ScoreTypeTd,,,,,,,,,,,0,0.0,1.0,0.0,0.0,1.0
2023,FOOTBALL_XFL_2023_3_18_DC@STL,DC,8,STL,5,outdoors,179,1679185041.0,73041,2023-03-19 00:17:21.000000,EventFootballPat2PtRush,4 A. Smith 2-pt conversion rush attempt NO GOOD,,True,2,1,52,Half1,MaSourceTypeOfficialScoring,FOOTBALL_XFL_2023_3_18_DC@STL,,QBStat,68,2302018-DC-at-STL,112,112,1912,1:52,8,,,0.0,DC,STL,0.0,3,2,3.0,3.0,Home,5,9,5.0,0,14,3,,,,,StatusOfficial,,,,,,,,,4.0,,,,,,,21427,,,,,,,,,,,,,2.0,,,,,,,,,,0,0.0,0.0,0.0,0.0,0.0
2023,FOOTBALL_XFL_2023_3_18_DC@STL,DC,8,STL,5,outdoors,183,1679185133.0,73133,2023-03-19 00:18:53.000000,EventFootballKickoff,34 M. McCrane kicks from DC 30. 11 D. Shepherd to DC 45 for 52 yards (2 E. Dungey),,True,2,1,52,Half1,MaSourceTypeOfficialScoring,FOOTBALL_XFL_2023_3_18_DC@STL,,QBStat,69,2302018-DC-at-STL,112,112,1912,1:52,5,,,1.0,STL,DC,0.0,3,2,2.0,2.0,Visitor,30,10,30.0,0,14,3,20419,,34,20766,StatusOfficial,ResultKickReturned,52.0,Visitor,45.0,,,,,,,,,,,,,,,,,,,,,,,,,,,,,,,,,,,0,0.0,0.0,0.0,0.0,0.0
2023,FOOTBALL_XFL_2023_3_18_DC@STL,DC,8,STL,5,outdoors,185,1679185195.0,73195,2023-03-19 00:19:55.000000,EventFootballPenalty,"1-10-DC 45 (1:38) PENALTY on 78 V. Alexander, 10 yards",,True,2,1,38,Half1,MaSourceTypeOfficialScoring,FOOTBALL_XFL_2023_3_18_DC@STL,,QBStat,70,2302018-DC-at-STL,98,98,1898,1:38,5,,,1.0,STL,DC,0.0,3,2,2.0,2.0,Visitor,45,10,45.0,0,14,3,,,,,StatusOfficial,,,,,,,1.0,10.0,,Visitor,45.0,,-10.0,0:14, ,,5,21843,10.0,ResultPenaltyRepeatdown,NA,,,,,,,,,,,,,,,,,,0,0.0,0.0,0.0,0.0,0.0
2023,FOOTBALL_XFL_2023_3_18_DC@STL,DC,8,STL,5,outdoors,188,1679185236.0,73236,2023-03-19 00:20:36.000000,EventFootballSack,1-20-STL 45 (1:34) 10 A. McCarron sacked at STL 39 for -6 yards (31 C. Lewis),,True,2,1,34,Half1,MaSourceTypeOfficialScoring,FOOTBALL_XFL_2023_3_18_DC@STL,,QBStat,71,2302018-DC-at-STL,94,94,1894,1:34,5,,,1.0,STL,DC,0.0,3,2,2.0,2.0,Home,45,10,55.0,0,14,3,,,,,StatusOfficial,,,,,22026,,1.0,20.0,-6.0,Visitor,45.0,1.0,-16.0,0:35, ,,,,,,,,,,,,,,,20951,,,,,,,,,0,0.0,0.0,0.0,0.0,0.0
2023,FOOTBALL_XFL_2023_3_18_DC@STL,DC,8,STL,5,outdoors,191,1679185278.0,73278,2023-03-19 00:21:18.000000,EventFootballPass,"2-26-STL 39 (0:52) 10 A. McCarron pass to 88 H. Butler to DC 40 for 21 yards (15 M. Joseph, 31 C. Lewis)",,True,2,0,52,Half1,MaSourceTypeOfficialScoring,FOOTBALL_XFL_2023_3_18_DC@STL,,QBStat,72,2302018-DC-at-STL,52,52,1852,0:52,5,,,1.0,STL,DC,0.0,3,2,2.0,2.0,Home,39,10,61.0,0,14,3,22862,20951,,,StatusOfficial,ResultPassComplete,,,,22026,22333,2.0,26.0,21.0,Visitor,45.0,2.0,5.0,1:09, ,,,,,,,,,,,,,,,,,,,,,,,,0,0.0,0.0,0.0,0.0,0.0
2023,FOOTBALL_XFL_2023_3_18_DC@STL,DC,8,STL,5,outdoors,193,1679185322.0,73322,2023-03-19 00:22:02.000000,EventFootballTimeout,Timeout by St. Louis Battlehawks at 0:43,,True,2,0,43,Half1,MaSourceTypeOfficialScoring,FOOTBALL_XFL_2023_3_18_DC@STL,,QBStat,73,2302018-DC-at-STL,43,43,1843,0:43,5,,,1.0,STL,DC,0.0,3,2,2.0,2.0,Visitor,40,10,40.0,0,14,3,,,,,StatusOfficial,,,,,,,3.0,5.0,,Visitor,45.0,2.0,5.0,1:09, ,,,,,,,,,,,,5,,,,,,,,,,,,0,0.0,0.0,0.0,0.0,0.0
2023,FOOTBALL_XFL_2023_3_18_DC@STL,DC,8,STL,5,outdoors,195,1679185386.0,73386,2023-03-19 00:23:06.000000,EventFootballPenalty,"3-5-DC 40 (0:45) PENALTY on 77 E. Magwood, 5 yards",,True,2,0,45,Half1,MaSourceTypeOfficialScoring,FOOTBALL_XFL_2023_3_18_DC@STL,,QBStat,74,2302018-DC-at-STL,45,45,1845,0:45,5,,,1.0,STL,DC,0.0,3,1,1.0,1.0,Visitor,40,10,40.0,0,14,3,,,,,StatusOfficial,,,,,,,3.0,5.0,,Visitor,45.0,2.0,,1:07, ,,5,22869,5.0,ResultPenaltyRepeatdown,NA,,,,,,,,,,,,,,,,,,0,0.0,0.0,0.0,0.0,0.0
2023,FOOTBALL_XFL_2023_3_18_DC@STL,DC,8,STL,5,outdoors,197,1679185432.0,73432,2023-03-19 00:23:52.000000,EventFootballPass,3-10-DC 45 (0:41) 10 A. McCarron pass incomplete to 23 B. Hill,,True,2,0,41,Half1,MaSourceTypeOfficialScoring,FOOTBALL_XFL_2023_3_18_DC@STL,,QBStat,75,2302018-DC-at-STL,41,41,1841,0:41,5,,,1.0,STL,DC,0.0,3,1,1.0,1.0,Visitor,45,10,45.0,0,14,3,,,,,StatusOfficial,ResultPassIncomplete,,,,22026,20688,3.0,10.0,,Visitor,45.0,3.0,,1:11, ,,,,,,,,,,,,,,,,,,,,,,,,0,0.0,0.0,0.0,0.0,0.0
2023,FOOTBALL_XFL_2023_3_18_DC@STL,DC,8,STL,5,outdoors,199,1679185468.0,73468,2023-03-19 00:24:28.000000,EventFootballPunt,"4-10-DC 45 (0:40) 16 S. Hofrichter punts 20 yards, downed at DC 18",,True,2,0,40,Half1,MaSourceTypeOfficialScoring,FOOTBALL_XFL_2023_3_18_DC@STL,,QBStat,76,2302018-DC-at-STL,40,40,1840,0:40,5,,,1.0,STL,DC,0.0,3,1,1.0,1.0,Visitor,45,10,45.0,0,14,3,,,,,StatusOfficial,ResultKickDowned,,Visitor,18.0,,,4.0,10.0,,Visitor,45.0,3.0,,1:12,PUNT,,,,,,,,20704,,20.0,,,,,,,,,,,,,,1,0.0,0.0,0.0,0.0,0.0
2023,FOOTBALL_XFL_2023_3_18_DC@STL,DC,8,STL,5,outdoors,203,1679185520.0,73520,2023-03-19 00:25:20.000000,EventFootballRush,"1-10-DC 18 (0:27) 4 A. Smith rush to DC 21 for 3 yards (96 L. London, 51 W. Harvey)",,True,2,0,27,Half1,MaSourceTypeOfficialScoring,FOOTBALL_XFL_2023_3_18_DC@STL,,QBStat,77,2302018-DC-at-STL,27,27,1827,0:27,8,,,0.0,DC,STL,0.0,3,1,3.0,3.0,Visitor,18,11,82.0,0,14,3,20965,20647,,,StatusOfficial,,,,,,,1.0,10.0,3.0,Visitor,18.0,1.0,3.0,0:29,HALF,21427,,,,,,,,,,,,,,,,,,,,,,,0,0.0,0.0,0.0,0.0,0.0
2023,FOOTBALL_XFL_2023_3_18_DC@STL,DC,8,STL,5,outdoors,204,1679185552.107995,,2023-03-19 00:25:52.107995,EventPeriodEnd,Halftime Marker,,True,2,0,0,Half1,MaSourceTypeOfficialScoring,FOOTBALL_XFL_2023_3_18_DC@STL,,QBStat,10010,2302018-DC-at-STL,0,0,1800,0:00,8,,,0.0,DC,STL,0.0,3,3,3.0,3.0,Visitor,21,11,79.0,0,14,3,,,,,,,,,,,,2.0,7.0,,,,,,,,,,,,,,,,,,,,,,,,,,,,,,,0,0.0,0.0,0.0,0.0,0.0
2023,FOOTBALL_XFL_2023_3_18_DC@STL,DC,8,STL,5,outdoors,212,1679186243.0,74243,2023-03-19 00:37:23.000000,EventFootballKickoff,"34 M. McCrane kicks from DC 30. 11 D. Shepherd to DC 16 for 80 yards (31 C. Lewis, 2 E. Dungey)",,True,3,15,0,Half2,MaSourceTypeOfficialScoring,FOOTBALL_XFL_2023_3_18_DC@STL,,QBStat,78,2302018-DC-at-STL,900,1800,1800,15:00,5,,,1.0,STL,DC,0.0,3,3,3.0,3.0,Visitor,30,12,30.0,0,14,3,20951,20419,34,20766,StatusOfficial,ResultKickReturned,80.0,Visitor,16.0,,,,,,,,,,,,,,,,,,,,,,,,,,,,,,,,,,,0,0.0,0.0,0.0,0.0,0.0
2023,FOOTBALL_XFL_2023_3_18_DC@STL,DC,8,STL,5,outdoors,211,1679186328.0,74328,2023-03-19 00:38:48.000000,EventFootballRush,1-10-DC 16 (14:40) 23 B. Hill rush to DC 16 for 0 yards (5 R. Northrup),,True,3,14,40,Half2,MaSourceTypeOfficialScoring,FOOTBALL_XFL_2023_3_18_DC@STL,,QBStat,79,2302018-DC-at-STL,880,1780,1780,14:40,5,,,1.0,STL,DC,0.0,3,3,3.0,3.0,Visitor,16,12,16.0,0,14,3,21148,,,,StatusOfficial,,,,,,,1.0,10.0,0.0,Visitor,16.0,1.0,,0:26, ,20688,,,,,,,,,,,,,,,,,,,,,,,0,0.0,0.0,0.0,0.0,0.0
2023,FOOTBALL_XFL_2023_3_18_DC@STL,DC,8,STL,5,outdoors,214,1679186366.0,74366,2023-03-19 00:39:26.000000,EventFootballPass,2-10-DC 16 (14:08) 10 A. McCarron pass incomplete to 88 H. Butler,,True,3,14,8,Half2,MaSourceTypeOfficialScoring,FOOTBALL_XFL_2023_3_18_DC@STL,,QBStat,80,2302018-DC-at-STL,848,1748,1748,14:08,5,,,1.0,STL,DC,0.0,3,3,3.0,3.0,Visitor,16,12,16.0,0,14,3,,,,,StatusOfficial,ResultPassIncomplete,,,,22026,22333,2.0,10.0,,Visitor,16.0,2.0,,0:53, ,,,,,,,,,,,,,,,,,,,,,,,,0,0.0,0.0,0.0,0.0,0.0
2023,FOOTBALL_XFL_2023_3_18_DC@STL,DC,8,STL,5,outdoors,216,1679186401.0,74401,2023-03-19 00:40:01.000000,EventFootballPass,3-10-DC 16 (13:36) 10 A. McCarron pass incomplete to 22 S. Mitchell,,True,3,13,36,Half2,MaSourceTypeOfficialScoring,FOOTBALL_XFL_2023_3_18_DC@STL,,QBStat,81,2302018-DC-at-STL,816,1716,1716,13:36,5,,,1.0,STL,DC,0.0,3,3,3.0,3.0,Visitor,16,12,16.0,0,14,3,,,,,StatusOfficial,ResultPassIncomplete,,,,22026,21081,3.0,10.0,,Visitor,16.0,3.0,,1:24, ,,,,,,,,,,,,,,,,,,,,,,,,0,0.0,0.0,0.0,0.0,0.0
2023,FOOTBALL_XFL_2023_3_18_DC@STL,DC,8,STL,5,outdoors,218,1679186428.0,74428,2023-03-19 00:40:28.000000,EventFootballFg,4-10-DC 16 (13:16) 2 D. Hageman 34 yard field goal is GOOD,,True,3,13,16,Half2,MaSourceTypeOfficialScoring,FOOTBALL_XFL_2023_3_18_DC@STL,,QBStat,82,2302018-DC-at-STL,796,1696,1696,13:16,5,,,1.0,STL,DC,0.0,3,3,3.0,3.0,Visitor,16,12,16.0,0,14,3,,,22008,,StatusOfficial,ResultKickMade,,,,,,4.0,10.0,34.0,Visitor,16.0,4.0,,1:44,FG,,,,,,,,,,,,,ScoreTypeFg,,,,,,,,,,,0,0.0,0.0,1.0,1.0,0.0
2023,FOOTBALL_XFL_2023_3_18_DC@STL,DC,8,STL,5,outdoors,221,1679186517.0,74517,2023-03-19 00:41:57.000000,EventFootballKickoff,"2 D. Hageman kicks from STL 30. 12 J. Ezzard to DC 27 for 20 yards (27 M. Rose, 51 W. Harvey)",,True,3,13,7,Half2,MaSourceTypeOfficialScoring,FOOTBALL_XFL_2023_3_18_DC@STL,,QBStat,83,2302018-DC-at-STL,787,1687,1687,13:07,8,,,0.0,DC,STL,0.0,3,3,3.0,3.0,Home,30,13,30.0,0,14,6,21340,20647,20419,22038,StatusOfficial,ResultKickReturned,20.0,Visitor,27.0,,,,,,,,,,,,,,,,,,,,,,,,,,,,,,,,,,,0,0.0,0.0,0.0,0.0,0.0
2023,FOOTBALL_XFL_2023_3_18_DC@STL,DC,8,STL,5,outdoors,223,1679186577.0,74577,2023-03-19 00:42:57.000000,EventFootballRush,"1-10-DC 27 (12:59) 4 A. Smith rush to DC 30 for 3 yards (27 M. Rose, 96 L. London)",,True,3,12,59,Half2,MaSourceTypeOfficialScoring,FOOTBALL_XFL_2023_3_18_DC@STL,,QBStat,84,2302018-DC-at-STL,779,1679,1679,12:59,8,,,0.0,DC,STL,0.0,3,3,3.0,3.0,Visitor,27,13,73.0,0,14,6,21340,20965,,,StatusOfficial,,,,,,,1.0,10.0,3.0,Visitor,27.0,1.0,3.0,0:22, ,21427,,,,,,,,,,,,,,,,,,,,,,,0,0.0,0.0,0.0,0.0,0.0
2023,FOOTBALL_XFL_2023_3_18_DC@STL,DC,8,STL,5,outdoors,225,1679186651.0,74651,2023-03-19 00:44:11.000000,EventFootballRush,"2-7-DC 30 (12:24) 4 A. Smith rush for 70 yards, TOUCHDOWN",,True,3,12,24,Half2,MaSourceTypeOfficialScoring,FOOTBALL_XFL_2023_3_18_DC@STL,,QBStat,85,2302018-DC-at-STL,744,1644,1644,12:24,8,,,0.0,DC,STL,0.0,3,3,3.0,3.0,Visitor,30,13,70.0,0,14,6,,,,,StatusOfficial,,,,,,,2.0,7.0,70.0,Visitor,27.0,2.0,73.0,0:51,TD,21427,,,,,,,,,,,,ScoreTypeTd,,,,,,,,,,,0,0.0,1.0,0.0,0.0,1.0
2023,FOOTBALL_XFL_2023_3_18_DC@STL,DC,8,STL,5,outdoors,228,1679186695.0,74695,2023-03-19 00:44:55.000000,EventFootballPat2PtPass,3 D. King 2-pt conversion pass to 18 A. Ellis NO GOOD,,True,3,12,16,Half2,MaSourceTypeOfficialScoring,FOOTBALL_XFL_2023_3_18_DC@STL,,QBStat,86,2302018-DC-at-STL,736,1636,1636,12:16,8,,,0.0,DC,STL,0.0,3,3,3.0,3.0,Home,5,13,5.0,0,20,6,,,,,StatusOfficial,ResultPassInterception,,,,21981,20448,,,,,,,,,,,,,,,,,,,,,,,2.0,,21389,,,,,,,,0,0.0,0.0,0.0,0.0,0.0
2023,FOOTBALL_XFL_2023_3_18_DC@STL,DC,8,STL,5,outdoors,230,1679186915.0,74915,2023-03-19 00:48:35.000000,EventFootballKickoff,"34 M. McCrane kicks 65 yards from DC 30 to end zone, Touchback",,True,3,12,16,Half2,MaSourceTypeOfficialScoring,FOOTBALL_XFL_2023_3_18_DC@STL,,QBStat,87,2302018-DC-at-STL,736,1636,1636,12:16,5,,,1.0,STL,DC,0.0,3,3,3.0,3.0,Visitor,30,14,30.0,0,20,6,,,34,,StatusOfficial,ResultKickTouchback,,Home,35.0,,,,,,,,,,,,,,,,,,,,,,,,,,,,65.0,,,,,,,0,0.0,0.0,0.0,0.0,0.0
2023,FOOTBALL_XFL_2023_3_18_DC@STL,DC,8,STL,5,outdoors,233,1679186968.0,74968,2023-03-19 00:49:28.000000,EventFootballRush,"1-10-STL 35 (12:13) 23 B. Hill rush to STL 41 for 6 yards (5 R. Northrup, 97 C. Reid)",,True,3,12,13,Half2,MaSourceTypeOfficialScoring,FOOTBALL_XFL_2023_3_18_DC@STL,,QBStat,88,2302018-DC-at-STL,733,1633,1633,12:13,5,,,1.0,STL,DC,0.0,3,3,3.0,3.0,Home,35,14,65.0,0,20,6,21148,22356,,,StatusOfficial,,,,,,,1.0,10.0,6.0,Home,35.0,1.0,6.0,0:25, ,20688,,,,,,,,,,,,,,,,,,,,,,,0,0.0,0.0,0.0,0.0,0.0
2023,FOOTBALL_XFL_2023_3_18_DC@STL,DC,8,STL,5,outdoors,235,1679187001.0,75001,2023-03-19 00:50:01.000000,EventFootballPass,2-4-STL 41 (11:40) 10 A. McCarron pass to 23 B. Hill to STL 44 for 3 yards (98 G. Wright),,True,3,11,40,Half2,MaSourceTypeOfficialScoring,FOOTBALL_XFL_2023_3_18_DC@STL,,QBStat,89,2302018-DC-at-STL,700,1600,1600,11:40,5,,,1.0,STL,DC,0.0,3,3,3.0,3.0,Home,41,14,59.0,0,20,6,21720,,,,StatusOfficial,ResultPassComplete,,,,22026,20688,2.0,4.0,3.0,Home,35.0,2.0,9.0,0:48, ,,,,,,,,,,,,,,,,,,,,,,,,0,0.0,0.0,0.0,0.0,0.0
2023,FOOTBALL_XFL_2023_3_18_DC@STL,DC,8,STL,5,outdoors,238,1679187042.0,75042,2023-03-19 00:50:42.000000,EventFootballRush,3-1-STL 44 (10:59) 23 B. Hill rush to DC 38 for 18 yards (21 M. Nicholson),,True,3,10,59,Half2,MaSourceTypeOfficialScoring,FOOTBALL_XFL_2023_3_18_DC@STL,,QBStat,90,2302018-DC-at-STL,659,1559,1559,10:59,5,,,1.0,STL,DC,0.0,3,3,3.0,3.0,Home,44,14,56.0,0,20,6,22892,,,,StatusOfficial,,,,,,,3.0,1.0,18.0,Home,35.0,3.0,27.0,1:41, ,20688,,,,,,,,,,,,,,,,,,,,,,,0,0.0,0.0,0.0,0.0,0.0
2023,FOOTBALL_XFL_2023_3_18_DC@STL,DC,8,STL,5,outdoors,240,1679187078.0,75078,2023-03-19 00:51:18.000000,EventFootballPass,1-10-DC 38 (10:24) 10 A. McCarron pass to 88 H. Butler to DC 35 for 3 yards (24 A. Kelly),,True,3,10,24,Half2,MaSourceTypeOfficialScoring,FOOTBALL_XFL_2023_3_18_DC@STL,,QBStat,91,2302018-DC-at-STL,624,1524,1524,10:24,5,,,1.0,STL,DC,0.0,3,3,3.0,3.0,Visitor,38,14,38.0,0,20,6,20873,,,,StatusOfficial,ResultPassComplete,,,,22026,22333,1.0,10.0,3.0,Home,35.0,4.0,30.0,2:01, ,,,,,,,,,,,,,,,,,,,,,,,,0,0.0,0.0,0.0,0.0,0.0
2023,FOOTBALL_XFL_2023_3_18_DC@STL,DC,8,STL,5,outdoors,242,1679187111.0,75111,2023-03-19 00:51:51.000000,EventFootballRush,"2-7-DC 35 (9:51) 23 B. Hill rush to DC 30 for 5 yards (5 R. Northrup, 57 A. Hines)",,True,3,9,51,Half2,MaSourceTypeOfficialScoring,FOOTBALL_XFL_2023_3_18_DC@STL,,QBStat,92,2302018-DC-at-STL,591,1491,1491,9:51,5,,,1.0,STL,DC,0.0,3,3,3.0,3.0,Visitor,35,14,35.0,0,20,6,21148,20699,,,StatusOfficial,,,,,,,2.0,7.0,5.0,Home,35.0,5.0,35.0,2:39, ,20688,,,,,,,,,,,,,,,,,,,,,,,0,0.0,0.0,0.0,0.0,0.0
2023,FOOTBALL_XFL_2023_3_18_DC@STL,DC,8,STL,5,outdoors,244,1679187149.0,75149,2023-03-19 00:52:29.000000,EventFootballPass,3-2-DC 30 (9:13) 10 A. McCarron pass to 11 D. Shepherd to DC 20 for 10 yards (38 N. Rouse),,True,3,9,13,Half2,MaSourceTypeOfficialScoring,FOOTBALL_XFL_2023_3_18_DC@STL,,QBStat,93,2302018-DC-at-STL,553,1453,1453,9:13,5,,,1.0,STL,DC,0.0,3,3,3.0,3.0,Visitor,30,14,30.0,0,20,6,21350,,,,StatusOfficial,ResultPassComplete,,,,22026,21822,3.0,2.0,10.0,Home,35.0,6.0,45.0,3:18, ,,,,,,,,,,,,,,,,,,,,,,,,0,0.0,0.0,0.0,0.0,0.0
2023,FOOTBALL_XFL_2023_3_18_DC@STL,DC,8,STL,5,outdoors,247,1679187182.0,75182,2023-03-19 00:53:02.000000,EventFootballRush,"1-10-DC 20 (8:40) 0 K. Walker rush to DC 19 for 1 yard (96 J. Panasiuk, 26 D. Neal)",,True,3,8,40,Half2,MaSourceTypeOfficialScoring,FOOTBALL_XFL_2023_3_18_DC@STL,,QBStat,94,2302018-DC-at-STL,520,1420,1420,8:40,5,,,1.0,STL,DC,0.0,3,3,3.0,3.0,Visitor,20,14,20.0,0,20,6,21182,21133,,,StatusOfficial,,,,,,,1.0,10.0,1.0,Home,35.0,7.0,46.0,3:49, ,22033,,,,,,,,,,,,,,,,,,,,,,,0,0.0,0.0,0.0,0.0,0.0
2023,FOOTBALL_XFL_2023_3_18_DC@STL,DC,8,STL,5,outdoors,249,1679187292.0,75292,2023-03-19 00:54:52.000000,EventFootballPass,2-9-DC 19 (8:08) 10 A. McCarron pass to 88 H. Butler to DC 8 for 11 yards (31 C. Lewis),,True,3,8,8,Half2,MaSourceTypeOfficialScoring,FOOTBALL_XFL_2023_3_18_DC@STL,,QBStat,95,2302018-DC-at-STL,488,1388,1388,8:08,5,,,1.0,STL,DC,0.0,3,3,3.0,3.0,Visitor,19,14,19.0,0,20,6,20951,,,,StatusOfficial,ResultPassComplete,,,,22026,22333,2.0,9.0,11.0,Home,35.0,8.0,57.0,4:21, ,,,,,,,,,,,,,,,,,,,,,,,,0,0.0,0.0,0.0,0.0,0.0
2023,FOOTBALL_XFL_2023_3_18_DC@STL,DC,8,STL,5,outdoors,251,1679187334.0,75334,2023-03-19 00:55:34.000000,EventFootballPass,1-8-DC 8 (7:34) 10 A. McCarron pass incomplete to 88 H. Butler,,True,3,7,34,Half2,MaSourceTypeOfficialScoring,FOOTBALL_XFL_2023_3_18_DC@STL,,QBStat,96,2302018-DC-at-STL,454,1354,1354,7:34,5,,,1.0,STL,DC,0.0,3,3,3.0,3.0,Visitor,8,14,8.0,0,20,6,,,,,StatusOfficial,ResultPassIncomplete,,,,22026,22333,1.0,8.0,,Home,35.0,9.0,57.0,4:42, ,,,,,,,,,,,,,,,,,,,,,,,,0,0.0,0.0,0.0,0.0,0.0
2023,FOOTBALL_XFL_2023_3_18_DC@STL,DC,8,STL,5,outdoors,253,1679187374.0,75374,2023-03-19 00:56:14.000000,EventFootballPass,2-8-DC 8 (7:01) 10 A. McCarron pass to 88 H. Butler to DC 5 for 3 yards (9 K. Sails),,True,3,7,1,Half2,MaSourceTypeOfficialScoring,FOOTBALL_XFL_2023_3_18_DC@STL,,QBStat,97,2302018-DC-at-STL,421,1321,1321,7:01,5,,,1.0,STL,DC,0.0,3,3,3.0,3.0,Visitor,8,14,8.0,0,20,6,21360,,,,StatusOfficial,ResultPassComplete,,,,22026,22333,2.0,8.0,3.0,Home,35.0,10.0,60.0,5:29, ,,,,,,,,,,,,,,,,,,,,,,,,0,0.0,0.0,0.0,0.0,0.0
2023,FOOTBALL_XFL_2023_3_18_DC@STL,DC,8,STL,5,outdoors,255,1679187417.0,75417,2023-03-19 00:56:57.000000,EventFootballPass,"3-5-DC 5 (6:20) 10 A. McCarron pass to 15 G. Campbell for 5 yards, TOUCHDOWN",,True,3,6,20,Half2,MaSourceTypeOfficialScoring,FOOTBALL_XFL_2023_3_18_DC@STL,,QBStat,98,2302018-DC-at-STL,380,1280,1280,6:20,5,,,1.0,STL,DC,0.0,3,3,3.0,3.0,Visitor,5,14,5.0,0,20,6,,,,,StatusOfficial,ResultPassComplete,,,,22026,20249,3.0,5.0,5.0,Home,35.0,11.0,65.0,5:56,TD,,,,,,,,,,,,,ScoreTypeTd,,,,,,,,,,,0,1.0,0.0,0.0,0.0,1.0
2023,FOOTBALL_XFL_2023_3_18_DC@STL,DC,8,STL,5,outdoors,258,1679187448.0,75448,2023-03-19 00:57:28.000000,EventFootballPat2PtRush,10 A. McCarron 2-pt conversion rush attempt NO GOOD,,True,3,6,20,Half2,MaSourceTypeOfficialScoring,FOOTBALL_XFL_2023_3_18_DC@STL,,QBStat,99,2302018-DC-at-STL,380,1280,1280,6:20,5,,,1.0,STL,DC,0.0,3,3,3.0,3.0,Visitor,5,14,5.0,0,20,12,,,,,StatusOfficial,,,,,,,,,3.0,,,,,,,22026,,,,,,,,,,,,,2.0,,,,,,,,,,0,0.0,0.0,0.0,0.0,0.0
2023,FOOTBALL_XFL_2023_3_18_DC@STL,DC,8,STL,5,outdoors,267,1679187700.0,75700,2023-03-19 01:01:40.000000,EventFootballKickoff,"2 D. Hageman kicks from STL 30. 12 J. Ezzard to DC 20 for 31 yards (51 W. Harvey) PENALTY on 88 B. Moore-Mckinney, 15 yards",,True,3,6,20,Half2,MaSourceTypeOfficialScoring,FOOTBALL_XFL_2023_3_18_DC@STL,,QBStat,100,2302018-DC-at-STL,380,1280,1280,6:20,8,,,0.0,DC,STL,0.0,3,3,3.0,3.0,Home,30,15,30.0,0,20,12,20647,,20419,22038,StatusOfficial,ResultKickReturned,31.0,Visitor,20.0,,,,,,,,,,,,,8,21983,15.0,ResultPenaltyAuto1Stdown,NA,,,,,,,,,,,,,,,,,,0,0.0,0.0,0.0,0.0,0.0
2023,FOOTBALL_XFL_2023_3_18_DC@STL,DC,8,STL,5,outdoors,264,1679187804.0,75804,2023-03-19 01:03:24.000000,EventFootballRush,"1-10-DC 20 (6:02) 4 A. Smith rush to DC 22 for 2 yards (96 L. London, 25 L. Denis)",,True,3,6,2,Half2,MaSourceTypeOfficialScoring,FOOTBALL_XFL_2023_3_18_DC@STL,,QBStat,101,2302018-DC-at-STL,362,1262,1262,6:02,8,,,0.0,DC,STL,0.0,3,3,3.0,3.0,Visitor,20,15,80.0,0,20,12,20965,20385,,,StatusOfficial,,,,,,,1.0,10.0,2.0,Visitor,20.0,1.0,2.0,0:31, ,21427,,,,,,,,,,,,,,,,,,,,,,,0,0.0,0.0,0.0,0.0,0.0
2023,FOOTBALL_XFL_2023_3_18_DC@STL,DC,8,STL,5,outdoors,266,1679187832.0,75832,2023-03-19 01:03:52.000000,EventFootballPass,"2-8-DC 22 (5:34) 10 J. Ta'amu pass to 0 J. Hammond to DC 25 for 3 yards (51 W. Harvey, 25 L. Denis)",,True,3,5,34,Half2,MaSourceTypeOfficialScoring,FOOTBALL_XFL_2023_3_18_DC@STL,,QBStat,102,2302018-DC-at-STL,334,1234,1234,5:34,8,,,0.0,DC,STL,0.0,3,3,3.0,3.0,Visitor,22,15,78.0,0,20,12,20647,20385,,,StatusOfficial,ResultPassComplete,,,,22296,20618,2.0,8.0,3.0,Visitor,20.0,2.0,5.0,1:01, ,,,,,,,,,,,,,,,,,,,,,,,,0,0.0,0.0,0.0,0.0,0.0
2023,FOOTBALL_XFL_2023_3_18_DC@STL,DC,8,STL,5,outdoors,269,1679187893.0,75893,2023-03-19 01:04:53.000000,EventFootballPass,3-5-DC 25 (4:45) 10 J. Ta'amu pass incomplete to 0 J. Hammond,,True,3,4,45,Half2,MaSourceTypeOfficialScoring,FOOTBALL_XFL_2023_3_18_DC@STL,,QBStat,103,2302018-DC-at-STL,285,1185,1185,4:45,8,,,0.0,DC,STL,0.0,3,3,3.0,3.0,Visitor,25,15,75.0,0,20,12,,,,,StatusOfficial,ResultPassIncomplete,,,,22296,20618,3.0,5.0,,Visitor,20.0,3.0,5.0,1:35, ,,,,,,,,,,,,,,,,,,,,,,,,0,0.0,0.0,0.0,0.0,0.0
2023,FOOTBALL_XFL_2023_3_18_DC@STL,DC,8,STL,5,outdoors,273,1679187931.0,75931,2023-03-19 01:05:31.000000,EventFootballPunt,4-5-DC 25 (4:13) 19 D. Whelan punts 43 yards from DC 25 to STL 32. 13 A. Proehl to STL 35 for 3 yards (9 K. Sails),,True,3,4,13,Half2,MaSourceTypeOfficialScoring,FOOTBALL_XFL_2023_3_18_DC@STL,,QBStat,104,2302018-DC-at-STL,253,1153,1153,4:13,8,,,0.0,DC,STL,0.0,3,3,3.0,3.0,Visitor,25,15,75.0,0,20,12,20651,,,,StatusOfficial,ResultKickReturned,,Home,35.0,,,4.0,5.0,,Visitor,20.0,3.0,5.0,2:07,PUNT,,,,,,,,21835,21263,43.0,3.0,,,,,,,,,,,,,1,0.0,0.0,0.0,0.0,0.0
2023,FOOTBALL_XFL_2023_3_18_DC@STL,DC,8,STL,5,outdoors,275,1679187997.0,75997,2023-03-19 01:06:37.000000,EventFootballRush,1-10-STL 35 (4:02) 23 B. Hill rush to STL 41 for 6 yards (27 F. Gardner),,True,3,4,2,Half2,MaSourceTypeOfficialScoring,FOOTBALL_XFL_2023_3_18_DC@STL,,QBStat,105,2302018-DC-at-STL,242,1142,1142,4:02,5,,,1.0,STL,DC,0.0,3,3,3.0,3.0,Home,35,16,65.0,0,20,12,21935,,,,StatusOfficial,,,,,,,1.0,10.0,6.0,Home,35.0,1.0,6.0,0:13, ,20688,,,,,,,,,,,,,,,,,,,,,,,0,0.0,0.0,0.0,0.0,0.0
2023,FOOTBALL_XFL_2023_3_18_DC@STL,DC,8,STL,5,outdoors,277,1679188036.0,76036,2023-03-19 01:07:16.000000,EventFootballRush,"2-4-STL 41 (3:23) 23 B. Hill rush to STL 48 for 7 yards (39 S. Ramirez, 5 R. Northrup)",,True,3,3,23,Half2,MaSourceTypeOfficialScoring,FOOTBALL_XFL_2023_3_18_DC@STL,,QBStat,106,2302018-DC-at-STL,203,1103,1103,3:23,5,,,1.0,STL,DC,0.0,3,3,3.0,3.0,Home,41,16,59.0,0,20,12,21278,21148,,,StatusOfficial,,,,,,,2.0,4.0,7.0,Home,35.0,2.0,13.0,0:58, ,20688,,,,,,,,,,,,,,,,,,,,,,,0,0.0,0.0,0.0,0.0,0.0
2023,FOOTBALL_XFL_2023_3_18_DC@STL,DC,8,STL,5,outdoors,279,1679188082.0,76082,2023-03-19 01:08:02.000000,EventFootballSack,1-10-STL 48 (2:37) 10 A. McCarron sacked at STL 40 for -8 yards (17 D. Bellamy),,True,3,2,37,Half2,MaSourceTypeOfficialScoring,FOOTBALL_XFL_2023_3_18_DC@STL,,QBStat,107,2302018-DC-at-STL,157,1057,1057,2:37,5,,,1.0,STL,DC,0.0,3,3,3.0,3.0,Home,48,16,52.0,0,20,12,,,,,StatusOfficial,,,,,22026,,1.0,10.0,-8.0,Home,35.0,3.0,5.0,1:34, ,,,,,,,,,,,,,,,22416,,,,,,,,,0,0.0,0.0,0.0,0.0,0.0
2023,FOOTBALL_XFL_2023_3_18_DC@STL,DC,8,STL,5,outdoors,281,1679188117.0,76117,2023-03-19 01:08:37.000000,EventFootballPass,"2-18-STL 40 (2:02) 10 A. McCarron pass to 88 H. Butler to STL 48 for 8 yards (20 J. Brooks, 24 A. Kelly)",,True,3,2,2,Half2,MaSourceTypeOfficialScoring,FOOTBALL_XFL_2023_3_18_DC@STL,,QBStat,108,2302018-DC-at-STL,122,1022,1022,2:02,5,,,1.0,STL,DC,0.0,3,3,3.0,3.0,Home,40,16,60.0,0,20,12,20189,20873,,,StatusOfficial,ResultPassComplete,,,,22026,22333,2.0,18.0,8.0,Home,35.0,4.0,13.0,2:18, ,,,,,,,,,,,,,,,,,,,,,,,,0,0.0,0.0,0.0,0.0,0.0
2023,FOOTBALL_XFL_2023_3_18_DC@STL,DC,8,STL,5,outdoors,284,1679188161.0,76161,2023-03-19 01:09:21.000000,EventFootballPass,3-10-STL 48 (1:21) 10 A. McCarron pass incomplete to 13 A. Proehl Pass Defended by 21 M. Nicholson,,True,3,1,21,Half2,MaSourceTypeOfficialScoring,FOOTBALL_XFL_2023_3_18_DC@STL,,QBStat,109,2302018-DC-at-STL,81,981,981,1:21,5,,,1.0,STL,DC,0.0,3,3,3.0,3.0,Home,48,16,52.0,0,20,12,,,,,StatusOfficial,ResultPassIncomplete,,,,22026,21263,3.0,10.0,,Home,35.0,5.0,13.0,3:04, ,,,,,,,22892,,,,,,,,,,,,,,,,,0,0.0,0.0,0.0,0.0,0.0
2023,FOOTBALL_XFL_2023_3_18_DC@STL,DC,8,STL,5,outdoors,291,1679188196.0,76196,2023-03-19 01:09:56.000000,EventFootballPunt,4-10-STL 48 (0:52) 16 S. Hofrichter punts 35 yards out of bounds at DC 35,,True,3,0,52,Half2,MaSourceTypeOfficialScoring,FOOTBALL_XFL_2023_3_18_DC@STL,,QBStat,110,2302018-DC-at-STL,52,952,952,0:52,5,,,1.0,STL,DC,0.0,3,3,3.0,3.0,Home,48,16,52.0,0,20,12,,,,,StatusOfficial,ResultKickOutofbounds,,Visitor,35.0,,,4.0,10.0,,Home,35.0,5.0,13.0,3:21,PUNT,,,,,,,,20704,,35.0,,,,,,,,,,,,,,1,0.0,0.0,0.0,0.0,0.0
2023,FOOTBALL_XFL_2023_3_18_DC@STL,DC,8,STL,5,outdoors,290,1679188263.0,76263,2023-03-19 01:11:03.000000,EventFootballRush,1-10-DC 35 (0:39) 4 A. Smith rush to DC 38 for 3 yards (56 T. Feeney),,True,3,0,39,Half2,MaSourceTypeOfficialScoring,FOOTBALL_XFL_2023_3_18_DC@STL,,QBStat,111,2302018-DC-at-STL,39,939,939,0:39,8,,,0.0,DC,STL,0.0,3,3,3.0,3.0,Visitor,35,17,65.0,0,20,12,22503,,,,StatusOfficial,,,,,,,1.0,10.0,3.0,Visitor,35.0,1.0,3.0,0:15, ,21427,,,,,,,,,,,,,,,,,,,,,,,0,0.0,0.0,0.0,0.0,0.0
2023,FOOTBALL_XFL_2023_3_18_DC@STL,DC,8,STL,5,outdoors,294,1679188291.0,76291,2023-03-19 01:11:31.000000,EventFootballPass,2-7-DC 38 (0:11) 10 J. Ta'amu pass to 11 L. Jackson to DC 48 for 10 yards QB Hit by 33 T. Watson (8 M. Hampton),,True,3,0,11,Half2,MaSourceTypeOfficialScoring,FOOTBALL_XFL_2023_3_18_DC@STL,,QBStat,112,2302018-DC-at-STL,11,911,911,0:11,8,,,0.0,DC,STL,0.0,3,3,3.0,3.0,Visitor,38,17,62.0,0,20,12,21862,,,,StatusOfficial,ResultPassComplete,,,,22296,20766,2.0,7.0,10.0,Visitor,35.0,2.0,13.0,0:46, ,,,,,,,,,,,,,,,,,,22297,,,,,,0,0.0,0.0,0.0,0.0,0.0
2023,FOOTBALL_XFL_2023_3_18_DC@STL,DC,8,STL,5,outdoors,299,1679188557.0,76557,2023-03-19 01:15:57.000000,EventFootballPass,1-10-DC 48 (14:53) 10 J. Ta'amu pass to 11 L. Jackson to STL 45 for 7 yards (26 N. Meadors),,True,4,14,53,Half2,MaSourceTypeOfficialScoring,FOOTBALL_XFL_2023_3_18_DC@STL,,QBStat,113,2302018-DC-at-STL,893,893,893,14:53,8,,,0.0,DC,STL,0.0,3,3,3.0,3.0,Visitor,48,17,52.0,0,20,12,22352,,,,StatusOfficial,ResultPassComplete,,,,22296,20766,1.0,10.0,7.0,Visitor,35.0,3.0,20.0,1:19, ,,,,,,,,,,,,,,,,,,,,,,,,0,0.0,0.0,0.0,0.0,0.0
2023,FOOTBALL_XFL_2023_3_18_DC@STL,DC,8,STL,5,outdoors,300,1679188585.0,76585,2023-03-19 01:16:25.000000,EventFootballPass,"2-3-STL 45 (14:26) 10 J. Ta'amu pass to 11 L. Jackson to STL 17 for 28 yards (17 J. Alexander, 33 T. Watson)",,True,4,14,26,Half2,MaSourceTypeOfficialScoring,FOOTBALL_XFL_2023_3_18_DC@STL,,QBStat,114,2302018-DC-at-STL,866,866,866,14:26,8,,,0.0,DC,STL,0.0,3,3,3.0,3.0,Home,45,17,45.0,0,20,12,21842,22297,,,StatusOfficial,ResultPassComplete,,,,22296,20766,2.0,3.0,28.0,Visitor,35.0,4.0,48.0,1:43, ,,,,,,,,,,,,,,,,,,,,,,,,0,0.0,0.0,0.0,0.0,0.0
2023,FOOTBALL_XFL_2023_3_18_DC@STL,DC,8,STL,5,outdoors,304,1679188631.0,76631,2023-03-19 01:17:11.000000,EventFootballPenalty,"1-10-STL 17 (13:58) PENALTY on 91 T. Tupou, 5 yards",,True,4,13,58,Half2,MaSourceTypeOfficialScoring,FOOTBALL_XFL_2023_3_18_DC@STL,,QBStat,115,2302018-DC-at-STL,838,838,838,13:58,8,,,0.0,DC,STL,0.0,3,3,3.0,3.0,Home,17,17,17.0,0,20,12,,,,,StatusOfficial,,,,,,,1.0,10.0,,Visitor,35.0,4.0,53.0,1:48, ,,5,21578,5.0,ResultPenaltyRepeatdown,NA,,,,,,,,,,,,,,,,,,0,0.0,0.0,0.0,0.0,0.0
2023,FOOTBALL_XFL_2023_3_18_DC@STL,DC,8,STL,5,outdoors,306,1679188668.0,76668,2023-03-19 01:17:48.000000,EventFootballPass,1-5-STL 12 (13:29) 10 J. Ta'amu pass incomplete to 88 B. Moore-Mckinney QB Hit by 98 F. Akinmoladun Pass Defended by 8 M. Hampton,,True,4,13,29,Half2,MaSourceTypeOfficialScoring,FOOTBALL_XFL_2023_3_18_DC@STL,,QBStat,116,2302018-DC-at-STL,809,809,809,13:29,8,,,0.0,DC,STL,0.0,3,3,3.0,3.0,Home,12,17,12.0,0,20,12,,,,,StatusOfficial,ResultPassIncomplete,,,,22296,21983,1.0,5.0,,Visitor,35.0,5.0,53.0,2:27, ,,,,,,,21862,,,,,,,,,,,22386,,,,,,0,0.0,0.0,0.0,0.0,0.0
2023,FOOTBALL_XFL_2023_3_18_DC@STL,DC,8,STL,5,outdoors,308,1679188712.0,76712,2023-03-19 01:18:32.000000,EventFootballTimeout,Timeout by D.C. Defenders at 13:00,,True,4,13,0,Half2,MaSourceTypeOfficialScoring,FOOTBALL_XFL_2023_3_18_DC@STL,,QBStat,117,2302018-DC-at-STL,780,780,780,13:00,8,,,0.0,DC,STL,0.0,3,3,3.0,3.0,Home,12,17,12.0,0,20,12,,,,,StatusOfficial,,,,,,,2.0,5.0,,Visitor,35.0,5.0,53.0,2:46, ,,,,,,,,,,,,8,,,,,,,,,,,,0,0.0,0.0,0.0,0.0,0.0
2023,FOOTBALL_XFL_2023_3_18_DC@STL,DC,8,STL,5,outdoors,310,1679188777.0,76777,2023-03-19 01:19:37.000000,EventFootballRush,2-5-STL 12 (12:56) 0 J. Hammond rush to STL 10 for 2 yards (26 N. Meadors),,True,4,12,56,Half2,MaSourceTypeOfficialScoring,FOOTBALL_XFL_2023_3_18_DC@STL,,QBStat,118,2302018-DC-at-STL,776,776,776,12:56,8,,,0.0,DC,STL,0.0,2,3,2.0,2.0,Home,12,17,12.0,0,20,12,22352,,,,StatusOfficial,,,,,,,2.0,5.0,2.0,Visitor,35.0,6.0,55.0,3:05, ,20618,,,,,,,,,,,,,,,,,,,,,,,0,0.0,0.0,0.0,0.0,0.0
2023,FOOTBALL_XFL_2023_3_18_DC@STL,DC,8,STL,5,outdoors,312,1679188818.0,76818,2023-03-19 01:20:18.000000,EventFootballRush,"3-3-STL 10 (12:16) 3 D. King rush for 10 yards, TOUCHDOWN",,True,4,12,16,Half2,MaSourceTypeOfficialScoring,FOOTBALL_XFL_2023_3_18_DC@STL,,QBStat,119,2302018-DC-at-STL,736,736,736,12:16,8,,,0.0,DC,STL,0.0,2,3,2.0,2.0,Home,10,17,10.0,0,20,12,,,,,StatusOfficial,,,,,,,3.0,3.0,10.0,Visitor,35.0,7.0,65.0,3:31,TD,21981,,,,,,,,,,,,ScoreTypeTd,,,,,,,,,,,0,0.0,1.0,0.0,0.0,1.0
2023,FOOTBALL_XFL_2023_3_18_DC@STL,DC,8,STL,5,outdoors,314,1679188852.0,76852,2023-03-19 01:20:52.000000,EventFootballPat2PtRush,10 J. Ta'amu 2-pt conversion rush attempt GOOD,,True,4,12,15,Half2,MaSourceTypeOfficialScoring,FOOTBALL_XFL_2023_3_18_DC@STL,,QBStat,120,2302018-DC-at-STL,735,735,735,12:15,8,,,0.0,DC,STL,0.0,2,3,2.0,2.0,Home,5,17,5.0,0,26,12,,,,,StatusOfficial,,,,,,,,,5.0,,,,,,,22296,,,,,,,,,,,,ScoreTypeConv,2.0,,,,,,,,,,0,0.0,0.0,0.0,0.0,0.0
2023,FOOTBALL_XFL_2023_3_18_DC@STL,DC,8,STL,5,outdoors,316,1679189064.0,77064,2023-03-19 01:24:24.000000,EventFootballKickoff,"34 M. McCrane kicks 65 yards from DC 30 to end zone, Touchback",,True,4,12,15,Half2,MaSourceTypeOfficialScoring,FOOTBALL_XFL_2023_3_18_DC@STL,,QBStat,121,2302018-DC-at-STL,735,735,735,12:15,5,,,1.0,STL,DC,0.0,2,3,3.0,3.0,Visitor,30,18,30.0,0,28,12,,,34,,StatusOfficial,ResultKickTouchback,,Home,35.0,,,,,,,,,,,,,,,,,,,,,,,,,,,,65.0,,,,,,,0,0.0,0.0,0.0,0.0,0.0
2023,FOOTBALL_XFL_2023_3_18_DC@STL,DC,8,STL,5,outdoors,318,1679189133.0,77133,2023-03-19 01:25:33.000000,EventFootballPass,1-10-STL 35 (12:13) 10 A. McCarron pass to 84 J. Sutherland to STL 35 for 0 yards (24 A. Kelly),,True,4,12,13,Half2,MaSourceTypeOfficialScoring,FOOTBALL_XFL_2023_3_18_DC@STL,,QBStat,122,2302018-DC-at-STL,733,733,733,12:13,5,,,1.0,STL,DC,0.0,2,3,3.0,3.0,Home,35,18,65.0,0,28,12,20873,,,,StatusOfficial,ResultPassComplete,,,,22026,21501,1.0,10.0,0.0,Home,35.0,1.0,,0:17, ,,,,,,,,,,,,,,,,,,,,,,,,0,0.0,0.0,0.0,0.0,0.0
2023,FOOTBALL_XFL_2023_3_18_DC@STL,DC,8,STL,5,outdoors,320,1679189170.0,77170,2023-03-19 01:26:10.000000,EventFootballRush,"2-10-STL 35 (11:36) 23 B. Hill rush to STL 42 for 7 yards (48 A. Mintze, 97 C. Reid)",,True,4,11,36,Half2,MaSourceTypeOfficialScoring,FOOTBALL_XFL_2023_3_18_DC@STL,,QBStat,123,2302018-DC-at-STL,696,696,696,11:36,5,,,1.0,STL,DC,0.0,2,3,3.0,3.0,Home,35,18,65.0,0,28,12,21080,22356,,,StatusOfficial,,,,,,,2.0,10.0,7.0,Home,35.0,2.0,7.0,0:54, ,20688,,,,,,,,,,,,,,,,,,,,,,,0,0.0,0.0,0.0,0.0,0.0
2023,FOOTBALL_XFL_2023_3_18_DC@STL,DC,8,STL,5,outdoors,322,1679189207.0,77207,2023-03-19 01:26:47.000000,EventFootballPass,3-3-STL 42 (10:59) 10 A. McCarron pass incomplete to 11 D. Shepherd,,True,4,10,59,Half2,MaSourceTypeOfficialScoring,FOOTBALL_XFL_2023_3_18_DC@STL,,QBStat,124,2302018-DC-at-STL,659,659,659,10:59,5,,,1.0,STL,DC,0.0,2,3,3.0,3.0,Home,42,18,58.0,0,28,12,,,,,StatusOfficial,ResultPassIncomplete,,,,22026,21822,3.0,3.0,,Home,35.0,3.0,7.0,1:16, ,,,,,,,,,,,,,,,,,,,,,,,,0,0.0,0.0,0.0,0.0,0.0
2023,FOOTBALL_XFL_2023_3_18_DC@STL,DC,8,STL,5,outdoors,324,1679189239.0,77239,2023-03-19 01:27:19.000000,EventFootballPunt,"4-3-STL 42 (10:34) 16 S. Hofrichter punts 35 yards from STL 42 to 12 J. Ezzard, Fair Catch at DC 23",,True,4,10,34,Half2,MaSourceTypeOfficialScoring,FOOTBALL_XFL_2023_3_18_DC@STL,,QBStat,125,2302018-DC-at-STL,634,634,634,10:34,5,,,1.0,STL,DC,0.0,2,3,3.0,3.0,Home,42,18,58.0,0,28,12,,,,,StatusOfficial,ResultKickFaircatch,,Visitor,23.0,,,4.0,3.0,,Home,35.0,3.0,7.0,1:41,PUNT,,,,,,,,20704,21933,35.0,,,,,,,,,,,,,,1,0.0,0.0,0.0,0.0,0.0
2023,FOOTBALL_XFL_2023_3_18_DC@STL,DC,8,STL,5,outdoors,329,1679189290.0,77290,2023-03-19 01:28:10.000000,EventFootballPass,1-10-DC 23 (10:27) 10 J. Ta'amu pass incomplete to 1 C. Blair,,True,4,10,27,Half2,MaSourceTypeOfficialScoring,FOOTBALL_XFL_2023_3_18_DC@STL,,QBStat,126,2302018-DC-at-STL,627,627,627,10:27,8,,,0.0,DC,STL,0.0,2,3,2.0,2.0,Visitor,23,19,77.0,0,28,12,,,,,StatusOfficial,ResultPassIncomplete,,,,22296,20133,1.0,10.0,,Visitor,23.0,1.0,,0:05, ,,,,,,,,,,,,,,,,,,,,,,,,0,0.0,0.0,0.0,0.0,0.0
2023,FOOTBALL_XFL_2023_3_18_DC@STL,DC,8,STL,5,outdoors,328,1679189308.0,77308,2023-03-19 01:28:28.000000,EventFootballRush,"2-10-DC 23 (10:11) 4 A. Smith rush to DC 34 for 11 yards (56 T. Feeney, 39 C. Cooper)",,True,4,10,11,Half2,MaSourceTypeOfficialScoring,FOOTBALL_XFL_2023_3_18_DC@STL,,QBStat,127,2302018-DC-at-STL,611,611,611,10:11,8,,,0.0,DC,STL,0.0,2,3,2.0,2.0,Visitor,23,19,77.0,0,28,12,22503,22336,,,StatusOfficial,,,,,,,2.0,10.0,11.0,Visitor,23.0,2.0,11.0,0:27, ,21427,,,,,,,,,,,,,,,,,,,,,,,0,0.0,0.0,0.0,0.0,0.0
2023,FOOTBALL_XFL_2023_3_18_DC@STL,DC,8,STL,5,outdoors,337,1679189421.0,77421,2023-03-19 01:30:21.000000,EventFootballRush,"1-10-DC 34 (9:37) 4 A. Smith rush to DC 39 for 5 yards (6 L. Williams, 53 C. Wells)",,True,4,9,37,Half2,MaSourceTypeOfficialScoring,FOOTBALL_XFL_2023_3_18_DC@STL,,QBStat,128,2302018-DC-at-STL,577,577,577,9:37,8,,,0.0,DC,STL,0.0,2,3,2.0,2.0,Visitor,34,19,66.0,0,28,12,21678,21833,,,StatusOfficial,,,,,,,1.0,10.0,5.0,Visitor,23.0,3.0,16.0,1:01, ,21427,,,,,,,,,,,,,,,,,,,,,,,0,0.0,0.0,0.0,0.0,0.0
2023,FOOTBALL_XFL_2023_3_18_DC@STL,DC,8,STL,5,outdoors,333,1679189452.0,77452,2023-03-19 01:30:52.000000,EventFootballRush,2-5-DC 39 (9:06) 4 A. Smith rush to DC 48 for 9 yards (6 L. Williams),,True,4,9,6,Half2,MaSourceTypeOfficialScoring,FOOTBALL_XFL_2023_3_18_DC@STL,,QBStat,129,2302018-DC-at-STL,546,546,546,9:06,8,,,0.0,DC,STL,0.0,2,3,2.0,2.0,Visitor,39,19,61.0,0,28,12,21678,,,,StatusOfficial,,,,,,,2.0,5.0,9.0,Visitor,23.0,4.0,25.0,1:35, ,21427,,,,,,,,,,,,,,,,,,,,,,,0,0.0,0.0,0.0,0.0,0.0
2023,FOOTBALL_XFL_2023_3_18_DC@STL,DC,8,STL,5,outdoors,336,1679189493.0,77493,2023-03-19 01:31:33.000000,EventFootballRush,"1-10-DC 48 (8:25) 4 A. Smith rush to STL 42 for 10 yards (99 G. Robinson, 25 L. Denis)",,True,4,8,25,Half2,MaSourceTypeOfficialScoring,FOOTBALL_XFL_2023_3_18_DC@STL,,QBStat,130,2302018-DC-at-STL,505,505,505,8:25,8,,,0.0,DC,STL,0.0,2,3,2.0,2.0,Visitor,48,19,52.0,0,28,12,21319,20385,,,StatusOfficial,,,,,,,1.0,10.0,10.0,Visitor,23.0,5.0,35.0,2:31, ,21427,,,,,,,,,,,,,,,,,,,,,,,0,0.0,0.0,0.0,0.0,0.0
2023,FOOTBALL_XFL_2023_3_18_DC@STL,DC,8,STL,5,outdoors,339,1679189539.0,77539,2023-03-19 01:32:19.000000,EventFootballRush,"1-10-STL 42 (7:39) 4 A. Smith rush to STL 47 for -5 yards (33 T. Watson, 6 L. Williams)",,True,4,7,39,Half2,MaSourceTypeOfficialScoring,FOOTBALL_XFL_2023_3_18_DC@STL,,QBStat,131,2302018-DC-at-STL,459,459,459,7:39,8,,,0.0,DC,STL,0.0,2,3,2.0,2.0,Home,42,19,42.0,0,28,12,22297,21678,,,StatusOfficial,,,,,,,1.0,10.0,-5.0,Visitor,23.0,6.0,30.0,3:04, ,21427,,,,,,,,,,,,,,,,,,,,,,,0,0.0,0.0,0.0,0.0,0.0
2023,FOOTBALL_XFL_2023_3_18_DC@STL,DC,8,STL,5,outdoors,341,1679189578.0,77578,2023-03-19 01:32:58.000000,EventFootballRush,2-15-STL 47 (7:00) 25 R. Calais rush to DC 49 for -4 yards (90 K. Atkins),,True,4,7,0,Half2,MaSourceTypeOfficialScoring,FOOTBALL_XFL_2023_3_18_DC@STL,,QBStat,132,2302018-DC-at-STL,420,420,420,7:00,8,,,0.0,DC,STL,0.0,2,3,2.0,2.0,Home,47,19,47.0,0,28,12,20061,,,,StatusOfficial,,,,,,,2.0,15.0,-4.0,Visitor,23.0,7.0,26.0,3:39, ,22894,,,,,,,,,,,,,,,,,,,,,,,0,0.0,0.0,0.0,0.0,0.0
2023,FOOTBALL_XFL_2023_3_18_DC@STL,DC,8,STL,5,outdoors,343,1679189794.0,77794,2023-03-19 01:36:34.000000,EventFootballRush,3-19-DC 49 (6:44) 10 J. Ta'amu rush to STL 42 for 9 yards (98 F. Akinmoladun),,True,4,6,44,Half2,MaSourceTypeOfficialScoring,FOOTBALL_XFL_2023_3_18_DC@STL,,QBStat,133,2302018-DC-at-STL,404,404,404,6:44,8,,,0.0,DC,STL,0.0,2,3,2.0,2.0,Visitor,49,19,51.0,0,28,12,22386,,,,StatusOfficial,,,,,,,3.0,19.0,9.0,Visitor,23.0,8.0,35.0,3:59, ,22296,,,,,,,,,,,,,,,,,,,,,,,0,0.0,0.0,0.0,0.0,0.0
2023,FOOTBALL_XFL_2023_3_18_DC@STL,DC,8,STL,5,outdoors,345,1679189834.0,77834,2023-03-19 01:37:14.000000,EventFootballPunt,"4-10-STL 42 (6:04) 19 D. Whelan punts 23 yards from STL 42 to 13 A. Proehl, Fair Catch at STL 29",,True,4,6,4,Half2,MaSourceTypeOfficialScoring,FOOTBALL_XFL_2023_3_18_DC@STL,,QBStat,134,2302018-DC-at-STL,364,364,364,6:04,8,,,0.0,DC,STL,0.0,2,3,2.0,2.0,Home,42,19,42.0,0,28,12,,,,,StatusOfficial,ResultKickFaircatch,,Home,29.0,,,4.0,10.0,,Visitor,23.0,8.0,35.0,4:30,PUNT,,8,20699,10.0,ResultPenaltyRepeatdown,NA,,21835,21263,23.0,,,,,,,,,,,,,,1,0.0,0.0,0.0,0.0,0.0
2023,FOOTBALL_XFL_2023_3_18_DC@STL,DC,8,STL,5,outdoors,347,1679189901.0,77901,2023-03-19 01:38:21.000000,EventFootballPass,"1-10-STL 29 (5:59) 10 A. McCarron pass to 88 H. Butler to STL 34 for 5 yards (57 A. Hines, 24 A. Kelly)",,True,4,5,59,Half2,MaSourceTypeOfficialScoring,FOOTBALL_XFL_2023_3_18_DC@STL,,QBStat,135,2302018-DC-at-STL,359,359,359,5:59,5,,,1.0,STL,DC,0.0,2,3,3.0,3.0,Home,29,20,71.0,0,28,12,20699,20873,,,StatusOfficial,ResultPassComplete,,,,22026,22333,1.0,10.0,5.0,Home,29.0,1.0,5.0,0:17, ,,,,,,,,,,,,,,,,,,,,,,,,0,0.0,0.0,0.0,0.0,0.0
2023,FOOTBALL_XFL_2023_3_18_DC@STL,DC,8,STL,5,outdoors,349,1679189926.0,77926,2023-03-19 01:38:46.000000,EventFootballPass,"2-5-STL 34 (5:34) 10 A. McCarron pass to 88 H. Butler to STL 45 for 11 yards (21 M. Nicholson, 20 J. Brooks)",,True,4,5,34,Half2,MaSourceTypeOfficialScoring,FOOTBALL_XFL_2023_3_18_DC@STL,,QBStat,136,2302018-DC-at-STL,334,334,334,5:34,5,,,1.0,STL,DC,0.0,2,3,3.0,3.0,Home,34,20,66.0,0,28,12,22892,20189,,,StatusOfficial,ResultPassComplete,,,,22026,22333,2.0,5.0,11.0,Home,29.0,2.0,16.0,0:45, ,,,,,,,,,,,,,,,,,,,,,,,,0,0.0,0.0,0.0,0.0,0.0
2023,FOOTBALL_XFL_2023_3_18_DC@STL,DC,8,STL,5,outdoors,351,1679189965.0,77965,2023-03-19 01:39:25.000000,EventFootballPass,1-10-STL 45 (4:54) 10 A. McCarron pass to 13 A. Proehl to Midfield for 5 yards,,True,4,4,54,Half2,MaSourceTypeOfficialScoring,FOOTBALL_XFL_2023_3_18_DC@STL,,QBStat,137,2302018-DC-at-STL,294,294,294,4:54,5,,,1.0,STL,DC,0.0,2,3,3.0,3.0,Home,45,20,55.0,0,28,12,,,,,StatusOfficial,ResultPassComplete,,,,22026,21263,1.0,10.0,5.0,Home,29.0,3.0,21.0,1:12, ,,,,,,,,,,,,,,,,,,,,,,,,0,0.0,0.0,0.0,0.0,0.0
2023,FOOTBALL_XFL_2023_3_18_DC@STL,DC,8,STL,5,outdoors,353,1679190009.0,78009,2023-03-19 01:40:09.000000,EventFootballPass,"2-5-Midfield (4:19) 10 A. McCarron pass to 22 S. Mitchell for 50 yards, TOUCHDOWN",,True,4,4,19,Half2,MaSourceTypeOfficialScoring,FOOTBALL_XFL_2023_3_18_DC@STL,,QBStat,138,2302018-DC-at-STL,259,259,259,4:19,5,,,1.0,STL,DC,0.0,2,3,3.0,3.0,Home,50,20,50.0,0,28,12,,,,,StatusOfficial,ResultPassComplete,,,,22026,21081,2.0,5.0,50.0,Home,29.0,4.0,71.0,1:43,TD,,,,,,,,,,,,,ScoreTypeTd,,,,,,,,,,,0,1.0,0.0,0.0,0.0,1.0
2023,FOOTBALL_XFL_2023_3_18_DC@STL,DC,8,STL,5,outdoors,355,1679190040.0,78040,2023-03-19 01:40:40.000000,EventFootballPat2PtPass,10 A. McCarron 2-pt conversion pass to 22 S. Mitchell GOOD,,True,4,4,19,Half2,MaSourceTypeOfficialScoring,FOOTBALL_XFL_2023_3_18_DC@STL,,QBStat,139,2302018-DC-at-STL,259,259,259,4:19,5,,,1.0,STL,DC,0.0,2,3,3.0,3.0,Visitor,5,20,5.0,0,28,18,,,,,StatusOfficial,ResultPassComplete,,,,22026,21081,,,5.0,,,,,,,,,,,,,,,,,,,ScoreTypeConv,2.0,,,,,,,,,,0,0.0,0.0,0.0,0.0,0.0
2023,FOOTBALL_XFL_2023_3_18_DC@STL,DC,8,STL,5,outdoors,360,1679190183.0,78183,2023-03-19 01:43:03.000000,EventFootballKickoff,2 D. Hageman kicks from STL 30. 12 J. Ezzard to DC 29 for 18 yards (12 G. Jennings),,True,4,4,19,Half2,MaSourceTypeOfficialScoring,FOOTBALL_XFL_2023_3_18_DC@STL,,QBStat,140,2302018-DC-at-STL,259,259,259,4:19,8,,,0.0,DC,STL,0.0,2,3,2.0,2.0,Home,30,21,30.0,0,28,20,22038,,20419,22038,StatusOfficial,ResultKickReturned,18.0,Visitor,29.0,,,,,,,,,,,,,,,,,,,,,,,,,,,,,,,,,,,0,0.0,0.0,0.0,0.0,0.0
2023,FOOTBALL_XFL_2023_3_18_DC@STL,DC,8,STL,5,outdoors,359,1679190244.0,78244,2023-03-19 01:44:04.000000,EventFootballRush,"1-10-DC 29 (4:06) 4 A. Smith rush to DC 32 for 3 yards (96 L. London, 24 L. Hill)",,True,4,4,6,Half2,MaSourceTypeOfficialScoring,FOOTBALL_XFL_2023_3_18_DC@STL,,QBStat,141,2302018-DC-at-STL,246,246,246,4:06,8,,,0.0,DC,STL,0.0,2,3,2.0,2.0,Visitor,29,21,71.0,0,28,20,20965,22870,,,StatusOfficial,,,,,,,1.0,10.0,3.0,Visitor,29.0,1.0,3.0,0:22, ,21427,,,,,,,,,,,,,,,,,,,,,,,0,0.0,0.0,0.0,0.0,0.0
2023,FOOTBALL_XFL_2023_3_18_DC@STL,DC,8,STL,5,outdoors,362,1679190289.0,78289,2023-03-19 01:44:49.000000,EventFootballRush,"2-7-DC 32 (3:22) 4 A. Smith rush to DC 32 for 0 yards (27 M. Rose, 29 S. Kelly)",,True,4,3,22,Half2,MaSourceTypeOfficialScoring,FOOTBALL_XFL_2023_3_18_DC@STL,,QBStat,142,2302018-DC-at-STL,202,202,202,3:22,8,,,0.0,DC,STL,0.0,2,3,2.0,2.0,Visitor,32,21,68.0,0,28,20,21340,21870,,,StatusOfficial,,,,,,,2.0,7.0,0.0,Visitor,29.0,2.0,3.0,1:09, ,21427,,,,,,,,,,,,,,,,,,,,,,,0,0.0,0.0,0.0,0.0,0.0
2023,FOOTBALL_XFL_2023_3_18_DC@STL,DC,8,STL,5,outdoors,364,1679190326.0,78326,2023-03-19 01:45:26.000000,EventFootballPass,"3-7-DC 32 (2:44) 10 J. Ta'amu pass to 88 B. Moore-Mckinney to DC 38 for 6 yards (27 M. Rose, 8 M. Hampton)",,True,4,2,44,Half2,MaSourceTypeOfficialScoring,FOOTBALL_XFL_2023_3_18_DC@STL,,QBStat,143,2302018-DC-at-STL,164,164,164,2:44,8,,,0.0,DC,STL,0.0,2,3,2.0,2.0,Visitor,32,21,68.0,0,28,20,21340,21862,,,StatusOfficial,ResultPassComplete,,,,22296,21983,3.0,7.0,6.0,Visitor,29.0,3.0,9.0,1:52, ,,,,,,,,,,,,,,,,,,,,,,,,0,0.0,0.0,0.0,0.0,0.0
2023,FOOTBALL_XFL_2023_3_18_DC@STL,DC,8,STL,5,outdoors,366,1679190368.0,78368,2023-03-19 01:46:08.000000,EventFootballPunt,"4-1-DC 38 (2:02) 19 D. Whelan punts 47 yards from DC 38 to 13 A. Proehl, Fair Catch at STL 15",,True,4,2,2,Half2,MaSourceTypeOfficialScoring,FOOTBALL_XFL_2023_3_18_DC@STL,,QBStat,144,2302018-DC-at-STL,122,122,122,2:02,8,,,0.0,DC,STL,0.0,2,3,2.0,2.0,Visitor,38,21,62.0,0,28,20,,,,,StatusOfficial,ResultKickFaircatch,,Home,15.0,,,4.0,1.0,,Visitor,29.0,3.0,9.0,2:17,PUNT,,,,,,,,21835,21263,47.0,,,,,,,,,,,,,,1,0.0,0.0,0.0,0.0,0.0
2023,FOOTBALL_XFL_2023_3_18_DC@STL,DC,8,STL,5,outdoors,368,1679190562.0,78562,2023-03-19 01:49:22.000000,EventFootballPass,1-10-STL 15 (1:55) 10 A. McCarron pass incomplete to 23 B. Hill,,True,4,1,55,Half2,MaSourceTypeOfficialScoring,FOOTBALL_XFL_2023_3_18_DC@STL,,QBStat,145,2302018-DC-at-STL,115,115,115,1:55,5,,,1.0,STL,DC,0.0,2,3,3.0,3.0,Home,15,22,85.0,0,28,20,,,,,StatusOfficial,ResultPassIncomplete,,,,22026,20688,1.0,10.0,,Home,15.0,1.0,,0:03, ,,,,,,,,,,,,,,,,,,,,,,,,0,0.0,0.0,0.0,0.0,0.0
2023,FOOTBALL_XFL_2023_3_18_DC@STL,DC,8,STL,5,outdoors,370,1679190596.0,78596,2023-03-19 01:49:56.000000,EventFootballPass,"2-10-STL 15 (1:51) 10 A. McCarron pass to 88 H. Butler to STL 23 for 8 yards (24 A. Kelly, 57 A. Hines)",,True,4,1,51,Half2,MaSourceTypeOfficialScoring,FOOTBALL_XFL_2023_3_18_DC@STL,,QBStat,146,2302018-DC-at-STL,111,111,111,1:51,5,,,1.0,STL,DC,0.0,2,3,3.0,3.0,Home,15,22,85.0,0,28,20,20873,20699,,,StatusOfficial,ResultPassComplete,,,,22026,22333,2.0,10.0,8.0,Home,15.0,2.0,8.0,0:25, ,,,,,,,,,,,,,,,,,,,,,,,,0,0.0,0.0,0.0,0.0,0.0
2023,FOOTBALL_XFL_2023_3_18_DC@STL,DC,8,STL,5,outdoors,372,1679190626.0,78626,2023-03-19 01:50:26.000000,EventFootballSack,3-2-STL 23 (1:22) 10 A. McCarron sacked at STL 15 for -8 yards (99 J. Wallace),,True,4,1,22,Half2,MaSourceTypeOfficialScoring,FOOTBALL_XFL_2023_3_18_DC@STL,,QBStat,147,2302018-DC-at-STL,82,82,82,1:22,5,,,1.0,STL,DC,0.0,2,3,3.0,3.0,Home,23,22,77.0,0,28,20,,,,,StatusOfficial,,,,,22026,,3.0,2.0,-8.0,Home,15.0,3.0,,0:38, ,,,,,,,,,,,,,,,21623,,,,,,,,,0,0.0,0.0,0.0,0.0,0.0
2023,FOOTBALL_XFL_2023_3_18_DC@STL,DC,8,STL,5,outdoors,374,1679190691.0,78691,2023-03-19 01:51:31.000000,EventFootballTimeout,Timeout by St. Louis Battlehawks at 1:20,,True,4,1,20,Half2,MaSourceTypeOfficialScoring,FOOTBALL_XFL_2023_3_18_DC@STL,,QBStat,148,2302018-DC-at-STL,80,80,80,1:20,5,,,1.0,STL,DC,0.0,2,3,3.0,3.0,Home,15,22,85.0,0,28,20,,,,,StatusOfficial,,,,,,,4.0,10.0,,Home,15.0,3.0,,0:38, ,,,,,,,,,,,,5,,,,,,,,,,,,0,0.0,0.0,0.0,0.0,0.0
2023,FOOTBALL_XFL_2023_3_18_DC@STL,DC,8,STL,5,outdoors,376,1679190711.0,78711,2023-03-19 01:51:51.000000,EventFootballPass,4-10-STL 15 (1:14) 10 A. McCarron pass to 23 B. Hill to STL 30 for 15 yards (20 J. Brooks),,True,4,1,14,Half2,MaSourceTypeOfficialScoring,FOOTBALL_XFL_2023_3_18_DC@STL,,QBStat,149,2302018-DC-at-STL,74,74,74,1:14,5,,,1.0,STL,DC,0.0,2,2,2.0,2.0,Home,15,22,85.0,0,28,20,20189,,,,StatusOfficial,ResultPassComplete,,,,22026,20688,4.0,10.0,15.0,Home,15.0,4.0,15.0,0:45, ,,,,,,,,,,,,,,,,,,,,,,,,0,0.0,0.0,0.0,0.0,0.0
2023,FOOTBALL_XFL_2023_3_18_DC@STL,DC,8,STL,5,outdoors,378,1679190744.0,78744,2023-03-19 01:52:24.000000,EventFootballPass,"1-10-STL 30 (1:09) 10 A. McCarron pass to 23 B. Hill to STL 41 for 11 yards (20 J. Brooks, 57 A. Hines)",,True,4,1,9,Half2,MaSourceTypeOfficialScoring,FOOTBALL_XFL_2023_3_18_DC@STL,,QBStat,150,2302018-DC-at-STL,69,69,69,1:09,5,,,1.0,STL,DC,0.0,2,2,2.0,2.0,Home,30,22,70.0,0,28,20,20189,20699,,,StatusOfficial,ResultPassComplete,,,,22026,20688,1.0,10.0,11.0,Home,15.0,5.0,26.0,0:52, ,,,,,,,,,,,,,,,,,,,,,,,,0,0.0,0.0,0.0,0.0,0.0
2023,FOOTBALL_XFL_2023_3_18_DC@STL,DC,8,STL,5,outdoors,381,1679190772.0,78772,2023-03-19 01:52:52.000000,EventFootballPass,1-10-STL 41 (0:55) 10 A. McCarron pass intended for 22 S. Mitchell INTERCEPTED by 15 M. Joseph returned 0 yards to DC 37,,True,4,0,55,Half2,MaSourceTypeOfficialScoring,FOOTBALL_XFL_2023_3_18_DC@STL,,QBStat,151,2302018-DC-at-STL,55,55,55,0:55,5,,,1.0,STL,DC,0.0,2,2,2.0,2.0,Home,41,22,59.0,0,28,20,,,,,StatusOfficial,ResultPassInterception,,Visitor,37.0,22026,21081,1.0,10.0,,Home,15.0,6.0,26.0,1:07,INT,,,,,,,,,,,,,,,,22862,,,,,,,,0,0.0,0.0,0.0,0.0,0.0
2023,FOOTBALL_XFL_2023_3_18_DC@STL,DC,8,STL,5,outdoors,383,1679190829.0,78829,2023-03-19 01:53:49.000000,EventFootballRush,1-10-DC 37 (0:51) 4 A. Smith rush to DC 40 for 3 yards (27 M. Rose),,True,4,0,51,Half2,MaSourceTypeOfficialScoring,FOOTBALL_XFL_2023_3_18_DC@STL,,QBStat,152,2302018-DC-at-STL,51,51,51,0:51,8,,,0.0,DC,STL,0.0,2,2,2.0,2.0,Visitor,37,23,63.0,0,28,20,21340,,,,StatusOfficial,,,,,,,1.0,10.0,3.0,Visitor,37.0,1.0,3.0,0:05, ,21427,,,,,,,,,,,,,,,,,,,,,,,0,0.0,0.0,0.0,0.0,0.0
2023,FOOTBALL_XFL_2023_3_18_DC@STL,DC,8,STL,5,outdoors,385,1679190842.0,78842,2023-03-19 01:54:02.000000,EventFootballTimeout,Timeout by St. Louis Battlehawks at 0:50,,True,4,0,50,Half2,MaSourceTypeOfficialScoring,FOOTBALL_XFL_2023_3_18_DC@STL,,QBStat,153,2302018-DC-at-STL,50,50,50,0:50,8,,,0.0,DC,STL,0.0,2,2,2.0,2.0,Visitor,40,23,60.0,0,28,20,,,,,StatusOfficial,,,,,,,2.0,7.0,,Visitor,37.0,1.0,3.0,0:05, ,,,,,,,,,,,,5,,,,,,,,,,,,0,0.0,0.0,0.0,0.0,0.0
2023,FOOTBALL_XFL_2023_3_18_DC@STL,DC,8,STL,5,outdoors,387,1679190888.0,78888,2023-03-19 01:54:48.000000,EventFootballRush,2-7-DC 40 (0:49) 4 A. Smith rush to STL 47 for 13 yards (25 L. Denis),,True,4,0,49,Half2,MaSourceTypeOfficialScoring,FOOTBALL_XFL_2023_3_18_DC@STL,,QBStat,154,2302018-DC-at-STL,49,49,49,0:49,8,,,0.0,DC,STL,0.0,2,1,2.0,2.0,Visitor,40,23,60.0,0,28,20,20385,,,,StatusOfficial,,,,,,,2.0,7.0,13.0,Visitor,37.0,2.0,16.0,0:11, ,21427,,,,,,,,,,,,,,,,,,,,,,,0,0.0,0.0,0.0,0.0,0.0
2023,FOOTBALL_XFL_2023_3_18_DC@STL,DC,8,STL,5,outdoors,389,1679190911.0,78911,2023-03-19 01:55:11.000000,EventFootballTimeout,Timeout by St. Louis Battlehawks at 0:43,,True,4,0,43,Half2,MaSourceTypeOfficialScoring,FOOTBALL_XFL_2023_3_18_DC@STL,,QBStat,155,2302018-DC-at-STL,43,43,43,0:43,8,,,0.0,DC,STL,0.0,2,1,2.0,2.0,Home,47,23,47.0,0,28,20,,,,,StatusOfficial,,,,,,,1.0,10.0,,Visitor,37.0,2.0,16.0,0:12, ,,,,,,,,,,,,5,,,,,,,,,,,,0,0.0,0.0,0.0,0.0,0.0
2023,FOOTBALL_XFL_2023_3_18_DC@STL,DC,8,STL,5,outdoors,394,1679190960.0,78960,2023-03-19 01:56:00.000000,EventFootballRush,1-10-STL 47 (0:38) 10 J. Ta'amu rush to STL 48 for -1 yards,,True,4,0,38,Half2,MaSourceTypeOfficialScoring,FOOTBALL_XFL_2023_3_18_DC@STL,,QBStat,156,2302018-DC-at-STL,38,38,38,0:38,8,,,0.0,DC,STL,0.0,2,0,2.0,2.0,Home,47,23,47.0,0,28,20,,,,,StatusOfficial,,,,,,,1.0,10.0,-1.0,Visitor,37.0,3.0,15.0,0:24, ,22296,,,,,,,,,,,,,,,,,,,,,,,0,0.0,0.0,0.0,0.0,0.0
2023,FOOTBALL_XFL_2023_3_18_DC@STL,DC,8,STL,5,outdoors,409,1679190981.0,78981,2023-03-19 01:56:21.000000,EventFootballRush,2-11-STL 48 (0:17) 10 J. Ta'amu rush to STL 49 for -1 yards,,True,4,0,17,Half2,MaSourceTypeOfficialScoring,FOOTBALL_XFL_2023_3_18_DC@STL,,QBStat,157,2302018-DC-at-STL,17,17,17,0:17,8,,,0.0,DC,STL,0.0,2,0,2.0,2.0,Home,48,23,48.0,0,28,20,,,,,StatusOfficial,,,,,,,2.0,11.0,-1.0,Visitor,37.0,4.0,14.0,0:55,HALF,22296,,,,,,,,,,,,,,,,,,,,,,,0,0.0,0.0,0.0,0.0,0.0
2023,FOOTBALL_XFL_2023_3_18_DC@STL,DC,8,STL,5,outdoors,396,1679191001.5665765,,2023-03-19 01:56:41.566576,EventEnd,Game End Marker,,True,4,0,0,Half2,MaSourceTypeOfficialScoring,FOOTBALL_XFL_2023_3_18_DC@STL,,QBStat,10020,2302018-DC-at-STL,0,0,0,0:00,8,,,0.0,DC,STL,0.0,2,0,2.0,2.0,Home,49,23,49.0,0,28,20,,,,,,,,,,,,3.0,12.0,,,,,,,,,,,,,,,,,,,,,,,,,,,,,,,0,0.0,0.0,0.0,0.0,0.0
2023,FOOTBALL_XFL_2023_3_18_DC@STL,DC,8,STL,5,outdoors,412,1679334201.4159076,,2023-03-20 17:43:21.415908,EventOfficial,Game Official Marker,,True,4,0,0,Half2,MaSourceTypeOfficialScoring,FOOTBALL_XFL_2023_3_18_DC@STL,,QBStat,10025,2302018-DC-at-STL,0,0,0,0:00,8,,,0.0,DC,STL,0.0,2,0,2.0,2.0,Home,49,23,49.0,0,28,20,,,,,,,,,,,,3.0,12.0,,,,,,,,,,,,,,,,,,,,,,,,,,,,,,,0,0.0,0.0,0.0,0.0,0.0
