season,game_id,away_team_abv,away_team_id,home_team_abv,home_team_id,MarkerId,MarkerUTC,MarkerLTC,play_date_time,play_type,desc,comments,IsOfficial,qtr,ClockMinutes,ClockSeconds,game_half,SourceType,EventId,SituationCode,SourceId,SourceNativeMarkerId,OfficialCode,quarter_seconds_remaining,half_seconds_remaining,game_seconds_remaining,time,VisTimeouts,HomeTimeouts,BallOn_Side,BallOn_YardNum,DriveNum,pos_team_ID,PossTeamAbv,LastPlaySummary,LastPlayStatus,home_team_has_pos,yardline_100,VisScore,HomeScore,MapRoleKicker,MapRoleKickreturner,FootballStatus,FootballPlayResult,FootballKickRetYards,FootballSetBallOn_VisOrHome,FootballSetBallOn_YardNum,MapRolePasser,MapRoleReceiver,MapRoleTackler1,Down,Distance,FootballYards,Drive_Start_VisOrHome,Drive_Start_YardNum,Drive_Plays,Drive_Yards,Drive_TOP,Result,MapRoleRusher,MapRoleTackler2,FootballFumble_TeamFumbled,FootballFumble_PlayerFumbled,FootballFumble_TeamRecovered,FootballFumble_PlayerRecovered,FootballFumble_PlayerForcedFumble,FootballMainScoringPlay,FootballConvAttPts,FootballPenalty_TeamId,FootballPenalty_PlayerId,FootballPenalty_Yards,FootballPenalty_PenaltyResult,FootballPenalty_Description,MapRolePassDefender,MapRolePunter,MapRolePuntreturner,FootballPuntYards,FootballPuntRetYards,FootballTimeoutTeamId,MapRoleSacker1,MapRoleQbHitter,MapRoleInterceptor,punt_attempt,pass_touchdown,rush_touchdown,touchdown
2023,FOOTBALL_XFL_2023_3_4_SEA@VGS,SEA,6,VGS,7,1,1677974644.7889268,,2023-03-05 00:04:04.788927,EventStart,Game Start Marker,,True,1,8,24,Half1,MaSourceTypeOfficialScoring,FOOTBALL_XFL_2023_3_4_SEA@VGS,,QBStat,10005,2302009-SEA-at-VGS,504,1404,3204,8:24,3,3,Home,30,1,6,,,,0.0,30,0,0,,,,,,,,,,,,,,,,,,,,,,,,,,,,,,,,,,,,,,,,,,,0,0.0,0.0,0.0
2023,FOOTBALL_XFL_2023_3_4_SEA@VGS,SEA,6,VGS,7,3,1677974692.0,68692,2023-03-05 00:04:52.000000,EventFootballKickoff,47 B. Giffen kicks from VGS 30. 86 K. McKnight to SEA 20 for 7 yards,,True,1,15,0,Half1,MaSourceTypeOfficialScoring,FOOTBALL_XFL_2023_3_4_SEA@VGS,,QBStat,1,2302009-SEA-at-VGS,900,1800,3600,15:00,3,3,Home,30,1,6,,,,0.0,30,0,0,47,20392,StatusOfficial,ResultKickReturned,7.0,Visitor,20.0,,,,,,,,,,,,,,,,,,,,,,,,,,,,,,,,,,,,0,0.0,0.0,0.0
2023,FOOTBALL_XFL_2023_3_4_SEA@VGS,SEA,6,VGS,7,5,1677974737.0,68737,2023-03-05 00:05:37.000000,EventFootballPass,1-10-SEA 20 (14:52) 6 B. DiNucci pass to 3 J. Pearson to SEA 31 for 11 yards (23 M. Roberts),,True,1,14,52,Half1,MaSourceTypeOfficialScoring,FOOTBALL_XFL_2023_3_4_SEA@VGS,,QBStat,2,2302009-SEA-at-VGS,892,1792,3592,14:52,3,3,Visitor,20,1,6,,,,0.0,80,0,0,,,StatusOfficial,ResultPassComplete,,,,21979,21203,21960,1.0,10.0,11.0,Visitor,20.0,1.0,11.0,0:00, ,,,,,,,,,,,,,,,,,,,,,,,,0,0.0,0.0,0.0
2023,FOOTBALL_XFL_2023_3_4_SEA@VGS,SEA,6,VGS,7,7,1677974768.0,68768,2023-03-05 00:06:08.000000,EventFootballPass,1-10-SEA 31 (14:22) 6 B. DiNucci pass to 15 D. Willis to SEA 33 for 2 yards (30 S. Roberts),,True,1,14,22,Half1,MaSourceTypeOfficialScoring,FOOTBALL_XFL_2023_3_4_SEA@VGS,,QBStat,3,2302009-SEA-at-VGS,862,1762,3562,14:22,3,3,Visitor,31,1,6,,,,0.0,69,0,0,,,StatusOfficial,ResultPassComplete,,,,21979,21695,21312,1.0,10.0,2.0,Visitor,20.0,2.0,13.0,0:00, ,,,,,,,,,,,,,,,,,,,,,,,,0,0.0,0.0,0.0
2023,FOOTBALL_XFL_2023_3_4_SEA@VGS,SEA,6,VGS,7,9,1677974803.0,68803,2023-03-05 00:06:43.000000,EventFootballRush,"2-8-SEA 33 (13:47) 19 T. Hammonds rush to SEA 35 for 2 yards (44 V. Beasley, 28 C. Avery)",,True,1,13,47,Half1,MaSourceTypeOfficialScoring,FOOTBALL_XFL_2023_3_4_SEA@VGS,,QBStat,4,2302009-SEA-at-VGS,827,1727,3527,13:47,3,3,Visitor,33,1,6,,,,0.0,67,0,0,,,StatusOfficial,,,,,,,21739,2.0,8.0,2.0,Visitor,20.0,3.0,15.0,0:00, ,20620,20066,,,,,,,,,,,,,,,,,,,,,,0,0.0,0.0,0.0
2023,FOOTBALL_XFL_2023_3_4_SEA@VGS,SEA,6,VGS,7,11,1677974859.0,68859,2023-03-05 00:07:39.000000,EventFootballRush,"3-6-SEA 35 (13:00) 6 B. DiNucci rush to SEA 35 for 0 yards Fumbled by 6 B. DiNucci,  Recovered by 28 C. Avery",,True,1,13,0,Half1,MaSourceTypeOfficialScoring,FOOTBALL_XFL_2023_3_4_SEA@VGS,,QBStat,5,2302009-SEA-at-VGS,780,1680,3480,13:00,3,3,Visitor,35,1,6,,,,0.0,65,0,0,,,StatusOfficial,,,Visitor,25.0,,,,3.0,6.0,0.0,Visitor,20.0,4.0,5.0,2:00,FUMBLE,21979,,6,21979,7,20066,,,,,,,,,,,,,,,,,,0,0.0,0.0,0.0
2023,FOOTBALL_XFL_2023_3_4_SEA@VGS,SEA,6,VGS,7,87,1677974949.0,68949,2023-03-05 00:09:09.000000,EventFootballPass,1-10-SEA 25 (12:55) 2 B. Hundley pass to 13 J. Badet to SEA 16 for 9 yards (43 E. Smith),,True,1,12,55,Half1,MaSourceTypeOfficialScoring,FOOTBALL_XFL_2023_3_4_SEA@VGS,,QBStat,6,2302009-SEA-at-VGS,775,1675,3475,12:55,3,3,Visitor,25,2,7,,,,1.0,25,0,0,,,StatusOfficial,ResultPassComplete,,,,22876,20072,21437,1.0,10.0,9.0,Visitor,25.0,1.0,10.0,0:26, ,,,,,,,,,,,,,,,,,,,,,,,,0,0.0,0.0,0.0
2023,FOOTBALL_XFL_2023_3_4_SEA@VGS,SEA,6,VGS,7,25,1677974976.0,68976,2023-03-05 00:09:36.000000,EventFootballPass,2-1-SEA 15 (12:34) 2 B. Hundley pass incomplete to 13 J. Badet,,True,1,12,34,Half1,MaSourceTypeOfficialScoring,FOOTBALL_XFL_2023_3_4_SEA@VGS,,QBStat,7,2302009-SEA-at-VGS,754,1654,3454,12:34,3,3,Visitor,15,2,7,,,,1.0,15,0,0,,,StatusOfficial,ResultPassIncomplete,,,,22876,20072,,2.0,1.0,,Visitor,25.0,2.0,10.0,0:44, ,,,,,,,,,,,,,,,,,,,,,,,,0,0.0,0.0,0.0
2023,FOOTBALL_XFL_2023_3_4_SEA@VGS,SEA,6,VGS,7,19,1677975012.0,69012,2023-03-05 00:10:12.000000,EventFootballRush,3-1-SEA 15 (12:06) 2 B. Hundley rush to SEA 14 for 1 yard (5 C. Jones),,True,1,12,6,Half1,MaSourceTypeOfficialScoring,FOOTBALL_XFL_2023_3_4_SEA@VGS,,QBStat,8,2302009-SEA-at-VGS,726,1626,3426,12:06,3,3,Visitor,15,2,7,,,,1.0,15,0,0,,,StatusOfficial,,,,,,,20836,3.0,1.0,1.0,Visitor,25.0,3.0,11.0,1:16, ,22876,,,,,,,,,,,,,,,,,,,,,,,0,0.0,0.0,0.0
2023,FOOTBALL_XFL_2023_3_4_SEA@VGS,SEA,6,VGS,7,21,1677975047.0,69047,2023-03-05 00:10:47.000000,EventFootballRush,1-10-SEA 14 (11:31) 15 R. Smith rush to SEA 13 for 1 yard (44 E. Ponder),,True,1,11,31,Half1,MaSourceTypeOfficialScoring,FOOTBALL_XFL_2023_3_4_SEA@VGS,,QBStat,9,2302009-SEA-at-VGS,691,1591,3391,11:31,3,3,Visitor,14,2,7,,,,1.0,14,0,0,,,StatusOfficial,,,,,,,22017,1.0,10.0,1.0,Visitor,25.0,4.0,12.0,1:49, ,21447,,,,,,,,,,,,,,,,,,,,,,,0,0.0,0.0,0.0
2023,FOOTBALL_XFL_2023_3_4_SEA@VGS,SEA,6,VGS,7,23,1677975085.0,69085,2023-03-05 00:11:25.000000,EventFootballRush,2-9-SEA 13 (10:53) 15 R. Smith rush to SEA 12 for 1 yard (58 A. Faoliu),,True,1,10,53,Half1,MaSourceTypeOfficialScoring,FOOTBALL_XFL_2023_3_4_SEA@VGS,,QBStat,10,2302009-SEA-at-VGS,653,1553,3353,10:53,3,3,Visitor,13,2,7,,,,1.0,13,0,0,,,StatusOfficial,,,,,,,20466,2.0,9.0,1.0,Visitor,25.0,5.0,13.0,2:15, ,21447,,,,,,,,,,,,,,,,,,,,,,,0,0.0,0.0,0.0
2023,FOOTBALL_XFL_2023_3_4_SEA@VGS,SEA,6,VGS,7,27,1677975119.0,69119,2023-03-05 00:11:59.000000,EventFootballPass,"3-8-SEA 12 (10:20) 2 B. Hundley pass to 13 J. Badet for 12 yards, TOUCHDOWN",,True,1,10,20,Half1,MaSourceTypeOfficialScoring,FOOTBALL_XFL_2023_3_4_SEA@VGS,,QBStat,11,2302009-SEA-at-VGS,620,1520,3320,10:20,3,3,Visitor,12,2,7,,,,1.0,12,0,0,,,StatusOfficial,ResultPassComplete,,,,22876,20072,,3.0,8.0,12.0,Visitor,25.0,6.0,25.0,2:40,TD,,,,,,,,ScoreTypeTd,,,,,,,,,,,,,,,,0,1.0,0.0,1.0
2023,FOOTBALL_XFL_2023_3_4_SEA@VGS,SEA,6,VGS,7,29,1677975157.0,69157,2023-03-05 00:12:37.000000,EventFootballPat2PtRush,15 R. Smith 2-pt conversion rush attempt NO GOOD,,True,1,10,20,Half1,MaSourceTypeOfficialScoring,FOOTBALL_XFL_2023_3_4_SEA@VGS,,QBStat,12,2302009-SEA-at-VGS,620,1520,3320,10:20,3,3,Visitor,5,2,7,,,,1.0,5,0,6,,,StatusOfficial,,,,,,,,,,4.0,,,,,,,21447,,,,,,,,2.0,,,,,,,,,,,,,,,0,0.0,0.0,0.0
2023,FOOTBALL_XFL_2023_3_4_SEA@VGS,SEA,6,VGS,7,31,1677975403.0,69403,2023-03-05 00:16:43.000000,EventFootballKickoff,"47 B. Giffen kicks from VGS 30. 86 K. McKnight to SEA 15 for 31 yards (47 B. Giffen) PENALTY on 88 J. Veasy, 10 yards",,True,1,10,18,Half1,MaSourceTypeOfficialScoring,FOOTBALL_XFL_2023_3_4_SEA@VGS,,QBStat,13,2302009-SEA-at-VGS,618,1518,3318,10:18,3,3,Home,30,3,6,,,,0.0,30,0,6,47,20392,StatusOfficial,ResultKickReturned,31.0,Visitor,15.0,,,20076,,,,,,,,,,,,,,,,,,,6,22306,10.0,ResultPenaltyOnkickoffpat,NA,,,,,,,,,,0,0.0,0.0,0.0
2023,FOOTBALL_XFL_2023_3_4_SEA@VGS,SEA,6,VGS,7,33,1677975462.0,69462,2023-03-05 00:17:42.000000,EventFootballPass,1-10-SEA 15 (10:07) 6 B. DiNucci pass to 19 T. Hammonds to SEA 20 for 5 yards (9 D. Anderson),,True,1,10,7,Half1,MaSourceTypeOfficialScoring,FOOTBALL_XFL_2023_3_4_SEA@VGS,,QBStat,14,2302009-SEA-at-VGS,607,1507,3307,10:07,3,3,Visitor,15,3,6,,,,0.0,85,0,6,,,StatusOfficial,ResultPassComplete,,,,21979,20620,20039,1.0,10.0,5.0,Visitor,15.0,1.0,5.0,0:40, ,,,,,,,,,,,,,,,,,,,,,,,,0,0.0,0.0,0.0
2023,FOOTBALL_XFL_2023_3_4_SEA@VGS,SEA,6,VGS,7,35,1677975497.0,69497,2023-03-05 00:18:17.000000,EventFootballPass,2-5-SEA 20 (9:32) 6 B. DiNucci pass to 3 J. Pearson to SEA 28 for 8 yards (27 N. Hill),,True,1,9,32,Half1,MaSourceTypeOfficialScoring,FOOTBALL_XFL_2023_3_4_SEA@VGS,,QBStat,15,2302009-SEA-at-VGS,572,1472,3272,9:32,3,3,Visitor,20,3,6,,,,0.0,80,0,6,,,StatusOfficial,ResultPassComplete,,,,21979,21203,20690,2.0,5.0,8.0,Visitor,15.0,2.0,13.0,1:10, ,,,,,,,,,,,,,,,,,,,,,,,,0,0.0,0.0,0.0
2023,FOOTBALL_XFL_2023_3_4_SEA@VGS,SEA,6,VGS,7,37,1677975531.0,69531,2023-03-05 00:18:51.000000,EventFootballRush,"1-10-SEA 28 (8:59) 25 M. Ellison rush to SEA 31 for 3 yards (27 N. Hill, 0 P. Taumoepenu)",,True,1,8,59,Half1,MaSourceTypeOfficialScoring,FOOTBALL_XFL_2023_3_4_SEA@VGS,,QBStat,16,2302009-SEA-at-VGS,539,1439,3239,8:59,3,3,Visitor,28,3,6,,,,0.0,72,0,6,,,StatusOfficial,,,,,,,20690,1.0,10.0,3.0,Visitor,15.0,3.0,16.0,1:42, ,20450,21968,,,,,,,,,,,,,,,,,,,,,,0,0.0,0.0,0.0
2023,FOOTBALL_XFL_2023_3_4_SEA@VGS,SEA,6,VGS,7,39,1677975567.0,69567,2023-03-05 00:19:27.000000,EventFootballPass,2-7-SEA 31 (8:24) 6 B. DiNucci pass incomplete to 4 J. Green,,True,1,8,24,Half1,MaSourceTypeOfficialScoring,FOOTBALL_XFL_2023_3_4_SEA@VGS,,QBStat,17,2302009-SEA-at-VGS,504,1404,3204,8:24,3,3,Visitor,31,3,6,,,,0.0,69,0,6,,,StatusOfficial,ResultPassIncomplete,,,,21979,22035,,2.0,7.0,,Visitor,15.0,4.0,16.0,2:02, ,,,,,,,,,,,,,,,21943,,,,,,,,,0,0.0,0.0,0.0
2023,FOOTBALL_XFL_2023_3_4_SEA@VGS,SEA,6,VGS,7,41,1677975604.0,69604,2023-03-05 00:20:04.000000,EventFootballPass,3-7-SEA 31 (7:53) 6 B. DiNucci pass to 80 B. Jackson to SEA 33 for 2 yards (22 A. Sparks),,True,1,7,53,Half1,MaSourceTypeOfficialScoring,FOOTBALL_XFL_2023_3_4_SEA@VGS,,QBStat,18,2302009-SEA-at-VGS,473,1373,3173,7:53,3,3,Visitor,31,3,6,,,,0.0,69,0,6,,,StatusOfficial,ResultPassComplete,,,,21979,20761,21462,3.0,7.0,2.0,Visitor,15.0,5.0,18.0,2:43, ,,,,,,,,,,,,,,,,,,,,,,,,0,0.0,0.0,0.0
2023,FOOTBALL_XFL_2023_3_4_SEA@VGS,SEA,6,VGS,7,44,1677975722.0,69722,2023-03-05 00:22:02.000000,EventFootballPunt,4-5-SEA 33 (7:18) 10 C. Nizialek punts 45 yards from SEA 33 to VGS 22. 10 M. Sexton to VGS 42 for 20 yards (43 E. Smith),,True,1,7,18,Half1,MaSourceTypeOfficialScoring,FOOTBALL_XFL_2023_3_4_SEA@VGS,,QBStat,19,2302009-SEA-at-VGS,438,1338,3138,7:18,3,3,Visitor,33,3,6,,,,0.0,67,0,6,,,StatusOfficial,ResultKickReturned,,Home,42.0,,,43,4.0,5.0,,Visitor,15.0,5.0,18.0,3:02,PUNT,,,,,,,,,,,,,,,,21997,21882,45.0,20.0,,,,,1,0.0,0.0,0.0
2023,FOOTBALL_XFL_2023_3_4_SEA@VGS,SEA,6,VGS,7,46,1677975937.0,69937,2023-03-05 00:25:37.000000,EventFootballPass,1-10-VGS 42 (7:09) 2 B. Hundley pass to 4 M. Bryant to VGS 48 for 6 yards (21 L. Stephens),,True,1,7,9,Half1,MaSourceTypeOfficialScoring,FOOTBALL_XFL_2023_3_4_SEA@VGS,,QBStat,20,2302009-SEA-at-VGS,429,1329,3129,7:09,3,3,Home,42,4,7,,,,1.0,58,0,6,,,StatusOfficial,ResultPassComplete,,,,22876,20218,21963,1.0,10.0,6.0,Home,42.0,1.0,6.0,0:25, ,,,,,,,,,,,,,,,,,,,,,,,,0,0.0,0.0,0.0
2023,FOOTBALL_XFL_2023_3_4_SEA@VGS,SEA,6,VGS,7,48,1677975975.0,69975,2023-03-05 00:26:15.000000,EventFootballRush,2-4-VGS 48 (6:38) 8 J. Lovett rush to VGS 45 for -3 yards (43 E. Smith),,True,1,6,38,Half1,MaSourceTypeOfficialScoring,FOOTBALL_XFL_2023_3_4_SEA@VGS,,QBStat,21,2302009-SEA-at-VGS,398,1298,3098,6:38,3,3,Home,48,4,7,,,,1.0,52,0,6,,,StatusOfficial,,,,,,,21437,2.0,4.0,-3.0,Home,42.0,2.0,3.0,0:44, ,21872,,,,,,,,,,,,,,,,,,,,,,,0,0.0,0.0,0.0
2023,FOOTBALL_XFL_2023_3_4_SEA@VGS,SEA,6,VGS,7,50,1677976012.0,70012,2023-03-05 00:26:52.000000,EventFootballPass,3-7-VGS 45 (6:03) 2 B. Hundley pass to 10 M. Sexton to VGS 47 for 2 yards (32 Q. Cole),,True,1,6,3,Half1,MaSourceTypeOfficialScoring,FOOTBALL_XFL_2023_3_4_SEA@VGS,,QBStat,22,2302009-SEA-at-VGS,363,1263,3063,6:03,3,3,Home,45,4,7,,,,1.0,55,0,6,,,StatusOfficial,ResultPassComplete,,,,22876,21882,20311,3.0,7.0,2.0,Home,42.0,3.0,5.0,1:21, ,,,,,,,,,,,,,,,,,,,,,,,,0,0.0,0.0,0.0
2023,FOOTBALL_XFL_2023_3_4_SEA@VGS,SEA,6,VGS,7,52,1677976057.0,70057,2023-03-05 00:27:37.000000,EventFootballPunt,"4-5-VGS 47 (5:21) 17 M. Carrizosa punts 44 yards, downed at SEA 9",,True,1,5,21,Half1,MaSourceTypeOfficialScoring,FOOTBALL_XFL_2023_3_4_SEA@VGS,,QBStat,23,2302009-SEA-at-VGS,321,1221,3021,5:21,3,3,Home,47,4,7,,,,1.0,53,0,6,,,StatusOfficial,ResultKickDowned,,Visitor,9.0,,,,4.0,5.0,,Home,42.0,3.0,5.0,1:57,PUNT,,,,,,,,,,,,,,,,21784,,44.0,,,,,,1,0.0,0.0,0.0
2023,FOOTBALL_XFL_2023_3_4_SEA@VGS,SEA,6,VGS,7,54,1677976108.0,70108,2023-03-05 00:28:28.000000,EventFootballRush,1-10-SEA 9 (5:12) 6 B. DiNucci rush to SEA 18 for 9 yards (45 M. Spaight),,True,1,5,12,Half1,MaSourceTypeOfficialScoring,FOOTBALL_XFL_2023_3_4_SEA@VGS,,QBStat,24,2302009-SEA-at-VGS,312,1212,3012,5:12,3,3,Visitor,9,5,6,,,,0.0,91,0,6,,,StatusOfficial,,,,,,,22885,1.0,10.0,9.0,Visitor,9.0,1.0,9.0,0:15, ,21979,,,,,,,,,,,,,,,,,,,,,,,0,0.0,0.0,0.0
2023,FOOTBALL_XFL_2023_3_4_SEA@VGS,SEA,6,VGS,7,56,1677976145.0,70145,2023-03-05 00:29:05.000000,EventFootballPass,2-1-SEA 18 (4:41) 6 B. DiNucci pass to 0 J. Gordon to SEA 36 for 18 yards,,True,1,4,41,Half1,MaSourceTypeOfficialScoring,FOOTBALL_XFL_2023_3_4_SEA@VGS,,QBStat,25,2302009-SEA-at-VGS,281,1181,2981,4:41,3,3,Visitor,18,5,6,,,,0.0,82,0,6,,,StatusOfficial,ResultPassComplete,,,,21979,22840,,2.0,1.0,18.0,Visitor,9.0,2.0,27.0,0:52, ,,,,,,,,,,,,,,,,,,,,,,,,0,0.0,0.0,0.0
2023,FOOTBALL_XFL_2023_3_4_SEA@VGS,SEA,6,VGS,7,58,1677976174.0,70174,2023-03-05 00:29:34.000000,EventFootballPass,"1-10-SEA 36 (4:20) 6 B. DiNucci pass to 0 J. Gordon to SEA 44 for 8 yards (45 M. Spaight, 20 J. Johnson)",,True,1,4,20,Half1,MaSourceTypeOfficialScoring,FOOTBALL_XFL_2023_3_4_SEA@VGS,,QBStat,26,2302009-SEA-at-VGS,260,1160,2960,4:20,3,3,Visitor,36,5,6,,,,0.0,64,0,6,,,StatusOfficial,ResultPassComplete,,,,21979,22840,22885,1.0,10.0,8.0,Visitor,9.0,3.0,35.0,1:29, ,,20811,,,,,,,,,,,,,,,,,,,,,,0,0.0,0.0,0.0
2023,FOOTBALL_XFL_2023_3_4_SEA@VGS,SEA,6,VGS,7,60,1677976230.0,70230,2023-03-05 00:30:30.000000,EventFootballPenalty,"2-2-SEA 44 (3:38) PENALTY on 71 L. Jimmons, 10 yards",,True,1,3,38,Half1,MaSourceTypeOfficialScoring,FOOTBALL_XFL_2023_3_4_SEA@VGS,,QBStat,27,2302009-SEA-at-VGS,218,1118,2918,3:38,3,3,Visitor,44,5,6,,,,0.0,56,0,6,,,StatusOfficial,,,,,,,,2.0,2.0,,Visitor,9.0,3.0,25.0,1:41, ,,,,,,,,,,6,20794,10.0,ResultPenaltyRepeatdown,NA,,,,,,,,,,0,0.0,0.0,0.0
2023,FOOTBALL_XFL_2023_3_4_SEA@VGS,SEA,6,VGS,7,62,1677976259.0,70259,2023-03-05 00:30:59.000000,EventFootballPass,2-12-SEA 34 (3:19) 6 B. DiNucci pass to 80 B. Jackson to SEA 42 for 8 yards (20 J. Johnson),,True,1,3,19,Half1,MaSourceTypeOfficialScoring,FOOTBALL_XFL_2023_3_4_SEA@VGS,,QBStat,28,2302009-SEA-at-VGS,199,1099,2899,3:19,3,3,Visitor,34,5,6,,,,0.0,66,0,6,,,StatusOfficial,ResultPassComplete,,,,21979,20761,20811,2.0,12.0,8.0,Visitor,9.0,4.0,33.0,2:28, ,,,,,,,,,,,,,,,,,,,,,,,,0,0.0,0.0,0.0
2023,FOOTBALL_XFL_2023_3_4_SEA@VGS,SEA,6,VGS,7,64,1677976300.0,70300,2023-03-05 00:31:40.000000,EventFootballPass,3-4-SEA 42 (2:38) 6 B. DiNucci pass to 3 J. Pearson to VGS 26 for 32 yards (9 D. Anderson),,True,1,2,38,Half1,MaSourceTypeOfficialScoring,FOOTBALL_XFL_2023_3_4_SEA@VGS,,QBStat,29,2302009-SEA-at-VGS,158,1058,2858,2:38,3,3,Visitor,42,5,6,,,,0.0,58,0,6,,,StatusOfficial,ResultPassComplete,,,,21979,21203,20039,3.0,4.0,32.0,Visitor,9.0,5.0,65.0,2:52, ,,,,,,,,,,,,,,,,,,,,,,,,0,0.0,0.0,0.0
2023,FOOTBALL_XFL_2023_3_4_SEA@VGS,SEA,6,VGS,7,68,1677976434.0,70434,2023-03-05 00:33:54.000000,EventFootballPass,1-10-VGS 26 (2:02) 6 B. DiNucci pass incomplete to 19 T. Hammonds,,True,1,2,2,Half1,MaSourceTypeOfficialScoring,FOOTBALL_XFL_2023_3_4_SEA@VGS,,QBStat,31,2302009-SEA-at-VGS,122,1022,2822,2:02,3,2,Home,26,5,6,,,,0.0,26,0,6,,,StatusOfficial,ResultPassIncomplete,,,,21979,20620,,1.0,10.0,,Visitor,9.0,6.0,65.0,3:19, ,,,,,,,,,,,,,,,,,,,,,,,,0,0.0,0.0,0.0
2023,FOOTBALL_XFL_2023_3_4_SEA@VGS,SEA,6,VGS,7,70,1677976470.0,70470,2023-03-05 00:34:30.000000,EventFootballPass,"2-10-VGS 26 (1:32) 6 B. DiNucci pass to 80 B. Jackson for 26 yards, TOUCHDOWN",,True,1,1,32,Half1,MaSourceTypeOfficialScoring,FOOTBALL_XFL_2023_3_4_SEA@VGS,,QBStat,32,2302009-SEA-at-VGS,92,992,2792,1:32,3,2,Home,26,5,6,,,,0.0,26,0,6,,,StatusOfficial,ResultPassComplete,,,,21979,20761,,2.0,10.0,26.0,Visitor,9.0,7.0,91.0,3:47,TD,,,,,,,,ScoreTypeTd,,,,,,,,,,,,,,,,0,1.0,0.0,1.0
2023,FOOTBALL_XFL_2023_3_4_SEA@VGS,SEA,6,VGS,7,72,1677976523.0,70523,2023-03-05 00:35:23.000000,EventFootballTimeout,Timeout by Vegas Vipers at 1:32,,True,1,1,32,Half1,MaSourceTypeOfficialScoring,FOOTBALL_XFL_2023_3_4_SEA@VGS,,QBStat,33,2302009-SEA-at-VGS,92,992,2792,1:32,3,2,Home,10,5,6,,,,0.0,10,6,6,,,StatusOfficial,,,,,,,,,,,Visitor,9.0,7.0,81.0,3:47,TD,,,,,,,,,,,,,,,,,,,,7,,,,0,0.0,0.0,0.0
2023,FOOTBALL_XFL_2023_3_4_SEA@VGS,SEA,6,VGS,7,78,1677976617.0,70617,2023-03-05 00:36:57.000000,EventFootballPat3PtPass,6 B. DiNucci 3-pt conversion pass to 0 J. Gordon NO GOOD,,True,1,1,32,Half1,MaSourceTypeOfficialScoring,FOOTBALL_XFL_2023_3_4_SEA@VGS,,QBStat,34,2302009-SEA-at-VGS,92,992,2792,1:32,3,1,Home,10,5,6,,,,0.0,10,6,6,,,StatusOfficial,ResultPassIncomplete,,,,21979,22840,,,,,,,,,,,,,,,,,,,3.0,,,,,,,,,,,,,,,0,0.0,0.0,0.0
2023,FOOTBALL_XFL_2023_3_4_SEA@VGS,SEA,6,VGS,7,80,1677976648.0,70648,2023-03-05 00:37:28.000000,EventFootballKickoff,11 D. Eberle kicks from SEA 30. 10 M. Sexton to VGS 20 for 15 yards (15 D. Willis),,True,1,1,29,Half1,MaSourceTypeOfficialScoring,FOOTBALL_XFL_2023_3_4_SEA@VGS,,QBStat,35,2302009-SEA-at-VGS,89,989,2789,1:29,3,1,Visitor,30,6,7,,,,1.0,30,6,6,20374,21997,StatusOfficial,ResultKickReturned,15.0,Home,20.0,,,21695,,,,,,,,,,,,,,,,,,,,,,,,,,,,,,,,,0,0.0,0.0,0.0
2023,FOOTBALL_XFL_2023_3_4_SEA@VGS,SEA,6,VGS,7,82,1677976692.0,70692,2023-03-05 00:38:12.000000,EventFootballRush,1-10-VGS 20 (1:23) 8 J. Lovett rush to VGS 23 for 3 yards (97 N. Lalos),,True,1,1,23,Half1,MaSourceTypeOfficialScoring,FOOTBALL_XFL_2023_3_4_SEA@VGS,,QBStat,36,2302009-SEA-at-VGS,83,983,2783,1:23,3,1,Home,20,6,7,,,,1.0,80,6,6,,,StatusOfficial,,,,,,,20918,1.0,10.0,3.0,Home,20.0,1.0,3.0,0:34, ,21872,,,,,,,,,,,,,,,,,,,,,,,0,0.0,0.0,0.0
2023,FOOTBALL_XFL_2023_3_4_SEA@VGS,SEA,6,VGS,7,84,1677976725.0,70725,2023-03-05 00:38:45.000000,EventFootballRush,"2-7-VGS 23 (0:50) 2 B. Hundley rush to VGS 42 for 19 yards (1 B. Thompson) PENALTY on Vegas Vipers, 10 yards",,True,1,0,50,Half1,MaSourceTypeOfficialScoring,FOOTBALL_XFL_2023_3_4_SEA@VGS,,QBStat,37,2302009-SEA-at-VGS,50,950,2750,0:50,3,1,Home,23,6,7,,,,1.0,77,6,6,,,StatusOfficial,,,,,,,22377,2.0,7.0,19.0,Home,20.0,2.0,12.0,1:03, ,22876,,,,,,,,,7,TM,10.0,ResultPenaltyAuto1Stdown,NA,,,,,,,,,,0,0.0,0.0,0.0
2023,FOOTBALL_XFL_2023_3_4_SEA@VGS,SEA,6,VGS,7,86,1677976806.0,70806,2023-03-05 00:40:06.000000,EventFootballRush,1-10-VGS 32 (0:26) 13 J. Badet rush to VGS 34 for 2 yards (52 A. Jackson),,True,1,0,26,Half1,MaSourceTypeOfficialScoring,FOOTBALL_XFL_2023_3_4_SEA@VGS,,QBStat,38,2302009-SEA-at-VGS,26,926,2726,0:26,3,1,Home,32,6,7,,,,1.0,68,6,6,,,StatusOfficial,,,,,,,20760,1.0,10.0,2.0,Home,20.0,3.0,14.0,1:28, ,20072,,,,,,,,,,,,,,,,,,,,,,,0,0.0,0.0,0.0
2023,FOOTBALL_XFL_2023_3_4_SEA@VGS,SEA,6,VGS,7,89,1677977039.0,71039,2023-03-05 00:43:59.000000,EventFootballRush,2-8-VGS 34 (14:57) 5 D. Torrey rush to VGS 38 for 4 yards (50 S. Paama),,True,2,14,57,Half1,MaSourceTypeOfficialScoring,FOOTBALL_XFL_2023_3_4_SEA@VGS,,QBStat,39,2302009-SEA-at-VGS,897,897,2697,14:57,3,1,Home,34,6,7,,,,1.0,66,6,6,,,StatusOfficial,,,,,,,21178,2.0,8.0,4.0,Home,20.0,4.0,18.0,1:55, ,21570,,,,,,,,,,,,,,,,,,,,,,,0,0.0,0.0,0.0
2023,FOOTBALL_XFL_2023_3_4_SEA@VGS,SEA,6,VGS,7,91,1677977078.0,71078,2023-03-05 00:44:38.000000,EventFootballPass,3-4-VGS 38 (14:18) 2 B. Hundley pass incomplete to 13 J. Badet,,True,2,14,18,Half1,MaSourceTypeOfficialScoring,FOOTBALL_XFL_2023_3_4_SEA@VGS,,QBStat,40,2302009-SEA-at-VGS,858,858,2658,14:18,3,1,Home,38,6,7,,,,1.0,62,6,6,,,StatusOfficial,ResultPassIncomplete,,,,22876,20072,,3.0,4.0,,Home,20.0,5.0,18.0,2:24, ,,,,,,,,,,,,,,,22377,,,,,,,,,0,0.0,0.0,0.0
2023,FOOTBALL_XFL_2023_3_4_SEA@VGS,SEA,6,VGS,7,93,1677977117.0,71117,2023-03-05 00:45:17.000000,EventFootballPunt,4-4-VGS 38 (13:50) 17 M. Carrizosa punts 27 yards out of bounds at SEA 35,,True,2,13,50,Half1,MaSourceTypeOfficialScoring,FOOTBALL_XFL_2023_3_4_SEA@VGS,,QBStat,41,2302009-SEA-at-VGS,830,830,2630,13:50,3,1,Home,38,6,7,,,,1.0,62,6,6,,,StatusOfficial,ResultKickOutofbounds,,Visitor,35.0,,,,4.0,4.0,,Home,20.0,5.0,18.0,2:42,PUNT,,,,,,,,,,,,,,,,21784,,27.0,,,,,,1,0.0,0.0,0.0
2023,FOOTBALL_XFL_2023_3_4_SEA@VGS,SEA,6,VGS,7,95,1677977164.0,71164,2023-03-05 00:46:04.000000,EventFootballPass,1-10-SEA 35 (13:46) 6 B. DiNucci pass dropped by 3 J. Pearson,,True,2,13,46,Half1,MaSourceTypeOfficialScoring,FOOTBALL_XFL_2023_3_4_SEA@VGS,,QBStat,42,2302009-SEA-at-VGS,826,826,2626,13:46,3,1,Visitor,35,7,6,,,,0.0,65,6,6,,,StatusOfficial,ResultPassDropped,,,,21979,21203,,1.0,10.0,,Visitor,35.0,1.0,,0:05, ,,,,,,,,,,,,,,,,,,,,,,,,0,0.0,0.0,0.0
2023,FOOTBALL_XFL_2023_3_4_SEA@VGS,SEA,6,VGS,7,97,1677977201.0,71201,2023-03-05 00:46:41.000000,EventFootballRush,2-10-SEA 35 (13:19) 25 M. Ellison rush to SEA 38 for 3 yards (45 M. Spaight),,True,2,13,19,Half1,MaSourceTypeOfficialScoring,FOOTBALL_XFL_2023_3_4_SEA@VGS,,QBStat,43,2302009-SEA-at-VGS,799,799,2599,13:19,3,1,Visitor,35,7,6,,,,0.0,65,6,6,,,StatusOfficial,,,,,,,22885,2.0,10.0,3.0,Visitor,35.0,2.0,3.0,0:43, ,20450,,,,,,,,,,,,,,,,,,,,,,,0,0.0,0.0,0.0
2023,FOOTBALL_XFL_2023_3_4_SEA@VGS,SEA,6,VGS,7,180,1677977240.0,71240,2023-03-05 00:47:20.000000,EventFootballRush,3-7-SEA 38 (12:40) 6 B. DiNucci rush to SEA 44 for 6 yards (27 N. Hill),,True,2,12,40,Half1,MaSourceTypeOfficialScoring,FOOTBALL_XFL_2023_3_4_SEA@VGS,,QBStat,44,2302009-SEA-at-VGS,760,760,2560,12:40,3,1,Visitor,38,7,6,,,,0.0,62,6,6,,,StatusOfficial,,,,,,,20690,3.0,7.0,6.0,Visitor,35.0,3.0,9.0,1:37, ,21979,,,,,,,,,,,,,,,,,,,,,,,0,0.0,0.0,0.0
2023,FOOTBALL_XFL_2023_3_4_SEA@VGS,SEA,6,VGS,7,101,1677977302.0,71302,2023-03-05 00:48:22.000000,EventFootballPenalty,"4-1-SEA 44 (12:00) PENALTY on Seattle Sea Dragons, 5 yards",,True,2,12,0,Half1,MaSourceTypeOfficialScoring,FOOTBALL_XFL_2023_3_4_SEA@VGS,,QBStat,45,2302009-SEA-at-VGS,720,720,2520,12:00,3,1,Visitor,44,7,6,,,,0.0,56,6,6,,,StatusOfficial,,,,,,,,4.0,1.0,,Visitor,35.0,3.0,4.0,1:50, ,,,,,,,,,,6,TM,5.0,ResultPenaltyRepeatdown,NA,,,,,,,,,,0,0.0,0.0,0.0
2023,FOOTBALL_XFL_2023_3_4_SEA@VGS,SEA,6,VGS,7,103,1677977328.0,71328,2023-03-05 00:48:48.000000,EventFootballPunt,"4-6-SEA 39 (11:49) 10 C. Nizialek punts 35 yards, downed at VGS 26",,True,2,11,49,Half1,MaSourceTypeOfficialScoring,FOOTBALL_XFL_2023_3_4_SEA@VGS,,QBStat,46,2302009-SEA-at-VGS,709,709,2509,11:49,3,1,Visitor,39,7,6,,,,0.0,61,6,6,,,StatusOfficial,ResultKickDowned,,Home,26.0,,,,4.0,6.0,,Visitor,35.0,3.0,4.0,2:01,PUNT,,,,,,,,,,,,,,,,21997,,35.0,,,,,,1,0.0,0.0,0.0
2023,FOOTBALL_XFL_2023_3_4_SEA@VGS,SEA,6,VGS,7,105,1677977512.0,71512,2023-03-05 00:51:52.000000,EventFootballRush,"1-10-VGS 26 (11:45) 5 D. Torrey rush to VGS 24 for -2 yards (9 C. Hicks, 28 B. Knox)",,True,2,11,45,Half1,MaSourceTypeOfficialScoring,FOOTBALL_XFL_2023_3_4_SEA@VGS,,QBStat,47,2302009-SEA-at-VGS,705,705,2505,11:45,3,1,Home,26,8,7,,,,1.0,74,6,6,,,StatusOfficial,,,,,,,22344,1.0,10.0,-2.0,Home,26.0,1.0,-2.0,0:16, ,21570,21871,,,,,,,,,,,,,,,,,,,,,,0,0.0,0.0,0.0
2023,FOOTBALL_XFL_2023_3_4_SEA@VGS,SEA,6,VGS,7,107,1677977546.0,71546,2023-03-05 00:52:26.000000,EventFootballSack,2-12-VGS 24 (11:12) 2 B. Hundley sacked at VGS 23 for -1 yards (96 D. Joseph),,True,2,11,12,Half1,MaSourceTypeOfficialScoring,FOOTBALL_XFL_2023_3_4_SEA@VGS,,QBStat,48,2302009-SEA-at-VGS,672,672,2472,11:12,3,1,Home,24,8,7,,,,1.0,76,6,6,,,StatusOfficial,,,,,22876,,,2.0,12.0,-1.0,Home,26.0,2.0,-3.0,0:52, ,,,,,,,,,,,,,,,,,,,,,21869,,,0,0.0,0.0,0.0
2023,FOOTBALL_XFL_2023_3_4_SEA@VGS,SEA,6,VGS,7,109,1677977583.0,71583,2023-03-05 00:53:03.000000,EventFootballTimeout,Timeout by Vegas Vipers at 10:40,,True,2,10,40,Half1,MaSourceTypeOfficialScoring,FOOTBALL_XFL_2023_3_4_SEA@VGS,,QBStat,49,2302009-SEA-at-VGS,640,640,2440,10:40,3,1,Home,23,8,7,,,,1.0,77,6,6,,,StatusOfficial,,,,,,,,3.0,13.0,,Home,26.0,2.0,-3.0,1:09, ,,,,,,,,,,,,,,,,,,,,7,,,,0,0.0,0.0,0.0
2023,FOOTBALL_XFL_2023_3_4_SEA@VGS,SEA,6,VGS,7,111,1677977649.0,71649,2023-03-05 00:54:09.000000,EventFootballPass,3-13-VGS 23 (10:34) 2 B. Hundley pass to 10 M. Sexton to SEA 40 for 37 yards (32 Q. Cole),,True,2,10,34,Half1,MaSourceTypeOfficialScoring,FOOTBALL_XFL_2023_3_4_SEA@VGS,,QBStat,50,2302009-SEA-at-VGS,634,634,2434,10:34,3,1,Home,23,8,7,,,,1.0,77,6,6,,,StatusOfficial,ResultPassComplete,,,,22876,21882,20311,3.0,13.0,37.0,Home,26.0,3.0,34.0,1:40, ,,,,,,,,,,,,,,,,,,,,,,,,0,0.0,0.0,0.0
2023,FOOTBALL_XFL_2023_3_4_SEA@VGS,SEA,6,VGS,7,113,1677977683.0,71683,2023-03-05 00:54:43.000000,EventFootballPass,1-10-SEA 40 (9:59) 2 B. Hundley pass to 89 C. Sutton to SEA 21 for 19 yards (9 C. Hicks),,True,2,9,59,Half1,MaSourceTypeOfficialScoring,FOOTBALL_XFL_2023_3_4_SEA@VGS,,QBStat,51,2302009-SEA-at-VGS,599,599,2399,9:59,3,1,Visitor,40,8,7,,,,1.0,40,6,6,,,StatusOfficial,ResultPassComplete,,,,22876,21502,22344,1.0,10.0,19.0,Home,26.0,4.0,53.0,2:05, ,,,,,,,,,,,,,,,,,,,,,,,,0,0.0,0.0,0.0
2023,FOOTBALL_XFL_2023_3_4_SEA@VGS,SEA,6,VGS,7,181,1677977715.0,71715,2023-03-05 00:55:15.000000,EventFootballRush,"1-10-SEA 21 (9:34) 5 D. Torrey rush to SEA 21 for 0 yards (5 C. Jones, 21 L. Stephens)",,True,2,9,34,Half1,MaSourceTypeOfficialScoring,FOOTBALL_XFL_2023_3_4_SEA@VGS,,QBStat,52,2302009-SEA-at-VGS,574,574,2374,9:34,3,1,Visitor,21,8,7,,,,1.0,21,6,6,,,StatusOfficial,,,,,,,20836,1.0,10.0,0.0,Home,26.0,5.0,53.0,2:28, ,21570,21963,,,,,,,,,,,,,,,,,,,,,,0,0.0,0.0,0.0
2023,FOOTBALL_XFL_2023_3_4_SEA@VGS,SEA,6,VGS,7,117,1677977753.0,71753,2023-03-05 00:55:53.000000,EventFootballPass,2-10-SEA 21 (8:57) 2 B. Hundley pass incomplete to 13 J. Badet,,True,2,8,57,Half1,MaSourceTypeOfficialScoring,FOOTBALL_XFL_2023_3_4_SEA@VGS,,QBStat,53,2302009-SEA-at-VGS,537,537,2337,8:57,3,1,Visitor,21,8,7,,,,1.0,21,6,6,,,StatusOfficial,ResultPassIncomplete,,,,22876,20072,,2.0,10.0,,Home,26.0,6.0,53.0,2:52, ,,,,,,,,,,,,,,,,,,,,,,,,0,0.0,0.0,0.0
2023,FOOTBALL_XFL_2023_3_4_SEA@VGS,SEA,6,VGS,7,119,1677977797.0,71797,2023-03-05 00:56:37.000000,EventFootballTimeout,Timeout by Vegas Vipers at 8:24,,True,2,8,24,Half1,MaSourceTypeOfficialScoring,FOOTBALL_XFL_2023_3_4_SEA@VGS,,QBStat,54,2302009-SEA-at-VGS,504,504,2304,8:24,3,1,Visitor,21,8,7,,,,1.0,21,6,6,,,StatusOfficial,,,,,,,,3.0,10.0,,Home,26.0,6.0,53.0,3:25, ,,,,,,,,,,,,,,,,,,,,7,,,,0,0.0,0.0,0.0
2023,FOOTBALL_XFL_2023_3_4_SEA@VGS,SEA,6,VGS,7,182,1677977873.0,71873,2023-03-05 00:57:53.000000,EventFootballRush,"3-10-SEA 21 (8:21) 15 R. Smith rush to SEA 21 for 0 yards (58 A. Faoliu, 8 T. Walker)",,True,2,8,21,Half1,MaSourceTypeOfficialScoring,FOOTBALL_XFL_2023_3_4_SEA@VGS,,QBStat,55,2302009-SEA-at-VGS,501,501,2301,8:21,3,0,Visitor,21,8,7,,,,1.0,21,6,6,,,StatusOfficial,,,,,,,20466,3.0,10.0,0.0,Home,26.0,7.0,53.0,3:45, ,21447,21620,,,,,,,,,,,,,,,,,,,,,,0,0.0,0.0,0.0
2023,FOOTBALL_XFL_2023_3_4_SEA@VGS,SEA,6,VGS,7,123,1677977917.0,71917,2023-03-05 00:58:37.000000,EventFootballFg,4-10-SEA 21 (7:38) 47 B. Giffen 39 yard field goal is GOOD,,True,2,7,38,Half1,MaSourceTypeOfficialScoring,FOOTBALL_XFL_2023_3_4_SEA@VGS,,QBStat,56,2302009-SEA-at-VGS,458,458,2258,7:38,3,0,Visitor,21,8,7,,,,1.0,21,6,6,20076,,StatusOfficial,ResultKickMade,,,,,,,4.0,10.0,39.0,Home,26.0,8.0,53.0,4:11,FG,,,,,,,,ScoreTypeFg,,,,,,,,,,,,,,,,0,0.0,0.0,0.0
2023,FOOTBALL_XFL_2023_3_4_SEA@VGS,SEA,6,VGS,7,125,1677978141.0,72141,2023-03-05 01:02:21.000000,EventFootballKickoff,47 B. Giffen kicks from VGS 30. 86 K. McKnight to SEA 29 for 23 yards (47 B. Giffen),,True,2,7,37,Half1,MaSourceTypeOfficialScoring,FOOTBALL_XFL_2023_3_4_SEA@VGS,,QBStat,57,2302009-SEA-at-VGS,457,457,2257,7:37,3,0,Home,30,9,6,,,,0.0,30,6,9,47,20392,StatusOfficial,ResultKickReturned,23.0,Visitor,29.0,,,20076,,,,,,,,,,,,,,,,,,,,,,,,,,,,,,,,,0,0.0,0.0,0.0
2023,FOOTBALL_XFL_2023_3_4_SEA@VGS,SEA,6,VGS,7,127,1677978185.0,72185,2023-03-05 01:03:05.000000,EventFootballRush,1-10-SEA 29 (7:27) 25 M. Ellison rush to SEA 29 for 0 yards (90 J. Martin),,True,2,7,27,Half1,MaSourceTypeOfficialScoring,FOOTBALL_XFL_2023_3_4_SEA@VGS,,QBStat,58,2302009-SEA-at-VGS,447,447,2247,7:27,3,0,Visitor,29,9,6,,,,0.0,71,6,9,,,StatusOfficial,,,,,,,21948,1.0,10.0,0.0,Visitor,29.0,1.0,,0:24, ,20450,,,,,,,,,,,,,,,,,,,,,,,0,0.0,0.0,0.0
2023,FOOTBALL_XFL_2023_3_4_SEA@VGS,SEA,6,VGS,7,129,1677978219.0,72219,2023-03-05 01:03:39.000000,EventFootballPass,2-10-SEA 29 (6:53) 6 B. DiNucci pass to 0 J. Gordon to SEA 35 for 6 yards (21 A. Phillips),,True,2,6,53,Half1,MaSourceTypeOfficialScoring,FOOTBALL_XFL_2023_3_4_SEA@VGS,,QBStat,59,2302009-SEA-at-VGS,413,413,2213,6:53,3,0,Visitor,29,9,6,,,,0.0,71,6,9,,,StatusOfficial,ResultPassComplete,,,,21979,22840,21223,2.0,10.0,6.0,Visitor,29.0,2.0,6.0,1:00, ,,,,,,,,,,,,,,,,,,,,,,,,0,0.0,0.0,0.0
2023,FOOTBALL_XFL_2023_3_4_SEA@VGS,SEA,6,VGS,7,131,1677978257.0,72257,2023-03-05 01:04:17.000000,EventFootballPass,3-4-SEA 35 (6:16) 6 B. DiNucci pass incomplete to 4 J. Green,,True,2,6,16,Half1,MaSourceTypeOfficialScoring,FOOTBALL_XFL_2023_3_4_SEA@VGS,,QBStat,60,2302009-SEA-at-VGS,376,376,2176,6:16,3,0,Visitor,35,9,6,,,,0.0,65,6,9,,,StatusOfficial,ResultPassIncomplete,,,,21979,22035,,3.0,4.0,,Visitor,29.0,3.0,6.0,1:22, ,,,,,,,,,,,,,,,,,,,,,,,,0,0.0,0.0,0.0
2023,FOOTBALL_XFL_2023_3_4_SEA@VGS,SEA,6,VGS,7,133,1677978298.0,72298,2023-03-05 01:04:58.000000,EventFootballPunt,"4-4-SEA 35 (5:44) 10 C. Nizialek punts 43 yards, downed at VGS 22",,True,2,5,44,Half1,MaSourceTypeOfficialScoring,FOOTBALL_XFL_2023_3_4_SEA@VGS,,QBStat,61,2302009-SEA-at-VGS,344,344,2144,5:44,3,0,Visitor,35,9,6,,,,0.0,65,6,9,,,StatusOfficial,ResultKickDowned,,Home,22.0,,,,4.0,4.0,,Visitor,29.0,3.0,6.0,1:54,PUNT,,,,,,,,,,,,,,,,21997,,43.0,,,,,,1,0.0,0.0,0.0
2023,FOOTBALL_XFL_2023_3_4_SEA@VGS,SEA,6,VGS,7,183,1677978348.0,72348,2023-03-05 01:05:48.000000,EventFootballRush,"1-10-VGS 22 (5:40) 14 C. Sweeting rush to VGS 25 for 3 yards (8 T. Walker, 97 N. Lalos)",,True,2,5,40,Half1,MaSourceTypeOfficialScoring,FOOTBALL_XFL_2023_3_4_SEA@VGS,,QBStat,62,2302009-SEA-at-VGS,340,340,2140,5:40,3,0,Home,22,10,7,,,,1.0,78,6,9,,,StatusOfficial,,,,,,,21620,1.0,10.0,3.0,Home,22.0,1.0,3.0,0:13, ,21507,20918,,,,,,,,,,,,,,,,,,,,,,0,0.0,0.0,0.0
2023,FOOTBALL_XFL_2023_3_4_SEA@VGS,SEA,6,VGS,7,184,1677978378.0,72378,2023-03-05 01:06:18.000000,EventFootballRush,2-7-VGS 25 (5:10) 2 B. Hundley rush to VGS 31 for 6 yards (6 B. DiNucci),,True,2,5,10,Half1,MaSourceTypeOfficialScoring,FOOTBALL_XFL_2023_3_4_SEA@VGS,,QBStat,63,2302009-SEA-at-VGS,310,310,2110,5:10,3,0,Home,25,10,7,,,,1.0,75,6,9,,,StatusOfficial,,,,,,,21979,2.0,7.0,6.0,Home,22.0,2.0,9.0,0:46, ,22876,,,,,,,,,,,,,,,,,,,,,,,0,0.0,0.0,0.0
2023,FOOTBALL_XFL_2023_3_4_SEA@VGS,SEA,6,VGS,7,139,1677978420.0,72420,2023-03-05 01:07:00.000000,EventFootballPass,3-1-VGS 31 (4:29) 2 B. Hundley pass incomplete to 13 J. Badet,,True,2,4,29,Half1,MaSourceTypeOfficialScoring,FOOTBALL_XFL_2023_3_4_SEA@VGS,,QBStat,64,2302009-SEA-at-VGS,269,269,2069,4:29,3,0,Home,31,10,7,,,,1.0,69,6,9,,,StatusOfficial,ResultPassIncomplete,,,,22876,20072,,3.0,1.0,,Home,22.0,3.0,9.0,1:17, ,,,,,,,,,,,,,,,20878,,,,,,,,,0,0.0,0.0,0.0
2023,FOOTBALL_XFL_2023_3_4_SEA@VGS,SEA,6,VGS,7,142,1677978457.0,72457,2023-03-05 01:07:37.000000,EventFootballPunt,4-1-VGS 31 (4:05) 17 M. Carrizosa punts 34 yards out of bounds at SEA 35,,True,2,4,5,Half1,MaSourceTypeOfficialScoring,FOOTBALL_XFL_2023_3_4_SEA@VGS,,QBStat,65,2302009-SEA-at-VGS,245,245,2045,4:05,3,0,Home,31,10,7,,,,1.0,69,6,9,,,StatusOfficial,ResultKickOutofbounds,,Visitor,35.0,,,,4.0,1.0,,Home,22.0,3.0,9.0,1:39,PUNT,,,,,,,,,,,,,,,,21784,,34.0,,,,,,1,0.0,0.0,0.0
2023,FOOTBALL_XFL_2023_3_4_SEA@VGS,SEA,6,VGS,7,144,1677978503.0,72503,2023-03-05 01:08:23.000000,EventFootballRush,"1-10-SEA 35 (4:00) 25 M. Ellison rush to SEA 40 for 5 yards (1 M. Harriel) PENALTY on 6 K. Kennedy, 5 yards",,True,2,4,0,Half1,MaSourceTypeOfficialScoring,FOOTBALL_XFL_2023_3_4_SEA@VGS,,QBStat,66,2302009-SEA-at-VGS,240,240,2040,4:00,3,0,Visitor,35,11,6,,,,0.0,65,6,9,,,StatusOfficial,,,,,,,21753,1.0,10.0,5.0,Visitor,35.0,1.0,10.0,0:20, ,20450,,,,,,,,,7,21943,5.0,ResultPenaltyAuto1Stdown,NA,,,,,,,,,,0,0.0,0.0,0.0
2023,FOOTBALL_XFL_2023_3_4_SEA@VGS,SEA,6,VGS,7,146,1677978574.0,72574,2023-03-05 01:09:34.000000,EventFootballRush,1-10-SEA 45 (3:32) 25 M. Ellison rush to VGS 20 for 35 yards (6 K. Kennedy),,True,2,3,32,Half1,MaSourceTypeOfficialScoring,FOOTBALL_XFL_2023_3_4_SEA@VGS,,QBStat,67,2302009-SEA-at-VGS,212,212,2012,3:32,3,0,Visitor,45,11,6,,,,0.0,55,6,9,,,StatusOfficial,,,,,,,21943,1.0,10.0,35.0,Visitor,35.0,2.0,45.0,0:36, ,20450,,,,,,,,,,,,,,,,,,,,,,,0,0.0,0.0,0.0
2023,FOOTBALL_XFL_2023_3_4_SEA@VGS,SEA,6,VGS,7,148,1677978610.0,72610,2023-03-05 01:10:10.000000,EventFootballRush,1-10-VGS 20 (3:03) 25 M. Ellison rush to VGS 19 for 1 yard (30 S. Roberts),,True,2,3,3,Half1,MaSourceTypeOfficialScoring,FOOTBALL_XFL_2023_3_4_SEA@VGS,,QBStat,68,2302009-SEA-at-VGS,183,183,1983,3:03,3,0,Home,20,11,6,,,,0.0,20,6,9,,,StatusOfficial,,,,,,,21312,1.0,10.0,1.0,Visitor,35.0,3.0,46.0,1:17, ,20450,,,,,,,,,,,,,,,,,,,,,,,0,0.0,0.0,0.0
2023,FOOTBALL_XFL_2023_3_4_SEA@VGS,SEA,6,VGS,7,150,1677978646.0,72646,2023-03-05 01:10:46.000000,EventFootballRush,2-9-VGS 19 (2:27) 6 B. DiNucci rush to VGS 16 for 3 yards (0 P. Taumoepenu),,True,2,2,27,Half1,MaSourceTypeOfficialScoring,FOOTBALL_XFL_2023_3_4_SEA@VGS,,QBStat,69,2302009-SEA-at-VGS,147,147,1947,2:27,3,0,Home,19,11,6,,,,0.0,19,6,9,,,StatusOfficial,,,,,,,21968,2.0,9.0,3.0,Visitor,35.0,4.0,49.0,1:49, ,21979,,,,,,,,,,,,,,,,,,,,,,,0,0.0,0.0,0.0
2023,FOOTBALL_XFL_2023_3_4_SEA@VGS,SEA,6,VGS,7,152,1677978684.0,72684,2023-03-05 01:11:24.000000,EventFootballPass,3-6-VGS 16 (1:59) 6 B. DiNucci pass incomplete to 3 J. Pearson,,True,2,1,59,Half1,MaSourceTypeOfficialScoring,FOOTBALL_XFL_2023_3_4_SEA@VGS,,QBStat,70,2302009-SEA-at-VGS,119,119,1919,1:59,3,0,Home,16,11,6,,,,0.0,16,6,9,,,StatusOfficial,ResultPassIncomplete,,,,21979,21203,,3.0,6.0,,Visitor,35.0,5.0,49.0,2:06, ,,,,,,,,,,,,,,,,,,,,,,,,0,0.0,0.0,0.0
2023,FOOTBALL_XFL_2023_3_4_SEA@VGS,SEA,6,VGS,7,154,1677978849.0,72849,2023-03-05 01:14:09.000000,EventFootballFg,4-6-VGS 16 (1:55) 11 D. Eberle 34 yard field goal is GOOD,,True,2,1,55,Half1,MaSourceTypeOfficialScoring,FOOTBALL_XFL_2023_3_4_SEA@VGS,,QBStat,71,2302009-SEA-at-VGS,115,115,1915,1:55,3,0,Home,16,11,6,,,,0.0,16,6,9,22874,,StatusOfficial,ResultKickMade,,,,,,,4.0,6.0,34.0,Visitor,35.0,6.0,49.0,2:10,FG,,,,,,,,ScoreTypeFg,,,,,,,,,,,,,,,,0,0.0,0.0,0.0
2023,FOOTBALL_XFL_2023_3_4_SEA@VGS,SEA,6,VGS,7,156,1677978936.0,72936,2023-03-05 01:15:36.000000,EventFootballKickoff,11 D. Eberle kicks the kickoff short of 20 yd line,,True,2,1,52,Half1,MaSourceTypeOfficialScoring,FOOTBALL_XFL_2023_3_4_SEA@VGS,,QBStat,72,2302009-SEA-at-VGS,112,112,1912,1:52,3,0,Visitor,30,12,7,,,,1.0,30,9,9,20374,,StatusOfficial,ResultKickShortof20,,Visitor,45.0,,,,,,,,,,,,,,,,,,,,,,,,,,,,,,,,,,,,0,0.0,0.0,0.0
2023,FOOTBALL_XFL_2023_3_4_SEA@VGS,SEA,6,VGS,7,185,1677978971.0,72971,2023-03-05 01:16:11.000000,EventFootballRush,1-10-SEA 45 (1:49) 2 B. Hundley rush to SEA 29 for 16 yards (2 A. Brooks),,True,2,1,49,Half1,MaSourceTypeOfficialScoring,FOOTBALL_XFL_2023_3_4_SEA@VGS,,QBStat,73,2302009-SEA-at-VGS,109,109,1909,1:49,3,0,Visitor,45,12,7,,,,1.0,45,9,9,,,StatusOfficial,,,,,,,21919,1.0,10.0,16.0,Visitor,45.0,1.0,16.0,0:14, ,22876,,,,,,,,,,,,,,,,,,,,,,,0,0.0,0.0,0.0
2023,FOOTBALL_XFL_2023_3_4_SEA@VGS,SEA,6,VGS,7,172,1677979078.0,73078,2023-03-05 01:17:58.000000,EventFootballRush,"1-10-SEA 29 (1:38) 2 B. Hundley rush to SEA 27 for 2 yards (97 N. Lalos, 58 A. Faoliu)",,True,2,1,38,Half1,MaSourceTypeOfficialScoring,FOOTBALL_XFL_2023_3_4_SEA@VGS,,QBStat,75,2302009-SEA-at-VGS,98,98,1898,1:38,2,0,Visitor,29,12,7,,,,1.0,29,9,9,,,StatusOfficial,,,,,,,20918,1.0,10.0,2.0,Visitor,45.0,2.0,16.0,0:47, ,22876,20466,,,,,,,,,,,,,,,,,,,,,,0,0.0,0.0,0.0
2023,FOOTBALL_XFL_2023_3_4_SEA@VGS,SEA,6,VGS,7,164,1677979114.0,73114,2023-03-05 01:18:34.000000,EventFootballPass,2-10-SEA 29 (1:03) 2 B. Hundley pass incomplete to 14 C. Sweeting,,True,2,1,3,Half1,MaSourceTypeOfficialScoring,FOOTBALL_XFL_2023_3_4_SEA@VGS,,QBStat,76,2302009-SEA-at-VGS,63,63,1863,1:03,2,0,Visitor,29,12,7,,,,1.0,29,9,9,,,StatusOfficial,ResultPassIncomplete,,,,22876,21507,,2.0,10.0,,Visitor,45.0,3.0,16.0,0:52, ,,,,,,,,,,,,,,,,,,,,,,22344,,0,0.0,0.0,0.0
2023,FOOTBALL_XFL_2023_3_4_SEA@VGS,SEA,6,VGS,7,167,1677979154.0,73154,2023-03-05 01:19:14.000000,EventFootballPass,3-10-SEA 29 (0:58) 2 B. Hundley pass dropped by 14 C. Sweeting,,True,2,0,58,Half1,MaSourceTypeOfficialScoring,FOOTBALL_XFL_2023_3_4_SEA@VGS,,QBStat,77,2302009-SEA-at-VGS,58,58,1858,0:58,3,0,Visitor,29,12,7,,,,1.0,29,9,9,,,StatusOfficial,ResultPassDropped,,,,22876,21507,,3.0,10.0,,Visitor,45.0,4.0,16.0,0:57, ,,,,,,,,,,,,,,,,,,,,,,,,0,0.0,0.0,0.0
2023,FOOTBALL_XFL_2023_3_4_SEA@VGS,SEA,6,VGS,7,169,1677979197.0,73197,2023-03-05 01:19:57.000000,EventFootballFg,4-10-SEA 29 (0:55) 47 B. Giffen 47 yard field goal is NO GOOD,,True,2,0,55,Half1,MaSourceTypeOfficialScoring,FOOTBALL_XFL_2023_3_4_SEA@VGS,,QBStat,78,2302009-SEA-at-VGS,55,55,1855,0:55,3,0,Visitor,29,12,7,,,,1.0,29,9,9,20076,,StatusOfficial,ResultKickMissed,,,,,,,4.0,10.0,47.0,Visitor,45.0,5.0,16.0,1:00,MISSED FG,,,,,,,,,,,,,,,,,,,,,,,,0,0.0,0.0,0.0
2023,FOOTBALL_XFL_2023_3_4_SEA@VGS,SEA,6,VGS,7,171,1677979258.0,73258,2023-03-05 01:20:58.000000,EventFootballPass,"1-10-SEA 37 (0:52) 6 B. DiNucci pass to 0 J. Gordon to SEA 42 for 5 yards (9 D. Anderson, 28 C. Avery)",,True,2,0,52,Half1,MaSourceTypeOfficialScoring,FOOTBALL_XFL_2023_3_4_SEA@VGS,,QBStat,79,2302009-SEA-at-VGS,52,52,1852,0:52,3,0,Visitor,37,13,6,,,,0.0,63,9,9,,,StatusOfficial,ResultPassComplete,,,,21979,22840,20039,1.0,10.0,5.0,Visitor,37.0,1.0,5.0,0:19, ,,20066,,,,,,,,,,,,,,,,,,,,,,0,0.0,0.0,0.0
2023,FOOTBALL_XFL_2023_3_4_SEA@VGS,SEA,6,VGS,7,174,1677979283.0,73283,2023-03-05 01:21:23.000000,EventFootballPass,2-5-SEA 42 (0:33) 6 B. DiNucci pass to 80 B. Jackson to SEA 46 for 4 yards (47 B. Giffen),,True,2,0,33,Half1,MaSourceTypeOfficialScoring,FOOTBALL_XFL_2023_3_4_SEA@VGS,,QBStat,80,2302009-SEA-at-VGS,33,33,1833,0:33,3,0,Visitor,42,13,6,,,,0.0,58,9,9,,,StatusOfficial,ResultPassComplete,,,,21979,20761,20076,2.0,5.0,4.0,Visitor,37.0,2.0,9.0,0:22, ,,,,,,,,,,,,,,,,,,,,,,,,0,0.0,0.0,0.0
2023,FOOTBALL_XFL_2023_3_4_SEA@VGS,SEA,6,VGS,7,179,1677979315.0,73315,2023-03-05 01:21:55.000000,EventFootballRush,"3-1-SEA 46 (0:29) 25 M. Ellison rush to SEA 43 for -3 yards (28 C. Avery, 97 L. Stokes)",,True,2,0,29,Half1,MaSourceTypeOfficialScoring,FOOTBALL_XFL_2023_3_4_SEA@VGS,,QBStat,81,2302009-SEA-at-VGS,29,29,1829,0:29,3,0,Visitor,46,13,6,,,,0.0,54,9,9,,,StatusOfficial,,,,,,,20066,3.0,1.0,-3.0,Visitor,37.0,3.0,6.0,0:55,HALF,20450,21966,,,,,,,,,,,,,,,,,,,,,,0,0.0,0.0,0.0
2023,FOOTBALL_XFL_2023_3_4_SEA@VGS,SEA,6,VGS,7,207,1677980274.0,74274,2023-03-05 01:37:54.000000,EventFootballKickoff,11 D. Eberle kicks from SEA 30. 5 D. Torrey to VGS 25 for 14 yards (9 C. Hicks),,True,3,15,0,Half2,MaSourceTypeOfficialScoring,FOOTBALL_XFL_2023_3_4_SEA@VGS,,QBStat,82,2302009-SEA-at-VGS,900,1800,1800,15:00,3,3,Visitor,30,14,7,,,,1.0,30,9,9,20374,20836,StatusOfficial,ResultKickReturned,14.0,Home,25.0,,,22344,,,,,,,,,,,,,,,,,,,,,,,,,,,,,,,,,0,0.0,0.0,0.0
2023,FOOTBALL_XFL_2023_3_4_SEA@VGS,SEA,6,VGS,7,190,1677980323.0,74323,2023-03-05 01:38:43.000000,EventFootballRush,"1-10-VGS 25 (14:51) 15 R. Smith rush to VGS 28 for 3 yards (58 A. Faoliu, 44 E. Ponder)",,True,3,14,51,Half2,MaSourceTypeOfficialScoring,FOOTBALL_XFL_2023_3_4_SEA@VGS,,QBStat,83,2302009-SEA-at-VGS,891,1791,1791,14:51,3,3,Home,25,14,7,,,,1.0,75,9,9,,,StatusOfficial,,,,,,,20466,1.0,10.0,3.0,Home,25.0,1.0,3.0,0:32, ,21447,22017,,,,,,,,,,,,,,,,,,,,,,0,0.0,0.0,0.0
2023,FOOTBALL_XFL_2023_3_4_SEA@VGS,SEA,6,VGS,7,192,1677980361.0,74361,2023-03-05 01:39:21.000000,EventFootballPass,2-7-VGS 28 (14:15) 2 B. Hundley pass dropped by 15 R. Smith,,True,3,14,15,Half2,MaSourceTypeOfficialScoring,FOOTBALL_XFL_2023_3_4_SEA@VGS,,QBStat,84,2302009-SEA-at-VGS,855,1755,1755,14:15,3,3,Home,28,14,7,,,,1.0,72,9,9,,,StatusOfficial,ResultPassDropped,,,,22876,21447,,2.0,7.0,,Home,25.0,2.0,3.0,0:45, ,,,,,,,,,,,,,,,,,,,,,,,,0,0.0,0.0,0.0
2023,FOOTBALL_XFL_2023_3_4_SEA@VGS,SEA,6,VGS,7,198,1677980402.0,74402,2023-03-05 01:40:02.000000,EventFootballPass,3-7-VGS 28 (13:39) 2 B. Hundley pass to 13 J. Badet to SEA 16 for 56 yards (32 Q. Cole),,True,3,13,39,Half2,MaSourceTypeOfficialScoring,FOOTBALL_XFL_2023_3_4_SEA@VGS,,QBStat,85,2302009-SEA-at-VGS,819,1719,1719,13:39,3,3,Home,28,14,7,,,,1.0,72,9,9,,,StatusOfficial,ResultPassComplete,,,,22876,20072,20311,3.0,7.0,56.0,Home,25.0,3.0,59.0,1:36, ,,,,,,,,,,,,,,,,,,,,,,,,0,0.0,0.0,0.0
2023,FOOTBALL_XFL_2023_3_4_SEA@VGS,SEA,6,VGS,7,197,1677980458.0,74458,2023-03-05 01:40:58.000000,EventFootballTimeout,Timeout by Vegas Vipers at 13:24,,True,3,13,24,Half2,MaSourceTypeOfficialScoring,FOOTBALL_XFL_2023_3_4_SEA@VGS,,QBStat,86,2302009-SEA-at-VGS,804,1704,1704,13:24,3,3,Visitor,16,14,7,,,,1.0,16,9,9,,,StatusOfficial,,,,,,,,1.0,10.0,,Home,25.0,3.0,59.0,1:36, ,,,,,,,,,,,,,,,,,,,,7,,,,0,0.0,0.0,0.0
2023,FOOTBALL_XFL_2023_3_4_SEA@VGS,SEA,6,VGS,7,200,1677980542.0,74542,2023-03-05 01:42:22.000000,EventFootballRush,1-10-SEA 16 (13:16) 15 R. Smith rush to SEA 5 for 11 yards (9 C. Hicks),,True,3,13,16,Half2,MaSourceTypeOfficialScoring,FOOTBALL_XFL_2023_3_4_SEA@VGS,,QBStat,87,2302009-SEA-at-VGS,796,1696,1696,13:16,3,2,Visitor,16,14,7,,,,1.0,16,9,9,,,StatusOfficial,,,,,,,22344,1.0,10.0,11.0,Home,25.0,4.0,70.0,1:53, ,21447,,,,,,,,,,,,,,,,,,,,,,,0,0.0,0.0,0.0
2023,FOOTBALL_XFL_2023_3_4_SEA@VGS,SEA,6,VGS,7,202,1677980578.0,74578,2023-03-05 01:42:58.000000,EventFootballRush,1-5-SEA 5 (12:40) 8 J. Lovett rush to SEA 6 for -1 yards (48 S. Miller),,True,3,12,40,Half2,MaSourceTypeOfficialScoring,FOOTBALL_XFL_2023_3_4_SEA@VGS,,QBStat,88,2302009-SEA-at-VGS,760,1660,1660,12:40,3,2,Visitor,5,14,7,,,,1.0,5,9,9,,,StatusOfficial,,,,,,,22630,1.0,5.0,-1.0,Home,25.0,5.0,69.0,2:38, ,21872,,,,,,,,,,,,,,,,,,,,,,,0,0.0,0.0,0.0
2023,FOOTBALL_XFL_2023_3_4_SEA@VGS,SEA,6,VGS,7,204,1677980613.0,74613,2023-03-05 01:43:33.000000,EventFootballRush,"2-6-SEA 6 (12:06) 2 B. Hundley rush for 6 yards, TOUCHDOWN",,True,3,12,6,Half2,MaSourceTypeOfficialScoring,FOOTBALL_XFL_2023_3_4_SEA@VGS,,QBStat,89,2302009-SEA-at-VGS,726,1626,1626,12:06,3,2,Visitor,6,14,7,,,,1.0,6,9,9,,,StatusOfficial,,,,,,,,2.0,6.0,6.0,Home,25.0,6.0,75.0,2:54,TD,22876,,,,,,,ScoreTypeTd,,,,,,,,,,,,,,,,0,0.0,1.0,1.0
2023,FOOTBALL_XFL_2023_3_4_SEA@VGS,SEA,6,VGS,7,206,1677980644.0,74644,2023-03-05 01:44:04.000000,EventFootballPat2PtPass,2 B. Hundley 2-pt conversion pass to 4 M. Bryant GOOD,,True,3,12,6,Half2,MaSourceTypeOfficialScoring,FOOTBALL_XFL_2023_3_4_SEA@VGS,,QBStat,90,2302009-SEA-at-VGS,726,1626,1626,12:06,3,2,Visitor,5,14,7,,,,1.0,5,9,15,,,StatusOfficial,ResultPassComplete,,,,22876,20218,,,,5.0,,,,,,,,,,,,,,ScoreTypeConv,2.0,,,,,,,,,,,,,,,0,0.0,0.0,0.0
2023,FOOTBALL_XFL_2023_3_4_SEA@VGS,SEA,6,VGS,7,230,1677980931.0,74931,2023-03-05 01:48:51.000000,EventFootballKickoff,"47 B. Giffen kicks from VGS 30. 86 K. McKnight to SEA 10 for 10 yards (10 M. Sexton) PENALTY on 89 C. Taumoepeau, 10 yards",,True,3,12,4,Half2,MaSourceTypeOfficialScoring,FOOTBALL_XFL_2023_3_4_SEA@VGS,,QBStat,91,2302009-SEA-at-VGS,724,1624,1624,12:04,3,2,Home,30,15,6,,,,0.0,30,9,17,47,20392,StatusOfficial,ResultKickReturned,10.0,Visitor,10.0,,,21882,,,,,,,,,,,,,,,,,,,6,21967,10.0,ResultPenaltyRepeatdown,NA,,,,,,,,,,0,0.0,0.0,0.0
2023,FOOTBALL_XFL_2023_3_4_SEA@VGS,SEA,6,VGS,7,212,1677981014.0,75014,2023-03-05 01:50:14.000000,EventFootballRush,1-10-SEA 10 (11:51) 25 M. Ellison rush to SEA 19 for 9 yards (6 K. Kennedy),,True,3,11,51,Half2,MaSourceTypeOfficialScoring,FOOTBALL_XFL_2023_3_4_SEA@VGS,,QBStat,92,2302009-SEA-at-VGS,711,1611,1611,11:51,3,2,Visitor,10,15,6,,,,0.0,90,9,17,,,StatusOfficial,,,,,,,21943,1.0,10.0,9.0,Visitor,10.0,1.0,9.0,0:38, ,20450,,,,,,,,,,,,,,,,,,,,,,,0,0.0,0.0,0.0
2023,FOOTBALL_XFL_2023_3_4_SEA@VGS,SEA,6,VGS,7,215,1677981053.0,75053,2023-03-05 01:50:53.000000,EventFootballRush,2-1-SEA 19 (11:16) 25 M. Ellison rush to SEA 31 for 12 yards (1 M. Harriel),,True,3,11,16,Half2,MaSourceTypeOfficialScoring,FOOTBALL_XFL_2023_3_4_SEA@VGS,,QBStat,93,2302009-SEA-at-VGS,676,1576,1576,11:16,3,2,Visitor,19,15,6,,,,0.0,81,9,17,,,StatusOfficial,,,,,,,21753,2.0,1.0,12.0,Visitor,10.0,2.0,21.0,1:14, ,20450,,,,,,,,,,,,,,,,,,,,,,,0,0.0,0.0,0.0
2023,FOOTBALL_XFL_2023_3_4_SEA@VGS,SEA,6,VGS,7,217,1677981084.0,75084,2023-03-05 01:51:24.000000,EventFootballPass,"1-10-SEA 31 (10:45) 6 B. DiNucci pass to 15 D. Willis to SEA 37 for 6 yards (22 A. Sparks, 9 D. Anderson)",,True,3,10,45,Half2,MaSourceTypeOfficialScoring,FOOTBALL_XFL_2023_3_4_SEA@VGS,,QBStat,94,2302009-SEA-at-VGS,645,1545,1545,10:45,3,2,Visitor,31,15,6,,,,0.0,69,9,17,,,StatusOfficial,ResultPassComplete,,,,21979,21695,21462,1.0,10.0,6.0,Visitor,10.0,3.0,27.0,1:42, ,,20039,,,,,,,,,,,,,,,,,,,,,,0,0.0,0.0,0.0
2023,FOOTBALL_XFL_2023_3_4_SEA@VGS,SEA,6,VGS,7,219,1677981121.0,75121,2023-03-05 01:52:01.000000,EventFootballRush,2-4-SEA 37 (10:08) 6 B. DiNucci rush to SEA 42 for 5 yards (22 A. Sparks),,True,3,10,8,Half2,MaSourceTypeOfficialScoring,FOOTBALL_XFL_2023_3_4_SEA@VGS,,QBStat,95,2302009-SEA-at-VGS,608,1508,1508,10:08,3,2,Visitor,37,15,6,,,,0.0,63,9,17,,,StatusOfficial,,,,,,,21462,2.0,4.0,5.0,Visitor,10.0,4.0,32.0,2:09, ,21979,,,,,,,,,,,,,,,,,,,,,,,0,0.0,0.0,0.0
2023,FOOTBALL_XFL_2023_3_4_SEA@VGS,SEA,6,VGS,7,221,1677981155.0,75155,2023-03-05 01:52:35.000000,EventFootballPass,1-10-SEA 42 (9:42) 6 B. DiNucci pass intended for 15 D. Willis INTERCEPTED by 22 A. Sparks returned 7 yards to VGS 41,,True,3,9,42,Half2,MaSourceTypeOfficialScoring,FOOTBALL_XFL_2023_3_4_SEA@VGS,,QBStat,96,2302009-SEA-at-VGS,582,1482,1482,9:42,3,2,Visitor,42,15,6,,,,0.0,58,9,17,,,StatusOfficial,ResultPassInterception,,Home,41.0,21979,21695,,1.0,10.0,,Visitor,10.0,5.0,32.0,2:24,INT,,,,,,,,,,,,,,,21462,,,,,,,,21462,0,0.0,0.0,0.0
2023,FOOTBALL_XFL_2023_3_4_SEA@VGS,SEA,6,VGS,7,223,1677981210.0,75210,2023-03-05 01:53:30.000000,EventFootballRush,"1-10-VGS 41 (9:37) 15 R. Smith rush to VGS 47 for 6 yards (52 A. Jackson, 44 E. Ponder)",,True,3,9,37,Half2,MaSourceTypeOfficialScoring,FOOTBALL_XFL_2023_3_4_SEA@VGS,,QBStat,97,2302009-SEA-at-VGS,577,1477,1477,9:37,3,2,Home,41,16,7,,,,1.0,59,9,17,,,StatusOfficial,,,,,,,20760,1.0,10.0,6.0,Home,41.0,1.0,6.0,0:25, ,21447,22017,,,,,,,,,,,,,,,,,,,,,,0,0.0,0.0,0.0
2023,FOOTBALL_XFL_2023_3_4_SEA@VGS,SEA,6,VGS,7,225,1677981240.0,75240,2023-03-05 01:54:00.000000,EventFootballRush,2-4-VGS 47 (9:07) 15 R. Smith rush to SEA 47 for 6 yards (33 A. Holder),,True,3,9,7,Half2,MaSourceTypeOfficialScoring,FOOTBALL_XFL_2023_3_4_SEA@VGS,,QBStat,98,2302009-SEA-at-VGS,547,1447,1447,9:07,3,2,Home,47,16,7,,,,1.0,53,9,17,,,StatusOfficial,,,,,,,22552,2.0,4.0,6.0,Home,41.0,2.0,12.0,0:56, ,21447,,,,,,,,,,,,,,,,,,,,,,,0,0.0,0.0,0.0
2023,FOOTBALL_XFL_2023_3_4_SEA@VGS,SEA,6,VGS,7,227,1677981280.0,75280,2023-03-05 01:54:40.000000,EventFootballRush,1-10-SEA 47 (8:27) 8 J. Lovett rush to SEA 44 for 3 yards (44 E. Ponder),,True,3,8,27,Half2,MaSourceTypeOfficialScoring,FOOTBALL_XFL_2023_3_4_SEA@VGS,,QBStat,99,2302009-SEA-at-VGS,507,1407,1407,8:27,3,2,Visitor,47,16,7,,,,1.0,47,9,17,,,StatusOfficial,,,,,,,22017,1.0,10.0,3.0,Home,41.0,3.0,15.0,1:31, ,21872,,,,,,,,,,,,,,,,,,,,,,,0,0.0,0.0,0.0
2023,FOOTBALL_XFL_2023_3_4_SEA@VGS,SEA,6,VGS,7,229,1677981303.0,75303,2023-03-05 01:55:03.000000,EventFootballRush,2-7-SEA 44 (8:05) 2 B. Hundley rush to SEA 30 for 14 yards,,True,3,8,5,Half2,MaSourceTypeOfficialScoring,FOOTBALL_XFL_2023_3_4_SEA@VGS,,QBStat,100,2302009-SEA-at-VGS,485,1385,1385,8:05,3,2,Visitor,44,16,7,,,,1.0,44,9,17,,,StatusOfficial,,,,,,,,2.0,7.0,14.0,Home,41.0,4.0,29.0,1:39, ,22876,,,,,,,,,,,,,,,,,,,,,,,0,0.0,0.0,0.0
2023,FOOTBALL_XFL_2023_3_4_SEA@VGS,SEA,6,VGS,7,232,1677981344.0,75344,2023-03-05 01:55:44.000000,EventFootballRush,1-10-SEA 30 (7:31) 8 J. Lovett rush to SEA 29 for 1 yard (92 P. Hall),,True,3,7,31,Half2,MaSourceTypeOfficialScoring,FOOTBALL_XFL_2023_3_4_SEA@VGS,,QBStat,101,2302009-SEA-at-VGS,451,1351,1351,7:31,3,2,Visitor,30,16,7,,,,1.0,30,9,17,,,StatusOfficial,,,,,,,21939,1.0,10.0,1.0,Home,41.0,5.0,30.0,2:11, ,21872,,,,,,,,,,,,,,,,,,,,,,,0,0.0,0.0,0.0
2023,FOOTBALL_XFL_2023_3_4_SEA@VGS,SEA,6,VGS,7,234,1677981564.0,75564,2023-03-05 01:59:24.000000,EventFootballPass,2-9-SEA 29 (7:15) 2 B. Hundley pass incomplete to 19 G. Allison,,True,3,7,15,Half2,MaSourceTypeOfficialScoring,FOOTBALL_XFL_2023_3_4_SEA@VGS,,QBStat,102,2302009-SEA-at-VGS,435,1335,1335,7:15,3,2,Visitor,29,16,7,,,,1.0,29,9,17,,,StatusOfficial,ResultPassIncomplete,,,,22876,22325,,2.0,9.0,,Home,41.0,6.0,30.0,2:25, ,,,,,,,,,,,,,,,,,,,,,,21939,,0,0.0,0.0,0.0
2023,FOOTBALL_XFL_2023_3_4_SEA@VGS,SEA,6,VGS,7,237,1677981605.0,75605,2023-03-05 02:00:05.000000,EventFootballPass,3-9-SEA 29 (6:50) 2 B. Hundley pass incomplete to 19 G. Allison,,True,3,6,50,Half2,MaSourceTypeOfficialScoring,FOOTBALL_XFL_2023_3_4_SEA@VGS,,QBStat,103,2302009-SEA-at-VGS,410,1310,1310,6:50,3,2,Visitor,29,16,7,,,,1.0,29,9,17,,,StatusOfficial,ResultPassIncomplete,,,,22876,22325,,3.0,9.0,,Home,41.0,7.0,30.0,3:03, ,,,,,,,,,,,,,,,,,,,,,,21620,,0,0.0,0.0,0.0
2023,FOOTBALL_XFL_2023_3_4_SEA@VGS,SEA,6,VGS,7,239,1677981643.0,75643,2023-03-05 02:00:43.000000,EventFootballFg,4-9-SEA 29 (6:24) 47 B. Giffen 47 yard field goal is GOOD,,True,3,6,24,Half2,MaSourceTypeOfficialScoring,FOOTBALL_XFL_2023_3_4_SEA@VGS,,QBStat,104,2302009-SEA-at-VGS,384,1284,1284,6:24,3,2,Visitor,29,16,7,,,,1.0,29,9,17,20076,,StatusOfficial,ResultKickMade,,,,,,,4.0,9.0,47.0,Home,41.0,8.0,30.0,3:18,FG,,,,,,,,ScoreTypeFg,,,,,,,,,,,,,,,,0,0.0,0.0,0.0
2023,FOOTBALL_XFL_2023_3_4_SEA@VGS,SEA,6,VGS,7,241,1677981733.0,75733,2023-03-05 02:02:13.000000,EventFootballKickoff,47 B. Giffen kicks from VGS 30. 86 K. McKnight to SEA 18 for 8 yards (11 P. Dawson),,True,3,6,21,Half2,MaSourceTypeOfficialScoring,FOOTBALL_XFL_2023_3_4_SEA@VGS,,QBStat,105,2302009-SEA-at-VGS,381,1281,1281,6:21,3,2,Home,30,17,6,,,,0.0,30,9,20,47,20392,StatusOfficial,ResultKickReturned,8.0,Visitor,18.0,,,20374,,,,,,,,,,,,,,,,,,,,,,,,,,,,,,,,,0,0.0,0.0,0.0
2023,FOOTBALL_XFL_2023_3_4_SEA@VGS,SEA,6,VGS,7,251,1677981776.0,75776,2023-03-05 02:02:56.000000,EventFootballPass,1-10-SEA 18 (6:09) 6 B. DiNucci pass to 3 J. Pearson to SEA 15 for -3 yards (22 A. Sparks),,True,3,6,9,Half2,MaSourceTypeOfficialScoring,FOOTBALL_XFL_2023_3_4_SEA@VGS,,QBStat,106,2302009-SEA-at-VGS,369,1269,1269,6:09,3,2,Visitor,18,17,6,,,,0.0,82,9,20,,,StatusOfficial,ResultPassComplete,,,,21979,21203,21462,1.0,10.0,-3.0,Visitor,18.0,1.0,-3.0,0:35, ,,,,,,,,,,,,,,,,,,,,,,,,0,0.0,0.0,0.0
2023,FOOTBALL_XFL_2023_3_4_SEA@VGS,SEA,6,VGS,7,246,1677981820.0,75820,2023-03-05 02:03:40.000000,EventFootballRush,2-13-SEA 15 (5:41) 25 M. Ellison rush to SEA 21 for 6 yards (20 J. Johnson),,True,3,5,41,Half2,MaSourceTypeOfficialScoring,FOOTBALL_XFL_2023_3_4_SEA@VGS,,QBStat,107,2302009-SEA-at-VGS,341,1241,1241,5:41,3,2,Visitor,15,17,6,,,,0.0,85,9,20,,,StatusOfficial,,,,,,,20811,2.0,13.0,6.0,Visitor,18.0,2.0,3.0,1:07, ,20450,,,,,,,,,,,,,,,,,,,,,,,0,0.0,0.0,0.0
2023,FOOTBALL_XFL_2023_3_4_SEA@VGS,SEA,6,VGS,7,248,1677981858.0,75858,2023-03-05 02:04:18.000000,EventFootballPass,3-7-SEA 21 (5:03) 6 B. DiNucci pass to 88 J. Veasy to SEA 39 for 18 yards (6 K. Kennedy),,True,3,5,3,Half2,MaSourceTypeOfficialScoring,FOOTBALL_XFL_2023_3_4_SEA@VGS,,QBStat,108,2302009-SEA-at-VGS,303,1203,1203,5:03,3,2,Visitor,21,17,6,,,,0.0,79,9,20,,,StatusOfficial,ResultPassComplete,,,,21979,22306,21943,3.0,7.0,18.0,Visitor,18.0,3.0,21.0,1:40, ,,,,,,,,,,,,,,,,,,,,,,,,0,0.0,0.0,0.0
2023,FOOTBALL_XFL_2023_3_4_SEA@VGS,SEA,6,VGS,7,250,1677981964.0,75964,2023-03-05 02:06:04.000000,EventFootballRush,1-10-SEA 39 (4:30) 25 M. Ellison rush to Midfield for 11 yards (27 N. Hill),,True,3,4,30,Half2,MaSourceTypeOfficialScoring,FOOTBALL_XFL_2023_3_4_SEA@VGS,,QBStat,109,2302009-SEA-at-VGS,270,1170,1170,4:30,3,2,Visitor,39,17,6,,,,0.0,61,9,20,,,StatusOfficial,,,,,,,20690,1.0,10.0,11.0,Visitor,18.0,4.0,32.0,2:07, ,20450,,,,,,,,,,,,,,,,,,,,,,,0,0.0,0.0,0.0
2023,FOOTBALL_XFL_2023_3_4_SEA@VGS,SEA,6,VGS,7,253,1677982008.0,76008,2023-03-05 02:06:48.000000,EventFootballRush,"1-10-Midfield (3:46) 25 M. Ellison rush to VGS 46 for 4 yards (88 R. Windsor, 11 P. Dawson)",,True,3,3,46,Half2,MaSourceTypeOfficialScoring,FOOTBALL_XFL_2023_3_4_SEA@VGS,,QBStat,110,2302009-SEA-at-VGS,226,1126,1126,3:46,3,2,Visitor,50,17,6,,,,0.0,50,9,20,,,StatusOfficial,,,,,,,21975,1.0,10.0,4.0,Visitor,18.0,5.0,36.0,2:55, ,20450,20374,,,,,,,,,,,,,,,,,,,,,,0,0.0,0.0,0.0
2023,FOOTBALL_XFL_2023_3_4_SEA@VGS,SEA,6,VGS,7,255,1677982036.0,76036,2023-03-05 02:07:16.000000,EventFootballPass,2-6-VGS 46 (3:18) 6 B. DiNucci pass to 88 J. Veasy to VGS 28 for 18 yards (1 M. Harriel),,True,3,3,18,Half2,MaSourceTypeOfficialScoring,FOOTBALL_XFL_2023_3_4_SEA@VGS,,QBStat,111,2302009-SEA-at-VGS,198,1098,1098,3:18,3,2,Home,46,17,6,,,,0.0,46,9,20,,,StatusOfficial,ResultPassComplete,,,,21979,22306,21753,2.0,6.0,18.0,Visitor,18.0,6.0,54.0,3:26, ,,,,,,,,,,,,,,,,,,,,,,,,0,0.0,0.0,0.0
2023,FOOTBALL_XFL_2023_3_4_SEA@VGS,SEA,6,VGS,7,257,1677982112.0,76112,2023-03-05 02:08:32.000000,EventFootballPass,1-10-VGS 28 (2:25) 6 B. DiNucci pass to 88 J. Veasy to VGS 19 for 9 yards (1 M. Harriel),,True,3,2,25,Half2,MaSourceTypeOfficialScoring,FOOTBALL_XFL_2023_3_4_SEA@VGS,,QBStat,112,2302009-SEA-at-VGS,145,1045,1045,2:25,3,2,Home,28,17,6,,,,0.0,28,9,20,,,StatusOfficial,ResultPassComplete,,,,21979,22306,21753,1.0,10.0,9.0,Visitor,18.0,7.0,63.0,4:16, ,,,,,,,,,,,,,,,,,,,,,,,,0,0.0,0.0,0.0
2023,FOOTBALL_XFL_2023_3_4_SEA@VGS,SEA,6,VGS,7,259,1677982150.0,76150,2023-03-05 02:09:10.000000,EventFootballRush,2-1-VGS 19 (1:48) 25 M. Ellison rush to VGS 16 for 3 yards (1 M. Harriel),,True,3,1,48,Half2,MaSourceTypeOfficialScoring,FOOTBALL_XFL_2023_3_4_SEA@VGS,,QBStat,113,2302009-SEA-at-VGS,108,1008,1008,1:48,3,2,Home,19,17,6,,,,0.0,19,9,20,,,StatusOfficial,,,,,,,21753,2.0,1.0,3.0,Visitor,18.0,8.0,66.0,4:42, ,20450,,,,,,,,,,,,,,,,,,,,,,,0,0.0,0.0,0.0
2023,FOOTBALL_XFL_2023_3_4_SEA@VGS,SEA,6,VGS,7,261,1677982188.0,76188,2023-03-05 02:09:48.000000,EventFootballPass,"1-10-VGS 16 (1:17) 6 B. DiNucci pass to 0 J. Gordon for 16 yards, TOUCHDOWN",,True,3,1,17,Half2,MaSourceTypeOfficialScoring,FOOTBALL_XFL_2023_3_4_SEA@VGS,,QBStat,114,2302009-SEA-at-VGS,77,977,977,1:17,3,2,Home,16,17,6,,,,0.0,16,9,20,,,StatusOfficial,ResultPassComplete,,,,21979,22840,,1.0,10.0,16.0,Visitor,18.0,9.0,82.0,5:07,TD,,,,,,,,ScoreTypeTd,,,,,,,,,,,,,,,,0,1.0,0.0,1.0
2023,FOOTBALL_XFL_2023_3_4_SEA@VGS,SEA,6,VGS,7,263,1677982220.0,76220,2023-03-05 02:10:20.000000,EventFootballPat3PtPass,6 B. DiNucci 3-pt conversion pass to 80 B. Jackson NO GOOD,,True,3,1,17,Half2,MaSourceTypeOfficialScoring,FOOTBALL_XFL_2023_3_4_SEA@VGS,,QBStat,115,2302009-SEA-at-VGS,77,977,977,1:17,3,2,Home,10,17,6,,,,0.0,10,15,20,,,StatusOfficial,ResultPassIncomplete,,,,21979,20761,,,,,,,,,,,,,,,,,,,3.0,,,,,,,,,,,,,,,0,0.0,0.0,0.0
2023,FOOTBALL_XFL_2023_3_4_SEA@VGS,SEA,6,VGS,7,265,1677982323.0,76323,2023-03-05 02:12:03.000000,EventFootballKickoff,11 D. Eberle kicks from SEA 30. 5 D. Torrey to VGS 24 for 14 yards (96 D. Joseph),,True,3,1,16,Half2,MaSourceTypeOfficialScoring,FOOTBALL_XFL_2023_3_4_SEA@VGS,,QBStat,116,2302009-SEA-at-VGS,76,976,976,1:16,3,2,Visitor,30,18,7,,,,1.0,30,15,20,20374,20836,StatusOfficial,ResultKickReturned,14.0,Home,24.0,,,21869,,,,,,,,,,,,,,,,,,,,,,,,,,,,,,,,,0,0.0,0.0,0.0
2023,FOOTBALL_XFL_2023_3_4_SEA@VGS,SEA,6,VGS,7,267,1677982388.0,76388,2023-03-05 02:13:08.000000,EventFootballRush,"1-10-VGS 24 (1:07) 2 B. Hundley rush to VGS 26 for 2 yards (9 C. Hicks, 58 A. Faoliu)",,True,3,1,7,Half2,MaSourceTypeOfficialScoring,FOOTBALL_XFL_2023_3_4_SEA@VGS,,QBStat,117,2302009-SEA-at-VGS,67,967,967,1:07,3,2,Home,24,18,7,,,,1.0,76,15,20,,,StatusOfficial,,,,,,,22344,1.0,10.0,2.0,Home,24.0,1.0,2.0,0:20, ,22876,20466,,,,,,,,,,,,,,,,,,,,,,0,0.0,0.0,0.0
2023,FOOTBALL_XFL_2023_3_4_SEA@VGS,SEA,6,VGS,7,269,1677982423.0,76423,2023-03-05 02:13:43.000000,EventFootballRush,"2-8-VGS 26 (0:32) 15 R. Smith rush to VGS 34 for 8 yards (9 C. Hicks, 8 T. Walker)",,True,3,0,32,Half2,MaSourceTypeOfficialScoring,FOOTBALL_XFL_2023_3_4_SEA@VGS,,QBStat,118,2302009-SEA-at-VGS,32,932,932,0:32,3,2,Home,26,18,7,,,,1.0,74,15,20,,,StatusOfficial,,,,,,,22344,2.0,8.0,8.0,Home,24.0,2.0,10.0,1:02, ,21447,21620,,,,,,,,,,,,,,,,,,,,,,0,0.0,0.0,0.0
2023,FOOTBALL_XFL_2023_3_4_SEA@VGS,SEA,6,VGS,7,273,1677982661.0,76661,2023-03-05 02:17:41.000000,EventFootballRush,1-10-VGS 34 (14:55) 5 D. Torrey rush to VGS 37 for 3 yards (58 A. Faoliu),,True,4,14,55,Half2,MaSourceTypeOfficialScoring,FOOTBALL_XFL_2023_3_4_SEA@VGS,,QBStat,119,2302009-SEA-at-VGS,895,895,895,14:55,3,2,Home,34,18,7,,,,1.0,66,15,20,,,StatusOfficial,,,,,,,20466,1.0,10.0,3.0,Home,24.0,3.0,13.0,2:00, ,21570,,,,,,,,,,,,,,,,,,,,,,,0,0.0,0.0,0.0
2023,FOOTBALL_XFL_2023_3_4_SEA@VGS,SEA,6,VGS,7,275,1677982715.0,76715,2023-03-05 02:18:35.000000,EventFootballPenalty,"2-7-VGS 37 (14:17) PENALTY on 56 L. Williams, 5 yards",,True,4,14,17,Half2,MaSourceTypeOfficialScoring,FOOTBALL_XFL_2023_3_4_SEA@VGS,,QBStat,120,2302009-SEA-at-VGS,857,857,857,14:17,3,2,Home,37,18,7,,,,1.0,63,15,20,,,StatusOfficial,,,,,,,,2.0,7.0,,Home,24.0,3.0,8.0,2:01, ,,,,,,,,,,7,22847,5.0,ResultPenaltyRepeatdown,NA,,,,,,,,,,0,0.0,0.0,0.0
2023,FOOTBALL_XFL_2023_3_4_SEA@VGS,SEA,6,VGS,7,277,1677982757.0,76757,2023-03-05 02:19:17.000000,EventFootballPass,2-12-VGS 32 (13:46) 2 B. Hundley pass incomplete,,True,4,13,46,Half2,MaSourceTypeOfficialScoring,FOOTBALL_XFL_2023_3_4_SEA@VGS,,QBStat,121,2302009-SEA-at-VGS,826,826,826,13:46,3,2,Home,32,18,7,,,,1.0,68,15,20,,,StatusOfficial,ResultPassIncomplete,,,,22876,,,2.0,12.0,,Home,24.0,4.0,8.0,2:32, ,,,,,,,,,,,,,,,,,,,,,,,,0,0.0,0.0,0.0
2023,FOOTBALL_XFL_2023_3_4_SEA@VGS,SEA,6,VGS,7,279,1677982796.0,76796,2023-03-05 02:19:56.000000,EventFootballPass,"3-12-VGS 32 (13:14) 2 B. Hundley pass to 19 G. Allison to VGS 34 for 2 yards (1 B. Thompson, 21 L. Stephens)",,True,4,13,14,Half2,MaSourceTypeOfficialScoring,FOOTBALL_XFL_2023_3_4_SEA@VGS,,QBStat,122,2302009-SEA-at-VGS,794,794,794,13:14,3,2,Home,32,18,7,,,,1.0,68,15,20,,,StatusOfficial,ResultPassComplete,,,,22876,22325,22377,3.0,12.0,2.0,Home,24.0,5.0,10.0,3:18, ,,21963,,,,,,,,,,,,,,,,,,,,,,0,0.0,0.0,0.0
2023,FOOTBALL_XFL_2023_3_4_SEA@VGS,SEA,6,VGS,7,281,1677982836.0,76836,2023-03-05 02:20:36.000000,EventFootballPunt,"4-10-VGS 34 (12:34) 17 M. Carrizosa punts 36 yards, downed at SEA 30",,True,4,12,34,Half2,MaSourceTypeOfficialScoring,FOOTBALL_XFL_2023_3_4_SEA@VGS,,QBStat,123,2302009-SEA-at-VGS,754,754,754,12:34,3,2,Home,34,18,7,,,,1.0,66,15,20,,,StatusOfficial,ResultKickDowned,,Visitor,30.0,,,,4.0,10.0,,Home,24.0,5.0,10.0,3:43,PUNT,,,,,,,,,,,,,,,,21784,,36.0,,,,,,1,0.0,0.0,0.0
2023,FOOTBALL_XFL_2023_3_4_SEA@VGS,SEA,6,VGS,7,283,1677982876.0,76876,2023-03-05 02:21:16.000000,EventFootballPass,"1-10-SEA 30 (12:28) 6 B. DiNucci pass to 3 J. Pearson to SEA 46 for 16 yards (22 A. Sparks, 20 J. Johnson)",,True,4,12,28,Half2,MaSourceTypeOfficialScoring,FOOTBALL_XFL_2023_3_4_SEA@VGS,,QBStat,124,2302009-SEA-at-VGS,748,748,748,12:28,3,2,Visitor,30,19,6,,,,0.0,70,15,20,,,StatusOfficial,ResultPassComplete,,,,21979,21203,21462,1.0,10.0,16.0,Visitor,30.0,1.0,16.0,0:29, ,,20811,,,,,,,,,,,,,,,,,,,,,,0,0.0,0.0,0.0
2023,FOOTBALL_XFL_2023_3_4_SEA@VGS,SEA,6,VGS,7,288,1677982918.0,76918,2023-03-05 02:21:58.000000,EventFootballSack,1-10-SEA 46 (11:45) 6 B. DiNucci sacked at SEA 45 for -1 yards (30 S. Roberts),,True,4,11,45,Half2,MaSourceTypeOfficialScoring,FOOTBALL_XFL_2023_3_4_SEA@VGS,,QBStat,125,2302009-SEA-at-VGS,705,705,705,11:45,3,2,Visitor,46,19,6,,,,0.0,54,15,20,,,StatusOfficial,,,,,21979,,,1.0,10.0,-1.0,Visitor,30.0,2.0,15.0,1:02, ,,,,,,,,,,,,,,,,,,,,,21312,,,0,0.0,0.0,0.0
2023,FOOTBALL_XFL_2023_3_4_SEA@VGS,SEA,6,VGS,7,303,1677982959.0,76959,2023-03-05 02:22:39.000000,EventFootballPass,2-11-SEA 45 (11:05) 6 B. DiNucci pass to 88 J. Veasy to VGS 37 for 18 yards (27 N. Hill),,True,4,11,5,Half2,MaSourceTypeOfficialScoring,FOOTBALL_XFL_2023_3_4_SEA@VGS,,QBStat,126,2302009-SEA-at-VGS,665,665,665,11:05,3,2,Visitor,45,19,6,,,,0.0,55,15,20,,,StatusOfficial,ResultPassComplete,,,,21979,22306,20690,2.0,11.0,18.0,Visitor,30.0,3.0,33.0,1:44, ,,,,,,,,,,,,,,,,,,,,,,,,0,0.0,0.0,0.0
2023,FOOTBALL_XFL_2023_3_4_SEA@VGS,SEA,6,VGS,7,293,1677983060.0,77060,2023-03-05 02:24:20.000000,EventFootballRush,"1-10-VGS 37 (10:31) 6 B. DiNucci rush to VGS 28 for 9 yards Fumbled by 6 B. DiNucci,  Forced by 9 D. Anderson Recovered by Seattle Sea Dragons (9 D. Anderson)",,True,4,10,31,Half2,MaSourceTypeOfficialScoring,FOOTBALL_XFL_2023_3_4_SEA@VGS,,QBStat,127,2302009-SEA-at-VGS,631,631,631,10:31,3,2,Home,37,19,6,,,,0.0,37,15,20,,,StatusOfficial,,,Home,28.0,,,20039,1.0,10.0,9.0,Visitor,30.0,4.0,42.0,2:23, ,21979,,6,21979,6,TM,20039,,,,,,,,,,,,,,,,,0,0.0,0.0,0.0
2023,FOOTBALL_XFL_2023_3_4_SEA@VGS,SEA,6,VGS,7,294,1677983097.0,77097,2023-03-05 02:24:57.000000,EventFootballRush,2-1-VGS 28 (10:10) 25 M. Ellison rush to VGS 24 for 4 yards (9 D. Anderson),,True,4,10,10,Half2,MaSourceTypeOfficialScoring,FOOTBALL_XFL_2023_3_4_SEA@VGS,,QBStat,128,2302009-SEA-at-VGS,610,610,610,10:10,3,2,Home,28,19,6,,,,0.0,28,15,20,,,StatusOfficial,,,,,,,20039,2.0,1.0,4.0,Visitor,30.0,5.0,46.0,2:47, ,20450,,,,,,,,,,,,,,,,,,,,,,,0,0.0,0.0,0.0
2023,FOOTBALL_XFL_2023_3_4_SEA@VGS,SEA,6,VGS,7,297,1677983130.0,77130,2023-03-05 02:25:30.000000,EventFootballRush,"1-10-VGS 24 (9:41) 25 M. Ellison rush to VGS 9 for 15 yards (1 M. Harriel, 9 D. Anderson)",,True,4,9,41,Half2,MaSourceTypeOfficialScoring,FOOTBALL_XFL_2023_3_4_SEA@VGS,,QBStat,129,2302009-SEA-at-VGS,581,581,581,9:41,3,2,Home,24,19,6,,,,0.0,24,15,20,,,StatusOfficial,,,,,,,21753,1.0,10.0,15.0,Visitor,30.0,6.0,61.0,3:23, ,20450,20039,,,,,,,,,,,,,,,,,,,,,,0,0.0,0.0,0.0
2023,FOOTBALL_XFL_2023_3_4_SEA@VGS,SEA,6,VGS,7,300,1677983170.0,77170,2023-03-05 02:26:10.000000,EventFootballRush,1-9-VGS 9 (9:01) 25 M. Ellison rush to VGS 7 for 2 yards (28 C. Avery),,True,4,9,1,Half2,MaSourceTypeOfficialScoring,FOOTBALL_XFL_2023_3_4_SEA@VGS,,QBStat,130,2302009-SEA-at-VGS,541,541,541,9:01,3,2,Home,9,19,6,,,,0.0,9,15,20,,,StatusOfficial,,,,,,,20066,1.0,9.0,2.0,Visitor,30.0,7.0,63.0,3:53, ,20450,,,,,,,,,,,,,,,,,,,,,,,0,0.0,0.0,0.0
2023,FOOTBALL_XFL_2023_3_4_SEA@VGS,SEA,6,VGS,7,304,1677983205.0,77205,2023-03-05 02:26:45.000000,EventFootballRush,2-7-VGS 7 (8:26) 25 M. Ellison rush to VGS 14 for -7 yards (6 K. Kennedy),,True,4,8,26,Half2,MaSourceTypeOfficialScoring,FOOTBALL_XFL_2023_3_4_SEA@VGS,,QBStat,131,2302009-SEA-at-VGS,506,506,506,8:26,3,2,Home,7,19,6,,,,0.0,7,15,20,,,StatusOfficial,,,,,,,21943,2.0,7.0,-7.0,Visitor,30.0,8.0,56.0,4:15, ,20450,,,,,,,,,,,,,,,,,,,,,,,0,0.0,0.0,0.0
2023,FOOTBALL_XFL_2023_3_4_SEA@VGS,SEA,6,VGS,7,306,1677983301.0,77301,2023-03-05 02:28:21.000000,EventFootballPass,3-14-VGS 14 (7:52) 6 B. DiNucci pass to 80 B. Jackson to VGS 10 for 4 yards (6 K. Kennedy),,True,4,7,52,Half2,MaSourceTypeOfficialScoring,FOOTBALL_XFL_2023_3_4_SEA@VGS,,QBStat,132,2302009-SEA-at-VGS,472,472,472,7:52,3,2,Home,14,19,6,,,,0.0,14,15,20,,,StatusOfficial,ResultPassComplete,,,,21979,20761,21943,3.0,14.0,4.0,Visitor,30.0,9.0,60.0,4:48, ,,,,,,,,,,,,,,,,,,,,,,,,0,0.0,0.0,0.0
2023,FOOTBALL_XFL_2023_3_4_SEA@VGS,SEA,6,VGS,7,308,1677983347.0,77347,2023-03-05 02:29:07.000000,EventFootballPenalty,"4-10-VGS 10 (7:21) PENALTY on Seattle Sea Dragons, 5 yards",,True,4,7,21,Half2,MaSourceTypeOfficialScoring,FOOTBALL_XFL_2023_3_4_SEA@VGS,,QBStat,133,2302009-SEA-at-VGS,441,441,441,7:21,3,2,Home,10,19,6,,,,0.0,10,15,20,,,StatusOfficial,,,,,,,,4.0,10.0,,Visitor,30.0,9.0,55.0,5:12, ,,,,,,,,,,6,TM,5.0,ResultPenaltyRepeatdown,NA,,,,,,,,,,0,0.0,0.0,0.0
2023,FOOTBALL_XFL_2023_3_4_SEA@VGS,SEA,6,VGS,7,310,1677983377.0,77377,2023-03-05 02:29:37.000000,EventFootballFg,4-15-VGS 15 (7:06) 11 D. Eberle 32 yard field goal is GOOD,,True,4,7,6,Half2,MaSourceTypeOfficialScoring,FOOTBALL_XFL_2023_3_4_SEA@VGS,,QBStat,134,2302009-SEA-at-VGS,426,426,426,7:06,3,2,Home,15,19,6,,,,0.0,15,15,20,22874,,StatusOfficial,ResultKickMade,,,,,,,4.0,15.0,32.0,Visitor,30.0,10.0,55.0,5:28,FG,,,,,,,,ScoreTypeFg,,,,,,,,,,,,,,,,0,0.0,0.0,0.0
2023,FOOTBALL_XFL_2023_3_4_SEA@VGS,SEA,6,VGS,7,312,1677983560.0,77560,2023-03-05 02:32:40.000000,EventFootballKickoff,11 D. Eberle kicks from SEA 30. 14 C. Sweeting to Midfield for 42 yards (16 M. Wright),,True,4,7,6,Half2,MaSourceTypeOfficialScoring,FOOTBALL_XFL_2023_3_4_SEA@VGS,,QBStat,135,2302009-SEA-at-VGS,426,426,426,7:06,3,2,Visitor,30,20,7,,,,1.0,30,18,20,20374,22856,StatusOfficial,ResultKickReturned,42.0,Home,50.0,,,21721,,,,,,,,,,,,,,,,,,,,,,,,,,,,,,,,,0,0.0,0.0,0.0
2023,FOOTBALL_XFL_2023_3_4_SEA@VGS,SEA,6,VGS,7,314,1677983631.0,77631,2023-03-05 02:33:51.000000,EventFootballPass,"1-10-Midfield (6:45) 2 B. Hundley pass to 8 J. Lovett for 50 yards, TOUCHDOWN",,True,4,6,45,Half2,MaSourceTypeOfficialScoring,FOOTBALL_XFL_2023_3_4_SEA@VGS,,QBStat,136,2302009-SEA-at-VGS,405,405,405,6:45,3,2,Home,50,20,7,,,,1.0,50,18,20,,,StatusOfficial,ResultPassComplete,,,,22876,21872,,1.0,10.0,50.0,Home,50.0,1.0,50.0,0:21,TD,,,,,,,,ScoreTypeTd,,,,,,,,,,,,,,,,0,1.0,0.0,1.0
2023,FOOTBALL_XFL_2023_3_4_SEA@VGS,SEA,6,VGS,7,316,1677983752.0,77752,2023-03-05 02:35:52.000000,EventFootballPat2PtPass,2 B. Hundley 2-pt conversion pass to 89 C. Sutton NO GOOD,,True,4,6,45,Half2,MaSourceTypeOfficialScoring,FOOTBALL_XFL_2023_3_4_SEA@VGS,,QBStat,137,2302009-SEA-at-VGS,405,405,405,6:45,3,2,Visitor,5,20,7,,,,1.0,5,18,26,,,StatusOfficial,ResultPassIncomplete,,,,22876,21502,,,,,,,,,,,,,,,,,,,2.0,,,,,,,,,,,,,,,0,0.0,0.0,0.0
2023,FOOTBALL_XFL_2023_3_4_SEA@VGS,SEA,6,VGS,7,318,1677983940.0,77940,2023-03-05 02:39:00.000000,EventFootballKickoff,"47 B. Giffen kicks from VGS 30. 86 K. McKnight to SEA 27 for 23 yards (20 J. Johnson, 89 C. Sutton)",,True,4,6,43,Half2,MaSourceTypeOfficialScoring,FOOTBALL_XFL_2023_3_4_SEA@VGS,,QBStat,138,2302009-SEA-at-VGS,403,403,403,6:43,3,2,Home,30,21,6,,,,0.0,30,18,26,47,20392,StatusOfficial,ResultKickReturned,23.0,Visitor,27.0,,,20811,,,,,,,,,,,21502,,,,,,,,,,,,,,,,,,,,,,0,0.0,0.0,0.0
2023,FOOTBALL_XFL_2023_3_4_SEA@VGS,SEA,6,VGS,7,320,1677983984.0,77984,2023-03-05 02:39:44.000000,EventFootballPass,1-10-SEA 27 (6:31) 6 B. DiNucci pass incomplete to 0 J. Gordon,,True,4,6,31,Half2,MaSourceTypeOfficialScoring,FOOTBALL_XFL_2023_3_4_SEA@VGS,,QBStat,139,2302009-SEA-at-VGS,391,391,391,6:31,3,2,Visitor,27,21,6,,,,0.0,73,18,26,,,StatusOfficial,ResultPassIncomplete,,,,21979,22840,,1.0,10.0,,Visitor,27.0,1.0,,0:24, ,,,,,,,,,,,,,,,21223,,,,,,,,,0,0.0,0.0,0.0
2023,FOOTBALL_XFL_2023_3_4_SEA@VGS,SEA,6,VGS,7,322,1677984017.0,78017,2023-03-05 02:40:17.000000,EventFootballPass,2-10-SEA 27 (6:03) 6 B. DiNucci pass to 3 J. Pearson to SEA 29 for 2 yards (27 N. Hill),,True,4,6,3,Half2,MaSourceTypeOfficialScoring,FOOTBALL_XFL_2023_3_4_SEA@VGS,,QBStat,140,2302009-SEA-at-VGS,363,363,363,6:03,3,2,Visitor,27,21,6,,,,0.0,73,18,26,,,StatusOfficial,ResultPassComplete,,,,21979,21203,20690,2.0,10.0,2.0,Visitor,27.0,2.0,2.0,0:52, ,,,,,,,,,,,,,,,,,,,,,,,,0,0.0,0.0,0.0
2023,FOOTBALL_XFL_2023_3_4_SEA@VGS,SEA,6,VGS,7,324,1677984058.0,78058,2023-03-05 02:40:58.000000,EventFootballPass,"3-8-SEA 29 (5:29) 6 B. DiNucci pass to 3 J. Pearson to VGS 38 for 33 yards (9 D. Anderson, 1 M. Harriel)",,True,4,5,29,Half2,MaSourceTypeOfficialScoring,FOOTBALL_XFL_2023_3_4_SEA@VGS,,QBStat,141,2302009-SEA-at-VGS,329,329,329,5:29,3,2,Visitor,29,21,6,,,,0.0,71,18,26,,,StatusOfficial,ResultPassComplete,,,,21979,21203,20039,3.0,8.0,33.0,Visitor,27.0,3.0,35.0,1:46, ,,21753,,,,,,,,,,,,,,,,,,,,,,0,0.0,0.0,0.0
2023,FOOTBALL_XFL_2023_3_4_SEA@VGS,SEA,6,VGS,7,326,1677984094.0,78094,2023-03-05 02:41:34.000000,EventFootballRush,1-10-VGS 38 (4:53) 19 T. Hammonds rush to VGS 32 for 6 yards (1 M. Harriel),,True,4,4,53,Half2,MaSourceTypeOfficialScoring,FOOTBALL_XFL_2023_3_4_SEA@VGS,,QBStat,142,2302009-SEA-at-VGS,293,293,293,4:53,3,2,Home,38,21,6,,,,0.0,38,18,26,,,StatusOfficial,,,,,,,21753,1.0,10.0,6.0,Visitor,27.0,4.0,41.0,2:26, ,20620,,,,,,,,,,,,,,,,,,,,,,,0,0.0,0.0,0.0
2023,FOOTBALL_XFL_2023_3_4_SEA@VGS,SEA,6,VGS,7,328,1677984134.0,78134,2023-03-05 02:42:14.000000,EventFootballPass,2-4-VGS 32 (4:13) 6 B. DiNucci pass to 19 T. Hammonds to VGS 22 for 10 yards (9 D. Anderson),,True,4,4,13,Half2,MaSourceTypeOfficialScoring,FOOTBALL_XFL_2023_3_4_SEA@VGS,,QBStat,143,2302009-SEA-at-VGS,253,253,253,4:13,3,2,Home,32,21,6,,,,0.0,32,18,26,,,StatusOfficial,ResultPassComplete,,,,21979,20620,20039,2.0,4.0,10.0,Visitor,27.0,5.0,51.0,2:52, ,,,,,,,,,,,,,,,,,,,,,,,,0,0.0,0.0,0.0
2023,FOOTBALL_XFL_2023_3_4_SEA@VGS,SEA,6,VGS,7,330,1677984180.0,78180,2023-03-05 02:43:00.000000,EventFootballPass,"1-10-VGS 22 (3:36) 6 B. DiNucci pass to 4 J. Green for 22 yards, TOUCHDOWN",,True,4,3,36,Half2,MaSourceTypeOfficialScoring,FOOTBALL_XFL_2023_3_4_SEA@VGS,,QBStat,144,2302009-SEA-at-VGS,216,216,216,3:36,3,2,Home,22,21,6,,,,0.0,22,18,26,,,StatusOfficial,ResultPassComplete,,,,21979,22035,,1.0,10.0,22.0,Visitor,27.0,6.0,73.0,3:09,TD,,,,,,,,ScoreTypeTd,,,,,,,,,,,,,,21960,,0,1.0,0.0,1.0
2023,FOOTBALL_XFL_2023_3_4_SEA@VGS,SEA,6,VGS,7,332,1677984216.0,78216,2023-03-05 02:43:36.000000,EventFootballPat3PtPass,6 B. DiNucci 3-pt conversion pass to 86 K. McKnight NO GOOD,,True,4,3,36,Half2,MaSourceTypeOfficialScoring,FOOTBALL_XFL_2023_3_4_SEA@VGS,,QBStat,145,2302009-SEA-at-VGS,216,216,216,3:36,3,2,Home,10,21,6,,,,0.0,10,24,26,,,StatusOfficial,ResultPassIncomplete,,,,21979,21875,,,,,,,,,,,,,,,,,,,3.0,,,,,,,,,,,,,,,0,0.0,0.0,0.0
2023,FOOTBALL_XFL_2023_3_4_SEA@VGS,SEA,6,VGS,7,334,1677984315.0,78315,2023-03-05 02:45:15.000000,EventFootballKickoff,11 D. Eberle kicks from SEA 30. 14 C. Sweeting to VGS 22 for 18 yards (44 E. Ponder),,True,4,3,35,Half2,MaSourceTypeOfficialScoring,FOOTBALL_XFL_2023_3_4_SEA@VGS,,QBStat,146,2302009-SEA-at-VGS,215,215,215,3:35,3,2,Visitor,30,22,7,,,,1.0,30,24,26,20374,22856,StatusOfficial,ResultKickReturned,18.0,Home,22.0,,,22017,,,,,,,,,,,,,,,,,,,,,,,,,,,,,,,,,0,0.0,0.0,0.0
2023,FOOTBALL_XFL_2023_3_4_SEA@VGS,SEA,6,VGS,7,336,1677984453.0,78453,2023-03-05 02:47:33.000000,EventFootballPass,1-10-VGS 22 (3:23) 2 B. Hundley pass incomplete,,True,4,3,23,Half2,MaSourceTypeOfficialScoring,FOOTBALL_XFL_2023_3_4_SEA@VGS,,QBStat,147,2302009-SEA-at-VGS,203,203,203,3:23,3,2,Home,22,22,7,,,,1.0,78,24,26,,,StatusOfficial,ResultPassIncomplete,,,,22876,,,1.0,10.0,,Home,22.0,1.0,,0:34, ,,,,,,,,,,,,,,,21620,,,,,,,,,0,0.0,0.0,0.0
2023,FOOTBALL_XFL_2023_3_4_SEA@VGS,SEA,6,VGS,7,339,1677984487.0,78487,2023-03-05 02:48:07.000000,EventFootballRush,2-10-VGS 22 (2:52) 5 D. Torrey rush to VGS 22 for 0 yards (36 Z. Kelly),,True,4,2,52,Half2,MaSourceTypeOfficialScoring,FOOTBALL_XFL_2023_3_4_SEA@VGS,,QBStat,148,2302009-SEA-at-VGS,172,172,172,2:52,3,2,Home,22,22,7,,,,1.0,78,24,26,,,StatusOfficial,,,,,,,20878,2.0,10.0,0.0,Home,22.0,2.0,,0:45, ,21570,,,,,,,,,,,,,,,,,,,,,,,0,0.0,0.0,0.0
2023,FOOTBALL_XFL_2023_3_4_SEA@VGS,SEA,6,VGS,7,341,1677984542.0,78542,2023-03-05 02:49:02.000000,EventFootballTimeout,Timeout by Seattle Sea Dragons at 2:51,,True,4,2,51,Half2,MaSourceTypeOfficialScoring,FOOTBALL_XFL_2023_3_4_SEA@VGS,,QBStat,149,2302009-SEA-at-VGS,171,171,171,2:51,3,2,Home,22,22,7,,,,1.0,78,24,26,,,StatusOfficial,,,,,,,,3.0,10.0,,Home,22.0,2.0,,0:45, ,,,,,,,,,,,,,,,,,,,,6,,,,0,0.0,0.0,0.0
2023,FOOTBALL_XFL_2023_3_4_SEA@VGS,SEA,6,VGS,7,350,1677984576.0,78576,2023-03-05 02:49:36.000000,EventFootballPass,3-10-VGS 22 (2:45) 2 B. Hundley pass to 13 J. Badet to VGS 38 for 16 yards (32 Q. Cole),,True,4,2,45,Half2,MaSourceTypeOfficialScoring,FOOTBALL_XFL_2023_3_4_SEA@VGS,,QBStat,150,2302009-SEA-at-VGS,165,165,165,2:45,2,2,Home,22,22,7,,,,1.0,78,24,26,,,StatusOfficial,ResultPassComplete,,,,22876,20072,20311,3.0,10.0,16.0,Home,22.0,3.0,16.0,1:00, ,,,,,,,,,,,,,,,,,,,,,,,,0,0.0,0.0,0.0
2023,FOOTBALL_XFL_2023_3_4_SEA@VGS,SEA,6,VGS,7,345,1677984602.0,78602,2023-03-05 02:50:02.000000,EventFootballTimeout,Timeout by Seattle Sea Dragons at 2:40,,True,4,2,40,Half2,MaSourceTypeOfficialScoring,FOOTBALL_XFL_2023_3_4_SEA@VGS,,QBStat,151,2302009-SEA-at-VGS,160,160,160,2:40,2,2,Home,38,22,7,,,,1.0,62,24,26,,,StatusOfficial,,,,,,,,1.0,10.0,,Home,22.0,3.0,16.0,0:56, ,,,,,,,,,,,,,,,,,,,,6,,,,0,0.0,0.0,0.0
2023,FOOTBALL_XFL_2023_3_4_SEA@VGS,SEA,6,VGS,7,347,1677984651.0,78651,2023-03-05 02:50:51.000000,EventFootballRush,1-10-VGS 38 (2:35) 15 R. Smith rush to VGS 41 for 3 yards (97 N. Lalos),,True,4,2,35,Half2,MaSourceTypeOfficialScoring,FOOTBALL_XFL_2023_3_4_SEA@VGS,,QBStat,152,2302009-SEA-at-VGS,155,155,155,2:35,1,2,Home,38,22,7,,,,1.0,62,24,26,,,StatusOfficial,,,,,,,20918,1.0,10.0,3.0,Home,22.0,4.0,19.0,1:01, ,21447,,,,,,,,,,,,,,,,,,,,,,,0,0.0,0.0,0.0
2023,FOOTBALL_XFL_2023_3_4_SEA@VGS,SEA,6,VGS,7,349,1677984677.0,78677,2023-03-05 02:51:17.000000,EventFootballTimeout,Timeout by Seattle Sea Dragons at 2:35,,True,4,2,35,Half2,MaSourceTypeOfficialScoring,FOOTBALL_XFL_2023_3_4_SEA@VGS,,QBStat,153,2302009-SEA-at-VGS,155,155,155,2:35,1,2,Home,41,22,7,,,,1.0,59,24,26,,,StatusOfficial,,,,,,,,2.0,7.0,,Home,22.0,4.0,19.0,1:01, ,,,,,,,,,,,,,,,,,,,,6,,,,0,0.0,0.0,0.0
2023,FOOTBALL_XFL_2023_3_4_SEA@VGS,SEA,6,VGS,7,352,1677984728.0,78728,2023-03-05 02:52:08.000000,EventFootballRush,2-7-VGS 41 (2:27) 15 R. Smith rush to VGS 43 for 2 yards (58 A. Faoliu),,True,4,2,27,Half2,MaSourceTypeOfficialScoring,FOOTBALL_XFL_2023_3_4_SEA@VGS,,QBStat,154,2302009-SEA-at-VGS,147,147,147,2:27,0,2,Home,41,22,7,,,,1.0,59,24,26,,,StatusOfficial,,,,,,,20466,2.0,7.0,2.0,Home,22.0,5.0,21.0,1:22, ,21447,,,,,,,,,,,,,,,,,,,,,,,0,0.0,0.0,0.0
2023,FOOTBALL_XFL_2023_3_4_SEA@VGS,SEA,6,VGS,7,355,1677984953.0,78953,2023-03-05 02:55:53.000000,EventFootballPass,3-5-VGS 43 (1:55) 2 B. Hundley pass incomplete to 8 J. Lovett,,True,4,1,55,Half2,MaSourceTypeOfficialScoring,FOOTBALL_XFL_2023_3_4_SEA@VGS,,QBStat,155,2302009-SEA-at-VGS,115,115,115,1:55,0,2,Home,43,22,7,,,,1.0,57,24,26,,,StatusOfficial,ResultPassIncomplete,,,,22876,21872,,3.0,5.0,,Home,22.0,6.0,21.0,1:41, ,,,,,,,,,,,,,,,21620,,,,,,,22344,,0,0.0,0.0,0.0
2023,FOOTBALL_XFL_2023_3_4_SEA@VGS,SEA,6,VGS,7,358,1677984993.0,78993,2023-03-05 02:56:33.000000,EventFootballPunt,"4-5-VGS 43 (1:49) 17 M. Carrizosa punts 39 yards from VGS 43 to SEA 18. 80 B. Jackson to SEA 27 for 4 yards (24 W. Adams) PENALTY on Vegas Vipers, 5 yards",,True,4,1,49,Half2,MaSourceTypeOfficialScoring,FOOTBALL_XFL_2023_3_4_SEA@VGS,,QBStat,156,2302009-SEA-at-VGS,109,109,109,1:49,0,2,Home,43,22,7,,,,1.0,57,24,26,,,StatusOfficial,ResultKickReturned,,Visitor,27.0,,,20369,4.0,5.0,,Home,22.0,6.0,21.0,1:47,PUNT,,,,,,,,,,7,TM,5.0,ResultPenaltyOnkickoffpat,NA,,21784,20761,39.0,4.0,,,,,1,0.0,0.0,0.0
2023,FOOTBALL_XFL_2023_3_4_SEA@VGS,SEA,6,VGS,7,360,1677985083.0,79083,2023-03-05 02:58:03.000000,EventFootballPass,"1-10-SEA 27 (1:37) 6 B. DiNucci pass to 19 T. Hammonds to SEA 32 for 5 yards (28 C. Avery, 21 A. Phillips)",,True,4,1,37,Half2,MaSourceTypeOfficialScoring,FOOTBALL_XFL_2023_3_4_SEA@VGS,,QBStat,157,2302009-SEA-at-VGS,97,97,97,1:37,0,2,Visitor,27,23,6,,,,0.0,73,24,26,,,StatusOfficial,ResultPassComplete,,,,21979,20620,20066,1.0,10.0,5.0,Visitor,27.0,1.0,5.0,0:20, ,,21223,,,,,,,,,,,,,,,,,,,,,,0,0.0,0.0,0.0
2023,FOOTBALL_XFL_2023_3_4_SEA@VGS,SEA,6,VGS,7,362,1677985102.0,79102,2023-03-05 02:58:22.000000,EventFootballPass,2-5-SEA 32 (1:17) 6 B. DiNucci pass to 19 T. Hammonds to SEA 35 for 3 yards (30 S. Roberts),,True,4,1,17,Half2,MaSourceTypeOfficialScoring,FOOTBALL_XFL_2023_3_4_SEA@VGS,,QBStat,158,2302009-SEA-at-VGS,77,77,77,1:17,0,2,Visitor,32,23,6,,,,0.0,68,24,26,,,StatusOfficial,ResultPassComplete,,,,21979,20620,21312,2.0,5.0,3.0,Visitor,27.0,2.0,8.0,0:25, ,,,,,,,,,,,,,,,,,,,,,,,,0,0.0,0.0,0.0
2023,FOOTBALL_XFL_2023_3_4_SEA@VGS,SEA,6,VGS,7,364,1677985146.0,79146,2023-03-05 02:59:06.000000,EventFootballPass,3-2-SEA 35 (1:12) 6 B. DiNucci pass incomplete to 88 J. Veasy,,True,4,1,12,Half2,MaSourceTypeOfficialScoring,FOOTBALL_XFL_2023_3_4_SEA@VGS,,QBStat,159,2302009-SEA-at-VGS,72,72,72,1:12,0,2,Visitor,35,23,6,,,,0.0,65,24,26,,,StatusOfficial,ResultPassIncomplete,,,,21979,22306,,3.0,2.0,,Visitor,27.0,3.0,8.0,0:29, ,,,,,,,,,,,,,,,21943,,,,,,,,,0,0.0,0.0,0.0
2023,FOOTBALL_XFL_2023_3_4_SEA@VGS,SEA,6,VGS,7,371,1677985186.0,79186,2023-03-05 02:59:46.000000,EventFootballPass,"4-2-SEA 35 (1:00) 6 B. DiNucci pass to 0 J. Gordon for 65 yards, TOUCHDOWN",,True,4,1,0,Half2,MaSourceTypeOfficialScoring,FOOTBALL_XFL_2023_3_4_SEA@VGS,,QBStat,160,2302009-SEA-at-VGS,60,60,60,1:00,0,2,Visitor,35,23,6,,,,0.0,65,24,26,,,StatusOfficial,ResultPassComplete,,,,21979,22840,,4.0,2.0,65.0,Visitor,27.0,4.0,73.0,0:51,TD,,,,,,,,ScoreTypeTd,,,,,,,,,,,,,,21968,,0,1.0,0.0,1.0
2023,FOOTBALL_XFL_2023_3_4_SEA@VGS,SEA,6,VGS,7,370,1677985238.0,79238,2023-03-05 03:00:38.000000,EventFootballPat3PtPass,6 B. DiNucci 3-pt conversion pass to 80 B. Jackson NO GOOD,,True,4,0,58,Half2,MaSourceTypeOfficialScoring,FOOTBALL_XFL_2023_3_4_SEA@VGS,,QBStat,161,2302009-SEA-at-VGS,58,58,58,0:58,0,2,Home,10,23,6,,,,0.0,10,30,26,,,StatusOfficial,ResultPassIncomplete,,,,21979,20761,,,,,,,,,,,,,,,,,,,3.0,,,,,,,,,,,,,,,0,0.0,0.0,0.0
2023,FOOTBALL_XFL_2023_3_4_SEA@VGS,SEA,6,VGS,7,378,1677985329.0,79329,2023-03-05 03:02:09.000000,EventFootballKickoff,11 D. Eberle kicks from SEA 30. 14 C. Sweeting to VGS 30 for 23 yards (51 T. Skipper),,True,4,0,53,Half2,MaSourceTypeOfficialScoring,FOOTBALL_XFL_2023_3_4_SEA@VGS,,QBStat,162,2302009-SEA-at-VGS,53,53,53,0:53,0,2,Visitor,30,24,7,,,,1.0,30,30,26,20374,22856,StatusOfficial,ResultKickReturned,23.0,Home,30.0,,,21422,,,,,,,,,,,,,,,,,,,,,,,,,,,,,,,,,0,0.0,0.0,0.0
2023,FOOTBALL_XFL_2023_3_4_SEA@VGS,SEA,6,VGS,7,375,1677985373.0,79373,2023-03-05 03:02:53.000000,EventFootballPass,1-10-VGS 30 (0:46) 2 B. Hundley pass to 14 C. Sweeting to VGS 32 for 2 yards (9 C. Hicks),,True,4,0,46,Half2,MaSourceTypeOfficialScoring,FOOTBALL_XFL_2023_3_4_SEA@VGS,,QBStat,163,2302009-SEA-at-VGS,46,46,46,0:46,0,2,Home,30,24,7,,,,1.0,70,30,26,,,StatusOfficial,ResultPassComplete,,,,22876,21507,22344,1.0,10.0,2.0,Home,30.0,1.0,2.0,0:28, ,,,,,,,,,,,,,,,,,,,,,,,,0,0.0,0.0,0.0
2023,FOOTBALL_XFL_2023_3_4_SEA@VGS,SEA,6,VGS,7,381,1677985392.0,79392,2023-03-05 03:03:12.000000,EventFootballPass,"2-8-VGS 32 (0:26) 2 B. Hundley pass to 14 C. Sweeting to VGS 39 for 7 yards (8 T. Walker) PENALTY on 44 E. Ponder, 15 yards",,True,4,0,26,Half2,MaSourceTypeOfficialScoring,FOOTBALL_XFL_2023_3_4_SEA@VGS,,QBStat,164,2302009-SEA-at-VGS,26,26,26,0:26,0,2,Home,32,24,7,,,,1.0,68,30,26,,,StatusOfficial,ResultPassComplete,,,,22876,21507,21620,2.0,8.0,7.0,Home,30.0,2.0,24.0,0:32, ,,,,,,,,,,6,22017,15.0,ResultPenaltyAuto1Stdown,NA,,,,,,,,,,0,0.0,0.0,0.0
2023,FOOTBALL_XFL_2023_3_4_SEA@VGS,SEA,6,VGS,7,380,1677985468.0,79468,2023-03-05 03:04:28.000000,EventFootballPass,1-10-SEA 46 (0:19) 2 B. Hundley pass incomplete to 19 G. Allison,,True,4,0,19,Half2,MaSourceTypeOfficialScoring,FOOTBALL_XFL_2023_3_4_SEA@VGS,,QBStat,165,2302009-SEA-at-VGS,19,19,19,0:19,0,2,Visitor,46,24,7,,,,1.0,46,30,26,,,StatusOfficial,ResultPassIncomplete,,,,22876,22325,,1.0,10.0,,Home,30.0,3.0,24.0,0:39, ,,,,,,,,,,,,,,,,,,,,,,,,0,0.0,0.0,0.0
2023,FOOTBALL_XFL_2023_3_4_SEA@VGS,SEA,6,VGS,7,383,1677985509.0,79509,2023-03-05 03:05:09.000000,EventFootballPass,2-10-SEA 46 (0:15) 2 B. Hundley pass to 10 M. Sexton to SEA 40 for 6 yards (8 T. Walker),,True,4,0,15,Half2,MaSourceTypeOfficialScoring,FOOTBALL_XFL_2023_3_4_SEA@VGS,,QBStat,166,2302009-SEA-at-VGS,15,15,15,0:15,0,2,Visitor,46,24,7,,,,1.0,46,30,26,,,StatusOfficial,ResultPassComplete,,,,22876,21882,21620,2.0,10.0,6.0,Home,30.0,4.0,30.0,0:46, ,,,,,,,,,,,,,,,,,,,,,,,,0,0.0,0.0,0.0
2023,FOOTBALL_XFL_2023_3_4_SEA@VGS,SEA,6,VGS,7,385,1677985549.0,79549,2023-03-05 03:05:49.000000,EventFootballPass,3-4-SEA 40 (0:06) 2 B. Hundley pass dropped by 10 M. Sexton,,True,4,0,6,Half2,MaSourceTypeOfficialScoring,FOOTBALL_XFL_2023_3_4_SEA@VGS,,QBStat,167,2302009-SEA-at-VGS,6,6,6,0:06,0,2,Visitor,40,24,7,,,,1.0,40,30,26,,,StatusOfficial,ResultPassDropped,,,,22876,21882,,3.0,4.0,,Home,30.0,5.0,30.0,0:52, ,,,,,,,,,,,,,,,,,,,,,,,,0,0.0,0.0,0.0
2023,FOOTBALL_XFL_2023_3_4_SEA@VGS,SEA,6,VGS,7,387,1677985575.0,79575,2023-03-05 03:06:15.000000,EventFootballTimeout,Timeout by Vegas Vipers at 0:06,,True,4,0,6,Half2,MaSourceTypeOfficialScoring,FOOTBALL_XFL_2023_3_4_SEA@VGS,,QBStat,168,2302009-SEA-at-VGS,6,6,6,0:06,0,2,Visitor,40,24,7,,,,1.0,40,30,26,,,StatusOfficial,,,,,,,,4.0,4.0,,Home,30.0,5.0,30.0,0:52, ,,,,,,,,,,,,,,,,,,,,7,,,,0,0.0,0.0,0.0
2023,FOOTBALL_XFL_2023_3_4_SEA@VGS,SEA,6,VGS,7,391,1677985626.0,79626,2023-03-05 03:07:06.000000,EventFootballPass,4-4-SEA 40 (0:00) 2 B. Hundley pass incomplete to 4 M. Bryant,,True,4,0,0,Half2,MaSourceTypeOfficialScoring,FOOTBALL_XFL_2023_3_4_SEA@VGS,,QBStat,169,2302009-SEA-at-VGS,0,0,0,0:00,0,1,Visitor,40,24,7,,,,1.0,40,30,26,,,StatusOfficial,ResultPassIncomplete,,,,22876,20218,,4.0,4.0,,Home,30.0,6.0,30.0,0:58,DOWNS,,,,,,,,,,,,,,,,,,,,,,21422,,0,0.0,0.0,0.0
2023,FOOTBALL_XFL_2023_3_4_SEA@VGS,SEA,6,VGS,7,392,1677985667.4492316,,2023-03-05 03:07:47.449232,EventEnd,Game End Marker,,True,4,0,0,Half2,MaSourceTypeOfficialScoring,FOOTBALL_XFL_2023_3_4_SEA@VGS,,QBStat,10020,2302009-SEA-at-VGS,0,0,0,0:00,0,1,Visitor,40,25,6,,,,0.0,60,30,26,,,,,,,,,,,1.0,10.0,,,,,,,,,,,,,,,,,,,,,,,,,,,,,,,0,0.0,0.0,0.0
2023,FOOTBALL_XFL_2023_3_4_SEA@VGS,SEA,6,VGS,7,399,1678227141.639804,,2023-03-07 22:12:21.639804,EventOfficial,Game Official Marker,,True,4,0,0,Half2,MaSourceTypeOfficialScoring,FOOTBALL_XFL_2023_3_4_SEA@VGS,,QBStat,10025,2302009-SEA-at-VGS,0,0,0,0:00,0,1,Visitor,40,25,6,,,,0.0,60,30,26,,,,,,,,,,,1.0,10.0,,,,,,,,,,,,,,,,,,,,,,,,,,,,,,,0,0.0,0.0,0.0
