season,game_id,away_team_abv,away_team,home_team_abv,home_team,roof,MarkerId,MarkerUTC,MarkerLTC,play_date_time,play_type,desc,comments,IsOfficial,qtr,ClockMinutes,ClockSeconds,game_half,SourceType,EventId,SituationCode,SourceId,SourceNativeMarkerId,OfficialCode,quarter_seconds_remaining,half_seconds_remaining,game_seconds_remaining,time,posteam,LastPlaySummary,LastPlayStatus,home_team_has_pos,posteam_abv,defteam_abv,receive_2h_ko_team,VisTimeouts,HomeTimeouts,posteam_timeouts_remaining,defteam_timeouts_remaining,BallOn_Side,BallOn_YardNum,DriveNum,yardline_100,spread_line,VisScore,HomeScore,MapRoleTackler1,MapRoleKicker,MapRoleKickreturner,FootballStatus,FootballPlayResult,FootballKickRetYards,FootballSetBallOn_VisOrHome,FootballSetBallOn_YardNum,MapRoleRusher,down,ydstogo,FootballYards,Drive_Start_VisOrHome,Drive_Start_YardNum,Drive_Plays,Drive_TOP,Result,Drive_Yards,MapRolePasser,MapRoleReceiver,MapRoleTackler2,FootballTimeoutTeamId,FootballPenalty_TeamId,FootballPenalty_PlayerId,FootballPenalty_Yards,FootballPenalty_PenaltyResult,FootballPenalty_Description,FootballMainScoringPlay,FootballConvAttPts,MapRolePassDefender,MapRolePunter,FootballPuntYards,MapRolePuntreturner,FootballPuntRetYards,MapRoleInterceptor,MapRoleSacker1,FootballFumble_TeamFumbled,FootballFumble_PlayerFumbled,FootballFumble_TeamRecovered,FootballFumble_PlayerRecovered,FootballFumble_PlayerForcedFumble,MapRoleQbHitter,MapRoleSacker2,punt_attempt,pass_touchdown,rush_touchdown,field_goal_attempt,field_goal_made,touchdown
2023,FOOTBALL_XFL_2023_4_1_SA@VGS,SA,3,VGS,7,outdoors,1,1680375853.5657763,,2023-04-01 19:04:13.565776,EventStart,Game Start Marker,,True,1,15,0,Half1,MaSourceTypeOfficialScoring,FOOTBALL_XFL_2023_4_1_SA@VGS,,QBStat,10005,2302027-SA-at-VGS,900,1800,3600,15:00,3,,,0.0,SA,VGS,0.0,3,3,3,3,Home,30,1,30,0,0,0,,,,,,,,,,,,,,,,,,,,,,,,,,,,,,,,,,,,,,,,,,,,0,0.0,0.0,0.0,0.0,0.0
2023,FOOTBALL_XFL_2023_4_1_SA@VGS,SA,3,VGS,7,outdoors,4,1680375880.0,54280,2023-04-01 19:04:40.000000,EventFootballKickoff,FROM VGS 30 (15:00) 47 B. Giffen kicks from VGS 30. 6 F. Brown to SA 27 for 20 yards (80 S. Price),,True,1,15,0,Half1,MaSourceTypeOfficialScoring,FOOTBALL_XFL_2023_4_1_SA@VGS,,QBStat,1,2302027-SA-at-VGS,900,1800,3600,15:00,3,,,0.0,SA,VGS,0.0,3,3,3,3,Home,30,1,30,0,0,0,21259,20076,20203,StatusOfficial,ResultKickReturned,20.0,Visitor,27.0,,,,,,,,,,,,,,,,,,,,,,,,,,,,,,,,,,,,0,0.0,0.0,0.0,0.0,0.0
2023,FOOTBALL_XFL_2023_4_1_SA@VGS,SA,3,VGS,7,outdoors,6,1680375933.0,54333,2023-04-01 19:05:33.000000,EventFootballRush,1-10-SA 27 (14:53) 9 J. Patrick rush to SA 27 for 0 yards (25 M. Evans),,True,1,14,53,Half1,MaSourceTypeOfficialScoring,FOOTBALL_XFL_2023_4_1_SA@VGS,,QBStat,2,2302027-SA-at-VGS,893,1793,3593,14:53,3,,,0.0,SA,VGS,0.0,3,3,3,3,Visitor,27,1,73,0,0,0,20461,,,StatusOfficial,,,,,21196,1.0,10.0,0.0,Visitor,27.0,1.0,0:21, ,,,,,,,,,,,,,,,,,,,,,,,,,,,0,0.0,0.0,0.0,0.0,0.0
2023,FOOTBALL_XFL_2023_4_1_SA@VGS,SA,3,VGS,7,outdoors,198,1680375966.0,54366,2023-04-01 19:06:06.000000,EventFootballPass,"2-10-SA 27 (14:20) 13 K. Benkert pass to 82 L. Akers to SA 42 for 15 yards (28 C. Avery, 31 J. Summers)",,True,1,14,20,Half1,MaSourceTypeOfficialScoring,FOOTBALL_XFL_2023_4_1_SA@VGS,,QBStat,3,2302027-SA-at-VGS,860,1760,3560,14:20,3,,,0.0,SA,VGS,0.0,3,3,3,3,Visitor,27,1,73,0,0,0,20066,,,StatusOfficial,ResultPassComplete,,,,,2.0,10.0,15.0,Visitor,27.0,2.0,1:07, ,15.0,22290,20016,22754,,,,,,,,,,,,,,,,,,,,,,,0,0.0,0.0,0.0,0.0,0.0
2023,FOOTBALL_XFL_2023_4_1_SA@VGS,SA,3,VGS,7,outdoors,10,1680375999.0,54399,2023-04-01 19:06:39.000000,EventFootballRush,1-10-SA 42 (13:47) 31 J. Hilliman rush to SA 43 for 1 yard (9 D. Anderson),,True,1,13,47,Half1,MaSourceTypeOfficialScoring,FOOTBALL_XFL_2023_4_1_SA@VGS,,QBStat,4,2302027-SA-at-VGS,827,1727,3527,13:47,3,,,0.0,SA,VGS,0.0,3,3,3,3,Visitor,42,1,58,0,0,0,20039,,,StatusOfficial,,,,,20697,1.0,10.0,1.0,Visitor,27.0,3.0,1:39, ,16.0,,,,,,,,,,,,,,,,,,,,,,,,,,0,0.0,0.0,0.0,0.0,0.0
2023,FOOTBALL_XFL_2023_4_1_SA@VGS,SA,3,VGS,7,outdoors,12,1680376033.0,54433,2023-04-01 19:07:13.000000,EventFootballPass,"2-9-SA 43 (13:13) 13 K. Benkert pass to 82 L. Akers to SA 43 for 0 yards (26 M. Smith, 28 C. Avery)",,True,1,13,13,Half1,MaSourceTypeOfficialScoring,FOOTBALL_XFL_2023_4_1_SA@VGS,,QBStat,5,2302027-SA-at-VGS,793,1693,3493,13:13,3,,,0.0,SA,VGS,0.0,3,3,3,3,Visitor,43,1,57,0,0,0,21444,,,StatusOfficial,ResultPassComplete,,,,,2.0,9.0,0.0,Visitor,27.0,4.0,2:05, ,16.0,22290,20016,20066,,,,,,,,,,,,,,,,,,,,,,,0,0.0,0.0,0.0,0.0,0.0
2023,FOOTBALL_XFL_2023_4_1_SA@VGS,SA,3,VGS,7,outdoors,14,1680376077.0,54477,2023-04-01 19:07:57.000000,EventFootballTimeout,3-9-SA 43 (12:34) Timeout by San Antonio Brahmas at 12:34,,True,1,12,34,Half1,MaSourceTypeOfficialScoring,FOOTBALL_XFL_2023_4_1_SA@VGS,,QBStat,6,2302027-SA-at-VGS,754,1654,3454,12:34,3,,,0.0,SA,VGS,0.0,3,3,3,3,Visitor,43,1,57,0,0,0,,,,StatusOfficial,,,,,,3.0,9.0,,Visitor,27.0,4.0,2:26, ,16.0,,,,3,,,,,,,,,,,,,,,,,,,,,,0,0.0,0.0,0.0,0.0,0.0
2023,FOOTBALL_XFL_2023_4_1_SA@VGS,SA,3,VGS,7,outdoors,16,1680376149.0,54549,2023-04-01 19:09:09.000000,EventFootballPenalty,"3-9-SA 43 (12:34) PENALTY on (SA) 66 K. Levao, 5 yards",,True,1,12,34,Half1,MaSourceTypeOfficialScoring,FOOTBALL_XFL_2023_4_1_SA@VGS,,QBStat,7,2302027-SA-at-VGS,754,1654,3454,12:34,3,,,0.0,SA,VGS,0.0,2,3,2,2,Visitor,43,1,57,0,0,0,,,,StatusOfficial,,,,,,3.0,9.0,,Visitor,27.0,4.0,2:26, ,11.0,,,,,3,20948,5.0,ResultPenaltyRepeatdown,NA,,,,,,,,,,,,,,,,,0,0.0,0.0,0.0,0.0,0.0
2023,FOOTBALL_XFL_2023_4_1_SA@VGS,SA,3,VGS,7,outdoors,18,1680376210.0,54610,2023-04-01 19:10:10.000000,EventFootballPass,3-14-SA 38 (12:31) 13 K. Benkert pass to 82 L. Akers to VGS 44 for 18 yards (25 M. Evans),,True,1,12,31,Half1,MaSourceTypeOfficialScoring,FOOTBALL_XFL_2023_4_1_SA@VGS,,QBStat,8,2302027-SA-at-VGS,751,1651,3451,12:31,3,,,0.0,SA,VGS,0.0,2,3,2,2,Visitor,38,1,62,0,0,0,20461,,,StatusOfficial,ResultPassComplete,,,,,3.0,14.0,18.0,Visitor,27.0,5.0,2:50, ,29.0,22290,20016,,,,,,,,,,,,,,,,,,,,,,,,0,0.0,0.0,0.0,0.0,0.0
2023,FOOTBALL_XFL_2023_4_1_SA@VGS,SA,3,VGS,7,outdoors,20,1680376267.0,54667,2023-04-01 19:11:07.000000,EventFootballPenalty,"1-10-VGS 44 (11:51) PENALTY on (VGS) 6 K. Kennedy, 43 yards",,True,1,11,51,Half1,MaSourceTypeOfficialScoring,FOOTBALL_XFL_2023_4_1_SA@VGS,,QBStat,9,2302027-SA-at-VGS,711,1611,3411,11:51,3,,,0.0,SA,VGS,0.0,2,3,2,2,Home,44,1,44,0,0,0,,,,StatusOfficial,,,,,,1.0,10.0,,Visitor,27.0,5.0,3:09, ,72.0,,,,,7,21943,43.0,ResultPenaltyAuto1Stdown,NA,,,,,,,,,,,,,,,,,0,0.0,0.0,0.0,0.0,0.0
2023,FOOTBALL_XFL_2023_4_1_SA@VGS,SA,3,VGS,7,outdoors,22,1680376302.0,54702,2023-04-01 19:11:42.000000,EventFootballPass,"1-1-VGS 1 (11:29) 13 K. Benkert pass to 6 F. Brown for 1 yard, TOUCHDOWN",,True,1,11,29,Half1,MaSourceTypeOfficialScoring,FOOTBALL_XFL_2023_4_1_SA@VGS,,QBStat,10,2302027-SA-at-VGS,689,1589,3389,11:29,3,,,0.0,SA,VGS,0.0,2,3,2,2,Home,1,1,1,0,0,0,,,,StatusOfficial,ResultPassComplete,,,,,1.0,1.0,1.0,Visitor,27.0,6.0,3:33,TD,73.0,22290,20203,,,,,,,,ScoreTypeTd,,,,,,,,,,,,,,,,0,1.0,0.0,0.0,0.0,1.0
2023,FOOTBALL_XFL_2023_4_1_SA@VGS,SA,3,VGS,7,outdoors,24,1680376333.0,54733,2023-04-01 19:12:13.000000,EventFootballPat2PtPass,FROM VGS 5 (11:27) 13 K. Benkert 2-pt conversion pass to 18 T. Vasher NO GOOD,,True,1,11,27,Half1,MaSourceTypeOfficialScoring,FOOTBALL_XFL_2023_4_1_SA@VGS,,QBStat,11,2302027-SA-at-VGS,687,1587,3387,11:27,3,,,0.0,SA,VGS,0.0,2,3,2,2,Home,5,1,5,0,6,0,,,,StatusOfficial,ResultPassIncomplete,,,,,,,,,,,,,,22290,21898,,,,,,,,,2.0,,,,,,,,,,,,,,,0,0.0,0.0,0.0,0.0,0.0
2023,FOOTBALL_XFL_2023_4_1_SA@VGS,SA,3,VGS,7,outdoors,27,1680376567.0,54967,2023-04-01 19:16:07.000000,EventFootballKickoff,FROM SA 30 (11:27) 23 P. Romo kicks from SA 30. 4 M. Bryant to VGS 26 for 24 yards (27 T. Hanks),,True,1,11,27,Half1,MaSourceTypeOfficialScoring,FOOTBALL_XFL_2023_4_1_SA@VGS,,QBStat,12,2302027-SA-at-VGS,687,1587,3387,11:27,7,,,1.0,VGS,SA,0.0,2,3,3,3,Visitor,30,2,30,0,6,0,22534,21775,20218,StatusOfficial,ResultKickReturned,24.0,Home,26.0,,,,,,,,,,,,,,,,,,,,,,,,,,,,,,,,,,,,0,0.0,0.0,0.0,0.0,0.0
2023,FOOTBALL_XFL_2023_4_1_SA@VGS,SA,3,VGS,7,outdoors,29,1680376612.0,55012,2023-04-01 19:16:52.000000,EventFootballRush,1-10-VGS 26 (11:17) 3 J. McClendon rush to VGS 36 for 10 yards (95 K. Tongamoa),,True,1,11,17,Half1,MaSourceTypeOfficialScoring,FOOTBALL_XFL_2023_4_1_SA@VGS,,QBStat,13,2302027-SA-at-VGS,677,1577,3377,11:17,7,,,1.0,VGS,SA,0.0,2,3,3,3,Home,26,2,74,0,6,0,22778,,,StatusOfficial,,,,,21022,1.0,10.0,10.0,Home,26.0,1.0,0:24, ,10.0,,,,,,,,,,,,,,,,,,,,,,,,,,0,0.0,0.0,0.0,0.0,0.0
2023,FOOTBALL_XFL_2023_4_1_SA@VGS,SA,3,VGS,7,outdoors,31,1680376638.0,55038,2023-04-01 19:17:18.000000,EventFootballPass,1-10-VGS 36 (10:52) 3 J. McClendon pass incomplete to 86 B. Dillon Pass Defended by 95 K. Tongamoa,,True,1,10,52,Half1,MaSourceTypeOfficialScoring,FOOTBALL_XFL_2023_4_1_SA@VGS,,QBStat,14,2302027-SA-at-VGS,652,1552,3352,10:52,7,,,1.0,VGS,SA,0.0,2,3,3,3,Home,36,2,64,0,6,0,,,,StatusOfficial,ResultPassIncomplete,,,,,1.0,10.0,,Home,26.0,2.0,0:42, ,10.0,21022,20392,,,,,,,,,,22778,,,,,,,,,,,,,,0,0.0,0.0,0.0,0.0,0.0
2023,FOOTBALL_XFL_2023_4_1_SA@VGS,SA,3,VGS,7,outdoors,33,1680376677.0,55077,2023-04-01 19:17:57.000000,EventFootballRush,2-10-VGS 36 (10:19) 3 J. McClendon rush to VGS 42 for 6 yards (45 D. Scott),,True,1,10,19,Half1,MaSourceTypeOfficialScoring,FOOTBALL_XFL_2023_4_1_SA@VGS,,QBStat,15,2302027-SA-at-VGS,619,1519,3319,10:19,7,,,1.0,VGS,SA,0.0,2,3,3,3,Home,36,2,64,0,6,0,22844,,,StatusOfficial,,,,,21022,2.0,10.0,6.0,Home,26.0,3.0,1:25, ,16.0,,,,,,,,,,,,,,,,,,,,,,,,,,0,0.0,0.0,0.0,0.0,0.0
2023,FOOTBALL_XFL_2023_4_1_SA@VGS,SA,3,VGS,7,outdoors,35,1680376712.0,55112,2023-04-01 19:18:32.000000,EventFootballPass,3-4-VGS 42 (9:44) 3 J. McClendon pass to 86 B. Dillon to VGS 48 for 6 yards (5 T. Adewusi),,True,1,9,44,Half1,MaSourceTypeOfficialScoring,FOOTBALL_XFL_2023_4_1_SA@VGS,,QBStat,16,2302027-SA-at-VGS,584,1484,3284,9:44,7,,,1.0,VGS,SA,0.0,2,3,3,3,Home,42,2,58,0,6,0,20008,,,StatusOfficial,ResultPassComplete,,,,,3.0,4.0,6.0,Home,26.0,4.0,2:02, ,22.0,21022,20392,,,,,,,,,,,,,,,,,,,,,,,,0,0.0,0.0,0.0,0.0,0.0
2023,FOOTBALL_XFL_2023_4_1_SA@VGS,SA,3,VGS,7,outdoors,37,1680376748.0,55148,2023-04-01 19:19:08.000000,EventFootballPass,1-10-VGS 48 (9:10) 3 J. McClendon pass dropped by 86 B. Dillon,,True,1,9,10,Half1,MaSourceTypeOfficialScoring,FOOTBALL_XFL_2023_4_1_SA@VGS,,QBStat,17,2302027-SA-at-VGS,550,1450,3250,9:10,7,,,1.0,VGS,SA,0.0,2,3,3,3,Home,48,2,52,0,6,0,,,,StatusOfficial,ResultPassDropped,,,,,1.0,10.0,,Home,26.0,5.0,2:27, ,22.0,21022,20392,,,,,,,,,,,,,,,,,,,,,,,,0,0.0,0.0,0.0,0.0,0.0
2023,FOOTBALL_XFL_2023_4_1_SA@VGS,SA,3,VGS,7,outdoors,39,1680376782.0,55182,2023-04-01 19:19:42.000000,EventFootballPass,2-10-VGS 48 (8:38) 3 J. McClendon pass incomplete to 13 J. Badet Pass Defended by 2 T. Bonds,,True,1,8,38,Half1,MaSourceTypeOfficialScoring,FOOTBALL_XFL_2023_4_1_SA@VGS,,QBStat,18,2302027-SA-at-VGS,518,1418,3218,8:38,7,,,1.0,VGS,SA,0.0,2,3,3,3,Home,48,2,52,0,6,0,,,,StatusOfficial,ResultPassIncomplete,,,,,2.0,10.0,,Home,26.0,6.0,3:11, ,22.0,21022,20072,,,,,,,,,,20142,,,,,,,,,,,,,,0,0.0,0.0,0.0,0.0,0.0
2023,FOOTBALL_XFL_2023_4_1_SA@VGS,SA,3,VGS,7,outdoors,41,1680376815.0,55215,2023-04-01 19:20:15.000000,EventFootballPass,3-10-VGS 48 (8:10) 3 J. McClendon pass to 13 J. Badet to SA 31 for 21 yards (5 T. Adewusi),,True,1,8,10,Half1,MaSourceTypeOfficialScoring,FOOTBALL_XFL_2023_4_1_SA@VGS,,QBStat,19,2302027-SA-at-VGS,490,1390,3190,8:10,7,,,1.0,VGS,SA,0.0,2,3,3,3,Home,48,2,52,0,6,0,20008,,,StatusOfficial,ResultPassComplete,,,,,3.0,10.0,21.0,Home,26.0,7.0,3:40, ,43.0,21022,20072,,,,,,,,,,,,,,,,,,,,,,,,0,0.0,0.0,0.0,0.0,0.0
2023,FOOTBALL_XFL_2023_4_1_SA@VGS,SA,3,VGS,7,outdoors,197,1680376861.0,55261,2023-04-01 19:21:01.000000,EventFootballSack,"1-10-SA 31 (7:24) 3 J. McClendon sacked at SA 33 for -2 yards Fumbled by 3 J. McClendon,  Forced by 45 D. Scott Recovered by 77 Q. Eatmon (45 D. Scott)",,True,1,7,24,Half1,MaSourceTypeOfficialScoring,FOOTBALL_XFL_2023_4_1_SA@VGS,,QBStat,20,2302027-SA-at-VGS,444,1344,3144,7:24,7,,,1.0,VGS,SA,0.0,2,3,3,3,Visitor,31,2,31,0,6,0,,,,StatusOfficial,,,Visitor,33.0,,1.0,10.0,-2.0,Home,26.0,8.0,4:44, ,41.0,21022,,,,,,,,,,,,,,,,,22844,7,21022,7,20434,22844,,,0,0.0,0.0,0.0,0.0,0.0
2023,FOOTBALL_XFL_2023_4_1_SA@VGS,SA,3,VGS,7,outdoors,46,1680376906.0,55306,2023-04-01 19:21:46.000000,EventFootballPass,"2-12-SA 33 (6:40) 3 J. McClendon pass to 80 S. Price for 33 yards, TOUCHDOWN",,True,1,6,40,Half1,MaSourceTypeOfficialScoring,FOOTBALL_XFL_2023_4_1_SA@VGS,,QBStat,21,2302027-SA-at-VGS,400,1300,3100,6:40,7,,,1.0,VGS,SA,0.0,2,3,3,3,Visitor,33,2,33,0,6,0,,,,StatusOfficial,ResultPassComplete,,,,,2.0,12.0,33.0,Home,26.0,9.0,4:47,TD,74.0,21022,21259,,,,,,,,ScoreTypeTd,,,,,,,,,,,,,,,,0,1.0,0.0,0.0,0.0,1.0
2023,FOOTBALL_XFL_2023_4_1_SA@VGS,SA,3,VGS,7,outdoors,48,1680376928.0,55328,2023-04-01 19:22:08.000000,EventFootballPat2PtPass,FROM SA 5 (6:40) 3 J. McClendon 2-pt conversion pass to 89 C. Sutton GOOD,,True,1,6,40,Half1,MaSourceTypeOfficialScoring,FOOTBALL_XFL_2023_4_1_SA@VGS,,QBStat,22,2302027-SA-at-VGS,400,1300,3100,6:40,7,,,1.0,VGS,SA,0.0,2,3,3,3,Visitor,5,2,5,0,6,6,,,,StatusOfficial,ResultPassComplete,,,,,,,5.0,,,,,,,21022,21502,,,,,,,,ScoreTypeConv,2.0,,,,,,,,,,,,,,,0,0.0,0.0,0.0,0.0,0.0
2023,FOOTBALL_XFL_2023_4_1_SA@VGS,SA,3,VGS,7,outdoors,52,1680377177.0,55577,2023-04-01 19:26:17.000000,EventFootballKickoff,FROM VGS 30 (6:40) 47 B. Giffen kicks from VGS 30. 6 F. Brown to SA 10 for 7 yards (20 J. Johnson),,True,1,6,40,Half1,MaSourceTypeOfficialScoring,FOOTBALL_XFL_2023_4_1_SA@VGS,,QBStat,23,2302027-SA-at-VGS,400,1300,3100,6:40,3,,,0.0,SA,VGS,0.0,2,3,2,2,Home,30,3,30,0,6,8,20811,20076,20203,StatusOfficial,ResultKickReturned,7.0,Visitor,10.0,,,,,,,,,,,,,,,,,,,,,,,,,,,,,,,,,,,,0,0.0,0.0,0.0,0.0,0.0
2023,FOOTBALL_XFL_2023_4_1_SA@VGS,SA,3,VGS,7,outdoors,54,1680377218.0,55618,2023-04-01 19:26:58.000000,EventFootballRush,"1-10-SA 10 (6:29) 9 J. Patrick rush to SA 10 for 0 yards (98 C. Walker, 97 L. Stokes)",,True,1,6,29,Half1,MaSourceTypeOfficialScoring,FOOTBALL_XFL_2023_4_1_SA@VGS,,QBStat,24,2302027-SA-at-VGS,389,1289,3089,6:29,3,,,0.0,SA,VGS,0.0,2,3,2,2,Visitor,10,3,90,0,6,8,22794,,,StatusOfficial,,,,,21196,1.0,10.0,0.0,Visitor,10.0,1.0,0:22, ,,,,21966,,,,,,,,,,,,,,,,,,,,,,,0,0.0,0.0,0.0,0.0,0.0
2023,FOOTBALL_XFL_2023_4_1_SA@VGS,SA,3,VGS,7,outdoors,56,1680377295.0,55695,2023-04-01 19:28:15.000000,EventFootballPenalty,"2-10-SA 10 (5:48) PENALTY on (VGS) 23 M. Roberts, 15 yards",,True,1,5,48,Half1,MaSourceTypeOfficialScoring,FOOTBALL_XFL_2023_4_1_SA@VGS,,QBStat,25,2302027-SA-at-VGS,348,1248,3048,5:48,3,,,0.0,SA,VGS,0.0,2,3,2,2,Visitor,10,3,90,0,6,8,,,,StatusOfficial,,,,,,2.0,10.0,,Visitor,10.0,1.0,0:54, ,15.0,,,,,7,21960,15.0,ResultPenaltyAuto1Stdown,NA,,,,,,,,,,,,,,,,,0,0.0,0.0,0.0,0.0,0.0
2023,FOOTBALL_XFL_2023_4_1_SA@VGS,SA,3,VGS,7,outdoors,58,1680377406.0,55806,2023-04-01 19:30:06.000000,EventFootballTimeout,1-10-SA 25 (5:41) Timeout by Vegas Vipers at 5:41,,True,1,5,41,Half1,MaSourceTypeOfficialScoring,FOOTBALL_XFL_2023_4_1_SA@VGS,,QBStat,26,2302027-SA-at-VGS,341,1241,3041,5:41,3,,,0.0,SA,VGS,0.0,2,3,2,2,Visitor,25,3,75,0,6,8,,,,StatusOfficial,,,,,,1.0,10.0,,Visitor,10.0,1.0,0:59, ,15.0,,,,7,,,,,,,,,,,,,,,,,,,,,,0,0.0,0.0,0.0,0.0,0.0
2023,FOOTBALL_XFL_2023_4_1_SA@VGS,SA,3,VGS,7,outdoors,60,1680377443.0,55843,2023-04-01 19:30:43.000000,EventFootballRush,"1-10-SA 25 (5:39) 9 J. Patrick rush to SA 28 for 3 yards (28 C. Avery, 0 P. Taumoepenu)",,True,1,5,39,Half1,MaSourceTypeOfficialScoring,FOOTBALL_XFL_2023_4_1_SA@VGS,,QBStat,27,2302027-SA-at-VGS,339,1239,3039,5:39,3,,,0.0,SA,VGS,0.0,2,2,2,2,Visitor,25,3,75,0,6,8,20066,,,StatusOfficial,,,,,21196,1.0,10.0,3.0,Visitor,10.0,2.0,1:18, ,18.0,,,21968,,,,,,,,,,,,,,,,,,,,,,,0,0.0,0.0,0.0,0.0,0.0
2023,FOOTBALL_XFL_2023_4_1_SA@VGS,SA,3,VGS,7,outdoors,62,1680377476.0,55876,2023-04-01 19:31:16.000000,EventFootballRush,2-7-SA 28 (5:05) 9 J. Patrick rush to SA 31 for 3 yards (28 C. Avery),,True,1,5,5,Half1,MaSourceTypeOfficialScoring,FOOTBALL_XFL_2023_4_1_SA@VGS,,QBStat,28,2302027-SA-at-VGS,305,1205,3005,5:05,3,,,0.0,SA,VGS,0.0,2,2,2,2,Visitor,28,3,72,0,6,8,20066,,,StatusOfficial,,,,,21196,2.0,7.0,3.0,Visitor,10.0,3.0,1:45, ,21.0,,,,,,,,,,,,,,,,,,,,,,,,,,0,0.0,0.0,0.0,0.0,0.0
2023,FOOTBALL_XFL_2023_4_1_SA@VGS,SA,3,VGS,7,outdoors,64,1680377531.0,55931,2023-04-01 19:32:11.000000,EventFootballPenalty,"3-4-SA 31 (4:31) PENALTY on San Antonio Brahmas, 5 yards",,True,1,4,31,Half1,MaSourceTypeOfficialScoring,FOOTBALL_XFL_2023_4_1_SA@VGS,,QBStat,29,2302027-SA-at-VGS,271,1171,2971,4:31,3,,,0.0,SA,VGS,0.0,2,2,2,2,Visitor,31,3,69,0,6,8,,,,StatusOfficial,,,,,,3.0,4.0,,Visitor,10.0,3.0,2:09, ,16.0,,,,,3,TM,5.0,ResultPenaltyRepeatdown,NA,,,,,,,,,,,,,,,,,0,0.0,0.0,0.0,0.0,0.0
2023,FOOTBALL_XFL_2023_4_1_SA@VGS,SA,3,VGS,7,outdoors,66,1680377573.0,55973,2023-04-01 19:32:53.000000,EventFootballPass,3-9-SA 26 (4:11) 4 J. Pass pass incomplete to 6 F. Brown Pass Defended by 0 P. Taumoepenu,,True,1,4,11,Half1,MaSourceTypeOfficialScoring,FOOTBALL_XFL_2023_4_1_SA@VGS,,QBStat,30,2302027-SA-at-VGS,251,1151,2951,4:11,3,,,0.0,SA,VGS,0.0,2,2,2,2,Visitor,26,3,74,0,6,8,,,,StatusOfficial,ResultPassIncomplete,,,,,3.0,9.0,,Visitor,10.0,4.0,2:41, ,16.0,21194,20203,,,,,,,,,,21968,,,,,,,,,,,,,,0,0.0,0.0,0.0,0.0,0.0
2023,FOOTBALL_XFL_2023_4_1_SA@VGS,SA,3,VGS,7,outdoors,68,1680377606.0,56006,2023-04-01 19:33:26.000000,EventFootballPunt,"4-9-SA 26 (3:42) 0 B. Wing punts 36 yards, downed at VGS 38",,True,1,3,42,Half1,MaSourceTypeOfficialScoring,FOOTBALL_XFL_2023_4_1_SA@VGS,,QBStat,31,2302027-SA-at-VGS,222,1122,2922,3:42,3,,,0.0,SA,VGS,0.0,2,2,2,2,Visitor,26,3,74,0,6,8,,,,StatusOfficial,ResultKickDowned,,Home,38.0,,4.0,9.0,,Visitor,10.0,4.0,2:58,PUNT,16.0,,,,,,,,,,,,,21706,36.0,,,,,,,,,,,,1,0.0,0.0,0.0,0.0,0.0
2023,FOOTBALL_XFL_2023_4_1_SA@VGS,SA,3,VGS,7,outdoors,70,1680377650.0,56050,2023-04-01 19:34:10.000000,EventFootballRush,1-10-VGS 38 (3:40) 15 R. Smith rush to VGS 41 for 3 yards (90 M. Gotel),,True,1,3,40,Half1,MaSourceTypeOfficialScoring,FOOTBALL_XFL_2023_4_1_SA@VGS,,QBStat,32,2302027-SA-at-VGS,220,1120,2920,3:40,7,,,1.0,VGS,SA,0.0,2,2,2,2,Home,38,4,62,0,6,8,20567,,,StatusOfficial,,,,,21447,1.0,10.0,3.0,Home,38.0,1.0,0:30, ,3.0,,,,,,,,,,,,,,,,,,,,,,,,,,0,0.0,0.0,0.0,0.0,0.0
2023,FOOTBALL_XFL_2023_4_1_SA@VGS,SA,3,VGS,7,outdoors,72,1680377685.0,56085,2023-04-01 19:34:45.000000,EventFootballRush,2-7-VGS 41 (3:04) 15 R. Smith rush to Midfield for 9 yards (21 S. Williams),,True,1,3,4,Half1,MaSourceTypeOfficialScoring,FOOTBALL_XFL_2023_4_1_SA@VGS,,QBStat,33,2302027-SA-at-VGS,184,1084,2884,3:04,7,,,1.0,VGS,SA,0.0,2,2,2,2,Home,41,4,59,0,6,8,22819,,,StatusOfficial,,,,,21447,2.0,7.0,9.0,Home,38.0,2.0,0:45, ,12.0,,,,,,,,,,,,,,,,,,,,,,,,,,0,0.0,0.0,0.0,0.0,0.0
2023,FOOTBALL_XFL_2023_4_1_SA@VGS,SA,3,VGS,7,outdoors,74,1680377716.0,56116,2023-04-01 19:35:16.000000,EventFootballRush,"1-10-Midfield (2:34) 15 R. Smith rush to SA 49 for 1 yard (90 M. Gotel, 15 J. Williams)",,True,1,2,34,Half1,MaSourceTypeOfficialScoring,FOOTBALL_XFL_2023_4_1_SA@VGS,,QBStat,34,2302027-SA-at-VGS,154,1054,2854,2:34,7,,,1.0,VGS,SA,0.0,2,2,2,2,Home,50,4,50,0,6,8,20567,,,StatusOfficial,,,,,21447,1.0,10.0,1.0,Home,38.0,3.0,1:30, ,13.0,,,21974,,,,,,,,,,,,,,,,,,,,,,,0,0.0,0.0,0.0,0.0,0.0
2023,FOOTBALL_XFL_2023_4_1_SA@VGS,SA,3,VGS,7,outdoors,76,1680377755.0,56155,2023-04-01 19:35:55.000000,EventFootballRush,2-9-SA 49 (1:55) 8 J. Lovett rush to SA 48 for 1 yard (45 D. Scott),,True,1,1,55,Half1,MaSourceTypeOfficialScoring,FOOTBALL_XFL_2023_4_1_SA@VGS,,QBStat,35,2302027-SA-at-VGS,115,1015,2815,1:55,7,,,1.0,VGS,SA,0.0,2,2,2,2,Visitor,49,4,49,0,6,8,22844,,,StatusOfficial,,,,,21872,2.0,9.0,1.0,Home,38.0,4.0,1:59, ,14.0,,,,,,,,,,,,,,,,,,,,,,,,,,0,0.0,0.0,0.0,0.0,0.0
2023,FOOTBALL_XFL_2023_4_1_SA@VGS,SA,3,VGS,7,outdoors,79,1680377787.0,56187,2023-04-01 19:36:27.000000,EventFootballPass,3-8-SA 48 (1:23) 3 J. McClendon pass to 13 J. Badet to SA 38 for 10 yards (22 R. Texada),,True,1,1,23,Half1,MaSourceTypeOfficialScoring,FOOTBALL_XFL_2023_4_1_SA@VGS,,QBStat,36,2302027-SA-at-VGS,83,983,2783,1:23,7,,,1.0,VGS,SA,0.0,2,2,2,2,Visitor,48,4,48,0,6,8,22376,,,StatusOfficial,ResultPassComplete,,,,,3.0,8.0,10.0,Home,38.0,5.0,2:42, ,24.0,21022,20072,,,,,,,,,,,,,,,,,,,,,,,,0,0.0,0.0,0.0,0.0,0.0
2023,FOOTBALL_XFL_2023_4_1_SA@VGS,SA,3,VGS,7,outdoors,81,1680377823.0,56223,2023-04-01 19:37:03.000000,EventFootballRush,1-10-SA 38 (0:51) 8 J. Lovett rush to SA 35 for 3 yards (3 B. Davis),,True,1,0,51,Half1,MaSourceTypeOfficialScoring,FOOTBALL_XFL_2023_4_1_SA@VGS,,QBStat,37,2302027-SA-at-VGS,51,951,2751,0:51,7,,,1.0,VGS,SA,0.0,2,2,2,2,Visitor,38,4,38,0,6,8,20362,,,StatusOfficial,,,,,21872,1.0,10.0,3.0,Home,38.0,6.0,3:03, ,27.0,,,,,,,,,,,,,,,,,,,,,,,,,,0,0.0,0.0,0.0,0.0,0.0
2023,FOOTBALL_XFL_2023_4_1_SA@VGS,SA,3,VGS,7,outdoors,83,1680377863.0,56263,2023-04-01 19:37:43.000000,EventFootballPass,2-7-SA 35 (0:11) 3 J. McClendon pass incomplete to 14 C. Sweeting,,True,1,0,11,Half1,MaSourceTypeOfficialScoring,FOOTBALL_XFL_2023_4_1_SA@VGS,,QBStat,38,2302027-SA-at-VGS,11,911,2711,0:11,7,,,1.0,VGS,SA,0.0,2,2,2,2,Visitor,35,4,35,0,6,8,,,,StatusOfficial,ResultPassIncomplete,,,,,2.0,7.0,,Home,38.0,7.0,3:31, ,27.0,21022,21507,,,,,,,,,,,,,,,,,,,,,,,,0,0.0,0.0,0.0,0.0,0.0
2023,FOOTBALL_XFL_2023_4_1_SA@VGS,SA,3,VGS,7,outdoors,86,1680378088.0,56488,2023-04-01 19:41:28.000000,EventFootballPass,"3-7-SA 35 (14:56) 3 J. McClendon pass to 10 M. Sexton to SA 18 for 17 yards (8 K. Kelly, 22 R. Texada)",,True,2,14,56,Half1,MaSourceTypeOfficialScoring,FOOTBALL_XFL_2023_4_1_SA@VGS,,QBStat,39,2302027-SA-at-VGS,896,896,2696,14:56,7,,,1.0,VGS,SA,0.0,2,2,2,2,Visitor,35,4,35,0,6,8,22884,,,StatusOfficial,ResultPassComplete,,,,,3.0,7.0,17.0,Home,38.0,8.0,4:08, ,44.0,21022,21882,22376,,,,,,,,,,,,,,,,,,,,,,,0,0.0,0.0,0.0,0.0,0.0
2023,FOOTBALL_XFL_2023_4_1_SA@VGS,SA,3,VGS,7,outdoors,88,1680378125.0,56525,2023-04-01 19:42:05.000000,EventFootballRush,1-10-SA 18 (14:18) 8 J. Lovett rush to SA 14 for 4 yards (44 M. Scott),,True,2,14,18,Half1,MaSourceTypeOfficialScoring,FOOTBALL_XFL_2023_4_1_SA@VGS,,QBStat,40,2302027-SA-at-VGS,858,858,2658,14:18,7,,,1.0,VGS,SA,0.0,2,2,2,2,Visitor,18,4,18,0,6,8,22726,,,StatusOfficial,,,,,21872,1.0,10.0,4.0,Home,38.0,9.0,4:38, ,48.0,,,,,,,,,,,,,,,,,,,,,,,,,,0,0.0,0.0,0.0,0.0,0.0
2023,FOOTBALL_XFL_2023_4_1_SA@VGS,SA,3,VGS,7,outdoors,93,1680378160.0,56560,2023-04-01 19:42:40.000000,EventFootballPenalty,"2-6-SA 14 (13:44) PENALTY on (VGS) 71 I. Williams, 5 yards",,True,2,13,44,Half1,MaSourceTypeOfficialScoring,FOOTBALL_XFL_2023_4_1_SA@VGS,,QBStat,41,2302027-SA-at-VGS,824,824,2624,13:44,7,,,1.0,VGS,SA,0.0,2,2,2,2,Visitor,14,4,14,0,6,8,,,,StatusOfficial,,,,,,2.0,6.0,,Home,38.0,10.0,5:14, ,56.0,,,,,7,21674,5.0,ResultPenaltyRepeatdown,NA,,,,,,,,,,,,,,,,,0,0.0,0.0,0.0,0.0,0.0
2023,FOOTBALL_XFL_2023_4_1_SA@VGS,SA,3,VGS,7,outdoors,96,1680378410.0,56810,2023-04-01 19:46:50.000000,EventFootballPenalty,"2-11-SA 19 (13:03) PENALTY on (VGS) 77 Q. Eatmon, 5 yards",,True,2,13,3,Half1,MaSourceTypeOfficialScoring,FOOTBALL_XFL_2023_4_1_SA@VGS,,QBStat,42,2302027-SA-at-VGS,783,783,2583,13:03,7,,,1.0,VGS,SA,0.0,2,2,2,2,Visitor,19,4,19,0,6,8,,,,StatusOfficial,,,,,,2.0,11.0,,Home,38.0,9.0,5:38, ,38.0,,,,,7,20434,5.0,ResultPenaltyRepeatdown,NA,,,,,,,,,,,,,,,,,0,0.0,0.0,0.0,0.0,0.0
2023,FOOTBALL_XFL_2023_4_1_SA@VGS,SA,3,VGS,7,outdoors,196,1680378465.0,56865,2023-04-01 19:47:45.000000,EventFootballPass,"2-16-SA 24 (12:37) 3 J. McClendon pass to 10 M. Sexton to SA 15 for 9 yards (15 J. Williams, 22 R. Texada)",,True,2,12,37,Half1,MaSourceTypeOfficialScoring,FOOTBALL_XFL_2023_4_1_SA@VGS,,QBStat,43,2302027-SA-at-VGS,757,757,2557,12:37,7,,,1.0,VGS,SA,0.0,2,2,2,2,Visitor,24,4,24,0,6,8,21974,,,StatusOfficial,ResultPassComplete,,,,,2.0,16.0,9.0,Home,38.0,10.0,6:42, ,47.0,21022,21882,22376,,,,,,,,,,,,,,,,,,,,,,,0,0.0,0.0,0.0,0.0,0.0
2023,FOOTBALL_XFL_2023_4_1_SA@VGS,SA,3,VGS,7,outdoors,105,1680378509.0,56909,2023-04-01 19:48:29.000000,EventFootballPass,3-7-SA 15 (11:55) 3 J. McClendon pass incomplete to 89 C. Sutton Pass Defended by 95 K. Tongamoa,,True,2,11,55,Half1,MaSourceTypeOfficialScoring,FOOTBALL_XFL_2023_4_1_SA@VGS,,QBStat,44,2302027-SA-at-VGS,715,715,2515,11:55,7,,,1.0,VGS,SA,0.0,2,2,2,2,Visitor,15,4,15,0,6,8,,,,StatusOfficial,ResultPassIncomplete,,,,,3.0,7.0,,Home,38.0,11.0,7:13, ,47.0,21022,21502,,,,,,,,,,22778,,,,,,,,,,,,,,0,0.0,0.0,0.0,0.0,0.0
2023,FOOTBALL_XFL_2023_4_1_SA@VGS,SA,3,VGS,7,outdoors,102,1680378558.0,56958,2023-04-01 19:49:18.000000,EventFootballPenalty,"4-7-SA 15 (11:28) PENALTY on Vegas Vipers, 5 yards",,True,2,11,28,Half1,MaSourceTypeOfficialScoring,FOOTBALL_XFL_2023_4_1_SA@VGS,,QBStat,45,2302027-SA-at-VGS,688,688,2488,11:28,7,,,1.0,VGS,SA,0.0,2,2,2,2,Visitor,15,4,15,0,6,8,,,,StatusOfficial,,,,,,4.0,7.0,,Home,38.0,11.0,7:13, ,42.0,,,,,7,TM,5.0,ResultPenaltyRepeatdown,NA,,,,,,,,,,,,,,,,,0,0.0,0.0,0.0,0.0,0.0
2023,FOOTBALL_XFL_2023_4_1_SA@VGS,SA,3,VGS,7,outdoors,104,1680378590.0,56990,2023-04-01 19:49:50.000000,EventFootballFg,4-12-SA 20 (11:11) 47 B. Giffen 39 yard field goal is GOOD,,True,2,11,11,Half1,MaSourceTypeOfficialScoring,FOOTBALL_XFL_2023_4_1_SA@VGS,,QBStat,46,2302027-SA-at-VGS,671,671,2471,11:11,7,,,1.0,VGS,SA,0.0,2,2,2,2,Visitor,20,4,20,0,6,8,,21499,,StatusOfficial,ResultKickMade,,,,,4.0,12.0,39.0,Home,38.0,12.0,7:31,FG,42.0,,,,,,,,,,ScoreTypeFg,,,,,,,,,,,,,,,,0,0.0,0.0,1.0,1.0,0.0
2023,FOOTBALL_XFL_2023_4_1_SA@VGS,SA,3,VGS,7,outdoors,109,1680378790.0,57190,2023-04-01 19:53:10.000000,EventFootballKickoff,"FROM VGS 30 (11:11) 47 B. Giffen kicks from VGS 30. 6 F. Brown for 96 yards, TOUCHDOWN",,True,2,11,11,Half1,MaSourceTypeOfficialScoring,FOOTBALL_XFL_2023_4_1_SA@VGS,,QBStat,47,2302027-SA-at-VGS,671,671,2471,11:11,3,,,0.0,SA,VGS,0.0,2,2,2,2,Home,30,5,30,0,6,11,,20076,20203,StatusOfficial,ResultKickReturned,96.0,Home,5.0,,,,,,,,,,,,,,,,,,,,ScoreTypeTd,,,,,,,,,,,,,,,,0,0.0,0.0,0.0,0.0,0.0
2023,FOOTBALL_XFL_2023_4_1_SA@VGS,SA,3,VGS,7,outdoors,112,1680378843.0,57243,2023-04-01 19:54:03.000000,EventFootballPat2PtPass,FROM VGS 5 (10:57) 13 K. Benkert 2-pt conversion pass to 18 T. Vasher NO GOOD,,True,2,10,57,Half1,MaSourceTypeOfficialScoring,FOOTBALL_XFL_2023_4_1_SA@VGS,,QBStat,48,2302027-SA-at-VGS,657,657,2457,10:57,3,,,0.0,SA,VGS,0.0,2,2,2,2,Home,5,5,5,0,12,11,,,,StatusOfficial,ResultPassIncomplete,,,,,,,,,,,,,,22290,21898,,,,,,,,,2.0,,,,,,,,,,,,,,,0,0.0,0.0,0.0,0.0,0.0
2023,FOOTBALL_XFL_2023_4_1_SA@VGS,SA,3,VGS,7,outdoors,114,1680378939.0,57339,2023-04-01 19:55:39.000000,EventFootballKickoff,FROM SA 30 (10:57) 23 P. Romo kicks from SA 30. 14 C. Sweeting to VGS 32 for 27 yards (23 P. Romo),,True,2,10,57,Half1,MaSourceTypeOfficialScoring,FOOTBALL_XFL_2023_4_1_SA@VGS,,QBStat,49,2302027-SA-at-VGS,657,657,2457,10:57,7,,,1.0,VGS,SA,0.0,2,2,2,2,Visitor,30,6,30,0,12,11,21775,21775,21507,StatusOfficial,ResultKickReturned,27.0,Home,32.0,,,,,,,,,,,,,,,,,,,,,,,,,,,,,,,,,,,,0,0.0,0.0,0.0,0.0,0.0
2023,FOOTBALL_XFL_2023_4_1_SA@VGS,SA,3,VGS,7,outdoors,119,1680378991.0,57391,2023-04-01 19:56:31.000000,EventFootballPass,"1-10-VGS 32 (10:47) 3 J. McClendon pass to 19 G. Allison to SA 44 for 24 yards (15 J. Williams, 1 L. Barcoo)",,True,2,10,47,Half1,MaSourceTypeOfficialScoring,FOOTBALL_XFL_2023_4_1_SA@VGS,,QBStat,50,2302027-SA-at-VGS,647,647,2447,10:47,7,,,1.0,VGS,SA,0.0,2,2,2,2,Home,32,6,68,0,12,11,21974,,,StatusOfficial,ResultPassComplete,,,,,1.0,10.0,24.0,Home,32.0,1.0,0:30, ,24.0,21022,22325,20087,,,,,,,,,,,,,,,,,,,,,,,0,0.0,0.0,0.0,0.0,0.0
2023,FOOTBALL_XFL_2023_4_1_SA@VGS,SA,3,VGS,7,outdoors,118,1680379026.0,57426,2023-04-01 19:57:06.000000,EventFootballRush,1-10-SA 44 (10:13) 18 B. Burt rush to SA 44 for 0 yards (91 J. Edwards),,True,2,10,13,Half1,MaSourceTypeOfficialScoring,FOOTBALL_XFL_2023_4_1_SA@VGS,,QBStat,51,2302027-SA-at-VGS,613,613,2413,10:13,7,,,1.0,VGS,SA,0.0,2,2,2,2,Visitor,44,6,44,0,12,11,20440,,,StatusOfficial,,,,,20232,1.0,10.0,0.0,Home,32.0,2.0,0:56, ,24.0,,,,,,,,,,,,,,,,,,,,,,,,,,0,0.0,0.0,0.0,0.0,0.0
2023,FOOTBALL_XFL_2023_4_1_SA@VGS,SA,3,VGS,7,outdoors,121,1680379256.0,57656,2023-04-01 20:00:56.000000,EventFootballPass,2-10-SA 44 (9:47) 3 J. McClendon pass incomplete to 4 M. Bryant,,True,2,9,47,Half1,MaSourceTypeOfficialScoring,FOOTBALL_XFL_2023_4_1_SA@VGS,,QBStat,52,2302027-SA-at-VGS,587,587,2387,9:47,7,,,1.0,VGS,SA,0.0,2,2,2,2,Visitor,44,6,44,0,12,11,,,,StatusOfficial,ResultPassIncomplete,,,,,2.0,10.0,,Home,32.0,3.0,1:18, ,24.0,21022,20218,,,,,,,,,,,,,,,,,,,,,,,,0,0.0,0.0,0.0,0.0,0.0
2023,FOOTBALL_XFL_2023_4_1_SA@VGS,SA,3,VGS,7,outdoors,123,1680379306.0,57706,2023-04-01 20:01:46.000000,EventFootballTimeout,3-10-SA 44 (9:15) Timeout by Vegas Vipers at 9:15,,True,2,9,15,Half1,MaSourceTypeOfficialScoring,FOOTBALL_XFL_2023_4_1_SA@VGS,,QBStat,53,2302027-SA-at-VGS,555,555,2355,9:15,7,,,1.0,VGS,SA,0.0,2,2,2,2,Visitor,44,6,44,0,12,11,,,,StatusOfficial,,,,,,3.0,10.0,,Home,32.0,3.0,1:42, ,24.0,,,,7,,,,,,,,,,,,,,,,,,,,,,0,0.0,0.0,0.0,0.0,0.0
2023,FOOTBALL_XFL_2023_4_1_SA@VGS,SA,3,VGS,7,outdoors,125,1680379357.0,57757,2023-04-01 20:02:37.000000,EventFootballPass,"3-10-SA 44 (9:12) 3 J. McClendon pass to 10 M. Sexton to SA 19 for 25 yards (22 R. Texada, 2 T. Bonds)",,True,2,9,12,Half1,MaSourceTypeOfficialScoring,FOOTBALL_XFL_2023_4_1_SA@VGS,,QBStat,54,2302027-SA-at-VGS,552,552,2352,9:12,7,,,1.0,VGS,SA,0.0,2,1,1,1,Visitor,44,6,44,0,12,11,22376,,,StatusOfficial,ResultPassComplete,,,,,3.0,10.0,25.0,Home,32.0,4.0,2:10, ,49.0,21022,21882,20142,,,,,,,,,,,,,,,,,,,,,,,0,0.0,0.0,0.0,0.0,0.0
2023,FOOTBALL_XFL_2023_4_1_SA@VGS,SA,3,VGS,7,outdoors,127,1680379401.0,57801,2023-04-01 20:03:21.000000,EventFootballRush,1-10-SA 19 (8:33) 14 C. Sweeting rush to SA 16 for 3 yards (95 K. Tongamoa),,True,2,8,33,Half1,MaSourceTypeOfficialScoring,FOOTBALL_XFL_2023_4_1_SA@VGS,,QBStat,55,2302027-SA-at-VGS,513,513,2313,8:33,7,,,1.0,VGS,SA,0.0,2,1,1,1,Visitor,19,6,19,0,12,11,22778,,,StatusOfficial,,,,,21507,1.0,10.0,3.0,Home,32.0,5.0,2:34, ,52.0,,,,,,,,,,,,,,,,,,,,,,,,,,0,0.0,0.0,0.0,0.0,0.0
2023,FOOTBALL_XFL_2023_4_1_SA@VGS,SA,3,VGS,7,outdoors,129,1680379440.0,57840,2023-04-01 20:04:00.000000,EventFootballPass,2-7-SA 16 (7:53) 3 J. McClendon pass to 89 C. Sutton to SA 17 for -1 yards (45 D. Scott),,True,2,7,53,Half1,MaSourceTypeOfficialScoring,FOOTBALL_XFL_2023_4_1_SA@VGS,,QBStat,56,2302027-SA-at-VGS,473,473,2273,7:53,7,,,1.0,VGS,SA,0.0,2,1,1,1,Visitor,16,6,16,0,12,11,22844,,,StatusOfficial,ResultPassComplete,,,,,2.0,7.0,-1.0,Home,32.0,6.0,3:22, ,51.0,21022,21502,,,,,,,,,,,,,,,,,,,,,,,,0,0.0,0.0,0.0,0.0,0.0
2023,FOOTBALL_XFL_2023_4_1_SA@VGS,SA,3,VGS,7,outdoors,131,1680379484.0,57884,2023-04-01 20:04:44.000000,EventFootballPass,"3-8-SA 17 (7:09) 3 J. McClendon pass to 15 R. Smith for 17 yards, TOUCHDOWN",,True,2,7,9,Half1,MaSourceTypeOfficialScoring,FOOTBALL_XFL_2023_4_1_SA@VGS,,QBStat,57,2302027-SA-at-VGS,429,429,2229,7:09,7,,,1.0,VGS,SA,0.0,2,1,1,1,Visitor,17,6,17,0,12,11,,,,StatusOfficial,ResultPassComplete,,,,,3.0,8.0,17.0,Home,32.0,7.0,3:52,TD,68.0,21022,21447,,,,,,,,ScoreTypeTd,,,,,,,,,,,,,,,,0,1.0,0.0,0.0,0.0,1.0
2023,FOOTBALL_XFL_2023_4_1_SA@VGS,SA,3,VGS,7,outdoors,133,1680379580.0,57980,2023-04-01 20:06:20.000000,EventFootballPenalty,"FROM SA 5 (7:05) PENALTY on (SA) 3 B. Davis, 3 yards",,True,2,7,5,Half1,MaSourceTypeOfficialScoring,FOOTBALL_XFL_2023_4_1_SA@VGS,,QBStat,58,2302027-SA-at-VGS,425,425,2225,7:05,7,,,1.0,VGS,SA,0.0,2,1,1,1,Visitor,5,6,5,0,12,17,,,,StatusOfficial,,,,,,,,,Home,32.0,7.0,3:52,TD,66.0,,,,,3,20362,3.0,ResultPenaltyOnkickoffpat,NA,,,,,,,,,,,,,,,,,0,0.0,0.0,0.0,0.0,0.0
2023,FOOTBALL_XFL_2023_4_1_SA@VGS,SA,3,VGS,7,outdoors,135,1680379593.0,57993,2023-04-01 20:06:33.000000,EventFootballPat2PtPass,1-2-SA 2 (7:05) 3 J. McClendon 2-pt conversion pass to 80 S. Price GOOD,,True,2,7,5,Half1,MaSourceTypeOfficialScoring,FOOTBALL_XFL_2023_4_1_SA@VGS,,QBStat,59,2302027-SA-at-VGS,425,425,2225,7:05,7,,,1.0,VGS,SA,0.0,2,1,1,1,Visitor,2,6,2,0,12,17,,,,StatusOfficial,ResultPassComplete,,,,,1.0,2.0,2.0,,,,,,,21022,21259,,,,,,,,ScoreTypeConv,2.0,,,,,,,,,,,,,,,0,0.0,0.0,0.0,0.0,0.0
2023,FOOTBALL_XFL_2023_4_1_SA@VGS,SA,3,VGS,7,outdoors,137,1680379684.0,58084,2023-04-01 20:08:04.000000,EventFootballKickoff,FROM VGS 30 (7:02) 47 B. Giffen kicks from VGS 30. 6 F. Brown to SA 12 for 0 yards (23 M. Roberts),,True,2,7,2,Half1,MaSourceTypeOfficialScoring,FOOTBALL_XFL_2023_4_1_SA@VGS,,QBStat,60,2302027-SA-at-VGS,422,422,2222,7:02,3,,,0.0,SA,VGS,0.0,2,1,2,2,Home,30,7,30,0,12,19,21960,20076,20203,StatusOfficial,ResultKickReturned,0.0,Visitor,12.0,,,,,,,,,,,,,,,,,,,,,,,,,,,,,,,,,,,,0,0.0,0.0,0.0,0.0,0.0
2023,FOOTBALL_XFL_2023_4_1_SA@VGS,SA,3,VGS,7,outdoors,141,1680379727.0,58127,2023-04-01 20:08:47.000000,EventFootballPass,1-10-SA 12 (6:55) 13 K. Benkert pass to 31 J. Hilliman to SA 15 for 3 yards (48 D. Calhoun),,True,2,6,55,Half1,MaSourceTypeOfficialScoring,FOOTBALL_XFL_2023_4_1_SA@VGS,,QBStat,61,2302027-SA-at-VGS,415,415,2215,6:55,3,,,0.0,SA,VGS,0.0,2,1,2,2,Visitor,12,7,88,0,12,19,21744,,,StatusOfficial,ResultPassComplete,,,,,1.0,10.0,3.0,Visitor,12.0,1.0,1:15, ,3.0,22290,20697,,,,,,,,,,,,,,,,,,,,,,,,0,0.0,0.0,0.0,0.0,0.0
2023,FOOTBALL_XFL_2023_4_1_SA@VGS,SA,3,VGS,7,outdoors,143,1680379794.0,58194,2023-04-01 20:09:54.000000,EventFootballRush,2-7-SA 15 (5:48) 31 J. Hilliman rush to SA 17 for 2 yards (0 P. Taumoepenu),,True,2,5,48,Half1,MaSourceTypeOfficialScoring,FOOTBALL_XFL_2023_4_1_SA@VGS,,QBStat,62,2302027-SA-at-VGS,348,348,2148,5:48,3,,,0.0,SA,VGS,0.0,2,1,2,2,Visitor,15,7,85,0,12,19,21968,,,StatusOfficial,,,,,20697,2.0,7.0,2.0,Visitor,12.0,2.0,1:28, ,5.0,,,,,,,,,,,,,,,,,,,,,,,,,,0,0.0,0.0,0.0,0.0,0.0
2023,FOOTBALL_XFL_2023_4_1_SA@VGS,SA,3,VGS,7,outdoors,145,1680379808.0,58208,2023-04-01 20:10:08.000000,EventFootballPass,3-5-SA 17 (5:37) 13 K. Benkert pass to 31 J. Hilliman to SA 19 for 2 yards (31 J. Summers),,True,2,5,37,Half1,MaSourceTypeOfficialScoring,FOOTBALL_XFL_2023_4_1_SA@VGS,,QBStat,63,2302027-SA-at-VGS,337,337,2137,5:37,3,,,0.0,SA,VGS,0.0,2,1,2,2,Visitor,17,7,83,0,12,19,22754,,,StatusOfficial,ResultPassComplete,,,,,3.0,5.0,2.0,Visitor,12.0,3.0,1:44, ,7.0,22290,20697,,,,,,,,,,,,,,,,,,,,,,,,0,0.0,0.0,0.0,0.0,0.0
2023,FOOTBALL_XFL_2023_4_1_SA@VGS,SA,3,VGS,7,outdoors,147,1680379846.0,58246,2023-04-01 20:10:46.000000,EventFootballPunt,"4-3-SA 19 (5:01) 0 B. Wing punts 56 yards from SA 19 to VGS 25. 10 M. Sexton to VGS 37 for 12 yards (28 J. Koerner, 27 T. Hanks)",,True,2,5,1,Half1,MaSourceTypeOfficialScoring,FOOTBALL_XFL_2023_4_1_SA@VGS,,QBStat,64,2302027-SA-at-VGS,301,301,2101,5:01,3,,,0.0,SA,VGS,0.0,2,1,2,2,Visitor,19,7,81,0,12,19,20901,,,StatusOfficial,ResultKickReturned,,Home,37.0,,4.0,3.0,,Visitor,12.0,3.0,2:04,PUNT,7.0,,,22534,,,,,,,,,,21706,56.0,21882,12.0,,,,,,,,,,1,0.0,0.0,0.0,0.0,0.0
2023,FOOTBALL_XFL_2023_4_1_SA@VGS,SA,3,VGS,7,outdoors,149,1680379898.0,58298,2023-04-01 20:11:38.000000,EventFootballPass,1-10-VGS 37 (4:49) 3 J. McClendon pass to 15 R. Smith to VGS 33 for -4 yards (1 L. Barcoo),,True,2,4,49,Half1,MaSourceTypeOfficialScoring,FOOTBALL_XFL_2023_4_1_SA@VGS,,QBStat,65,2302027-SA-at-VGS,289,289,2089,4:49,7,,,1.0,VGS,SA,0.0,2,1,1,1,Home,37,8,63,0,12,19,20087,,,StatusOfficial,ResultPassComplete,,,,,1.0,10.0,-4.0,Home,37.0,1.0,0:18, ,-4.0,21022,21447,,,,,,,,,,,,,,,,,,,,,,,,0,0.0,0.0,0.0,0.0,0.0
2023,FOOTBALL_XFL_2023_4_1_SA@VGS,SA,3,VGS,7,outdoors,151,1680379932.0,58332,2023-04-01 20:12:12.000000,EventFootballRush,"2-14-VGS 33 (4:14) 8 J. Lovett rush to VGS 36 for 3 yards (21 S. Williams, 91 J. Edwards) PENALTY on (VGS) 19 G. Allison, 15 yards",,True,2,4,14,Half1,MaSourceTypeOfficialScoring,FOOTBALL_XFL_2023_4_1_SA@VGS,,QBStat,66,2302027-SA-at-VGS,254,254,2054,4:14,7,,,1.0,VGS,SA,0.0,2,1,1,1,Home,33,8,67,0,12,19,22819,,,StatusOfficial,,,,,21872,2.0,14.0,3.0,Home,37.0,2.0,0:50, ,-16.0,,,20440,,7,22325,15.0,ResultPenaltyLossdown,NA,,,,,,,,,,,,,,,,,0,0.0,0.0,0.0,0.0,0.0
2023,FOOTBALL_XFL_2023_4_1_SA@VGS,SA,3,VGS,7,outdoors,199,1680380038.0,58438,2023-04-01 20:13:58.000000,EventFootballPass,"3-26-VGS 21 (3:53) 3 J. McClendon pass to 80 S. Price to VGS 33 for 12 yards (15 J. Williams, 21 S. Williams)",,True,2,3,53,Half1,MaSourceTypeOfficialScoring,FOOTBALL_XFL_2023_4_1_SA@VGS,,QBStat,67,2302027-SA-at-VGS,233,233,2033,3:53,7,,,1.0,VGS,SA,0.0,2,1,1,1,Home,21,8,79,0,12,19,21974,,,StatusOfficial,ResultPassComplete,,,,,3.0,26.0,12.0,Home,37.0,3.0,1:18, ,-4.0,21022,21259,22819,,,,,,,,,,,,,,,,,,,,,,,0,0.0,0.0,0.0,0.0,0.0
2023,FOOTBALL_XFL_2023_4_1_SA@VGS,SA,3,VGS,7,outdoors,155,1680380087.0,58487,2023-04-01 20:14:47.000000,EventFootballPunt,4-14-VGS 33 (3:04) 17 M. Carrizosa punts 42 yards from VGS 33 to SA 25. 2 T. Bonds to SA 37 for 12 yards (24 W. Adams),,True,2,3,4,Half1,MaSourceTypeOfficialScoring,FOOTBALL_XFL_2023_4_1_SA@VGS,,QBStat,68,2302027-SA-at-VGS,184,184,1984,3:04,7,,,1.0,VGS,SA,0.0,2,1,1,1,Home,33,8,67,0,12,19,20007,,,StatusOfficial,ResultKickReturned,,Visitor,37.0,,4.0,14.0,,Home,37.0,3.0,1:57,PUNT,-4.0,,,,,,,,,,,,,21784,42.0,20142,12.0,,,,,,,,,,1,0.0,0.0,0.0,0.0,0.0
2023,FOOTBALL_XFL_2023_4_1_SA@VGS,SA,3,VGS,7,outdoors,157,1680380125.0,58525,2023-04-01 20:15:25.000000,EventFootballRush,1-10-SA 37 (2:59) 9 J. Patrick rush to SA 39 for 2 yards (98 C. Walker),,True,2,2,59,Half1,MaSourceTypeOfficialScoring,FOOTBALL_XFL_2023_4_1_SA@VGS,,QBStat,69,2302027-SA-at-VGS,179,179,1979,2:59,3,,,0.0,SA,VGS,0.0,2,1,2,2,Visitor,37,9,63,0,12,19,22794,,,StatusOfficial,,,,,21196,1.0,10.0,2.0,Visitor,37.0,1.0,0:29, ,2.0,,,,,,,,,,,,,,,,,,,,,,,,,,0,0.0,0.0,0.0,0.0,0.0
2023,FOOTBALL_XFL_2023_4_1_SA@VGS,SA,3,VGS,7,outdoors,159,1680380163.0,58563,2023-04-01 20:16:03.000000,EventFootballPass,2-8-SA 39 (2:21) 13 K. Benkert pass to 88 A. Mack to VGS 43 for 18 yards (25 M. Evans),,True,2,2,21,Half1,MaSourceTypeOfficialScoring,FOOTBALL_XFL_2023_4_1_SA@VGS,,QBStat,70,2302027-SA-at-VGS,141,141,1941,2:21,3,,,0.0,SA,VGS,0.0,2,1,2,2,Visitor,39,9,61,0,12,19,20461,,,StatusOfficial,ResultPassComplete,,,,,2.0,8.0,18.0,Visitor,37.0,2.0,1:01, ,20.0,22290,21765,,,,,,,,,,,,,,,,,,,,,,,,0,0.0,0.0,0.0,0.0,0.0
2023,FOOTBALL_XFL_2023_4_1_SA@VGS,SA,3,VGS,7,outdoors,161,1680380431.0,58831,2023-04-01 20:20:31.000000,EventFootballTimeout,1-10-VGS 43 (2:00) Timeout by Vegas Vipers at 2:00,,True,2,2,0,Half1,MaSourceTypeOfficialScoring,FOOTBALL_XFL_2023_4_1_SA@VGS,,QBStat,71,2302027-SA-at-VGS,120,120,1920,2:00,3,,,0.0,SA,VGS,0.0,2,1,2,2,Home,43,9,43,0,12,19,,,,StatusOfficial,,,,,,1.0,10.0,,Visitor,37.0,2.0,1:01, ,20.0,,,,7,,,,,,,,,,,,,,,,,,,,,,0,0.0,0.0,0.0,0.0,0.0
2023,FOOTBALL_XFL_2023_4_1_SA@VGS,SA,3,VGS,7,outdoors,170,1680380446.0,58846,2023-04-01 20:20:46.000000,EventFootballPass,1-10-VGS 43 (1:53) 13 K. Benkert pass intended for 6 F. Brown INTERCEPTED by 9 D. Anderson returned 22 yards to VGS 22,,True,2,1,53,Half1,MaSourceTypeOfficialScoring,FOOTBALL_XFL_2023_4_1_SA@VGS,,QBStat,72,2302027-SA-at-VGS,113,113,1913,1:53,3,,,0.0,SA,VGS,0.0,2,0,2,2,Home,43,9,43,0,12,19,,,,StatusOfficial,ResultPassInterception,,Home,22.0,,1.0,10.0,,Visitor,37.0,3.0,1:11,INT,20.0,22290,20203,,,,,,,,,,,,,,,20039,,,,,,,,,0,0.0,0.0,0.0,0.0,0.0
2023,FOOTBALL_XFL_2023_4_1_SA@VGS,SA,3,VGS,7,outdoors,167,1680380521.0,58921,2023-04-01 20:22:01.000000,EventFootballPass,1-10-VGS 22 (1:41) 3 J. McClendon pass incomplete to 89 C. Sutton,,True,2,1,41,Half1,MaSourceTypeOfficialScoring,FOOTBALL_XFL_2023_4_1_SA@VGS,,QBStat,73,2302027-SA-at-VGS,101,101,1901,1:41,7,,,1.0,VGS,SA,0.0,2,0,0,0,Home,22,10,78,0,12,19,,,,StatusOfficial,ResultPassIncomplete,,,,,1.0,10.0,,Home,22.0,1.0,0:05, ,,21022,21502,,,,,,,,,,,,,,,,,,,,,,,,0,0.0,0.0,0.0,0.0,0.0
2023,FOOTBALL_XFL_2023_4_1_SA@VGS,SA,3,VGS,7,outdoors,169,1680380564.0,58964,2023-04-01 20:22:44.000000,EventFootballPass,2-10-VGS 22 (1:27) 3 J. McClendon pass to 19 G. Allison to VGS 27 for 5 yards (15 J. Williams),,True,2,1,27,Half1,MaSourceTypeOfficialScoring,FOOTBALL_XFL_2023_4_1_SA@VGS,,QBStat,74,2302027-SA-at-VGS,87,87,1887,1:27,7,,,1.0,VGS,SA,0.0,2,0,0,0,Home,22,10,78,0,12,19,21974,,,StatusOfficial,ResultPassComplete,,,,,2.0,10.0,5.0,Home,22.0,2.0,0:18, ,5.0,21022,22325,,,,,,,,,,,,,,,,,,,,,,,,0,0.0,0.0,0.0,0.0,0.0
2023,FOOTBALL_XFL_2023_4_1_SA@VGS,SA,3,VGS,7,outdoors,173,1680380704.0,59104,2023-04-01 20:25:04.000000,EventFootballRush,"3-5-VGS 27 (1:29) 3 J. McClendon rush to VGS 30 for 3 yards (92 S. Soto, 45 D. Scott)",,True,2,1,29,Half1,MaSourceTypeOfficialScoring,FOOTBALL_XFL_2023_4_1_SA@VGS,,QBStat,75,2302027-SA-at-VGS,89,89,1889,1:29,7,,,1.0,VGS,SA,0.0,2,0,0,0,Home,27,10,73,0,12,19,22744,,,StatusOfficial,,,,,21022,3.0,5.0,3.0,Home,22.0,3.0,0:21, ,8.0,,,22844,,,,,,,,,,,,,,,,,,,,,,,0,0.0,0.0,0.0,0.0,0.0
2023,FOOTBALL_XFL_2023_4_1_SA@VGS,SA,3,VGS,7,outdoors,175,1680380745.0,59145,2023-04-01 20:25:45.000000,EventFootballTimeout,4-2-VGS 30 (1:27) Timeout by San Antonio Brahmas at 1:27,,True,2,1,27,Half1,MaSourceTypeOfficialScoring,FOOTBALL_XFL_2023_4_1_SA@VGS,,QBStat,76,2302027-SA-at-VGS,87,87,1887,1:27,7,,,1.0,VGS,SA,0.0,2,0,0,0,Home,30,10,70,0,12,19,,,,StatusOfficial,,,,,,4.0,2.0,,Home,22.0,3.0,0:17, ,8.0,,,,3,,,,,,,,,,,,,,,,,,,,,,0,0.0,0.0,0.0,0.0,0.0
2023,FOOTBALL_XFL_2023_4_1_SA@VGS,SA,3,VGS,7,outdoors,177,1680380765.0,59165,2023-04-01 20:26:05.000000,EventFootballPunt,4-2-VGS 30 (1:22) 17 M. Carrizosa punts 35 yards from VGS 30 to SA 35. 2 T. Bonds to SA 40 for 5 yards (0 P. Taumoepenu),,True,2,1,22,Half1,MaSourceTypeOfficialScoring,FOOTBALL_XFL_2023_4_1_SA@VGS,,QBStat,77,2302027-SA-at-VGS,82,82,1882,1:22,7,,,1.0,VGS,SA,0.0,1,0,0,0,Home,30,10,70,0,12,19,21968,,,StatusOfficial,ResultKickReturned,,Visitor,40.0,,4.0,2.0,,Home,22.0,3.0,0:31,PUNT,8.0,,,,,,,,,,,,,21784,35.0,20142,5.0,,,,,,,,,,1,0.0,0.0,0.0,0.0,0.0
2023,FOOTBALL_XFL_2023_4_1_SA@VGS,SA,3,VGS,7,outdoors,179,1680380817.0,59217,2023-04-01 20:26:57.000000,EventFootballPass,"1-10-SA 40 (1:13) 13 K. Benkert pass to 88 A. Mack to SA 46 for 6 yards (30 S. Roberts, 26 M. Smith)",,True,2,1,13,Half1,MaSourceTypeOfficialScoring,FOOTBALL_XFL_2023_4_1_SA@VGS,,QBStat,78,2302027-SA-at-VGS,73,73,1873,1:13,3,,,0.0,SA,VGS,0.0,1,0,1,1,Visitor,40,11,60,0,12,19,21312,,,StatusOfficial,ResultPassComplete,,,,,1.0,10.0,6.0,Visitor,40.0,1.0,0:15, ,6.0,22290,21765,21444,,,,,,,,,,,,,,,,,,,,,,,0,0.0,0.0,0.0,0.0,0.0
2023,FOOTBALL_XFL_2023_4_1_SA@VGS,SA,3,VGS,7,outdoors,181,1680380836.0,59236,2023-04-01 20:27:16.000000,EventFootballRush,2-4-SA 46 (0:54) 13 K. Benkert rush to VGS 49 for 5 yards (26 M. Smith),,True,2,0,54,Half1,MaSourceTypeOfficialScoring,FOOTBALL_XFL_2023_4_1_SA@VGS,,QBStat,79,2302027-SA-at-VGS,54,54,1854,0:54,3,,,0.0,SA,VGS,0.0,1,0,1,1,Visitor,46,11,54,0,12,19,21444,,,StatusOfficial,,,,,22290,2.0,4.0,5.0,Visitor,40.0,2.0,0:30, ,11.0,,,,,,,,,,,,,,,,,,,,,,,,,,0,0.0,0.0,0.0,0.0,0.0
2023,FOOTBALL_XFL_2023_4_1_SA@VGS,SA,3,VGS,7,outdoors,183,1680380861.0,59261,2023-04-01 20:27:41.000000,EventFootballPass,1-10-VGS 49 (0:38) 13 K. Benkert pass incomplete to 18 T. Vasher,,True,2,0,38,Half1,MaSourceTypeOfficialScoring,FOOTBALL_XFL_2023_4_1_SA@VGS,,QBStat,80,2302027-SA-at-VGS,38,38,1838,0:38,3,,,0.0,SA,VGS,0.0,1,0,1,1,Home,49,11,49,0,12,19,,,,StatusOfficial,ResultPassIncomplete,,,,,1.0,10.0,,Visitor,40.0,3.0,0:38, ,11.0,22290,21898,,,,,,,,,,,,,,,,,,,,,,,,0,0.0,0.0,0.0,0.0,0.0
2023,FOOTBALL_XFL_2023_4_1_SA@VGS,SA,3,VGS,7,outdoors,185,1680380890.0,59290,2023-04-01 20:28:10.000000,EventFootballRush,2-10-VGS 49 (0:37) 9 J. Patrick rush to VGS 45 for 4 yards (88 R. Windsor),,True,2,0,37,Half1,MaSourceTypeOfficialScoring,FOOTBALL_XFL_2023_4_1_SA@VGS,,QBStat,81,2302027-SA-at-VGS,37,37,1837,0:37,3,,,0.0,SA,VGS,0.0,1,0,1,1,Home,49,11,49,0,12,19,21975,,,StatusOfficial,,,,,21196,2.0,10.0,4.0,Visitor,40.0,4.0,0:50, ,15.0,,,,,,,,,,,,,,,,,,,,,,,,,,0,0.0,0.0,0.0,0.0,0.0
2023,FOOTBALL_XFL_2023_4_1_SA@VGS,SA,3,VGS,7,outdoors,187,1680380915.0,59315,2023-04-01 20:28:35.000000,EventFootballPass,3-6-VGS 45 (0:14) 13 K. Benkert pass incomplete to 6 F. Brown,,True,2,0,14,Half1,MaSourceTypeOfficialScoring,FOOTBALL_XFL_2023_4_1_SA@VGS,,QBStat,82,2302027-SA-at-VGS,14,14,1814,0:14,3,,,0.0,SA,VGS,0.0,1,0,1,1,Home,45,11,45,0,12,19,,,,StatusOfficial,ResultPassIncomplete,,,,,3.0,6.0,,Visitor,40.0,5.0,1:02, ,15.0,22290,20203,,,,,,,,,,,,,,,,,,,,,,,,0,0.0,0.0,0.0,0.0,0.0
2023,FOOTBALL_XFL_2023_4_1_SA@VGS,SA,3,VGS,7,outdoors,189,1680380971.0,59371,2023-04-01 20:29:31.000000,EventFootballPenalty,"4-6-VGS 45 (0:14) PENALTY on San Antonio Brahmas, 5 yards",,True,2,0,14,Half1,MaSourceTypeOfficialScoring,FOOTBALL_XFL_2023_4_1_SA@VGS,,QBStat,83,2302027-SA-at-VGS,14,14,1814,0:14,3,,,0.0,SA,VGS,0.0,1,0,1,1,Home,45,11,45,0,12,19,,,,StatusOfficial,,,,,,4.0,6.0,,Visitor,40.0,5.0,1:02, ,10.0,,,,,3,TM,5.0,ResultPenaltyRepeatdown,NA,,,,,,,,,,,,,,,,,0,0.0,0.0,0.0,0.0,0.0
2023,FOOTBALL_XFL_2023_4_1_SA@VGS,SA,3,VGS,7,outdoors,191,1680381002.0,59402,2023-04-01 20:30:02.000000,EventFootballPunt,"4-11-Midfield (0:07) 0 B. Wing punts 50 yards from Midfield to end zone, Touchback PENALTY on (VGS) 48 D. Calhoun, 10 yards",,True,2,0,7,Half1,MaSourceTypeOfficialScoring,FOOTBALL_XFL_2023_4_1_SA@VGS,,QBStat,84,2302027-SA-at-VGS,7,7,1807,0:07,3,,,0.0,SA,VGS,0.0,1,0,1,1,Home,50,11,50,0,12,19,,,,StatusOfficial,ResultKickTouchback,,Home,25.0,,4.0,11.0,,Visitor,40.0,5.0,1:15,PUNT,10.0,,,,,7,21744,10.0,ResultPenaltyRepeatdown,NA,,,,21706,50.0,,,,,,,,,,,,1,0.0,0.0,0.0,0.0,0.0
2023,FOOTBALL_XFL_2023_4_1_SA@VGS,SA,3,VGS,7,outdoors,194,1680381091.0,59491,2023-04-01 20:31:31.000000,EventFootballRush,1-10-VGS 25 (0:02) 3 J. McClendon rush to VGS 23 for -2 yards,,True,2,0,2,Half1,MaSourceTypeOfficialScoring,FOOTBALL_XFL_2023_4_1_SA@VGS,,QBStat,85,2302027-SA-at-VGS,2,2,1802,0:02,7,,,1.0,VGS,SA,0.0,1,0,0,0,Home,25,12,75,0,12,19,,,,StatusOfficial,,,,,21022,1.0,10.0,-2.0,Home,25.0,1.0,0:07,HALF,-2.0,,,,,,,,,,,,,,,,,,,,,,,,,,0,0.0,0.0,0.0,0.0,0.0
2023,FOOTBALL_XFL_2023_4_1_SA@VGS,SA,3,VGS,7,outdoors,195,1680381116.3961244,,2023-04-01 20:31:56.396124,EventPeriodEnd,Halftime Marker,,True,2,0,0,Half1,MaSourceTypeOfficialScoring,FOOTBALL_XFL_2023_4_1_SA@VGS,,QBStat,10010,2302027-SA-at-VGS,0,0,1800,0:00,7,,,1.0,VGS,SA,0.0,3,3,3,3,Home,23,12,77,0,12,19,,,,,,,,,,2.0,12.0,,,,,,,,,,,,,,,,,,,,,,,,,,,,,,,,,0,0.0,0.0,0.0,0.0,0.0
2023,FOOTBALL_XFL_2023_4_1_SA@VGS,SA,3,VGS,7,outdoors,201,1680382061.0,60461,2023-04-01 20:47:41.000000,EventFootballKickoff,FROM SA 30 (15:00) 23 P. Romo kicks from SA 30. 4 M. Bryant to VGS 23 for 14 yards (20 K. Siverand),,True,3,15,0,Half2,MaSourceTypeOfficialScoring,FOOTBALL_XFL_2023_4_1_SA@VGS,,QBStat,86,2302027-SA-at-VGS,900,1800,1800,15:00,7,,,1.0,VGS,SA,0.0,3,3,3,3,Visitor,30,13,30,0,12,19,21419,21775,20218,StatusOfficial,ResultKickReturned,14.0,Home,23.0,,,,,,,,,,,,,,,,,,,,,,,,,,,,,,,,,,,,0,0.0,0.0,0.0,0.0,0.0
2023,FOOTBALL_XFL_2023_4_1_SA@VGS,SA,3,VGS,7,outdoors,203,1680382106.0,60506,2023-04-01 20:48:26.000000,EventFootballRush,1-10-VGS 23 (14:51) 3 J. McClendon rush to VGS 29 for 6 yards (5 T. Adewusi),,True,3,14,51,Half2,MaSourceTypeOfficialScoring,FOOTBALL_XFL_2023_4_1_SA@VGS,,QBStat,87,2302027-SA-at-VGS,891,1791,1791,14:51,7,,,1.0,VGS,SA,0.0,3,3,3,3,Home,23,13,77,0,12,19,20008,,,StatusOfficial,,,,,21022,1.0,10.0,6.0,Home,23.0,1.0,0:30, ,6.0,,,,,,,,,,,,,,,,,,,,,,,,,,0,0.0,0.0,0.0,0.0,0.0
2023,FOOTBALL_XFL_2023_4_1_SA@VGS,SA,3,VGS,7,outdoors,371,1680382140.0,60540,2023-04-01 20:49:00.000000,EventFootballRush,"2-4-VGS 29 (14:16) 15 R. Smith rush to VGS 40 for 11 yards (28 J. Koerner, 5 T. Adewusi)",,True,3,14,16,Half2,MaSourceTypeOfficialScoring,FOOTBALL_XFL_2023_4_1_SA@VGS,,QBStat,88,2302027-SA-at-VGS,856,1756,1756,14:16,7,,,1.0,VGS,SA,0.0,3,3,3,3,Home,29,13,71,0,12,19,20901,,,StatusOfficial,,,,,21447,2.0,4.0,11.0,Home,23.0,2.0,0:58, ,17.0,,,20008,,,,,,,,,,,,,,,,,,,,,,,0,0.0,0.0,0.0,0.0,0.0
2023,FOOTBALL_XFL_2023_4_1_SA@VGS,SA,3,VGS,7,outdoors,208,1680382178.0,60578,2023-04-01 20:49:38.000000,EventFootballRush,"1-10-VGS 40 (13:38) 8 J. Lovett rush to VGS 46 for 6 yards (15 J. Williams, 21 S. Williams)",,True,3,13,38,Half2,MaSourceTypeOfficialScoring,FOOTBALL_XFL_2023_4_1_SA@VGS,,QBStat,89,2302027-SA-at-VGS,818,1718,1718,13:38,7,,,1.0,VGS,SA,0.0,3,3,3,3,Home,40,13,60,0,12,19,21974,,,StatusOfficial,,,,,21872,1.0,10.0,6.0,Home,23.0,3.0,1:51, ,23.0,,,22819,,,,,,,,,,,,,,,,,,,,,,,0,0.0,0.0,0.0,0.0,0.0
2023,FOOTBALL_XFL_2023_4_1_SA@VGS,SA,3,VGS,7,outdoors,210,1680382208.0,60608,2023-04-01 20:50:08.000000,EventFootballRush,"2-4-VGS 46 (13:08) 3 J. McClendon rush to VGS 48 for 2 yards (42 M. Tverdov) PENALTY on (VGS) 50 T. Adams, 10 yards",,True,3,13,8,Half2,MaSourceTypeOfficialScoring,FOOTBALL_XFL_2023_4_1_SA@VGS,,QBStat,90,2302027-SA-at-VGS,788,1688,1688,13:08,7,,,1.0,VGS,SA,0.0,3,3,3,3,Home,46,13,54,0,12,19,21589,,,StatusOfficial,,,,,21022,2.0,4.0,2.0,Home,23.0,4.0,2:11, ,15.0,,,,,7,20006,10.0,ResultPenaltyLossdown,NA,,,,,,,,,,,,,,,,,0,0.0,0.0,0.0,0.0,0.0
2023,FOOTBALL_XFL_2023_4_1_SA@VGS,SA,3,VGS,7,outdoors,213,1680382272.0,60672,2023-04-01 20:51:12.000000,EventFootballPass,"3-12-VGS 38 (12:42) 3 J. McClendon pass to 10 M. Sexton to SA 41 for 21 yards (5 T. Adewusi) PENALTY on (SA) 15 J. Williams, 15 yards",,True,3,12,42,Half2,MaSourceTypeOfficialScoring,FOOTBALL_XFL_2023_4_1_SA@VGS,,QBStat,91,2302027-SA-at-VGS,762,1662,1662,12:42,7,,,1.0,VGS,SA,0.0,3,3,3,3,Home,38,13,62,0,12,19,20008,,,StatusOfficial,ResultPassComplete,,,,,3.0,12.0,21.0,Home,23.0,5.0,2:29, ,51.0,21022,21882,,,3,21974,15.0,ResultPenaltyAuto1Stdown,NA,,,,,,,,,,,,,,,,,0,0.0,0.0,0.0,0.0,0.0
2023,FOOTBALL_XFL_2023_4_1_SA@VGS,SA,3,VGS,7,outdoors,215,1680382346.0,60746,2023-04-01 20:52:26.000000,EventFootballPass,1-10-SA 26 (12:23) 3 J. McClendon pass to 19 G. Allison to SA 6 for 20 yards QB Hit by 45 D. Scott (1 L. Barcoo),,True,3,12,23,Half2,MaSourceTypeOfficialScoring,FOOTBALL_XFL_2023_4_1_SA@VGS,,QBStat,92,2302027-SA-at-VGS,743,1643,1643,12:23,7,,,1.0,VGS,SA,0.0,3,3,3,3,Visitor,26,13,26,0,12,19,20087,,,StatusOfficial,ResultPassComplete,,,,,1.0,10.0,20.0,Home,23.0,6.0,2:38, ,71.0,21022,22325,,,,,,,,,,,,,,,,,,,,,,22844,,0,0.0,0.0,0.0,0.0,0.0
2023,FOOTBALL_XFL_2023_4_1_SA@VGS,SA,3,VGS,7,outdoors,217,1680382392.0,60792,2023-04-01 20:53:12.000000,EventFootballTimeout,1-6-SA 6 (12:22) Timeout by Vegas Vipers at 12:22,,True,3,12,22,Half2,MaSourceTypeOfficialScoring,FOOTBALL_XFL_2023_4_1_SA@VGS,,QBStat,93,2302027-SA-at-VGS,742,1642,1642,12:22,7,,,1.0,VGS,SA,0.0,3,3,3,3,Visitor,6,13,6,0,12,19,,,,StatusOfficial,,,,,,1.0,6.0,,Home,23.0,6.0,2:38, ,71.0,,,,7,,,,,,,,,,,,,,,,,,,,,,0,0.0,0.0,0.0,0.0,0.0
2023,FOOTBALL_XFL_2023_4_1_SA@VGS,SA,3,VGS,7,outdoors,219,1680382475.0,60875,2023-04-01 20:54:35.000000,EventFootballPass,1-6-SA 6 (12:18) 3 J. McClendon pass incomplete to 14 C. Sweeting QB Hit by 45 D. Scott Pass Defended by 45 D. Scott,,True,3,12,18,Half2,MaSourceTypeOfficialScoring,FOOTBALL_XFL_2023_4_1_SA@VGS,,QBStat,94,2302027-SA-at-VGS,738,1638,1638,12:18,7,,,1.0,VGS,SA,0.0,3,2,2,2,Visitor,6,13,6,0,12,19,,,,StatusOfficial,ResultPassIncomplete,,,,,1.0,6.0,,Home,23.0,7.0,2:44, ,71.0,21022,21507,,,,,,,,,,22844,,,,,,,,,,,,22844,,0,0.0,0.0,0.0,0.0,0.0
2023,FOOTBALL_XFL_2023_4_1_SA@VGS,SA,3,VGS,7,outdoors,221,1680382528.0,60928,2023-04-01 20:55:28.000000,EventFootballRush,2-6-SA 6 (11:59) 8 J. Lovett rush to SA 11 for -5 yards (33 D. Beesley),,True,3,11,59,Half2,MaSourceTypeOfficialScoring,FOOTBALL_XFL_2023_4_1_SA@VGS,,QBStat,95,2302027-SA-at-VGS,719,1619,1619,11:59,7,,,1.0,VGS,SA,0.0,3,2,2,2,Visitor,6,13,6,0,12,19,21740,,,StatusOfficial,,,,,21872,2.0,6.0,-5.0,Home,23.0,8.0,3:17, ,66.0,,,,,,,,,,,,,,,,,,,,,,,,,,0,0.0,0.0,0.0,0.0,0.0
2023,FOOTBALL_XFL_2023_4_1_SA@VGS,SA,3,VGS,7,outdoors,223,1680382615.0,61015,2023-04-01 20:56:55.000000,EventFootballPass,3-11-SA 11 (11:39) 3 J. McClendon pass to 89 C. Sutton to SA 1 for 10 yards (15 J. Williams),,True,3,11,39,Half2,MaSourceTypeOfficialScoring,FOOTBALL_XFL_2023_4_1_SA@VGS,,QBStat,96,2302027-SA-at-VGS,699,1599,1599,11:39,7,,,1.0,VGS,SA,0.0,3,2,2,2,Visitor,11,13,11,0,12,19,21974,,,StatusOfficial,ResultPassComplete,,,,,3.0,11.0,10.0,Home,23.0,9.0,3:36, ,76.0,21022,21502,,,,,,,,,,,,,,,,,,,,,,,,0,0.0,0.0,0.0,0.0,0.0
2023,FOOTBALL_XFL_2023_4_1_SA@VGS,SA,3,VGS,7,outdoors,225,1680382660.0,61060,2023-04-01 20:57:40.000000,EventFootballRush,"4-1-SA 1 (10:54) 8 J. Lovett rush for 1 yard, TOUCHDOWN",,True,3,10,54,Half2,MaSourceTypeOfficialScoring,FOOTBALL_XFL_2023_4_1_SA@VGS,,QBStat,97,2302027-SA-at-VGS,654,1554,1554,10:54,7,,,1.0,VGS,SA,0.0,3,2,2,2,Visitor,1,13,1,0,12,19,,,,StatusOfficial,,,,,21872,4.0,1.0,1.0,Home,23.0,10.0,4:06,TD,77.0,,,,,,,,,,ScoreTypeTd,,,,,,,,,,,,,,,,0,0.0,1.0,0.0,0.0,1.0
2023,FOOTBALL_XFL_2023_4_1_SA@VGS,SA,3,VGS,7,outdoors,227,1680382693.0,61093,2023-04-01 20:58:13.000000,EventFootballPat1PtPass,FROM SA 2 (10:54) 3 J. McClendon 1-pt conversion pass to 10 M. Sexton GOOD,,True,3,10,54,Half2,MaSourceTypeOfficialScoring,FOOTBALL_XFL_2023_4_1_SA@VGS,,QBStat,98,2302027-SA-at-VGS,654,1554,1554,10:54,7,,,1.0,VGS,SA,0.0,3,2,2,2,Visitor,2,13,2,0,12,25,,,,StatusOfficial,ResultPassComplete,,,,,,,2.0,,,,,,,21022,21882,,,,,,,,ScoreTypeConv,1.0,,,,,,,,,,,,,,,0,0.0,0.0,0.0,0.0,0.0
2023,FOOTBALL_XFL_2023_4_1_SA@VGS,SA,3,VGS,7,outdoors,229,1680382918.0,61318,2023-04-01 21:01:58.000000,EventFootballKickoff,FROM VGS 30 (10:53) 47 B. Giffen kicks from VGS 30. 10 T. Jonsen to SA 20 for 20 yards (30 S. Roberts),,True,3,10,53,Half2,MaSourceTypeOfficialScoring,FOOTBALL_XFL_2023_4_1_SA@VGS,,QBStat,99,2302027-SA-at-VGS,653,1553,1553,10:53,3,,,0.0,SA,VGS,0.0,3,2,3,3,Home,30,14,30,0,12,26,21312,20076,20856,StatusOfficial,ResultKickReturned,20.0,Visitor,20.0,,,,,,,,,,,,,,,,,,,,,,,,,,,,,,,,,,,,0,0.0,0.0,0.0,0.0,0.0
2023,FOOTBALL_XFL_2023_4_1_SA@VGS,SA,3,VGS,7,outdoors,231,1680382960.0,61360,2023-04-01 21:02:40.000000,EventFootballPass,1-10-SA 20 (10:44) 13 K. Benkert pass to 84 D. Yelder to SA 28 for 8 yards (26 M. Smith),,True,3,10,44,Half2,MaSourceTypeOfficialScoring,FOOTBALL_XFL_2023_4_1_SA@VGS,,QBStat,100,2302027-SA-at-VGS,644,1544,1544,10:44,3,,,0.0,SA,VGS,0.0,3,2,3,3,Visitor,20,14,80,0,12,26,21444,,,StatusOfficial,ResultPassComplete,,,,,1.0,10.0,8.0,Visitor,20.0,1.0,0:19, ,8.0,22290,22022,,,,,,,,,,,,,,,,,,,,,,,,0,0.0,0.0,0.0,0.0,0.0
2023,FOOTBALL_XFL_2023_4_1_SA@VGS,SA,3,VGS,7,outdoors,233,1680382985.0,61385,2023-04-01 21:03:05.000000,EventFootballRush,2-2-SA 28 (10:19) 9 J. Patrick rush to SA 31 for 3 yards (97 L. Stokes),,True,3,10,19,Half2,MaSourceTypeOfficialScoring,FOOTBALL_XFL_2023_4_1_SA@VGS,,QBStat,101,2302027-SA-at-VGS,619,1519,1519,10:19,3,,,0.0,SA,VGS,0.0,3,2,3,3,Visitor,28,14,72,0,12,26,21966,,,StatusOfficial,,,,,21196,2.0,2.0,3.0,Visitor,20.0,2.0,1:01, ,11.0,,,,,,,,,,,,,,,,,,,,,,,,,,0,0.0,0.0,0.0,0.0,0.0
2023,FOOTBALL_XFL_2023_4_1_SA@VGS,SA,3,VGS,7,outdoors,235,1680383014.0,61414,2023-04-01 21:03:34.000000,EventFootballPass,1-10-SA 31 (9:50) 13 K. Benkert pass to 18 T. Vasher to SA 28 for -3 yards (6 K. Kennedy),,True,3,9,50,Half2,MaSourceTypeOfficialScoring,FOOTBALL_XFL_2023_4_1_SA@VGS,,QBStat,102,2302027-SA-at-VGS,590,1490,1490,9:50,3,,,0.0,SA,VGS,0.0,3,2,3,3,Visitor,31,14,69,0,12,26,21943,,,StatusOfficial,ResultPassComplete,,,,,1.0,10.0,-3.0,Visitor,20.0,3.0,1:15, ,8.0,22290,21898,,,,,,,,,,,,,,,,,,,,,,,,0,0.0,0.0,0.0,0.0,0.0
2023,FOOTBALL_XFL_2023_4_1_SA@VGS,SA,3,VGS,7,outdoors,237,1680383047.0,61447,2023-04-01 21:04:07.000000,EventFootballPass,2-13-SA 28 (9:17) 13 K. Benkert pass to 82 L. Akers to SA 36 for 8 yards (28 C. Avery),,True,3,9,17,Half2,MaSourceTypeOfficialScoring,FOOTBALL_XFL_2023_4_1_SA@VGS,,QBStat,103,2302027-SA-at-VGS,557,1457,1457,9:17,3,,,0.0,SA,VGS,0.0,3,2,3,3,Visitor,28,14,72,0,12,26,20066,,,StatusOfficial,ResultPassComplete,,,,,2.0,13.0,8.0,Visitor,20.0,4.0,1:53, ,16.0,22290,20016,,,,,,,,,,,,,,,,,,,,,,,,0,0.0,0.0,0.0,0.0,0.0
2023,FOOTBALL_XFL_2023_4_1_SA@VGS,SA,3,VGS,7,outdoors,372,1680383088.0,61488,2023-04-01 21:04:48.000000,EventFootballPass,"3-5-SA 36 (8:39) 13 K. Benkert pass to 82 L. Akers to VGS 41 for 23 yards (9 D. Anderson, 25 M. Evans)",,True,3,8,39,Half2,MaSourceTypeOfficialScoring,FOOTBALL_XFL_2023_4_1_SA@VGS,,QBStat,104,2302027-SA-at-VGS,519,1419,1419,8:39,3,,,0.0,SA,VGS,0.0,3,2,3,3,Visitor,36,14,64,0,12,26,20039,,,StatusOfficial,ResultPassComplete,,,,,3.0,5.0,23.0,Visitor,20.0,5.0,2:37, ,39.0,22290,20016,20461,,,,,,,,,,,,,,,,,,,,,,,0,0.0,0.0,0.0,0.0,0.0
2023,FOOTBALL_XFL_2023_4_1_SA@VGS,SA,3,VGS,7,outdoors,241,1680383129.0,61529,2023-04-01 21:05:29.000000,EventFootballPass,1-10-VGS 41 (7:58) 13 K. Benkert pass to 31 J. Hilliman to VGS 34 for 7 yards,,True,3,7,58,Half2,MaSourceTypeOfficialScoring,FOOTBALL_XFL_2023_4_1_SA@VGS,,QBStat,105,2302027-SA-at-VGS,478,1378,1378,7:58,3,,,0.0,SA,VGS,0.0,3,2,3,3,Home,41,14,41,0,12,26,,,,StatusOfficial,ResultPassComplete,,,,,1.0,10.0,7.0,Visitor,20.0,6.0,3:11, ,46.0,22290,20697,,,,,,,,,,,,,,,,,,,,,,,,0,0.0,0.0,0.0,0.0,0.0
2023,FOOTBALL_XFL_2023_4_1_SA@VGS,SA,3,VGS,7,outdoors,243,1680383155.0,61555,2023-04-01 21:05:55.000000,EventFootballRush,"2-3-VGS 34 (7:37) 9 J. Patrick rush to VGS 32 for 2 yards (28 C. Avery, 23 M. Roberts)",,True,3,7,37,Half2,MaSourceTypeOfficialScoring,FOOTBALL_XFL_2023_4_1_SA@VGS,,QBStat,106,2302027-SA-at-VGS,457,1357,1357,7:37,3,,,0.0,SA,VGS,0.0,3,2,3,3,Home,34,14,34,0,12,26,20066,,,StatusOfficial,,,,,21196,2.0,3.0,2.0,Visitor,20.0,7.0,3:33, ,48.0,,,21960,,,,,,,,,,,,,,,,,,,,,,,0,0.0,0.0,0.0,0.0,0.0
2023,FOOTBALL_XFL_2023_4_1_SA@VGS,SA,3,VGS,7,outdoors,245,1680383190.0,61590,2023-04-01 21:06:30.000000,EventFootballRush,"3-1-VGS 32 (7:01) 9 J. Patrick rush to VGS 32 for 0 yards (48 D. Calhoun, 88 R. Windsor)",,True,3,7,1,Half2,MaSourceTypeOfficialScoring,FOOTBALL_XFL_2023_4_1_SA@VGS,,QBStat,107,2302027-SA-at-VGS,421,1321,1321,7:01,3,,,0.0,SA,VGS,0.0,3,2,3,3,Home,32,14,32,0,12,26,21744,,,StatusOfficial,,,,,21196,3.0,1.0,0.0,Visitor,20.0,8.0,4:18, ,48.0,,,21975,,,,,,,,,,,,,,,,,,,,,,,0,0.0,0.0,0.0,0.0,0.0
2023,FOOTBALL_XFL_2023_4_1_SA@VGS,SA,3,VGS,7,outdoors,247,1680383226.0,61626,2023-04-01 21:07:06.000000,EventFootballRush,4-1-VGS 32 (6:25) 9 J. Patrick rush to VGS 30 for 2 yards (28 C. Avery),,True,3,6,25,Half2,MaSourceTypeOfficialScoring,FOOTBALL_XFL_2023_4_1_SA@VGS,,QBStat,108,2302027-SA-at-VGS,385,1285,1285,6:25,3,,,0.0,SA,VGS,0.0,3,2,3,3,Home,32,14,32,0,12,26,20066,,,StatusOfficial,,,,,21196,4.0,1.0,2.0,Visitor,20.0,9.0,4:47, ,50.0,,,,,,,,,,,,,,,,,,,,,,,,,,0,0.0,0.0,0.0,0.0,0.0
2023,FOOTBALL_XFL_2023_4_1_SA@VGS,SA,3,VGS,7,outdoors,249,1680383263.0,61663,2023-04-01 21:07:43.000000,EventFootballPass,1-10-VGS 30 (5:48) 13 K. Benkert pass to 31 J. Hilliman to VGS 27 for 3 yards (6 K. Kennedy),,True,3,5,48,Half2,MaSourceTypeOfficialScoring,FOOTBALL_XFL_2023_4_1_SA@VGS,,QBStat,109,2302027-SA-at-VGS,348,1248,1248,5:48,3,,,0.0,SA,VGS,0.0,3,2,3,3,Home,30,14,30,0,12,26,21943,,,StatusOfficial,ResultPassComplete,,,,,1.0,10.0,3.0,Visitor,20.0,10.0,5:22, ,53.0,22290,20697,,,,,,,,,,,,,,,,,,,,,,,,0,0.0,0.0,0.0,0.0,0.0
2023,FOOTBALL_XFL_2023_4_1_SA@VGS,SA,3,VGS,7,outdoors,251,1680383304.0,61704,2023-04-01 21:08:24.000000,EventFootballRush,2-7-VGS 27 (5:11) 9 J. Patrick rush to VGS 26 for 1 yard (88 R. Windsor),,True,3,5,11,Half2,MaSourceTypeOfficialScoring,FOOTBALL_XFL_2023_4_1_SA@VGS,,QBStat,110,2302027-SA-at-VGS,311,1211,1211,5:11,3,,,0.0,SA,VGS,0.0,3,2,3,3,Home,27,14,27,0,12,26,21975,,,StatusOfficial,,,,,21196,2.0,7.0,1.0,Visitor,20.0,11.0,6:11, ,54.0,,,,,,,,,,,,,,,,,,,,,,,,,,0,0.0,0.0,0.0,0.0,0.0
2023,FOOTBALL_XFL_2023_4_1_SA@VGS,SA,3,VGS,7,outdoors,253,1680383352.0,61752,2023-04-01 21:09:12.000000,EventFootballRush,3-6-VGS 26 (4:22) 13 K. Benkert rush to VGS 24 for 2 yards (44 V. Beasley),,True,3,4,22,Half2,MaSourceTypeOfficialScoring,FOOTBALL_XFL_2023_4_1_SA@VGS,,QBStat,111,2302027-SA-at-VGS,262,1162,1162,4:22,3,,,0.0,SA,VGS,0.0,3,2,3,3,Home,26,14,26,0,12,26,21739,,,StatusOfficial,,,,,22290,3.0,6.0,2.0,Visitor,20.0,12.0,6:36, ,56.0,,,,,,,,,,,,,,,,,,,,,,,,,,0,0.0,0.0,0.0,0.0,0.0
2023,FOOTBALL_XFL_2023_4_1_SA@VGS,SA,3,VGS,7,outdoors,255,1680383550.0,61950,2023-04-01 21:12:30.000000,EventFootballPass,4-4-VGS 24 (4:02) 13 K. Benkert pass incomplete to 6 F. Brown Pass Defended by 9 D. Anderson,,True,3,4,2,Half2,MaSourceTypeOfficialScoring,FOOTBALL_XFL_2023_4_1_SA@VGS,,QBStat,112,2302027-SA-at-VGS,242,1142,1142,4:02,3,,,0.0,SA,VGS,0.0,3,2,3,3,Home,24,14,24,0,12,26,,,,StatusOfficial,ResultPassIncomplete,,,,,4.0,4.0,,Visitor,20.0,13.0,6:52,DOWNS,56.0,22290,20203,,,,,,,,,,20039,,,,,,,,,,,,,,0,0.0,0.0,0.0,0.0,0.0
2023,FOOTBALL_XFL_2023_4_1_SA@VGS,SA,3,VGS,7,outdoors,257,1680383595.0,61995,2023-04-01 21:13:15.000000,EventFootballPass,1-10-VGS 24 (3:58) 3 J. McClendon pass to 80 S. Price to VGS 25 for 1 yard (21 S. Williams),,True,3,3,58,Half2,MaSourceTypeOfficialScoring,FOOTBALL_XFL_2023_4_1_SA@VGS,,QBStat,113,2302027-SA-at-VGS,238,1138,1138,3:58,7,,,1.0,VGS,SA,0.0,3,2,2,2,Home,24,15,76,0,12,26,22819,,,StatusOfficial,ResultPassComplete,,,,,1.0,10.0,1.0,Home,24.0,1.0,0:15, ,1.0,21022,21259,,,,,,,,,,,,,,,,,,,,,,,,0,0.0,0.0,0.0,0.0,0.0
2023,FOOTBALL_XFL_2023_4_1_SA@VGS,SA,3,VGS,7,outdoors,259,1680383627.0,62027,2023-04-01 21:13:47.000000,EventFootballRush,2-9-VGS 25 (3:27) 18 B. Burt rush to VGS 31 for 6 yards (5 T. Adewusi),,True,3,3,27,Half2,MaSourceTypeOfficialScoring,FOOTBALL_XFL_2023_4_1_SA@VGS,,QBStat,114,2302027-SA-at-VGS,207,1107,1107,3:27,7,,,1.0,VGS,SA,0.0,3,2,2,2,Home,25,15,75,0,12,26,20008,,,StatusOfficial,,,,,20232,2.0,9.0,6.0,Home,24.0,2.0,0:45, ,7.0,,,,,,,,,,,,,,,,,,,,,,,,,,0,0.0,0.0,0.0,0.0,0.0
2023,FOOTBALL_XFL_2023_4_1_SA@VGS,SA,3,VGS,7,outdoors,261,1680383675.0,62075,2023-04-01 21:14:35.000000,EventFootballPass,3-3-VGS 31 (2:45) 3 J. McClendon pass incomplete to 80 S. Price QB Hit by 15 J. Williams,,True,3,2,45,Half2,MaSourceTypeOfficialScoring,FOOTBALL_XFL_2023_4_1_SA@VGS,,QBStat,115,2302027-SA-at-VGS,165,1065,1065,2:45,7,,,1.0,VGS,SA,0.0,3,2,2,2,Home,31,15,69,0,12,26,,,,StatusOfficial,ResultPassIncomplete,,,,,3.0,3.0,,Home,24.0,3.0,1:25, ,7.0,21022,21259,,,,,,,,,,,,,,,,,,,,,,21974,,0,0.0,0.0,0.0,0.0,0.0
2023,FOOTBALL_XFL_2023_4_1_SA@VGS,SA,3,VGS,7,outdoors,270,1680383715.0,62115,2023-04-01 21:15:15.000000,EventFootballPunt,"4-3-VGS 31 (2:10) 17 M. Carrizosa punts 43 yards from VGS 31 to SA 26. 2 T. Bonds to VGS 37 for 21 yards Fumbled by 2 T. Bonds,  Forced by 20 J. Johnson Recovered by 17 M. Carrizosa (20 J. Johnson) PENALTY on Vegas Vipers, 15 yards",,True,3,2,10,Half2,MaSourceTypeOfficialScoring,FOOTBALL_XFL_2023_4_1_SA@VGS,,QBStat,116,2302027-SA-at-VGS,130,1030,1030,2:10,7,,,1.0,VGS,SA,0.0,3,2,2,2,Home,31,15,69,0,12,26,20811,,,StatusOfficial,ResultKickReturned,,Home,37.0,,4.0,3.0,,Home,24.0,3.0,1:52,PUNT,7.0,,,,,7,TM,15.0,ResultPenaltyOnkickoffpat,NA,,,,21784,43.0,20142,21.0,,,3,20142,7,21784,20811,,,1,0.0,0.0,0.0,0.0,0.0
2023,FOOTBALL_XFL_2023_4_1_SA@VGS,SA,3,VGS,7,outdoors,265,1680383874.0,62274,2023-04-01 21:17:54.000000,EventFootballSack,1-10-VGS 37 (1:48) 3 J. McClendon sacked at VGS 30 for -7 yards (33 D. Beesley),,True,3,1,48,Half2,MaSourceTypeOfficialScoring,FOOTBALL_XFL_2023_4_1_SA@VGS,,QBStat,117,2302027-SA-at-VGS,108,1008,1008,1:48,7,,,1.0,VGS,SA,0.0,3,2,2,2,Home,37,16,63,0,12,26,,,,StatusOfficial,,,,,,1.0,10.0,-7.0,Home,37.0,1.0,0:19, ,-7.0,21022,,,,,,,,,,,,,,,,,21740,,,,,,,,0,0.0,0.0,0.0,0.0,0.0
2023,FOOTBALL_XFL_2023_4_1_SA@VGS,SA,3,VGS,7,outdoors,267,1680383908.0,62308,2023-04-01 21:18:28.000000,EventFootballRush,2-17-VGS 30 (1:14) 18 B. Burt rush to VGS 29 for -1 yards (15 J. Williams),,True,3,1,14,Half2,MaSourceTypeOfficialScoring,FOOTBALL_XFL_2023_4_1_SA@VGS,,QBStat,118,2302027-SA-at-VGS,74,974,974,1:14,7,,,1.0,VGS,SA,0.0,3,2,2,2,Home,30,16,70,0,12,26,21974,,,StatusOfficial,,,,,20232,2.0,17.0,-1.0,Home,37.0,2.0,0:56, ,-8.0,,,,,,,,,,,,,,,,,,,,,,,,,,0,0.0,0.0,0.0,0.0,0.0
2023,FOOTBALL_XFL_2023_4_1_SA@VGS,SA,3,VGS,7,outdoors,269,1680383949.0,62349,2023-04-01 21:19:09.000000,EventFootballSack,"3-18-VGS 29 (0:33) 3 J. McClendon sacked at VGS 20 for -9 yards (33 D. Beesley, 45 D. Scott)",,True,3,0,33,Half2,MaSourceTypeOfficialScoring,FOOTBALL_XFL_2023_4_1_SA@VGS,,QBStat,119,2302027-SA-at-VGS,33,933,933,0:33,7,,,1.0,VGS,SA,0.0,3,2,2,2,Home,29,16,71,0,12,26,,,,StatusOfficial,,,,,,3.0,18.0,-9.0,Home,37.0,3.0,1:45, ,-17.0,21022,,,,,,,,,,,,,,,,,21740,,,,,,,22844,0,0.0,0.0,0.0,0.0,0.0
2023,FOOTBALL_XFL_2023_4_1_SA@VGS,SA,3,VGS,7,outdoors,272,1680384171.0,62571,2023-04-01 21:22:51.000000,EventFootballPunt,4-27-VGS 20 (14:52) 17 M. Carrizosa punts 45 yards from VGS 20 to SA 35. 2 T. Bonds to SA 35 for 0 yards (10 M. Sexton),,True,4,14,52,Half2,MaSourceTypeOfficialScoring,FOOTBALL_XFL_2023_4_1_SA@VGS,,QBStat,120,2302027-SA-at-VGS,892,892,892,14:52,7,,,1.0,VGS,SA,0.0,3,2,2,2,Home,20,16,80,0,12,26,21882,,,StatusOfficial,ResultKickReturned,,Visitor,35.0,,4.0,27.0,,Home,37.0,3.0,2:18,PUNT,-17.0,,,,,,,,,,,,,21784,45.0,20142,0.0,,,,,,,,,,1,0.0,0.0,0.0,0.0,0.0
2023,FOOTBALL_XFL_2023_4_1_SA@VGS,SA,3,VGS,7,outdoors,274,1680384210.0,62610,2023-04-01 21:23:30.000000,EventFootballPass,1-10-SA 35 (14:47) 13 K. Benkert pass to 31 J. Hilliman to SA 37 for 2 yards (6 K. Kennedy),,True,4,14,47,Half2,MaSourceTypeOfficialScoring,FOOTBALL_XFL_2023_4_1_SA@VGS,,QBStat,121,2302027-SA-at-VGS,887,887,887,14:47,3,,,0.0,SA,VGS,0.0,3,2,3,3,Visitor,35,17,65,0,12,26,21943,,,StatusOfficial,ResultPassComplete,,,,,1.0,10.0,2.0,Visitor,35.0,1.0,0:28, ,2.0,22290,20697,,,,,,,,,,,,,,,,,,,,,,,,0,0.0,0.0,0.0,0.0,0.0
2023,FOOTBALL_XFL_2023_4_1_SA@VGS,SA,3,VGS,7,outdoors,281,1680384243.0,62643,2023-04-01 21:24:03.000000,EventFootballPass,"2-8-SA 37 (14:17) 13 K. Benkert pass incomplete QB Hit by 25 M. Evans PENALTY on (SA) 13 K. Benkert, 16 yards",,True,4,14,17,Half2,MaSourceTypeOfficialScoring,FOOTBALL_XFL_2023_4_1_SA@VGS,,QBStat,122,2302027-SA-at-VGS,857,857,857,14:17,3,,,0.0,SA,VGS,0.0,3,2,3,3,Visitor,37,17,63,0,12,26,,,,StatusOfficial,ResultPassIncomplete,,,,,2.0,8.0,,Visitor,35.0,2.0,0:49, ,-14.0,22290,,,,3,22290,16.0,ResultPenaltyLossdown,NA,,,,,,,,,,,,,,,20461,,0,0.0,0.0,0.0,0.0,0.0
2023,FOOTBALL_XFL_2023_4_1_SA@VGS,SA,3,VGS,7,outdoors,278,1680384302.0,62702,2023-04-01 21:25:02.000000,EventFootballPass,3-24-SA 21 (13:57) 13 K. Benkert pass to 31 J. Hilliman to SA 28 for 7 yards (30 S. Roberts),,True,4,13,57,Half2,MaSourceTypeOfficialScoring,FOOTBALL_XFL_2023_4_1_SA@VGS,,QBStat,123,2302027-SA-at-VGS,837,837,837,13:57,3,,,0.0,SA,VGS,0.0,3,2,3,3,Visitor,21,17,79,0,12,26,21312,,,StatusOfficial,ResultPassComplete,,,,,3.0,24.0,7.0,Visitor,35.0,3.0,1:12, ,-7.0,22290,20697,,,,,,,,,,,,,,,,,,,,,,,,0,0.0,0.0,0.0,0.0,0.0
2023,FOOTBALL_XFL_2023_4_1_SA@VGS,SA,3,VGS,7,outdoors,280,1680384346.0,62746,2023-04-01 21:25:46.000000,EventFootballPunt,"4-17-SA 28 (13:15) 0 B. Wing punts 72 yards from SA 28 to end zone, Touchback",,True,4,13,15,Half2,MaSourceTypeOfficialScoring,FOOTBALL_XFL_2023_4_1_SA@VGS,,QBStat,124,2302027-SA-at-VGS,795,795,795,13:15,3,,,0.0,SA,VGS,0.0,3,2,3,3,Visitor,28,17,72,0,12,26,,,,StatusOfficial,ResultKickTouchback,,Home,35.0,,4.0,17.0,,Visitor,35.0,3.0,1:37,PUNT,-7.0,,,,,,,,,,,,,21706,72.0,,,,,,,,,,,,1,0.0,0.0,0.0,0.0,0.0
2023,FOOTBALL_XFL_2023_4_1_SA@VGS,SA,3,VGS,7,outdoors,283,1680384552.0,62952,2023-04-01 21:29:12.000000,EventFootballRush,"1-10-VGS 35 (13:13) 15 R. Smith rush to VGS 40 for 5 yards (21 S. Williams, 33 D. Beesley)",,True,4,13,13,Half2,MaSourceTypeOfficialScoring,FOOTBALL_XFL_2023_4_1_SA@VGS,,QBStat,125,2302027-SA-at-VGS,793,793,793,13:13,7,,,1.0,VGS,SA,0.0,3,2,2,2,Home,35,18,65,0,12,26,22819,,,StatusOfficial,,,,,21447,1.0,10.0,5.0,Home,35.0,1.0,0:13, ,5.0,,,21740,,,,,,,,,,,,,,,,,,,,,,,0,0.0,0.0,0.0,0.0,0.0
2023,FOOTBALL_XFL_2023_4_1_SA@VGS,SA,3,VGS,7,outdoors,285,1680384591.0,62991,2023-04-01 21:29:51.000000,EventFootballPass,"2-5-VGS 40 (12:34) 3 J. McClendon pass to 86 B. Dillon to VGS 46 for 6 yards (1 L. Barcoo, 15 J. Williams)",,True,4,12,34,Half2,MaSourceTypeOfficialScoring,FOOTBALL_XFL_2023_4_1_SA@VGS,,QBStat,126,2302027-SA-at-VGS,754,754,754,12:34,7,,,1.0,VGS,SA,0.0,3,2,2,2,Home,40,18,60,0,12,26,20087,,,StatusOfficial,ResultPassComplete,,,,,2.0,5.0,6.0,Home,35.0,2.0,1:00, ,11.0,21022,20392,21974,,,,,,,,,,,,,,,,,,,,,,,0,0.0,0.0,0.0,0.0,0.0
2023,FOOTBALL_XFL_2023_4_1_SA@VGS,SA,3,VGS,7,outdoors,287,1680384631.0,63031,2023-04-01 21:30:31.000000,EventFootballRush,1-10-VGS 46 (11:57) 15 R. Smith rush to SA 43 for 11 yards (1 L. Barcoo),,True,4,11,57,Half2,MaSourceTypeOfficialScoring,FOOTBALL_XFL_2023_4_1_SA@VGS,,QBStat,127,2302027-SA-at-VGS,717,717,717,11:57,7,,,1.0,VGS,SA,0.0,3,2,2,2,Home,46,18,54,0,12,26,20087,,,StatusOfficial,,,,,21447,1.0,10.0,11.0,Home,35.0,3.0,1:34, ,22.0,,,,,,,,,,,,,,,,,,,,,,,,,,0,0.0,0.0,0.0,0.0,0.0
2023,FOOTBALL_XFL_2023_4_1_SA@VGS,SA,3,VGS,7,outdoors,289,1680384667.0,63067,2023-04-01 21:31:07.000000,EventFootballRush,1-10-SA 43 (11:21) 8 J. Lovett rush to SA 38 for 5 yards (3 B. Davis),,True,4,11,21,Half2,MaSourceTypeOfficialScoring,FOOTBALL_XFL_2023_4_1_SA@VGS,,QBStat,128,2302027-SA-at-VGS,681,681,681,11:21,7,,,1.0,VGS,SA,0.0,3,2,2,2,Visitor,43,18,43,0,12,26,20362,,,StatusOfficial,,,,,21872,1.0,10.0,5.0,Home,35.0,4.0,2:09, ,27.0,,,,,,,,,,,,,,,,,,,,,,,,,,0,0.0,0.0,0.0,0.0,0.0
2023,FOOTBALL_XFL_2023_4_1_SA@VGS,SA,3,VGS,7,outdoors,291,1680384704.0,63104,2023-04-01 21:31:44.000000,EventFootballRush,2-5-SA 38 (10:48) 8 J. Lovett rush to SA 39 for -1 yards (15 J. Williams),,True,4,10,48,Half2,MaSourceTypeOfficialScoring,FOOTBALL_XFL_2023_4_1_SA@VGS,,QBStat,129,2302027-SA-at-VGS,648,648,648,10:48,7,,,1.0,VGS,SA,0.0,3,2,2,2,Visitor,38,18,38,0,12,26,21974,,,StatusOfficial,,,,,21872,2.0,5.0,-1.0,Home,35.0,5.0,2:47, ,26.0,,,,,,,,,,,,,,,,,,,,,,,,,,0,0.0,0.0,0.0,0.0,0.0
2023,FOOTBALL_XFL_2023_4_1_SA@VGS,SA,3,VGS,7,outdoors,293,1680384746.0,63146,2023-04-01 21:32:26.000000,EventFootballPass,3-6-SA 39 (10:07) 3 J. McClendon pass to 15 R. Smith to SA 16 for 23 yards (28 J. Koerner),,True,4,10,7,Half2,MaSourceTypeOfficialScoring,FOOTBALL_XFL_2023_4_1_SA@VGS,,QBStat,130,2302027-SA-at-VGS,607,607,607,10:07,7,,,1.0,VGS,SA,0.0,3,2,2,2,Visitor,39,18,39,0,12,26,20901,,,StatusOfficial,ResultPassComplete,,,,,3.0,6.0,23.0,Home,35.0,6.0,3:28, ,49.0,21022,21447,,,,,,,,,,,,,,,,,,,,,,,,0,0.0,0.0,0.0,0.0,0.0
2023,FOOTBALL_XFL_2023_4_1_SA@VGS,SA,3,VGS,7,outdoors,296,1680384788.0,63188,2023-04-01 21:33:08.000000,EventFootballRush,1-10-SA 16 (9:25) 15 R. Smith rush to SA 17 for -1 yards (15 J. Williams),,True,4,9,25,Half2,MaSourceTypeOfficialScoring,FOOTBALL_XFL_2023_4_1_SA@VGS,,QBStat,131,2302027-SA-at-VGS,565,565,565,9:25,7,,,1.0,VGS,SA,0.0,3,2,2,2,Visitor,16,18,16,0,12,26,21974,,,StatusOfficial,,,,,21447,1.0,10.0,-1.0,Home,35.0,7.0,4:22, ,48.0,,,,,,,,,,,,,,,,,,,,,,,,,,0,0.0,0.0,0.0,0.0,0.0
2023,FOOTBALL_XFL_2023_4_1_SA@VGS,SA,3,VGS,7,outdoors,298,1680384823.0,63223,2023-04-01 21:33:43.000000,EventFootballRush,2-11-SA 17 (8:49) 3 J. McClendon rush to SA 15 for 2 yards (28 J. Koerner),,True,4,8,49,Half2,MaSourceTypeOfficialScoring,FOOTBALL_XFL_2023_4_1_SA@VGS,,QBStat,132,2302027-SA-at-VGS,529,529,529,8:49,7,,,1.0,VGS,SA,0.0,3,2,2,2,Visitor,17,18,17,0,12,26,20901,,,StatusOfficial,,,,,21022,2.0,11.0,2.0,Home,35.0,8.0,4:46, ,50.0,,,,,,,,,,,,,,,,,,,,,,,,,,0,0.0,0.0,0.0,0.0,0.0
2023,FOOTBALL_XFL_2023_4_1_SA@VGS,SA,3,VGS,7,outdoors,300,1680384860.0,63260,2023-04-01 21:34:20.000000,EventFootballPass,3-9-SA 15 (8:13) 3 J. McClendon pass to 14 C. Sweeting to SA 16 for -1 yards (28 J. Koerner),,True,4,8,13,Half2,MaSourceTypeOfficialScoring,FOOTBALL_XFL_2023_4_1_SA@VGS,,QBStat,133,2302027-SA-at-VGS,493,493,493,8:13,7,,,1.0,VGS,SA,0.0,3,2,2,2,Visitor,15,18,15,0,12,26,20901,,,StatusOfficial,ResultPassComplete,,,,,3.0,9.0,-1.0,Home,35.0,9.0,5:31, ,49.0,21022,21507,,,,,,,,,,,,,,,,,,,,,,,,0,0.0,0.0,0.0,0.0,0.0
2023,FOOTBALL_XFL_2023_4_1_SA@VGS,SA,3,VGS,7,outdoors,303,1680384899.0,63299,2023-04-01 21:34:59.000000,EventFootballFg,4-10-SA 16 (7:35) 47 B. Giffen 34 yard field goal is NO GOOD,,True,4,7,35,Half2,MaSourceTypeOfficialScoring,FOOTBALL_XFL_2023_4_1_SA@VGS,,QBStat,134,2302027-SA-at-VGS,455,455,455,7:35,7,,,1.0,VGS,SA,0.0,3,2,2,2,Visitor,16,18,16,0,12,26,,21499,,StatusOfficial,ResultKickMissed,,,,,4.0,10.0,34.0,Home,35.0,10.0,5:40,MISSED FG,49.0,,,,,,,,,,,,,,,,,,,,,,,,,,0,0.0,0.0,0.0,0.0,0.0
2023,FOOTBALL_XFL_2023_4_1_SA@VGS,SA,3,VGS,7,outdoors,305,1680385113.0,63513,2023-04-01 21:38:33.000000,EventFootballRush,"1-10-SA 24 (7:25) 9 J. Patrick rush to SA 24 for 0 yards (98 C. Walker, 30 S. Roberts)",,True,4,7,25,Half2,MaSourceTypeOfficialScoring,FOOTBALL_XFL_2023_4_1_SA@VGS,,QBStat,135,2302027-SA-at-VGS,445,445,445,7:25,3,,,0.0,SA,VGS,0.0,3,2,3,3,Visitor,24,19,76,0,12,26,22794,,,StatusOfficial,,,,,21196,1.0,10.0,0.0,Visitor,24.0,1.0,0:28, ,,,,21312,,,,,,,,,,,,,,,,,,,,,,,0,0.0,0.0,0.0,0.0,0.0
2023,FOOTBALL_XFL_2023_4_1_SA@VGS,SA,3,VGS,7,outdoors,307,1680385136.0,63536,2023-04-01 21:38:56.000000,EventFootballSack,2-10-SA 24 (7:03) 13 K. Benkert sacked at SA 15 for -9 yards (26 M. Smith),,True,4,7,3,Half2,MaSourceTypeOfficialScoring,FOOTBALL_XFL_2023_4_1_SA@VGS,,QBStat,136,2302027-SA-at-VGS,423,423,423,7:03,3,,,0.0,SA,VGS,0.0,3,2,3,3,Visitor,24,19,76,0,12,26,,,,StatusOfficial,,,,,,2.0,10.0,-9.0,Visitor,24.0,2.0,0:45, ,-9.0,22290,,,,,,,,,,,,,,,,,21444,,,,,,,,0,0.0,0.0,0.0,0.0,0.0
2023,FOOTBALL_XFL_2023_4_1_SA@VGS,SA,3,VGS,7,outdoors,309,1680385208.0,63608,2023-04-01 21:40:08.000000,EventFootballPenalty,"3-19-SA 15 (6:27) PENALTY on (VGS) 48 D. Calhoun, 15 yards",,True,4,6,27,Half2,MaSourceTypeOfficialScoring,FOOTBALL_XFL_2023_4_1_SA@VGS,,QBStat,137,2302027-SA-at-VGS,387,387,387,6:27,3,,,0.0,SA,VGS,0.0,3,2,3,3,Visitor,15,19,85,0,12,26,,,,StatusOfficial,,,,,,3.0,19.0,,Visitor,24.0,2.0,1:08, ,6.0,,,,,7,21744,15.0,ResultPenaltyAuto1Stdown,NA,,,,,,,,,,,,,,,,,0,0.0,0.0,0.0,0.0,0.0
2023,FOOTBALL_XFL_2023_4_1_SA@VGS,SA,3,VGS,7,outdoors,311,1680385238.0,63638,2023-04-01 21:40:38.000000,EventFootballPass,"1-10-SA 30 (6:06) 13 K. Benkert pass to 6 F. Brown to VGS 49 for 21 yards (26 M. Smith, 25 M. Evans)",,True,4,6,6,Half2,MaSourceTypeOfficialScoring,FOOTBALL_XFL_2023_4_1_SA@VGS,,QBStat,138,2302027-SA-at-VGS,366,366,366,6:06,3,,,0.0,SA,VGS,0.0,3,2,3,3,Visitor,30,19,70,0,12,26,21444,,,StatusOfficial,ResultPassComplete,,,,,1.0,10.0,21.0,Visitor,24.0,3.0,1:43, ,27.0,22290,20203,20461,,,,,,,,,,,,,,,,,,,,,,,0,0.0,0.0,0.0,0.0,0.0
2023,FOOTBALL_XFL_2023_4_1_SA@VGS,SA,3,VGS,7,outdoors,313,1680385263.0,63663,2023-04-01 21:41:03.000000,EventFootballPass,1-10-VGS 49 (5:43) 13 K. Benkert pass incomplete to 18 T. Vasher Pass Defended by 6 K. Kennedy,,True,4,5,43,Half2,MaSourceTypeOfficialScoring,FOOTBALL_XFL_2023_4_1_SA@VGS,,QBStat,139,2302027-SA-at-VGS,343,343,343,5:43,3,,,0.0,SA,VGS,0.0,3,2,3,3,Home,49,19,49,0,12,26,,,,StatusOfficial,ResultPassIncomplete,,,,,1.0,10.0,,Visitor,24.0,4.0,1:55, ,27.0,22290,21898,,,,,,,,,,21943,,,,,,,,,,,,,,0,0.0,0.0,0.0,0.0,0.0
2023,FOOTBALL_XFL_2023_4_1_SA@VGS,SA,3,VGS,7,outdoors,315,1680385296.0,63696,2023-04-01 21:41:36.000000,EventFootballPass,2-10-VGS 49 (5:26) 13 K. Benkert pass incomplete to 82 L. Akers,,True,4,5,26,Half2,MaSourceTypeOfficialScoring,FOOTBALL_XFL_2023_4_1_SA@VGS,,QBStat,140,2302027-SA-at-VGS,326,326,326,5:26,3,,,0.0,SA,VGS,0.0,3,2,3,3,Home,49,19,49,0,12,26,,,,StatusOfficial,ResultPassIncomplete,,,,,2.0,10.0,,Visitor,24.0,5.0,2:17, ,27.0,22290,20016,,,,,,,,,,,,,,,,,,,,,,,,0,0.0,0.0,0.0,0.0,0.0
2023,FOOTBALL_XFL_2023_4_1_SA@VGS,SA,3,VGS,7,outdoors,318,1680385336.0,63736,2023-04-01 21:42:16.000000,EventFootballSack,"3-10-VGS 49 (4:50) 13 K. Benkert sacked at SA 41 for -10 yards Fumbled by 13 K. Benkert,  Forced by 0 P. Taumoepenu Recovered by 44 V. Beasley (0 P. Taumoepenu)",,True,4,4,50,Half2,MaSourceTypeOfficialScoring,FOOTBALL_XFL_2023_4_1_SA@VGS,,QBStat,141,2302027-SA-at-VGS,290,290,290,4:50,3,,,0.0,SA,VGS,0.0,3,2,3,3,Home,49,19,49,0,12,26,,,,StatusOfficial,,,Visitor,49.0,,3.0,10.0,-10.0,Visitor,24.0,6.0,2:45,FUMBLE,25.0,22290,,,,,,,,,,,,,,,,,21968,3,22290,7,21739,21968,,,0,0.0,0.0,0.0,0.0,0.0
2023,FOOTBALL_XFL_2023_4_1_SA@VGS,SA,3,VGS,7,outdoors,320,1680385391.0,63791,2023-04-01 21:43:11.000000,EventFootballRush,"1-10-SA 49 (4:41) 18 B. Burt rush to SA 48 for 1 yard (5 T. Adewusi, 33 D. Beesley)",,True,4,4,41,Half2,MaSourceTypeOfficialScoring,FOOTBALL_XFL_2023_4_1_SA@VGS,,QBStat,142,2302027-SA-at-VGS,281,281,281,4:41,7,,,1.0,VGS,SA,0.0,3,2,2,2,Visitor,49,20,49,0,12,26,20008,,,StatusOfficial,,,,,20232,1.0,10.0,1.0,Visitor,49.0,1.0,0:18, ,1.0,,,21740,,,,,,,,,,,,,,,,,,,,,,,0,0.0,0.0,0.0,0.0,0.0
2023,FOOTBALL_XFL_2023_4_1_SA@VGS,SA,3,VGS,7,outdoors,322,1680385440.0,63840,2023-04-01 21:44:00.000000,EventFootballPenalty,"2-9-SA 48 (4:01) PENALTY on Vegas Vipers, 5 yards",,True,4,4,1,Half2,MaSourceTypeOfficialScoring,FOOTBALL_XFL_2023_4_1_SA@VGS,,QBStat,143,2302027-SA-at-VGS,241,241,241,4:01,7,,,1.0,VGS,SA,0.0,3,2,2,2,Visitor,48,20,48,0,12,26,,,,StatusOfficial,,,,,,2.0,9.0,,Visitor,49.0,1.0,0:45, ,-4.0,,,,,7,TM,5.0,ResultPenaltyRepeatdown,NA,,,,,,,,,,,,,,,,,0,0.0,0.0,0.0,0.0,0.0
2023,FOOTBALL_XFL_2023_4_1_SA@VGS,SA,3,VGS,7,outdoors,324,1680385483.0,63883,2023-04-01 21:44:43.000000,EventFootballPass,2-14-VGS 47 (3:31) 3 J. McClendon pass incomplete to 89 C. Sutton,,True,4,3,31,Half2,MaSourceTypeOfficialScoring,FOOTBALL_XFL_2023_4_1_SA@VGS,,QBStat,144,2302027-SA-at-VGS,211,211,211,3:31,7,,,1.0,VGS,SA,0.0,3,2,2,2,Home,47,20,53,0,12,26,,,,StatusOfficial,ResultPassIncomplete,,,,,2.0,14.0,,Visitor,49.0,2.0,1:15, ,-4.0,21022,21502,,,,,,,,,,,,,,,,,,,,,,,,0,0.0,0.0,0.0,0.0,0.0
2023,FOOTBALL_XFL_2023_4_1_SA@VGS,SA,3,VGS,7,outdoors,328,1680385522.0,63922,2023-04-01 21:45:22.000000,EventFootballPass,3-14-VGS 47 (3:00) 3 J. McClendon pass to 18 B. Burt to SA 43 for 10 yards (21 S. Williams),,True,4,3,0,Half2,MaSourceTypeOfficialScoring,FOOTBALL_XFL_2023_4_1_SA@VGS,,QBStat,145,2302027-SA-at-VGS,180,180,180,3:00,7,,,1.0,VGS,SA,0.0,3,2,2,2,Home,47,20,53,0,12,26,22819,,,StatusOfficial,ResultPassComplete,,,,,3.0,14.0,10.0,Visitor,49.0,3.0,2:22, ,6.0,21022,20232,,,,,,,,,,,,,,,,,,,,,,,,0,0.0,0.0,0.0,0.0,0.0
2023,FOOTBALL_XFL_2023_4_1_SA@VGS,SA,3,VGS,7,outdoors,330,1680385603.0,64003,2023-04-01 21:46:43.000000,EventFootballPunt,"4-4-SA 43 (2:10) 17 M. Carrizosa punts 33 yards from SA 43 to 2 T. Bonds, Fair Catch at SA 10",,True,4,2,10,Half2,MaSourceTypeOfficialScoring,FOOTBALL_XFL_2023_4_1_SA@VGS,,QBStat,146,2302027-SA-at-VGS,130,130,130,2:10,7,,,1.0,VGS,SA,0.0,3,2,2,2,Visitor,43,20,43,0,12,26,,,,StatusOfficial,ResultKickFaircatch,,Visitor,10.0,,4.0,4.0,,Visitor,49.0,3.0,2:40,PUNT,6.0,,,,,,,,,,,,,21784,33.0,20142,,,,,,,,,,,1,0.0,0.0,0.0,0.0,0.0
2023,FOOTBALL_XFL_2023_4_1_SA@VGS,SA,3,VGS,7,outdoors,332,1680385647.0,64047,2023-04-01 21:47:27.000000,EventFootballPass,1-10-SA 10 (2:04) 13 K. Benkert pass to 9 J. Patrick to SA 17 for 7 yards (28 C. Avery),,True,4,2,4,Half2,MaSourceTypeOfficialScoring,FOOTBALL_XFL_2023_4_1_SA@VGS,,QBStat,147,2302027-SA-at-VGS,124,124,124,2:04,3,,,0.0,SA,VGS,0.0,3,2,3,3,Visitor,10,21,90,0,12,26,20066,,,StatusOfficial,ResultPassComplete,,,,,1.0,10.0,7.0,Visitor,10.0,1.0,0:09, ,7.0,22290,21196,,,,,,,,,,,,,,,,,,,,,,,,0,0.0,0.0,0.0,0.0,0.0
2023,FOOTBALL_XFL_2023_4_1_SA@VGS,SA,3,VGS,7,outdoors,334,1680385862.0,64262,2023-04-01 21:51:02.000000,EventFootballPass,2-3-SA 17 (1:56) 13 K. Benkert pass to 88 A. Mack to SA 21 for 4 yards (6 K. Kennedy),,True,4,1,56,Half2,MaSourceTypeOfficialScoring,FOOTBALL_XFL_2023_4_1_SA@VGS,,QBStat,148,2302027-SA-at-VGS,116,116,116,1:56,3,,,0.0,SA,VGS,0.0,3,2,3,3,Visitor,17,21,83,0,12,26,21943,,,StatusOfficial,ResultPassComplete,,,,,2.0,3.0,4.0,Visitor,10.0,2.0,0:21, ,11.0,22290,21765,,,,,,,,,,,,,,,,,,,,,,,,0,0.0,0.0,0.0,0.0,0.0
2023,FOOTBALL_XFL_2023_4_1_SA@VGS,SA,3,VGS,7,outdoors,336,1680385884.0,64284,2023-04-01 21:51:24.000000,EventFootballPass,1-10-SA 21 (1:43) 13 K. Benkert pass incomplete to 88 A. Mack,,True,4,1,43,Half2,MaSourceTypeOfficialScoring,FOOTBALL_XFL_2023_4_1_SA@VGS,,QBStat,149,2302027-SA-at-VGS,103,103,103,1:43,3,,,0.0,SA,VGS,0.0,3,2,3,3,Visitor,21,21,79,0,12,26,,,,StatusOfficial,ResultPassIncomplete,,,,,1.0,10.0,,Visitor,10.0,3.0,0:26, ,11.0,22290,21765,,,,,,,,,,,,,,,,,,,,,,,,0,0.0,0.0,0.0,0.0,0.0
2023,FOOTBALL_XFL_2023_4_1_SA@VGS,SA,3,VGS,7,outdoors,338,1680385915.0,64315,2023-04-01 21:51:55.000000,EventFootballPass,2-10-SA 21 (1:41) 13 K. Benkert pass to 82 L. Akers to SA 32 for 11 yards (6 K. Kennedy),,True,4,1,41,Half2,MaSourceTypeOfficialScoring,FOOTBALL_XFL_2023_4_1_SA@VGS,,QBStat,150,2302027-SA-at-VGS,101,101,101,1:41,3,,,0.0,SA,VGS,0.0,3,2,3,3,Visitor,21,21,79,0,12,26,21943,,,StatusOfficial,ResultPassComplete,,,,,2.0,10.0,11.0,Visitor,10.0,4.0,0:33, ,22.0,22290,20016,,,,,,,,,,,,,,,,,,,,,,,,0,0.0,0.0,0.0,0.0,0.0
2023,FOOTBALL_XFL_2023_4_1_SA@VGS,SA,3,VGS,7,outdoors,340,1680385943.0,64343,2023-04-01 21:52:23.000000,EventFootballSack,"1-10-SA 32 (1:22) 13 K. Benkert sacked at SA 22 for -10 yards (0 P. Taumoepenu, 97 L. Stokes)",,True,4,1,22,Half2,MaSourceTypeOfficialScoring,FOOTBALL_XFL_2023_4_1_SA@VGS,,QBStat,151,2302027-SA-at-VGS,82,82,82,1:22,3,,,0.0,SA,VGS,0.0,3,2,3,3,Visitor,32,21,68,0,12,26,,,,StatusOfficial,,,,,,1.0,10.0,-10.0,Visitor,10.0,5.0,0:49, ,12.0,22290,,,,,,,,,,,,,,,,,21968,,,,,,,21966,0,0.0,0.0,0.0,0.0,0.0
2023,FOOTBALL_XFL_2023_4_1_SA@VGS,SA,3,VGS,7,outdoors,342,1680386012.0,64412,2023-04-01 21:53:32.000000,EventFootballPass,"2-20-SA 22 (1:17) 13 K. Benkert pass to 9 J. Patrick to SA 28 for 6 yards (30 S. Roberts) PENALTY on (VGS) 26 M. Smith, 15 yards",,True,4,1,17,Half2,MaSourceTypeOfficialScoring,FOOTBALL_XFL_2023_4_1_SA@VGS,,QBStat,152,2302027-SA-at-VGS,77,77,77,1:17,3,,,0.0,SA,VGS,0.0,3,2,3,3,Visitor,22,21,78,0,12,26,21312,,,StatusOfficial,ResultPassComplete,,,,,2.0,20.0,6.0,Visitor,10.0,6.0,0:57, ,33.0,22290,21196,,,7,21444,15.0,ResultPenaltyAuto1Stdown,NA,,,,,,,,,,,,,,,,,0,0.0,0.0,0.0,0.0,0.0
2023,FOOTBALL_XFL_2023_4_1_SA@VGS,SA,3,VGS,7,outdoors,344,1680386111.0,64511,2023-04-01 21:55:11.000000,EventFootballPenalty,"1-10-SA 43 (1:05) PENALTY on (SA) 66 K. Levao, 10 yards",,True,4,1,5,Half2,MaSourceTypeOfficialScoring,FOOTBALL_XFL_2023_4_1_SA@VGS,,QBStat,153,2302027-SA-at-VGS,65,65,65,1:05,3,,,0.0,SA,VGS,0.0,3,2,3,3,Visitor,43,21,57,0,12,26,,,,StatusOfficial,,,,,,1.0,10.0,,Visitor,10.0,6.0,1:04, ,23.0,,,,,3,20948,10.0,ResultPenaltyRepeatdown,NA,,,,,,,,,,,,,,,,,0,0.0,0.0,0.0,0.0,0.0
2023,FOOTBALL_XFL_2023_4_1_SA@VGS,SA,3,VGS,7,outdoors,346,1680386138.0,64538,2023-04-01 21:55:38.000000,EventFootballPass,1-20-SA 33 (1:01) 13 K. Benkert pass to 9 J. Patrick to SA 45 for 12 yards (30 S. Roberts),,True,4,1,1,Half2,MaSourceTypeOfficialScoring,FOOTBALL_XFL_2023_4_1_SA@VGS,,QBStat,154,2302027-SA-at-VGS,61,61,61,1:01,3,,,0.0,SA,VGS,0.0,3,2,3,3,Visitor,33,21,67,0,12,26,21312,,,StatusOfficial,ResultPassComplete,,,,,1.0,20.0,12.0,Visitor,10.0,7.0,1:12, ,35.0,22290,21196,,,,,,,,,,,,,,,,,,,,,,,,0,0.0,0.0,0.0,0.0,0.0
2023,FOOTBALL_XFL_2023_4_1_SA@VGS,SA,3,VGS,7,outdoors,348,1680386179.0,64579,2023-04-01 21:56:19.000000,EventFootballPass,2-8-SA 45 (0:53) 13 K. Benkert pass dropped by 31 J. Hilliman QB Hit by 44 V. Beasley,,True,4,0,53,Half2,MaSourceTypeOfficialScoring,FOOTBALL_XFL_2023_4_1_SA@VGS,,QBStat,155,2302027-SA-at-VGS,53,53,53,0:53,3,,,0.0,SA,VGS,0.0,3,2,3,3,Visitor,45,21,55,0,12,26,,,,StatusOfficial,ResultPassDropped,,,,,2.0,8.0,,Visitor,10.0,8.0,1:16, ,35.0,22290,20697,,,,,,,,,,,,,,,,,,,,,,21739,,0,0.0,0.0,0.0,0.0,0.0
2023,FOOTBALL_XFL_2023_4_1_SA@VGS,SA,3,VGS,7,outdoors,350,1680386240.0,64640,2023-04-01 21:57:20.000000,EventFootballTimeout,3-8-SA 45 (0:53) Timeout by San Antonio Brahmas at 0:53,,True,4,0,53,Half2,MaSourceTypeOfficialScoring,FOOTBALL_XFL_2023_4_1_SA@VGS,,QBStat,156,2302027-SA-at-VGS,53,53,53,0:53,3,,,0.0,SA,VGS,0.0,3,2,3,3,Visitor,45,21,55,0,12,26,,,,StatusOfficial,,,,,,3.0,8.0,,Visitor,10.0,8.0,1:16, ,35.0,,,,3,,,,,,,,,,,,,,,,,,,,,,0,0.0,0.0,0.0,0.0,0.0
2023,FOOTBALL_XFL_2023_4_1_SA@VGS,SA,3,VGS,7,outdoors,352,1680386278.0,64678,2023-04-01 21:57:58.000000,EventFootballPass,3-8-SA 45 (0:45) 4 J. Pass pass incomplete to 9 J. Patrick,,True,4,0,45,Half2,MaSourceTypeOfficialScoring,FOOTBALL_XFL_2023_4_1_SA@VGS,,QBStat,157,2302027-SA-at-VGS,45,45,45,0:45,3,,,0.0,SA,VGS,0.0,2,2,2,2,Visitor,45,21,55,0,12,26,,,,StatusOfficial,ResultPassIncomplete,,,,,3.0,8.0,,Visitor,10.0,9.0,1:24, ,35.0,21194,21196,,,,,,,,,,,,,,,,,,,,,,,,0,0.0,0.0,0.0,0.0,0.0
2023,FOOTBALL_XFL_2023_4_1_SA@VGS,SA,3,VGS,7,outdoors,354,1680386328.0,64728,2023-04-01 21:58:48.000000,EventFootballPenalty,"4-8-SA 45 (0:44) PENALTY on San Antonio Brahmas, 5 yards",,True,4,0,44,Half2,MaSourceTypeOfficialScoring,FOOTBALL_XFL_2023_4_1_SA@VGS,,QBStat,158,2302027-SA-at-VGS,44,44,44,0:44,3,,,0.0,SA,VGS,0.0,2,2,2,2,Visitor,45,21,55,0,12,26,,,,StatusOfficial,,,,,,4.0,8.0,,Visitor,10.0,9.0,1:25, ,30.0,,,,,3,TM,5.0,ResultPenaltyRepeatdown,NA,,,,,,,,,,,,,,,,,0,0.0,0.0,0.0,0.0,0.0
2023,FOOTBALL_XFL_2023_4_1_SA@VGS,SA,3,VGS,7,outdoors,356,1680386351.0,64751,2023-04-01 21:59:11.000000,EventFootballPass,"4-13-SA 40 (0:41) 4 J. Pass pass to 9 J. Patrick to VGS 40 for 20 yards (28 C. Avery, 25 M. Evans)",,True,4,0,41,Half2,MaSourceTypeOfficialScoring,FOOTBALL_XFL_2023_4_1_SA@VGS,,QBStat,159,2302027-SA-at-VGS,41,41,41,0:41,3,,,0.0,SA,VGS,0.0,2,2,2,2,Visitor,40,21,60,0,12,26,20066,,,StatusOfficial,ResultPassComplete,,,,,4.0,13.0,20.0,Visitor,10.0,10.0,1:33, ,50.0,21194,21196,20461,,,,,,,,,,,,,,,,,,,,,,,0,0.0,0.0,0.0,0.0,0.0
2023,FOOTBALL_XFL_2023_4_1_SA@VGS,SA,3,VGS,7,outdoors,358,1680386383.0,64783,2023-04-01 21:59:43.000000,EventFootballTimeout,1-10-VGS 40 (0:27) Timeout by San Antonio Brahmas at 0:27,,True,4,0,27,Half2,MaSourceTypeOfficialScoring,FOOTBALL_XFL_2023_4_1_SA@VGS,,QBStat,160,2302027-SA-at-VGS,27,27,27,0:27,3,,,0.0,SA,VGS,0.0,2,2,2,2,Home,40,21,40,0,12,26,,,,StatusOfficial,,,,,,1.0,10.0,,Visitor,10.0,10.0,1:42, ,50.0,,,,3,,,,,,,,,,,,,,,,,,,,,,0,0.0,0.0,0.0,0.0,0.0
2023,FOOTBALL_XFL_2023_4_1_SA@VGS,SA,3,VGS,7,outdoors,360,1680386452.0,64852,2023-04-01 22:00:52.000000,EventFootballSack,1-10-VGS 40 (0:21) 4 J. Pass sacked at VGS 46 for -6 yards (88 R. Windsor),,True,4,0,21,Half2,MaSourceTypeOfficialScoring,FOOTBALL_XFL_2023_4_1_SA@VGS,,QBStat,161,2302027-SA-at-VGS,21,21,21,0:21,3,,,0.0,SA,VGS,0.0,1,2,1,1,Home,40,21,40,0,12,26,,,,StatusOfficial,,,,,,1.0,10.0,-6.0,Visitor,10.0,11.0,1:48, ,44.0,21194,,,,,,,,,,,,,,,,,21975,,,,,,,,0,0.0,0.0,0.0,0.0,0.0
2023,FOOTBALL_XFL_2023_4_1_SA@VGS,SA,3,VGS,7,outdoors,362,1680386514.0,64914,2023-04-01 22:01:54.000000,EventFootballPass,2-16-VGS 46 (0:18) 4 J. Pass pass incomplete to 9 J. Patrick,,True,4,0,18,Half2,MaSourceTypeOfficialScoring,FOOTBALL_XFL_2023_4_1_SA@VGS,,QBStat,162,2302027-SA-at-VGS,18,18,18,0:18,3,,,0.0,SA,VGS,0.0,1,2,1,1,Home,46,21,46,0,12,26,,,,StatusOfficial,ResultPassIncomplete,,,,,2.0,16.0,,Visitor,10.0,12.0,1:51, ,44.0,21194,21196,,,,,,,,,,,,,,,,,,,,,,,,0,0.0,0.0,0.0,0.0,0.0
2023,FOOTBALL_XFL_2023_4_1_SA@VGS,SA,3,VGS,7,outdoors,364,1680386551.0,64951,2023-04-01 22:02:31.000000,EventFootballPass,3-16-VGS 46 (0:12) 4 J. Pass pass incomplete to 9 J. Patrick Pass Defended by 0 P. Taumoepenu,,True,4,0,12,Half2,MaSourceTypeOfficialScoring,FOOTBALL_XFL_2023_4_1_SA@VGS,,QBStat,163,2302027-SA-at-VGS,12,12,12,0:12,3,,,0.0,SA,VGS,0.0,1,2,1,1,Home,46,21,46,0,12,26,,,,StatusOfficial,ResultPassIncomplete,,,,,3.0,16.0,,Visitor,10.0,13.0,1:57, ,44.0,21194,21196,,,,,,,,,,21968,,,,,,,,,,,,,,0,0.0,0.0,0.0,0.0,0.0
2023,FOOTBALL_XFL_2023_4_1_SA@VGS,SA,3,VGS,7,outdoors,366,1680386587.0,64987,2023-04-01 22:03:07.000000,EventFootballPass,"4-16-VGS 46 (0:10) 4 J. Pass pass to 81 T. Toivonen to VGS 34 for 12 yards (28 C. Avery, 26 M. Smith)",,True,4,0,10,Half2,MaSourceTypeOfficialScoring,FOOTBALL_XFL_2023_4_1_SA@VGS,,QBStat,164,2302027-SA-at-VGS,10,10,10,0:10,3,,,0.0,SA,VGS,0.0,1,2,1,1,Home,46,21,46,0,12,26,20066,,,StatusOfficial,ResultPassComplete,,,,,4.0,16.0,12.0,Visitor,10.0,14.0,2:00,DOWNS,56.0,21194,22891,21444,,,,,,,,,,,,,,,,,,,,,,,0,0.0,0.0,0.0,0.0,0.0
2023,FOOTBALL_XFL_2023_4_1_SA@VGS,SA,3,VGS,7,outdoors,369,1680386631.0,65031,2023-04-01 22:03:51.000000,EventFootballRush,1-10-VGS 34 (0:06) 3 J. McClendon rush to VGS 32 for -2 yards,,True,4,0,6,Half2,MaSourceTypeOfficialScoring,FOOTBALL_XFL_2023_4_1_SA@VGS,,QBStat,165,2302027-SA-at-VGS,6,6,6,0:06,7,,,1.0,VGS,SA,0.0,1,2,2,2,Home,34,22,66,0,12,26,,,,StatusOfficial,,,,,21022,1.0,10.0,-2.0,Home,34.0,1.0,0:06,HALF,-2.0,,,,,,,,,,,,,,,,,,,,,,,,,,0,0.0,0.0,0.0,0.0,0.0
2023,FOOTBALL_XFL_2023_4_1_SA@VGS,SA,3,VGS,7,outdoors,370,1680386650.488191,,2023-04-01 22:04:10.488191,EventEnd,Game End Marker,,True,4,0,0,Half2,MaSourceTypeOfficialScoring,FOOTBALL_XFL_2023_4_1_SA@VGS,,QBStat,10020,2302027-SA-at-VGS,0,0,0,0:00,7,,,1.0,VGS,SA,0.0,1,2,2,2,Home,32,22,68,0,12,26,,,,,,,,,,2.0,12.0,,,,,,,,,,,,,,,,,,,,,,,,,,,,,,,,,0,0.0,0.0,0.0,0.0,0.0
2023,FOOTBALL_XFL_2023_4_1_SA@VGS,SA,3,VGS,7,outdoors,373,1680386907.1916792,,2023-04-01 22:08:27.191679,EventOfficial,Game Official Marker,,True,4,0,0,Half2,MaSourceTypeOfficialScoring,FOOTBALL_XFL_2023_4_1_SA@VGS,,QBStat,10025,2302027-SA-at-VGS,0,0,0,0:00,7,,,1.0,VGS,SA,0.0,1,2,2,2,Home,32,22,68,0,12,26,,,,,,,,,,2.0,12.0,,,,,,,,,,,,,,,,,,,,,,,,,,,,,,,,,0,0.0,0.0,0.0,0.0,0.0
