season,game_id,away_team_abv,away_team_id,home_team_abv,home_team_id,MarkerId,MarkerUTC,MarkerLTC,play_date_time,play_type,desc,comments,IsOfficial,qtr,ClockMinutes,ClockSeconds,game_half,SourceType,EventId,SituationCode,SourceId,SourceNativeMarkerId,OfficialCode,quarter_seconds_remaining,half_seconds_remaining,game_seconds_remaining,time,VisTimeouts,HomeTimeouts,BallOn_Side,BallOn_YardNum,DriveNum,pos_team_ID,PossTeamAbv,LastPlaySummary,LastPlayStatus,home_team_has_pos,yardline_100,VisScore,HomeScore,MapRoleTackler1,MapRoleKicker,MapRoleKickreturner,FootballStatus,FootballPlayResult,FootballKickRetYards,FootballSetBallOn_VisOrHome,FootballSetBallOn_YardNum,MapRolePasser,MapRoleReceiver,Down,Distance,Drive_Start_VisOrHome,Drive_Start_YardNum,Drive_Plays,Drive_TOP,Result,MapRoleRusher,FootballYards,Drive_Yards,MapRoleTackler2,MapRolePunter,MapRolePuntreturner,FootballPuntYards,FootballPuntRetYards,MapRoleQbHitter,MapRolePassDefender,FootballPenalty_TeamId,FootballPenalty_PlayerId,FootballPenalty_Yards,FootballPenalty_PenaltyResult,FootballPenalty_Description,FootballMainScoringPlay,FootballKickYards,FootballConvAttPts,FootballTimeoutTeamId,MapRoleInterceptor,MapRoleSacker1,FootballExtraYards_IndivOrTeam,FootballExtraYards_TeamId,FootballExtraYards_PlayerId,FootballExtraYards_Yards,FootballFumble_TeamFumbled,FootballFumble_PlayerFumbled,FootballFumble_TeamRecovered,FootballFumble_PlayerRecovered,FootballFumble_PlayerForcedFumble,MapRoleBlockedby,MapRoleSacker2,punt_attempt,pass_touchdown,rush_touchdown,touchdown
2023,FOOTBALL_XFL_2023_3_25_SEA@ORL,SEA,6,ORL,4,2,1679763926.4419916,,2023-03-25 17:05:26.441992,EventStart,Game Start Marker,,True,1,14,51,Half1,MaSourceTypeOfficialScoring,FOOTBALL_XFL_2023_3_25_SEA@ORL,,QBStat,10005,2302021-SEA-at-ORL,891,1791,3591,14:51,3,3,Home,30,1,6,,,,0.0,30,0,0,,,,,,,,,,,,,,,,,,,,,,,,,,,,,,,,,,,,,,,,,,,,,,,,,,0,0.0,0.0,0.0
2023,FOOTBALL_XFL_2023_3_25_SEA@ORL,SEA,6,ORL,4,4,1679763928.0,47128,2023-03-25 17:05:28.000000,EventFootballKickoff,FROM ORL 30 (14:51) 0 J. Borregales kicks from ORL 30. 86 K. McKnight to SEA 21 for 11 yards (40 E. Thompson),,True,1,14,51,Half1,MaSourceTypeOfficialScoring,FOOTBALL_XFL_2023_3_25_SEA@ORL,,QBStat,1,2302021-SEA-at-ORL,891,1791,3591,14:51,3,3,Home,30,1,6,,,,0.0,30,0,0,21550,22840,86,StatusOfficial,ResultKickReturned,11.0,Visitor,21.0,,,,,,,,,,,,,,,,,,,,,,,,,,,,,,,,,,,,,,,,,,0,0.0,0.0,0.0
2023,FOOTBALL_XFL_2023_3_25_SEA@ORL,SEA,6,ORL,4,6,1679763943.0,47143,2023-03-25 17:05:43.000000,EventFootballPass,1-10-SEA 21 (14:37) 6 B. DiNucci pass incomplete to 3 J. Pearson,,True,1,14,37,Half1,MaSourceTypeOfficialScoring,FOOTBALL_XFL_2023_3_25_SEA@ORL,,QBStat,2,2302021-SEA-at-ORL,877,1777,3577,14:37,3,3,Visitor,21,1,6,,,,0.0,79,0,0,,,,StatusOfficial,ResultPassIncomplete,,,,21979,21203,1.0,10.0,Visitor,21.0,1.0,0:19, ,,,,,,,,,,,,,,,,,,,,,,,,,,,,,,,,,0,0.0,0.0,0.0
2023,FOOTBALL_XFL_2023_3_25_SEA@ORL,SEA,6,ORL,4,8,1679763966.0,47166,2023-03-25 17:06:06.000000,EventFootballRush,2-10-SEA 21 (14:14) 6 B. DiNucci rush to SEA 26 for 5 yards,,True,1,14,14,Half1,MaSourceTypeOfficialScoring,FOOTBALL_XFL_2023_3_25_SEA@ORL,,QBStat,3,2302021-SEA-at-ORL,854,1754,3554,14:14,3,3,Visitor,21,1,6,,,,0.0,79,0,0,,,,StatusOfficial,,,,,,,2.0,10.0,Visitor,21.0,2.0,0:46, ,21979,5.0,5.0,,,,,,,,,,,,,,,,,,,,,,,,,,,,,,0,0.0,0.0,0.0
2023,FOOTBALL_XFL_2023_3_25_SEA@ORL,SEA,6,ORL,4,10,1679764011.0,47211,2023-03-25 17:06:51.000000,EventFootballPass,3-5-SEA 26 (13:40) 6 B. DiNucci pass incomplete to 3 J. Pearson,,True,1,13,40,Half1,MaSourceTypeOfficialScoring,FOOTBALL_XFL_2023_3_25_SEA@ORL,,QBStat,4,2302021-SEA-at-ORL,820,1720,3520,13:40,3,3,Visitor,26,1,6,,,,0.0,74,0,0,,,,StatusOfficial,ResultPassIncomplete,,,,21979,21203,3.0,5.0,Visitor,21.0,3.0,1:11, ,,,5.0,,,,,,,,,,,,,,,,,,,,,,,,,,,,,,0,0.0,0.0,0.0
2023,FOOTBALL_XFL_2023_3_25_SEA@ORL,SEA,6,ORL,4,12,1679764036.0,47236,2023-03-25 17:07:16.000000,EventFootballPunt,"4-5-SEA 26 (13:20) 10 C. Nizialek punts 53 yards from SEA 26 to ORL 21. 32 J. Rogers to ORL 32 for 11 yards (19 T. Hammonds, 96 D. Joseph)",,True,1,13,20,Half1,MaSourceTypeOfficialScoring,FOOTBALL_XFL_2023_3_25_SEA@ORL,,QBStat,5,2302021-SEA-at-ORL,800,1700,3500,13:20,3,3,Visitor,26,1,6,,,,0.0,74,0,0,20208,,,StatusOfficial,ResultKickReturned,,Home,32.0,,,4.0,5.0,Visitor,21.0,3.0,1:40,PUNT,,,5.0,96,21997,21333,53.0,11.0,,,,,,,,,,,,,,,,,,,,,,,,,1,0.0,0.0,0.0
2023,FOOTBALL_XFL_2023_3_25_SEA@ORL,SEA,6,ORL,4,14,1679764096.0,47296,2023-03-25 17:08:16.000000,EventFootballRush,1-10-ORL 32 (13:00) 30 J. Martin rush to ORL 32 for 0 yards (48 S. Miller),,True,1,13,0,Half1,MaSourceTypeOfficialScoring,FOOTBALL_XFL_2023_3_25_SEA@ORL,,QBStat,6,2302021-SEA-at-ORL,780,1680,3480,13:00,3,3,Home,32,2,4,,,,1.0,68,0,0,22630,,,StatusOfficial,,,,,,,1.0,10.0,Home,32.0,1.0,0:12, ,20997,0.0,,,,,,,,,,,,,,,,,,,,,,,,,,,,,,,0,0.0,0.0,0.0
2023,FOOTBALL_XFL_2023_3_25_SEA@ORL,SEA,6,ORL,4,16,1679764130.0,47330,2023-03-25 17:08:50.000000,EventFootballPass,"2-10-ORL 32 (12:25) 12 Q. Dormady pass to 83 D. Williams to ORL 43 for 11 yards QB Hit by 48 S. Miller (2 A. Brooks, 17 R. Farris)",,True,1,12,25,Half1,MaSourceTypeOfficialScoring,FOOTBALL_XFL_2023_3_25_SEA@ORL,,QBStat,7,2302021-SEA-at-ORL,745,1645,3445,12:25,3,3,Home,32,2,4,,,,1.0,68,0,0,21919,,,StatusOfficial,ResultPassComplete,,,,20407,21672,2.0,10.0,Home,32.0,2.0,1:00, ,,11.0,11.0,20468,,,,,22630,,,,,,,,,,,,,,,,,,,,,,,,0,0.0,0.0,0.0
2023,FOOTBALL_XFL_2023_3_25_SEA@ORL,SEA,6,ORL,4,18,1679764161.0,47361,2023-03-25 17:09:21.000000,EventFootballRush,1-10-ORL 43 (11:54) 30 J. Martin rush to ORL 46 for 3 yards (51 T. Skipper),,True,1,11,54,Half1,MaSourceTypeOfficialScoring,FOOTBALL_XFL_2023_3_25_SEA@ORL,,QBStat,8,2302021-SEA-at-ORL,714,1614,3414,11:54,3,3,Home,43,2,4,,,,1.0,57,0,0,21422,,,StatusOfficial,,,,,,,1.0,10.0,Home,32.0,3.0,1:19, ,20997,3.0,14.0,,,,,,,,,,,,,,,,,,,,,,,,,,,,,,0,0.0,0.0,0.0
2023,FOOTBALL_XFL_2023_3_25_SEA@ORL,SEA,6,ORL,4,20,1679764207.0,47407,2023-03-25 17:10:07.000000,EventFootballPass,2-7-ORL 46 (11:10) 12 Q. Dormady pass incomplete to 11 C. Latimer,,True,1,11,10,Half1,MaSourceTypeOfficialScoring,FOOTBALL_XFL_2023_3_25_SEA@ORL,,QBStat,9,2302021-SEA-at-ORL,670,1570,3370,11:10,3,3,Home,46,2,4,,,,1.0,54,0,0,,,,StatusOfficial,ResultPassIncomplete,,,,20407,20929,2.0,7.0,Home,32.0,4.0,1:56, ,,,14.0,,,,,,,,,,,,,,,,,,,,,,,,,,,,,,0,0.0,0.0,0.0
2023,FOOTBALL_XFL_2023_3_25_SEA@ORL,SEA,6,ORL,4,22,1679764255.0,47455,2023-03-25 17:10:55.000000,EventFootballPass,3-7-ORL 46 (10:31) 12 Q. Dormady pass incomplete to 39 J. Smith Pass Defended by 1 B. Thompson,,True,1,10,31,Half1,MaSourceTypeOfficialScoring,FOOTBALL_XFL_2023_3_25_SEA@ORL,,QBStat,10,2302021-SEA-at-ORL,631,1531,3331,10:31,3,3,Home,46,2,4,,,,1.0,54,0,0,,,,StatusOfficial,ResultPassIncomplete,,,,20407,21439,3.0,7.0,Home,32.0,5.0,2:48, ,,,14.0,,,,,,,22377,,,,,,,,,,,,,,,,,,,,,,,0,0.0,0.0,0.0
2023,FOOTBALL_XFL_2023_3_25_SEA@ORL,SEA,6,ORL,4,27,1679764276.0,47476,2023-03-25 17:11:16.000000,EventFootballPunt,"4-7-ORL 46 (10:12) 19 M. Brown punts 51 yards from ORL 46 to SEA 3. 86 K. McKnight to ORL 43 for 49 yards (23 N. Hosein) PENALTY on Orlando Guardians, 5 yards",,True,1,10,12,Half1,MaSourceTypeOfficialScoring,FOOTBALL_XFL_2023_3_25_SEA@ORL,,QBStat,11,2302021-SEA-at-ORL,612,1512,3312,10:12,3,3,Home,46,2,4,,,,1.0,54,0,0,21917,,,StatusOfficial,ResultKickReturned,,Home,43.0,,,4.0,7.0,Home,32.0,5.0,3:08,PUNT,,,14.0,,20208,21875,51.0,49.0,,,4,TM,5.0,ResultPenaltyOnkickoffpat,NA,,,,,,,,,,,,,,,,,,1,0.0,0.0,0.0
2023,FOOTBALL_XFL_2023_3_25_SEA@ORL,SEA,6,ORL,4,30,1679764548.0,47748,2023-03-25 17:15:48.000000,EventFootballRush,"1-10-ORL 43 (9:49) 23 D. Bradwell rush to ORL 41 for 2 yards (38 M. Murphy, 88 C. Patton)",,True,1,9,49,Half1,MaSourceTypeOfficialScoring,FOOTBALL_XFL_2023_3_25_SEA@ORL,,QBStat,12,2302021-SEA-at-ORL,589,1489,3289,9:49,3,3,Home,43,3,6,,,,0.0,43,0,0,21121,,,StatusOfficial,,,,,,,1.0,10.0,Home,43.0,1.0,0:32, ,21917,2.0,2.0,22001,,,,,,,,,,,,,,,,,,,,,,,,,,,,,0,0.0,0.0,0.0
2023,FOOTBALL_XFL_2023_3_25_SEA@ORL,SEA,6,ORL,4,32,1679764589.0,47789,2023-03-25 17:16:29.000000,EventFootballRush,2-8-ORL 41 (9:09) 19 T. Hammonds rush to ORL 38 for 3 yards (8 T. Smith),,True,1,9,9,Half1,MaSourceTypeOfficialScoring,FOOTBALL_XFL_2023_3_25_SEA@ORL,,QBStat,13,2302021-SEA-at-ORL,549,1449,3249,9:09,3,3,Home,41,3,6,,,,0.0,41,0,0,21448,,,StatusOfficial,,,,,,,2.0,8.0,Home,43.0,2.0,0:54, ,20620,3.0,5.0,,,,,,,,,,,,,,,,,,,,,,,,,,,,,,0,0.0,0.0,0.0
2023,FOOTBALL_XFL_2023_3_25_SEA@ORL,SEA,6,ORL,4,34,1679764632.0,47832,2023-03-25 17:17:12.000000,EventFootballPass,"3-5-ORL 38 (8:25) 6 B. DiNucci pass to 80 B. Jackson to ORL 19 for 19 yards (21 S. Wiggins, 32 J. Rogers)",,True,1,8,25,Half1,MaSourceTypeOfficialScoring,FOOTBALL_XFL_2023_3_25_SEA@ORL,,QBStat,14,2302021-SEA-at-ORL,505,1405,3205,8:25,3,3,Home,38,3,6,,,,0.0,38,0,0,21664,,,StatusOfficial,ResultPassComplete,,,,21979,20761,3.0,5.0,Home,43.0,3.0,1:49, ,,19.0,24.0,21333,,,,,,,,,,,,,,,,,,,,,,,,,,,,,0,0.0,0.0,0.0
2023,FOOTBALL_XFL_2023_3_25_SEA@ORL,SEA,6,ORL,4,37,1679764675.0,47875,2023-03-25 17:17:55.000000,EventFootballPass,1-10-ORL 19 (7:43) 6 B. DiNucci pass dropped by 4 J. Green Pass Defended by 21 S. Wiggins,,True,1,7,43,Half1,MaSourceTypeOfficialScoring,FOOTBALL_XFL_2023_3_25_SEA@ORL,,QBStat,15,2302021-SEA-at-ORL,463,1363,3163,7:43,3,3,Home,19,3,6,,,,0.0,19,0,0,,,,StatusOfficial,ResultPassDropped,,,,21979,22035,1.0,10.0,Home,43.0,4.0,2:37, ,,,24.0,,,,,,,21664,,,,,,,,,,,,,,,,,,,,,,,0,0.0,0.0,0.0
2023,FOOTBALL_XFL_2023_3_25_SEA@ORL,SEA,6,ORL,4,46,1679764721.0,47921,2023-03-25 17:18:41.000000,EventFootballPenalty,"2-10-ORL 19 (7:16) PENALTY on (SEA) 55 C. Owens, 5 yards",,True,1,7,16,Half1,MaSourceTypeOfficialScoring,FOOTBALL_XFL_2023_3_25_SEA@ORL,,QBStat,16,2302021-SEA-at-ORL,436,1336,3136,7:16,3,3,Home,19,3,6,,,,0.0,19,0,0,,,,StatusOfficial,,,,,,,2.0,10.0,Home,43.0,4.0,2:37, ,,,19.0,,,,,,,,6,21172,5.0,ResultPenaltyRepeatdown,NA,,,,,,,,,,,,,,,,,,0,0.0,0.0,0.0
2023,FOOTBALL_XFL_2023_3_25_SEA@ORL,SEA,6,ORL,4,47,1679764745.0,47945,2023-03-25 17:19:05.000000,EventFootballRush,"2-15-ORL 24 (6:58) 23 D. Bradwell rush to ORL 19 for 5 yards (9 G. Willis, 56 S. Maponga)",,True,1,6,58,Half1,MaSourceTypeOfficialScoring,FOOTBALL_XFL_2023_3_25_SEA@ORL,,QBStat,17,2302021-SEA-at-ORL,418,1318,3118,6:58,3,3,Home,24,3,6,,,,0.0,24,0,0,21696,,,StatusOfficial,,,,,,,2.0,15.0,Home,43.0,5.0,3:05, ,21917,5.0,24.0,20992,,,,,,,,,,,,,,,,,,,,,,,,,,,,,0,0.0,0.0,0.0
2023,FOOTBALL_XFL_2023_3_25_SEA@ORL,SEA,6,ORL,4,43,1679764787.0,47987,2023-03-25 17:19:47.000000,EventFootballPass,3-10-ORL 19 (6:18) 6 B. DiNucci pass incomplete to 0 J. Gordon Pass Defended by 22 M. Elam,,True,1,6,18,Half1,MaSourceTypeOfficialScoring,FOOTBALL_XFL_2023_3_25_SEA@ORL,,QBStat,18,2302021-SEA-at-ORL,378,1278,3078,6:18,3,3,Home,19,3,6,,,,0.0,19,0,0,,,,StatusOfficial,ResultPassIncomplete,,,,21979,22840,3.0,10.0,Home,43.0,6.0,3:39, ,,,24.0,,,,,,,20444,,,,,,,,,,,,,,,,,,,,,,,0,0.0,0.0,0.0
2023,FOOTBALL_XFL_2023_3_25_SEA@ORL,SEA,6,ORL,4,45,1679764806.0,48006,2023-03-25 17:20:06.000000,EventFootballFg,4-10-ORL 19 (6:03) 11 D. Eberle 37 yard field goal is GOOD,,True,1,6,3,Half1,MaSourceTypeOfficialScoring,FOOTBALL_XFL_2023_3_25_SEA@ORL,,QBStat,19,2302021-SEA-at-ORL,363,1263,3063,6:03,3,3,Home,19,3,6,,,,0.0,19,0,0,,22874,,StatusOfficial,ResultKickMade,,,,,,4.0,10.0,Home,43.0,7.0,4:09,FG,,37.0,24.0,,,,,,,,,,,,,ScoreTypeFg,,,,,,,,,,,,,,,,,0,0.0,0.0,0.0
2023,FOOTBALL_XFL_2023_3_25_SEA@ORL,SEA,6,ORL,4,49,1679764979.0,48179,2023-03-25 17:22:59.000000,EventFootballKickoff,FROM SEA 30 (5:50) 11 D. Eberle kicks from SEA 30. 32 J. Rogers to ORL 18 for 13 yards (51 T. Skipper),,True,1,5,50,Half1,MaSourceTypeOfficialScoring,FOOTBALL_XFL_2023_3_25_SEA@ORL,,QBStat,20,2302021-SEA-at-ORL,350,1250,3050,5:50,3,3,Visitor,30,4,4,,,,1.0,30,3,0,21422,20929,20311,StatusOfficial,ResultKickReturned,13.0,Home,18.0,,,,,,,,,,,,,,,,,,,,,,,,,,,,,,,,,,,,,,,,,,0,0.0,0.0,0.0
2023,FOOTBALL_XFL_2023_3_25_SEA@ORL,SEA,6,ORL,4,51,1679765080.0,48280,2023-03-25 17:24:40.000000,EventFootballPass,1-10-ORL 18 (5:39) 12 Q. Dormady pass to 10 D. Thomas to ORL 27 for 9 yards (32 Q. Cole),,True,1,5,39,Half1,MaSourceTypeOfficialScoring,FOOTBALL_XFL_2023_3_25_SEA@ORL,,QBStat,21,2302021-SEA-at-ORL,339,1239,3039,5:39,3,3,Home,18,4,4,,,,1.0,82,3,0,20311,,,StatusOfficial,ResultPassComplete,,,,20407,21891,1.0,10.0,Home,18.0,1.0,0:28, ,,9.0,9.0,,,,,,,,,,,,,,,,,,,,,,,,,,,,,,0,0.0,0.0,0.0
2023,FOOTBALL_XFL_2023_3_25_SEA@ORL,SEA,6,ORL,4,58,1679765110.0,48310,2023-03-25 17:25:10.000000,EventFootballPass,2-1-ORL 27 (5:14) 12 Q. Dormady pass incomplete to 14 C. Rambo QB Hit by 8 T. Walker,,True,1,5,14,Half1,MaSourceTypeOfficialScoring,FOOTBALL_XFL_2023_3_25_SEA@ORL,,QBStat,22,2302021-SEA-at-ORL,314,1214,3014,5:14,3,3,Home,27,4,4,,,,1.0,73,3,0,,,,StatusOfficial,ResultPassIncomplete,,,,20407,22018,2.0,1.0,Home,18.0,2.0,1:05, ,,,9.0,,,,,,21620,,,,,,,,,,,,,,,,,,,,,,,,0,0.0,0.0,0.0
2023,FOOTBALL_XFL_2023_3_25_SEA@ORL,SEA,6,ORL,4,55,1679765144.0,48344,2023-03-25 17:25:44.000000,EventFootballRush,3-1-ORL 27 (4:42) 12 Q. Dormady rush to ORL 30 for 3 yards (8 T. Walker),,True,1,4,42,Half1,MaSourceTypeOfficialScoring,FOOTBALL_XFL_2023_3_25_SEA@ORL,,QBStat,23,2302021-SEA-at-ORL,282,1182,2982,4:42,3,3,Home,27,4,4,,,,1.0,73,3,0,21620,,,StatusOfficial,,,,,,,3.0,1.0,Home,18.0,3.0,1:27, ,20407,3.0,12.0,,,,,,,,,,,,,,,,,,,,,,,,,,,,,,0,0.0,0.0,0.0
2023,FOOTBALL_XFL_2023_3_25_SEA@ORL,SEA,6,ORL,4,57,1679765176.0,48376,2023-03-25 17:26:16.000000,EventFootballPass,"1-10-ORL 30 (4:10) 12 Q. Dormady pass to 11 C. Latimer to ORL 35 for 5 yards (5 C. Payton-Jones, 2 A. Brooks)",,True,1,4,10,Half1,MaSourceTypeOfficialScoring,FOOTBALL_XFL_2023_3_25_SEA@ORL,,QBStat,24,2302021-SEA-at-ORL,250,1150,2950,4:10,3,3,Home,30,4,4,,,,1.0,70,3,0,20836,,,StatusOfficial,ResultPassComplete,,,,20407,20929,1.0,10.0,Home,18.0,4.0,1:49, ,,5.0,17.0,21919,,,,,,,,,,,,,,,,,,,,,,,,,,,,,0,0.0,0.0,0.0
2023,FOOTBALL_XFL_2023_3_25_SEA@ORL,SEA,6,ORL,4,60,1679765209.0,48409,2023-03-25 17:26:49.000000,EventFootballRush,2-5-ORL 35 (3:37) 30 J. Martin rush to ORL 38 for 3 yards (2 A. Brooks),,True,1,3,37,Half1,MaSourceTypeOfficialScoring,FOOTBALL_XFL_2023_3_25_SEA@ORL,,QBStat,25,2302021-SEA-at-ORL,217,1117,2917,3:37,3,3,Home,35,4,4,,,,1.0,65,3,0,21919,,,StatusOfficial,,,,,,,2.0,5.0,Home,18.0,5.0,2:19, ,20997,3.0,20.0,,,,,,,,,,,,,,,,,,,,,,,,,,,,,,0,0.0,0.0,0.0
2023,FOOTBALL_XFL_2023_3_25_SEA@ORL,SEA,6,ORL,4,62,1679765246.0,48446,2023-03-25 17:27:26.000000,EventFootballPass,3-2-ORL 38 (3:06) 12 Q. Dormady pass dropped by 14 C. Rambo,,True,1,3,6,Half1,MaSourceTypeOfficialScoring,FOOTBALL_XFL_2023_3_25_SEA@ORL,,QBStat,26,2302021-SEA-at-ORL,186,1086,2886,3:06,3,3,Home,38,4,4,,,,1.0,62,3,0,,,,StatusOfficial,ResultPassDropped,,,,20407,22018,3.0,2.0,Home,18.0,6.0,2:47, ,,,20.0,,,,,,,,,,,,,,,,,,,,,,,,,,,,,,0,0.0,0.0,0.0
2023,FOOTBALL_XFL_2023_3_25_SEA@ORL,SEA,6,ORL,4,64,1679765266.0,48466,2023-03-25 17:27:46.000000,EventFootballPunt,"4-2-ORL 38 (2:47) 19 M. Brown punts 47 yards from ORL 38 to SEA 15. 86 K. McKnight to SEA 7 for 0 yards (23 N. Hosein) PENALTY on (SEA) 17 R. Farris, 8 yards",,True,1,2,47,Half1,MaSourceTypeOfficialScoring,FOOTBALL_XFL_2023_3_25_SEA@ORL,,QBStat,27,2302021-SEA-at-ORL,167,1067,2867,2:47,3,3,Home,38,4,4,,,,1.0,62,3,0,21917,,,StatusOfficial,ResultKickReturned,,Visitor,7.0,,,4.0,2.0,Home,18.0,6.0,3:16,PUNT,,,20.0,,20208,21875,47.0,0.0,,,6,20468,8.0,ResultPenaltyOnkickoffpat,NA,,,,,,,,,,,,,,,,,,1,0.0,0.0,0.0
2023,FOOTBALL_XFL_2023_3_25_SEA@ORL,SEA,6,ORL,4,66,1679765368.0,48568,2023-03-25 17:29:28.000000,EventFootballRush,"1-10-SEA 7 (2:27) 23 D. Bradwell rush to SEA 4 for -3 yards (48 J. Blakely, 9 G. Willis)",,True,1,2,27,Half1,MaSourceTypeOfficialScoring,FOOTBALL_XFL_2023_3_25_SEA@ORL,,QBStat,28,2302021-SEA-at-ORL,147,1047,2847,2:27,3,3,Visitor,7,5,6,,,,0.0,93,3,0,20134,,,StatusOfficial,,,,,,,1.0,10.0,Visitor,7.0,1.0,0:16, ,21917,-3.0,-3.0,21696,,,,,,,,,,,,,,,,,,,,,,,,,,,,,0,0.0,0.0,0.0
2023,FOOTBALL_XFL_2023_3_25_SEA@ORL,SEA,6,ORL,4,68,1679765411.0,48611,2023-03-25 17:30:11.000000,EventFootballRush,2-13-SEA 4 (1:46) 6 B. DiNucci rush to SEA 7 for 3 yards (31 L. Henry),,True,1,1,46,Half1,MaSourceTypeOfficialScoring,FOOTBALL_XFL_2023_3_25_SEA@ORL,,QBStat,29,2302021-SEA-at-ORL,106,1006,2806,1:46,3,3,Visitor,4,5,6,,,,0.0,96,3,0,21941,,,StatusOfficial,,,,,,,2.0,13.0,Visitor,7.0,2.0,0:49, ,21979,3.0,,,,,,,,,,,,,,,,,,,,,,,,,,,,,,,0,0.0,0.0,0.0
2023,FOOTBALL_XFL_2023_3_25_SEA@ORL,SEA,6,ORL,4,70,1679765457.0,48657,2023-03-25 17:30:57.000000,EventFootballPass,3-10-SEA 7 (1:08) 6 B. DiNucci pass to 15 D. Willis to SEA 15 for 8 yards (27 T. Smith),,True,1,1,8,Half1,MaSourceTypeOfficialScoring,FOOTBALL_XFL_2023_3_25_SEA@ORL,,QBStat,30,2302021-SEA-at-ORL,68,968,2768,1:08,3,3,Visitor,7,5,6,,,,0.0,93,3,0,21825,,,StatusOfficial,ResultPassComplete,,,,21979,21695,3.0,10.0,Visitor,7.0,3.0,1:36, ,,8.0,8.0,,,,,,,,,,,,,,,,,,,,,,,,,,,,,,0,0.0,0.0,0.0
2023,FOOTBALL_XFL_2023_3_25_SEA@ORL,SEA,6,ORL,4,72,1679765482.0,48682,2023-03-25 17:31:22.000000,EventFootballPunt,"4-2-SEA 15 (0:43) 10 C. Nizialek punts 40 yards from SEA 15 to ORL 45. 32 J. Rogers to ORL 49 for 4 yards (96 D. Joseph, 43 E. Smith)",,True,1,0,43,Half1,MaSourceTypeOfficialScoring,FOOTBALL_XFL_2023_3_25_SEA@ORL,,QBStat,31,2302021-SEA-at-ORL,43,943,2743,0:43,3,3,Visitor,15,5,6,,,,0.0,85,3,0,96,,,StatusOfficial,ResultKickReturned,,Home,49.0,,,4.0,2.0,Visitor,7.0,3.0,2:04,PUNT,,,8.0,43,21997,21333,40.0,4.0,,,,,,,,,,,,,,,,,,,,,,,,,1,0.0,0.0,0.0
2023,FOOTBALL_XFL_2023_3_25_SEA@ORL,SEA,6,ORL,4,74,1679765562.0,48762,2023-03-25 17:32:42.000000,EventFootballPenalty,"1-10-ORL 49 (0:22) PENALTY on (ORL) 59 Z. Furcron, 5 yards",,True,1,0,22,Half1,MaSourceTypeOfficialScoring,FOOTBALL_XFL_2023_3_25_SEA@ORL,,QBStat,32,2302021-SEA-at-ORL,22,922,2722,0:22,3,3,Home,49,6,4,,,,1.0,51,3,0,,,,StatusOfficial,,,,,,,1.0,10.0,Home,49.0,,0:00, ,,,-5.0,,,,,,,,4,20527,5.0,ResultPenaltyRepeatdown,NA,,,,,,,,,,,,,,,,,,0,0.0,0.0,0.0
2023,FOOTBALL_XFL_2023_3_25_SEA@ORL,SEA,6,ORL,4,76,1679765608.0,48808,2023-03-25 17:33:28.000000,EventFootballPass,1-15-ORL 44 (0:18) 12 Q. Dormady pass incomplete to 83 D. Williams,,True,1,0,18,Half1,MaSourceTypeOfficialScoring,FOOTBALL_XFL_2023_3_25_SEA@ORL,,QBStat,33,2302021-SEA-at-ORL,18,918,2718,0:18,3,3,Home,44,6,4,,,,1.0,56,3,0,,,,StatusOfficial,ResultPassIncomplete,,,,20407,21672,1.0,15.0,Home,49.0,1.0,0:08, ,,,-5.0,,,,,,,,,,,,,,,,,,,,,,,,,,,,,,0,0.0,0.0,0.0
2023,FOOTBALL_XFL_2023_3_25_SEA@ORL,SEA,6,ORL,4,78,1679765838.0,49038,2023-03-25 17:37:18.000000,EventFootballPass,2-15-ORL 44 (14:54) 12 Q. Dormady pass to 17 E. Rogers to SEA 37 for 19 yards (1 B. Thompson),,True,2,14,54,Half1,MaSourceTypeOfficialScoring,FOOTBALL_XFL_2023_3_25_SEA@ORL,,QBStat,34,2302021-SEA-at-ORL,894,894,2694,14:54,3,3,Home,44,6,4,,,,1.0,56,3,0,22377,,,StatusOfficial,ResultPassComplete,,,,20407,22708,2.0,15.0,Home,49.0,2.0,0:33, ,,19.0,14.0,,,,,,,,,,,,,,,,,,,,,,,,,,,,,,0,0.0,0.0,0.0
2023,FOOTBALL_XFL_2023_3_25_SEA@ORL,SEA,6,ORL,4,81,1679766013.0,49213,2023-03-25 17:40:13.000000,EventFootballRush,1-10-SEA 37 (14:35) 26 D. Darrington rush to SEA 6 for 31 yards (8 T. Walker),,True,2,14,35,Half1,MaSourceTypeOfficialScoring,FOOTBALL_XFL_2023_3_25_SEA@ORL,,QBStat,35,2302021-SEA-at-ORL,875,875,2675,14:35,3,3,Visitor,37,6,4,,,,1.0,37,3,0,21620,,,StatusOfficial,,,,,,,1.0,10.0,Home,49.0,3.0,1:06, ,20357,31.0,45.0,,,,,,,,,,,,,,,,,,,,,,,,,,,,,,0,0.0,0.0,0.0
2023,FOOTBALL_XFL_2023_3_25_SEA@ORL,SEA,6,ORL,4,83,1679766062.0,49262,2023-03-25 17:41:02.000000,EventFootballPenalty,"1-6-SEA 6 (14:17) PENALTY on (ORL) 64 F. Lauina, 10 yards",,True,2,14,17,Half1,MaSourceTypeOfficialScoring,FOOTBALL_XFL_2023_3_25_SEA@ORL,,QBStat,36,2302021-SEA-at-ORL,857,857,2657,14:17,3,3,Visitor,6,6,4,,,,1.0,6,3,0,,,,StatusOfficial,,,,,,,1.0,6.0,Home,49.0,3.0,1:06, ,,,35.0,,,,,,,,4,22590,10.0,ResultPenaltyRepeatdown,NA,,,,,,,,,,,,,,,,,,0,0.0,0.0,0.0
2023,FOOTBALL_XFL_2023_3_25_SEA@ORL,SEA,6,ORL,4,85,1679766099.0,49299,2023-03-25 17:41:39.000000,EventFootballPass,1-16-SEA 16 (13:51) 12 Q. Dormady pass to 14 C. Rambo to SEA 9 for 7 yards (2 A. Brooks),,True,2,13,51,Half1,MaSourceTypeOfficialScoring,FOOTBALL_XFL_2023_3_25_SEA@ORL,,QBStat,37,2302021-SEA-at-ORL,831,831,2631,13:51,3,3,Visitor,16,6,4,,,,1.0,16,3,0,21919,,,StatusOfficial,ResultPassComplete,,,,20407,22018,1.0,16.0,Home,49.0,4.0,1:42, ,,7.0,42.0,,,,,,,,,,,,,,,,,,,,,,,,,,,,,,0,0.0,0.0,0.0
2023,FOOTBALL_XFL_2023_3_25_SEA@ORL,SEA,6,ORL,4,87,1679766139.0,49339,2023-03-25 17:42:19.000000,EventFootballPass,2-9-SEA 9 (13:11) 12 Q. Dormady pass to 10 D. Thomas to SEA 8 for 1 yard (32 Q. Cole),,True,2,13,11,Half1,MaSourceTypeOfficialScoring,FOOTBALL_XFL_2023_3_25_SEA@ORL,,QBStat,38,2302021-SEA-at-ORL,791,791,2591,13:11,3,3,Visitor,9,6,4,,,,1.0,9,3,0,20311,,,StatusOfficial,ResultPassComplete,,,,20407,21891,2.0,9.0,Home,49.0,5.0,2:27, ,,1.0,43.0,,,,,,,,,,,,,,,,,,,,,,,,,,,,,,0,0.0,0.0,0.0
2023,FOOTBALL_XFL_2023_3_25_SEA@ORL,SEA,6,ORL,4,89,1679766182.0,49382,2023-03-25 17:43:02.000000,EventFootballPass,3-8-SEA 8 (12:33) 12 Q. Dormady pass incomplete to 10 D. Thomas,,True,2,12,33,Half1,MaSourceTypeOfficialScoring,FOOTBALL_XFL_2023_3_25_SEA@ORL,,QBStat,39,2302021-SEA-at-ORL,753,753,2553,12:33,3,3,Visitor,8,6,4,,,,1.0,8,3,0,,,,StatusOfficial,ResultPassIncomplete,,,,20407,21891,3.0,8.0,Home,49.0,6.0,2:54, ,,,43.0,,,,,,,,,,,,,,,,,,,,,,,,,,,,,,0,0.0,0.0,0.0
2023,FOOTBALL_XFL_2023_3_25_SEA@ORL,SEA,6,ORL,4,91,1679766200.0,49400,2023-03-25 17:43:20.000000,EventFootballFg,4-8-SEA 8 (12:17) 0 J. Borregales 26 yard field goal is GOOD,,True,2,12,17,Half1,MaSourceTypeOfficialScoring,FOOTBALL_XFL_2023_3_25_SEA@ORL,,QBStat,40,2302021-SEA-at-ORL,737,737,2537,12:17,3,3,Visitor,8,6,4,,,,1.0,8,3,0,,21741,,StatusOfficial,ResultKickMade,,,,,,4.0,8.0,Home,49.0,7.0,3:26,FG,,26.0,43.0,,,,,,,,,,,,,ScoreTypeFg,,,,,,,,,,,,,,,,,0,0.0,0.0,0.0
2023,FOOTBALL_XFL_2023_3_25_SEA@ORL,SEA,6,ORL,4,96,1679766399.0,49599,2023-03-25 17:46:39.000000,EventFootballKickoff,"FROM ORL 30 (12:04) 0 J. Borregales kicks from ORL 30. 86 K. McKnight to ORL 23 for 45 yards (38 M. Murphy) PENALTY on (ORL) 38 M. Murphy, 15 yards",,True,2,12,4,Half1,MaSourceTypeOfficialScoring,FOOTBALL_XFL_2023_3_25_SEA@ORL,,QBStat,41,2302021-SEA-at-ORL,724,724,2524,12:04,3,3,Home,30,7,6,,,,0.0,30,3,3,21121,22840,86,StatusOfficial,ResultKickReturned,45.0,Home,23.0,,,,,,,,,,,,,,,,,,,,4,21121,15.0,ResultPenaltyOnkickoffpat,NA,,,,,,,,,,,,,,,,,,0,0.0,0.0,0.0
2023,FOOTBALL_XFL_2023_3_25_SEA@ORL,SEA,6,ORL,4,97,1679766510.0,49710,2023-03-25 17:48:30.000000,EventFootballPass,1-10-ORL 23 (11:52) 6 B. DiNucci pass to 80 B. Jackson to ORL 20 for 3 yards (23 N. Hosein),,True,2,11,52,Half1,MaSourceTypeOfficialScoring,FOOTBALL_XFL_2023_3_25_SEA@ORL,,QBStat,42,2302021-SEA-at-ORL,712,712,2512,11:52,3,3,Home,23,7,6,,,,0.0,23,3,3,20723,,,StatusOfficial,ResultPassComplete,,,,21979,20761,1.0,10.0,Home,23.0,1.0,0:37, ,,3.0,3.0,,,,,,,,,,,,,,,,,,,,,,,,,,,,,,0,0.0,0.0,0.0
2023,FOOTBALL_XFL_2023_3_25_SEA@ORL,SEA,6,ORL,4,99,1679766554.0,49754,2023-03-25 17:49:14.000000,EventFootballPass,2-7-ORL 20 (11:12) 6 B. DiNucci pass incomplete to 88 J. Veasy,,True,2,11,12,Half1,MaSourceTypeOfficialScoring,FOOTBALL_XFL_2023_3_25_SEA@ORL,,QBStat,43,2302021-SEA-at-ORL,672,672,2472,11:12,3,3,Home,20,7,6,,,,0.0,20,3,3,,,,StatusOfficial,ResultPassIncomplete,,,,21979,22306,2.0,7.0,Home,23.0,2.0,0:53, ,,,3.0,,,,,,,,,,,,,,,,,,,,,,,,,,,,,,0,0.0,0.0,0.0
2023,FOOTBALL_XFL_2023_3_25_SEA@ORL,SEA,6,ORL,4,101,1679766595.0,49795,2023-03-25 17:49:55.000000,EventFootballPass,"3-7-ORL 20 (10:35) 6 B. DiNucci pass to 88 J. Veasy to ORL 11 for 9 yards (8 T. Smith, 27 T. Smith)",,True,2,10,35,Half1,MaSourceTypeOfficialScoring,FOOTBALL_XFL_2023_3_25_SEA@ORL,,QBStat,44,2302021-SEA-at-ORL,635,635,2435,10:35,3,3,Home,20,7,6,,,,0.0,20,3,3,21448,,,StatusOfficial,ResultPassComplete,,,,21979,22306,3.0,7.0,Home,23.0,3.0,1:48, ,,9.0,12.0,21825,,,,,,,,,,,,,,,,,,,,,,,,,,,,,0,0.0,0.0,0.0
2023,FOOTBALL_XFL_2023_3_25_SEA@ORL,SEA,6,ORL,4,103,1679766639.0,49839,2023-03-25 17:50:39.000000,EventFootballPass,1-10-ORL 11 (9:55) 6 B. DiNucci pass incomplete to 88 J. Veasy,,True,2,9,55,Half1,MaSourceTypeOfficialScoring,FOOTBALL_XFL_2023_3_25_SEA@ORL,,QBStat,45,2302021-SEA-at-ORL,595,595,2395,9:55,3,3,Home,11,7,6,,,,0.0,11,3,3,,,,StatusOfficial,ResultPassIncomplete,,,,21979,22306,1.0,10.0,Home,23.0,4.0,2:10, ,,,12.0,,,,,,,,,,,,,,,,,,,,,,,,,,,,,,0,0.0,0.0,0.0
2023,FOOTBALL_XFL_2023_3_25_SEA@ORL,SEA,6,ORL,4,105,1679766676.0,49876,2023-03-25 17:51:16.000000,EventFootballRush,"2-10-ORL 11 (9:20) 23 D. Bradwell rush to ORL 9 for 2 yards (99 T. Sanders, 9 G. Willis)",,True,2,9,20,Half1,MaSourceTypeOfficialScoring,FOOTBALL_XFL_2023_3_25_SEA@ORL,,QBStat,46,2302021-SEA-at-ORL,560,560,2360,9:20,3,3,Home,11,7,6,,,,0.0,11,3,3,21365,,,StatusOfficial,,,,,,,2.0,10.0,Home,23.0,5.0,2:54, ,21917,2.0,14.0,21696,,,,,,,,,,,,,,,,,,,,,,,,,,,,,0,0.0,0.0,0.0
2023,FOOTBALL_XFL_2023_3_25_SEA@ORL,SEA,6,ORL,4,107,1679766721.0,49921,2023-03-25 17:52:01.000000,EventFootballPass,3-8-ORL 9 (8:39) 6 B. DiNucci pass incomplete to 0 J. Gordon Pass Defended by 23 N. Hosein,,True,2,8,39,Half1,MaSourceTypeOfficialScoring,FOOTBALL_XFL_2023_3_25_SEA@ORL,,QBStat,47,2302021-SEA-at-ORL,519,519,2319,8:39,3,3,Home,9,7,6,,,,0.0,9,3,3,,,,StatusOfficial,ResultPassIncomplete,,,,21979,22840,3.0,8.0,Home,23.0,6.0,3:30, ,,,14.0,,,,,,,20723,,,,,,,,,,,,,,,,,,,,,,,0,0.0,0.0,0.0
2023,FOOTBALL_XFL_2023_3_25_SEA@ORL,SEA,6,ORL,4,109,1679766743.0,49943,2023-03-25 17:52:23.000000,EventFootballFg,4-8-ORL 9 (8:23) 11 D. Eberle 27 yard field goal is GOOD,,True,2,8,23,Half1,MaSourceTypeOfficialScoring,FOOTBALL_XFL_2023_3_25_SEA@ORL,,QBStat,48,2302021-SEA-at-ORL,503,503,2303,8:23,3,3,Home,9,7,6,,,,0.0,9,3,3,,22874,,StatusOfficial,ResultKickMade,,,,,,4.0,8.0,Home,23.0,7.0,3:54,FG,,27.0,14.0,,,,,,,,,,,,,ScoreTypeFg,,,,,,,,,,,,,,,,,0,0.0,0.0,0.0
2023,FOOTBALL_XFL_2023_3_25_SEA@ORL,SEA,6,ORL,4,111,1679766818.0,50018,2023-03-25 17:53:38.000000,EventFootballKickoff,"FROM SEA 30 (8:11) 11 D. Eberle kicks 65 yards from SEA 30 to end zone, Touchback",,True,2,8,11,Half1,MaSourceTypeOfficialScoring,FOOTBALL_XFL_2023_3_25_SEA@ORL,,QBStat,49,2302021-SEA-at-ORL,491,491,2291,8:11,3,3,Visitor,30,8,4,,,,1.0,30,6,3,,20929,,StatusOfficial,ResultKickTouchback,,Home,35.0,,,,,,,,,,,,,,,,,,,,,,,,,,65.0,,,,,,,,,,,,,,,,0,0.0,0.0,0.0
2023,FOOTBALL_XFL_2023_3_25_SEA@ORL,SEA,6,ORL,4,114,1679766874.0,50074,2023-03-25 17:54:34.000000,EventFootballRush,"1-10-ORL 35 (8:04) 26 D. Darrington rush to ORL 37 for 2 yards (17 R. Farris, 44 E. Ponder)",,True,2,8,4,Half1,MaSourceTypeOfficialScoring,FOOTBALL_XFL_2023_3_25_SEA@ORL,,QBStat,50,2302021-SEA-at-ORL,484,484,2284,8:04,3,3,Home,35,8,4,,,,1.0,65,6,3,20468,,,StatusOfficial,,,,,,,1.0,10.0,Home,35.0,1.0,0:29, ,20357,2.0,2.0,22017,,,,,,,,,,,,,,,,,,,,,,,,,,,,,0,0.0,0.0,0.0
2023,FOOTBALL_XFL_2023_3_25_SEA@ORL,SEA,6,ORL,4,116,1679766911.0,50111,2023-03-25 17:55:11.000000,EventFootballPass,2-8-ORL 37 (7:31) 12 Q. Dormady pass incomplete to 14 C. Rambo Pass Defended by 33 A. Holder,,True,2,7,31,Half1,MaSourceTypeOfficialScoring,FOOTBALL_XFL_2023_3_25_SEA@ORL,,QBStat,51,2302021-SEA-at-ORL,451,451,2251,7:31,3,3,Home,37,8,4,,,,1.0,63,6,3,,,,StatusOfficial,ResultPassIncomplete,,,,20407,22018,2.0,8.0,Home,35.0,2.0,0:40, ,,,2.0,,,,,,,22552,,,,,,,,,,,,,,,,,,,,,,,0,0.0,0.0,0.0
2023,FOOTBALL_XFL_2023_3_25_SEA@ORL,SEA,6,ORL,4,118,1679766956.0,50156,2023-03-25 17:55:56.000000,EventFootballRush,3-8-ORL 37 (6:58) 12 Q. Dormady rush to ORL 46 for 9 yards (8 T. Walker),,True,2,6,58,Half1,MaSourceTypeOfficialScoring,FOOTBALL_XFL_2023_3_25_SEA@ORL,,QBStat,52,2302021-SEA-at-ORL,418,418,2218,6:58,3,3,Home,37,8,4,,,,1.0,63,6,3,21620,,,StatusOfficial,,,,,,,3.0,8.0,Home,35.0,3.0,1:13, ,20407,9.0,11.0,,,,,,,,,,,,,,,,,,,,,,,,,,,,,,0,0.0,0.0,0.0
2023,FOOTBALL_XFL_2023_3_25_SEA@ORL,SEA,6,ORL,4,120,1679766992.0,50192,2023-03-25 17:56:32.000000,EventFootballRush,"1-10-ORL 46 (6:43) 26 D. Darrington rush to ORL 49 for 3 yards (48 S. Miller, 9 C. Hicks)",,True,2,6,43,Half1,MaSourceTypeOfficialScoring,FOOTBALL_XFL_2023_3_25_SEA@ORL,,QBStat,53,2302021-SEA-at-ORL,403,403,2203,6:43,3,3,Home,46,8,4,,,,1.0,54,6,3,22630,,,StatusOfficial,,,,,,,1.0,10.0,Home,35.0,4.0,1:38, ,20357,3.0,14.0,22344,,,,,,,,,,,,,,,,,,,,,,,,,,,,,0,0.0,0.0,0.0
2023,FOOTBALL_XFL_2023_3_25_SEA@ORL,SEA,6,ORL,4,122,1679767033.0,50233,2023-03-25 17:57:13.000000,EventFootballPass,2-7-ORL 49 (6:02) 12 Q. Dormady pass to 18 A. Jamiel to SEA 41 for 10 yards (1 B. Thompson),,True,2,6,2,Half1,MaSourceTypeOfficialScoring,FOOTBALL_XFL_2023_3_25_SEA@ORL,,QBStat,54,2302021-SEA-at-ORL,362,362,2162,6:02,3,3,Home,49,8,4,,,,1.0,51,6,3,22377,,,StatusOfficial,ResultPassComplete,,,,20407,20783,2.0,7.0,Home,35.0,5.0,2:20, ,,10.0,24.0,,,,,,,,,,,,,,,,,,,,,,,,,,,,,,0,0.0,0.0,0.0
2023,FOOTBALL_XFL_2023_3_25_SEA@ORL,SEA,6,ORL,4,124,1679767057.0,50257,2023-03-25 17:57:37.000000,EventFootballRush,1-10-SEA 41 (5:38) 26 D. Darrington rush to SEA 38 for 3 yards (9 C. Hicks),,True,2,5,38,Half1,MaSourceTypeOfficialScoring,FOOTBALL_XFL_2023_3_25_SEA@ORL,,QBStat,55,2302021-SEA-at-ORL,338,338,2138,5:38,3,3,Visitor,41,8,4,,,,1.0,41,6,3,22344,,,StatusOfficial,,,,,,,1.0,10.0,Home,35.0,6.0,2:44, ,20357,3.0,27.0,,,,,,,,,,,,,,,,,,,,,,,,,,,,,,0,0.0,0.0,0.0
2023,FOOTBALL_XFL_2023_3_25_SEA@ORL,SEA,6,ORL,4,126,1679767096.0,50296,2023-03-25 17:58:16.000000,EventFootballPass,2-7-SEA 38 (5:00) 12 Q. Dormady pass to 83 D. Williams to SEA 26 for 12 yards (2 A. Brooks),,True,2,5,0,Half1,MaSourceTypeOfficialScoring,FOOTBALL_XFL_2023_3_25_SEA@ORL,,QBStat,56,2302021-SEA-at-ORL,300,300,2100,5:00,3,3,Visitor,38,8,4,,,,1.0,38,6,3,21919,,,StatusOfficial,ResultPassComplete,,,,20407,21672,2.0,7.0,Home,35.0,7.0,3:18, ,,12.0,39.0,,,,,,,,,,,,,,,,,,,,,,,,,,,,,,0,0.0,0.0,0.0
2023,FOOTBALL_XFL_2023_3_25_SEA@ORL,SEA,6,ORL,4,128,1679767145.0,50345,2023-03-25 17:59:05.000000,EventFootballPass,1-10-SEA 26 (4:15) 12 Q. Dormady pass to 11 C. Latimer to SEA 14 for 12 yards (1 B. Thompson),,True,2,4,15,Half1,MaSourceTypeOfficialScoring,FOOTBALL_XFL_2023_3_25_SEA@ORL,,QBStat,57,2302021-SEA-at-ORL,255,255,2055,4:15,3,3,Visitor,26,8,4,,,,1.0,26,6,3,22377,,,StatusOfficial,ResultPassComplete,,,,20407,20929,1.0,10.0,Home,35.0,8.0,4:06, ,,12.0,51.0,,,,,,,,,,,,,,,,,,,,,,,,,,,,,,0,0.0,0.0,0.0
2023,FOOTBALL_XFL_2023_3_25_SEA@ORL,SEA,6,ORL,4,143,1679767174.0,50374,2023-03-25 17:59:34.000000,EventFootballRush,"1-10-SEA 14 (3:46) 30 J. Martin rush to SEA 6 for 8 yards (33 A. Holder, 2 A. Brooks)",,True,2,3,46,Half1,MaSourceTypeOfficialScoring,FOOTBALL_XFL_2023_3_25_SEA@ORL,,QBStat,58,2302021-SEA-at-ORL,226,226,2026,3:46,3,3,Visitor,14,8,4,,,,1.0,14,6,3,22552,,,StatusOfficial,,,,,,,1.0,10.0,Home,35.0,9.0,4:45, ,20997,8.0,59.0,21919,,,,,,,,,,,,,,,,,,,,,,,,,,,,,0,0.0,0.0,0.0
2023,FOOTBALL_XFL_2023_3_25_SEA@ORL,SEA,6,ORL,4,144,1679767200.0,50400,2023-03-25 18:00:00.000000,EventFootballRush,"2-2-SEA 6 (3:20) 30 J. Martin rush to SEA 5 for 1 yard (22 S. Finch, 58 A. Faoliu)",,True,2,3,20,Half1,MaSourceTypeOfficialScoring,FOOTBALL_XFL_2023_3_25_SEA@ORL,,QBStat,59,2302021-SEA-at-ORL,200,200,2000,3:20,3,3,Visitor,6,8,4,,,,1.0,6,6,3,20478,,,StatusOfficial,,,,,,,2.0,2.0,Home,35.0,10.0,5:06, ,20997,1.0,60.0,20466,,,,,,,,,,,,,,,,,,,,,,,,,,,,,0,0.0,0.0,0.0
2023,FOOTBALL_XFL_2023_3_25_SEA@ORL,SEA,6,ORL,4,134,1679767224.0,50424,2023-03-25 18:00:24.000000,EventFootballRush,3-1-SEA 5 (2:56) 12 Q. Dormady rush to SEA 3 for 2 yards (8 T. Walker),,True,2,2,56,Half1,MaSourceTypeOfficialScoring,FOOTBALL_XFL_2023_3_25_SEA@ORL,,QBStat,60,2302021-SEA-at-ORL,176,176,1976,2:56,3,3,Visitor,5,8,4,,,,1.0,5,6,3,21620,,,StatusOfficial,,,,,,,3.0,1.0,Home,35.0,11.0,5:37, ,20407,2.0,62.0,,,,,,,,,,,,,,,,,,,,,,,,,,,,,,0,0.0,0.0,0.0
2023,FOOTBALL_XFL_2023_3_25_SEA@ORL,SEA,6,ORL,4,136,1679767270.0,50470,2023-03-25 18:01:10.000000,EventFootballRush,"1-3-SEA 3 (2:16) 26 D. Darrington rush for 3 yards, TOUCHDOWN",,True,2,2,16,Half1,MaSourceTypeOfficialScoring,FOOTBALL_XFL_2023_3_25_SEA@ORL,,QBStat,61,2302021-SEA-at-ORL,136,136,1936,2:16,3,3,Visitor,3,8,4,,,,1.0,3,6,3,,,,StatusOfficial,,,,,,,1.0,3.0,Home,35.0,12.0,5:55,TD,20357,3.0,65.0,,,,,,,,,,,,,ScoreTypeTd,,,,,,,,,,,,,,,,,0,0.0,1.0,1.0
2023,FOOTBALL_XFL_2023_3_25_SEA@ORL,SEA,6,ORL,4,138,1679767294.0,50494,2023-03-25 18:01:34.000000,EventFootballPat1PtRush,FROM SEA 2 (2:16) 26 D. Darrington 1-pt conversion rush attempt GOOD,,True,2,2,16,Half1,MaSourceTypeOfficialScoring,FOOTBALL_XFL_2023_3_25_SEA@ORL,,QBStat,62,2302021-SEA-at-ORL,136,136,1936,2:16,3,3,Visitor,2,8,4,,,,1.0,2,6,9,,,,StatusOfficial,,,,,,,,,,,,,,20357,2.0,,,,,,,,,,,,,,ScoreTypeConv,,1.0,,,,,,,,,,,,,,,0,0.0,0.0,0.0
2023,FOOTBALL_XFL_2023_3_25_SEA@ORL,SEA,6,ORL,4,146,1679767369.0,50569,2023-03-25 18:02:49.000000,EventFootballKickoff,FROM ORL 30 (2:16) 0 J. Borregales kicks from ORL 30. 86 K. McKnight to SEA 43 for 33 yards (41 J. Gemmel),,True,2,2,16,Half1,MaSourceTypeOfficialScoring,FOOTBALL_XFL_2023_3_25_SEA@ORL,,QBStat,63,2302021-SEA-at-ORL,136,136,1936,2:16,3,3,Home,30,9,6,,,,0.0,30,6,10,20546,22840,86,StatusOfficial,ResultKickReturned,33.0,Visitor,43.0,,,,,,,,,,,,,,,,,,,,,,,,,,,,,,,,,,,,,,,,,,0,0.0,0.0,0.0
2023,FOOTBALL_XFL_2023_3_25_SEA@ORL,SEA,6,ORL,4,142,1679767448.0,50648,2023-03-25 18:04:08.000000,EventFootballPass,1-10-SEA 43 (2:05) 6 B. DiNucci pass incomplete to 88 J. Veasy Pass Defended by 27 T. Smith,,True,2,2,5,Half1,MaSourceTypeOfficialScoring,FOOTBALL_XFL_2023_3_25_SEA@ORL,,QBStat,64,2302021-SEA-at-ORL,125,125,1925,2:05,3,3,Visitor,43,9,6,,,,0.0,57,6,10,,,,StatusOfficial,ResultPassIncomplete,,,,21979,22306,1.0,10.0,Visitor,43.0,1.0,0:15, ,,,,,,,,,,21825,,,,,,,,,,,,,,,,,,,,,,,0,0.0,0.0,0.0
2023,FOOTBALL_XFL_2023_3_25_SEA@ORL,SEA,6,ORL,4,148,1679767667.0,50867,2023-03-25 18:07:47.000000,EventFootballPenalty,"2-10-SEA 43 (1:55) PENALTY on (ORL) 27 T. Smith, 13 yards",,True,2,1,55,Half1,MaSourceTypeOfficialScoring,FOOTBALL_XFL_2023_3_25_SEA@ORL,,QBStat,65,2302021-SEA-at-ORL,115,115,1915,1:55,3,3,Visitor,43,9,6,,,,0.0,57,6,10,,,,StatusOfficial,,,,,,,2.0,10.0,Visitor,43.0,1.0,0:21, ,,,13.0,,,,,,,,4,21825,13.0,ResultPenaltyAuto1Stdown,NA,,,,,,,,,,,,,,,,,,0,0.0,0.0,0.0
2023,FOOTBALL_XFL_2023_3_25_SEA@ORL,SEA,6,ORL,4,151,1679767715.0,50915,2023-03-25 18:08:35.000000,EventFootballRush,1-10-ORL 44 (1:47) 6 B. DiNucci rush to ORL 38 for 6 yards (1 C. Holmes),,True,2,1,47,Half1,MaSourceTypeOfficialScoring,FOOTBALL_XFL_2023_3_25_SEA@ORL,,QBStat,66,2302021-SEA-at-ORL,107,107,1907,1:47,3,3,Home,44,9,6,,,,0.0,44,6,10,20713,,,StatusOfficial,,,,,,,1.0,10.0,Visitor,43.0,2.0,0:29, ,21979,6.0,19.0,,,,,,,,,,,,,,,,,,,,,,,,,,,,,,0,0.0,0.0,0.0
2023,FOOTBALL_XFL_2023_3_25_SEA@ORL,SEA,6,ORL,4,154,1679767751.0,50951,2023-03-25 18:09:11.000000,EventFootballRush,2-4-ORL 38 (1:40) 6 B. DiNucci rush to ORL 14 for 24 yards (23 N. Hosein),,True,2,1,40,Half1,MaSourceTypeOfficialScoring,FOOTBALL_XFL_2023_3_25_SEA@ORL,,QBStat,67,2302021-SEA-at-ORL,100,100,1900,1:40,3,3,Home,38,9,6,,,,0.0,38,6,10,20723,,,StatusOfficial,,,,,,,2.0,4.0,Visitor,43.0,3.0,0:36, ,21979,24.0,43.0,,,,,,,,,,,,,,,,,,,,,,,,,,,,,,0,0.0,0.0,0.0
2023,FOOTBALL_XFL_2023_3_25_SEA@ORL,SEA,6,ORL,4,156,1679767817.0,51017,2023-03-25 18:10:17.000000,EventFootballTimeout,1-10-ORL 14 (1:40) Timeout by Seattle Sea Dragons at 1:40,,True,2,1,40,Half1,MaSourceTypeOfficialScoring,FOOTBALL_XFL_2023_3_25_SEA@ORL,,QBStat,68,2302021-SEA-at-ORL,100,100,1900,1:40,3,3,Home,14,9,6,,,,0.0,14,6,10,,,,StatusOfficial,,,,,,,1.0,10.0,Visitor,43.0,3.0,0:36, ,,,43.0,,,,,,,,,,,,,,,,6,,,,,,,,,,,,,,0,0.0,0.0,0.0
2023,FOOTBALL_XFL_2023_3_25_SEA@ORL,SEA,6,ORL,4,158,1679767995.0,51195,2023-03-25 18:13:15.000000,EventFootballPass,1-10-ORL 14 (1:35) 6 B. DiNucci pass incomplete to 88 J. Veasy Pass Defended by 27 T. Smith,,True,2,1,35,Half1,MaSourceTypeOfficialScoring,FOOTBALL_XFL_2023_3_25_SEA@ORL,,QBStat,69,2302021-SEA-at-ORL,95,95,1895,1:35,2,3,Home,14,9,6,,,,0.0,14,6,10,,,,StatusOfficial,ResultPassIncomplete,,,,21979,22306,1.0,10.0,Visitor,43.0,4.0,0:41, ,,,43.0,,,,,,,21825,,,,,,,,,,,,,,,,,,,,,,,0,0.0,0.0,0.0
2023,FOOTBALL_XFL_2023_3_25_SEA@ORL,SEA,6,ORL,4,160,1679768039.0,51239,2023-03-25 18:13:59.000000,EventFootballPass,2-10-ORL 14 (1:31) 6 B. DiNucci pass to 4 J. Green to ORL 7 for 7 yards,,True,2,1,31,Half1,MaSourceTypeOfficialScoring,FOOTBALL_XFL_2023_3_25_SEA@ORL,,QBStat,70,2302021-SEA-at-ORL,91,91,1891,1:31,2,3,Home,14,9,6,,,,0.0,14,6,10,,,,StatusOfficial,ResultPassComplete,,,,21979,22035,2.0,10.0,Visitor,43.0,5.0,0:45, ,,7.0,50.0,,,,,,,,,,,,,,,,,,,,,,,,,,,,,,0,0.0,0.0,0.0
2023,FOOTBALL_XFL_2023_3_25_SEA@ORL,SEA,6,ORL,4,162,1679768082.0,51282,2023-03-25 18:14:42.000000,EventFootballPass,3-3-ORL 7 (1:23) 6 B. DiNucci pass intended for 15 D. Willis INTERCEPTED by 23 N. Hosein returned 0 yards to ORL 35 Pass Defended by 23 N. Hosein,,True,2,1,23,Half1,MaSourceTypeOfficialScoring,FOOTBALL_XFL_2023_3_25_SEA@ORL,,QBStat,71,2302021-SEA-at-ORL,83,83,1883,1:23,2,3,Home,7,9,6,,,,0.0,7,6,10,,,,StatusOfficial,ResultPassInterception,,Home,35.0,21979,21695,3.0,3.0,Visitor,43.0,6.0,0:53,INT,,,50.0,,,,,,,20723,,,,,,,,,,20723,,,,,,,,,,,,,0,0.0,0.0,0.0
2023,FOOTBALL_XFL_2023_3_25_SEA@ORL,SEA,6,ORL,4,164,1679768149.0,51349,2023-03-25 18:15:49.000000,EventFootballPass,1-10-ORL 35 (1:17) 12 Q. Dormady pass to 17 E. Rogers to ORL 44 for 9 yards (36 Z. Kelly),,True,2,1,17,Half1,MaSourceTypeOfficialScoring,FOOTBALL_XFL_2023_3_25_SEA@ORL,,QBStat,72,2302021-SEA-at-ORL,77,77,1877,1:17,2,3,Home,35,10,4,,,,1.0,65,6,10,20878,,,StatusOfficial,ResultPassComplete,,,,20407,22708,1.0,10.0,Home,35.0,1.0,0:16, ,,9.0,9.0,,,,,,,,,,,,,,,,,,,,,,,,,,,,,,0,0.0,0.0,0.0
2023,FOOTBALL_XFL_2023_3_25_SEA@ORL,SEA,6,ORL,4,166,1679768170.0,51370,2023-03-25 18:16:10.000000,EventFootballPass,2-1-ORL 44 (1:00) 12 Q. Dormady pass incomplete to 17 E. Rogers QB Hit by 42 C. Smith Pass Defended by 33 A. Holder,,True,2,1,0,Half1,MaSourceTypeOfficialScoring,FOOTBALL_XFL_2023_3_25_SEA@ORL,,QBStat,73,2302021-SEA-at-ORL,60,60,1860,1:00,2,3,Home,44,10,4,,,,1.0,56,6,10,,,,StatusOfficial,ResultPassIncomplete,,,,20407,22708,2.0,1.0,Home,35.0,2.0,0:23, ,,,9.0,,,,,,21433,22552,,,,,,,,,,,,,,,,,,,,,,,0,0.0,0.0,0.0
2023,FOOTBALL_XFL_2023_3_25_SEA@ORL,SEA,6,ORL,4,168,1679768197.0,51397,2023-03-25 18:16:37.000000,EventFootballRush,3-1-ORL 44 (0:56) 30 J. Martin rush to ORL 46 for 2 yards (42 C. Smith),,True,2,0,56,Half1,MaSourceTypeOfficialScoring,FOOTBALL_XFL_2023_3_25_SEA@ORL,,QBStat,74,2302021-SEA-at-ORL,56,56,1856,0:56,2,3,Home,44,10,4,,,,1.0,56,6,10,21433,,,StatusOfficial,,,,,,,3.0,1.0,Home,35.0,3.0,0:30, ,20997,2.0,11.0,,,,,,,,,,,,,,,,,,,,,,,,,,,,,,0,0.0,0.0,0.0
2023,FOOTBALL_XFL_2023_3_25_SEA@ORL,SEA,6,ORL,4,170,1679768218.0,51418,2023-03-25 18:16:58.000000,EventFootballPenalty,"1-10-ORL 46 (0:46) PENALTY on (ORL) 72 T. Storment, 5 yards",,True,2,0,46,Half1,MaSourceTypeOfficialScoring,FOOTBALL_XFL_2023_3_25_SEA@ORL,,QBStat,75,2302021-SEA-at-ORL,46,46,1846,0:46,2,3,Home,46,10,4,,,,1.0,54,6,10,,,,StatusOfficial,,,,,,,1.0,10.0,Home,35.0,3.0,0:37, ,,,6.0,,,,,,,,4,21490,5.0,ResultPenaltyRepeatdown,NA,,,,,,,,,,,,,,,,,,0,0.0,0.0,0.0
2023,FOOTBALL_XFL_2023_3_25_SEA@ORL,SEA,6,ORL,4,172,1679768237.0,51437,2023-03-25 18:17:17.000000,EventFootballTimeout,1-15-ORL 41 (0:46) Timeout by Orlando Guardians at 0:46,,True,2,0,46,Half1,MaSourceTypeOfficialScoring,FOOTBALL_XFL_2023_3_25_SEA@ORL,,QBStat,76,2302021-SEA-at-ORL,46,46,1846,0:46,2,3,Home,41,10,4,,,,1.0,59,6,10,,,,StatusOfficial,,,,,,,1.0,15.0,Home,35.0,3.0,0:37, ,,,6.0,,,,,,,,,,,,,,,,4,,,,,,,,,,,,,,0,0.0,0.0,0.0
2023,FOOTBALL_XFL_2023_3_25_SEA@ORL,SEA,6,ORL,4,176,1679768320.0,51520,2023-03-25 18:18:40.000000,EventFootballPenalty,"1-15-ORL 41 (0:42) PENALTY on (SEA) 33 A. Holder, 14 yards",,True,2,0,42,Half1,MaSourceTypeOfficialScoring,FOOTBALL_XFL_2023_3_25_SEA@ORL,,QBStat,77,2302021-SEA-at-ORL,42,42,1842,0:42,2,2,Home,41,10,4,,,,1.0,59,6,10,,,,StatusOfficial,,,,,,,1.0,15.0,Home,35.0,3.0,0:41, ,,,20.0,,,,,,,,6,22552,14.0,ResultPenaltyAuto1Stdown,NA,,,,,,,,,,,,,,,,,,0,0.0,0.0,0.0
2023,FOOTBALL_XFL_2023_3_25_SEA@ORL,SEA,6,ORL,4,178,1679768395.0,51595,2023-03-25 18:19:55.000000,EventFootballPass,1-10-SEA 45 (0:37) 12 Q. Dormady pass dropped by 83 D. Williams QB Hit by 9 C. Hicks Pass Defended by 5 C. Payton-Jones,,True,2,0,37,Half1,MaSourceTypeOfficialScoring,FOOTBALL_XFL_2023_3_25_SEA@ORL,,QBStat,78,2302021-SEA-at-ORL,37,37,1837,0:37,2,2,Visitor,45,10,4,,,,1.0,45,6,10,,,,StatusOfficial,ResultPassDropped,,,,20407,21672,1.0,10.0,Home,35.0,4.0,0:46, ,,,20.0,,,,,,22344,20836,,,,,,,,,,,,,,,,,,,,,,,0,0.0,0.0,0.0
2023,FOOTBALL_XFL_2023_3_25_SEA@ORL,SEA,6,ORL,4,180,1679768422.0,51622,2023-03-25 18:20:22.000000,EventFootballPass,2-10-SEA 45 (0:34) 12 Q. Dormady pass incomplete to 14 C. Rambo QB Hit by 9 C. Hicks,,True,2,0,34,Half1,MaSourceTypeOfficialScoring,FOOTBALL_XFL_2023_3_25_SEA@ORL,,QBStat,79,2302021-SEA-at-ORL,34,34,1834,0:34,2,2,Visitor,45,10,4,,,,1.0,45,6,10,,,,StatusOfficial,ResultPassIncomplete,,,,20407,22018,2.0,10.0,Home,35.0,5.0,0:49, ,,,20.0,,,,,,22344,,,,,,,,,,,,,,,,,,,,,,,,0,0.0,0.0,0.0
2023,FOOTBALL_XFL_2023_3_25_SEA@ORL,SEA,6,ORL,4,182,1679768451.0,51651,2023-03-25 18:20:51.000000,EventFootballPass,3-10-SEA 45 (0:30) 12 Q. Dormady pass to 14 C. Rambo to SEA 40 for 5 yards (5 C. Payton-Jones),,True,2,0,30,Half1,MaSourceTypeOfficialScoring,FOOTBALL_XFL_2023_3_25_SEA@ORL,,QBStat,80,2302021-SEA-at-ORL,30,30,1830,0:30,2,2,Visitor,45,10,4,,,,1.0,45,6,10,20836,,,StatusOfficial,ResultPassComplete,,,,20407,22018,3.0,10.0,Home,35.0,6.0,0:53, ,,5.0,25.0,,,,,,,,,,,,,,,,,,,,,,,,,,,,,,0,0.0,0.0,0.0
2023,FOOTBALL_XFL_2023_3_25_SEA@ORL,SEA,6,ORL,4,184,1679768499.0,51699,2023-03-25 18:21:39.000000,EventFootballPenalty,"4-5-SEA 40 (0:30) PENALTY on (ORL) 72 T. Storment, 5 yards",,True,2,0,30,Half1,MaSourceTypeOfficialScoring,FOOTBALL_XFL_2023_3_25_SEA@ORL,,QBStat,81,2302021-SEA-at-ORL,30,30,1830,0:30,2,2,Visitor,40,10,4,,,,1.0,40,6,10,,,,StatusOfficial,,,,,,,4.0,5.0,Home,35.0,6.0,0:53, ,,,20.0,,,,,,,,4,21490,5.0,ResultPenaltyRepeatdown,NA,,,,,,,,,,,,,,,,,,0,0.0,0.0,0.0
2023,FOOTBALL_XFL_2023_3_25_SEA@ORL,SEA,6,ORL,4,186,1679768523.0,51723,2023-03-25 18:22:03.000000,EventFootballPunt,"4-10-SEA 45 (0:30) 19 M. Brown punts 45 yards from SEA 45 to end zone, Touchback",,True,2,0,30,Half1,MaSourceTypeOfficialScoring,FOOTBALL_XFL_2023_3_25_SEA@ORL,,QBStat,82,2302021-SEA-at-ORL,30,30,1830,0:30,2,2,Visitor,45,10,4,,,,1.0,45,6,10,,,,StatusOfficial,ResultKickTouchback,,Visitor,35.0,,,4.0,10.0,Home,35.0,6.0,0:53,PUNT,,,20.0,,20208,,45.0,,,,,,,,,,,,,,,,,,,,,,,,,,1,0.0,0.0,0.0
2023,FOOTBALL_XFL_2023_3_25_SEA@ORL,SEA,6,ORL,4,188,1679768605.0,51805,2023-03-25 18:23:25.000000,EventFootballPass,1-10-SEA 35 (0:21) 6 B. DiNucci pass to 4 J. Green to SEA 40 for 5 yards (27 T. Smith),,True,2,0,21,Half1,MaSourceTypeOfficialScoring,FOOTBALL_XFL_2023_3_25_SEA@ORL,,QBStat,83,2302021-SEA-at-ORL,21,21,1821,0:21,2,2,Visitor,35,11,6,,,,0.0,65,6,10,21825,,,StatusOfficial,ResultPassComplete,,,,21979,22035,1.0,10.0,Visitor,35.0,1.0,0:04, ,,5.0,5.0,,,,,,,,,,,,,,,,,,,,,,,,,,,,,,0,0.0,0.0,0.0
2023,FOOTBALL_XFL_2023_3_25_SEA@ORL,SEA,6,ORL,4,191,1679768641.0,51841,2023-03-25 18:24:01.000000,EventFootballPass,2-5-SEA 40 (0:14) 6 B. DiNucci pass to 4 J. Green to Midfield for 10 yards QB Hit by 34 N. Coe,,True,2,0,14,Half1,MaSourceTypeOfficialScoring,FOOTBALL_XFL_2023_3_25_SEA@ORL,,QBStat,84,2302021-SEA-at-ORL,14,14,1814,0:14,2,2,Visitor,40,11,6,,,,0.0,60,6,10,,,,StatusOfficial,ResultPassComplete,,,,21979,22035,2.0,5.0,Visitor,35.0,2.0,0:11, ,,10.0,15.0,,,,,,20308,,,,,,,,,,,,,,,,,,,,,,,,0,0.0,0.0,0.0
2023,FOOTBALL_XFL_2023_3_25_SEA@ORL,SEA,6,ORL,4,193,1679768676.0,51876,2023-03-25 18:24:36.000000,EventFootballPass,1-10-Midfield (0:06) 6 B. DiNucci pass to 80 B. Jackson to ORL 36 for 14 yards (31 L. Henry),,True,2,0,6,Half1,MaSourceTypeOfficialScoring,FOOTBALL_XFL_2023_3_25_SEA@ORL,,QBStat,85,2302021-SEA-at-ORL,6,6,1806,0:06,2,2,Visitor,50,11,6,,,,0.0,50,6,10,21941,,,StatusOfficial,ResultPassComplete,,,,21979,20761,1.0,10.0,Visitor,35.0,3.0,0:19, ,,14.0,29.0,,,,,,,,,,,,,,,,,,,,,,,,,,,,,,0,0.0,0.0,0.0
2023,FOOTBALL_XFL_2023_3_25_SEA@ORL,SEA,6,ORL,4,195,1679768693.0,51893,2023-03-25 18:24:53.000000,EventFootballTimeout,1-10-ORL 36 (0:06) Timeout by Seattle Sea Dragons at 0:06,,True,2,0,6,Half1,MaSourceTypeOfficialScoring,FOOTBALL_XFL_2023_3_25_SEA@ORL,,QBStat,86,2302021-SEA-at-ORL,6,6,1806,0:06,2,2,Home,36,11,6,,,,0.0,36,6,10,,,,StatusOfficial,,,,,,,1.0,10.0,Visitor,35.0,3.0,0:19, ,,,29.0,,,,,,,,,,,,,,,,6,,,,,,,,,,,,,,0,0.0,0.0,0.0
2023,FOOTBALL_XFL_2023_3_25_SEA@ORL,SEA,6,ORL,4,197,1679768740.0,51940,2023-03-25 18:25:40.000000,EventFootballFg,1-10-ORL 36 (0:06) 11 D. Eberle 54 yard field goal is GOOD,,True,2,0,6,Half1,MaSourceTypeOfficialScoring,FOOTBALL_XFL_2023_3_25_SEA@ORL,,QBStat,87,2302021-SEA-at-ORL,6,6,1806,0:06,1,2,Home,36,11,6,,,,0.0,36,6,10,,22874,,StatusOfficial,ResultKickMade,,,,,,1.0,10.0,Visitor,35.0,4.0,0:24,FG,,54.0,29.0,,,,,,,,,,,,,ScoreTypeFg,,,,,,,,,,,,,,,,,0,0.0,0.0,0.0
2023,FOOTBALL_XFL_2023_3_25_SEA@ORL,SEA,6,ORL,4,199,1679768825.0,52025,2023-03-25 18:27:05.000000,EventFootballKickoff,FROM SEA 30 (0:01) 11 D. Eberle kicks the kickoff out of bounds,,True,2,0,1,Half1,MaSourceTypeOfficialScoring,FOOTBALL_XFL_2023_3_25_SEA@ORL,,QBStat,88,2302021-SEA-at-ORL,1,1,1801,0:01,1,2,Visitor,30,12,4,,,,1.0,30,9,10,,20929,,StatusOfficial,ResultKickOutofbounds,,Visitor,45.0,,,,,,,,,,,,,,,,,,,,,,,,,,,,,,,,,,,,,,,,,,0,0.0,0.0,0.0
2023,FOOTBALL_XFL_2023_3_25_SEA@ORL,SEA,6,ORL,4,201,1679768904.0,52104,2023-03-25 18:28:24.000000,EventFootballTimeout,1-10-SEA 45 (0:01) Timeout by Orlando Guardians at 0:01,,True,2,0,1,Half1,MaSourceTypeOfficialScoring,FOOTBALL_XFL_2023_3_25_SEA@ORL,,QBStat,89,2302021-SEA-at-ORL,1,1,1801,0:01,1,2,Visitor,45,12,4,,,,1.0,45,9,10,,,,StatusOfficial,,,,,,,1.0,10.0,Home,35.0,6.0,0:53,PUNT,,,20.0,,,,,,,,,,,,,,,,4,,,,,,,,,,,,,,0,0.0,0.0,0.0
2023,FOOTBALL_XFL_2023_3_25_SEA@ORL,SEA,6,ORL,4,204,1679768976.0,52176,2023-03-25 18:29:36.000000,EventFootballPass,"1-10-SEA 45 (0:00) 12 Q. Dormady pass to 83 D. Williams to SEA 32 for 13 yards (17 R. Farris, 16 M. Wright)",,True,2,0,0,Half1,MaSourceTypeOfficialScoring,FOOTBALL_XFL_2023_3_25_SEA@ORL,,QBStat,90,2302021-SEA-at-ORL,0,0,1800,0:00,1,1,Visitor,45,12,4,,,,1.0,45,9,10,20468,,,StatusOfficial,ResultPassComplete,,,,20407,21672,1.0,10.0,Visitor,45.0,1.0,0:01,HALF,,13.0,13.0,21721,,,,,,,,,,,,,,,,,,,,,,,,,,,,,0,0.0,0.0,0.0
2023,FOOTBALL_XFL_2023_3_25_SEA@ORL,SEA,6,ORL,4,205,1679769014.6621945,,2023-03-25 18:30:14.662194,EventPeriodEnd,Halftime Marker,,True,2,0,0,Half1,MaSourceTypeOfficialScoring,FOOTBALL_XFL_2023_3_25_SEA@ORL,,QBStat,10010,2302021-SEA-at-ORL,0,0,1800,0:00,3,3,Visitor,32,12,4,,,,1.0,32,9,10,,,,,,,,,,,1.0,10.0,,,,,,,,,,,,,,,,,,,,,,,,,,,,,,,,,,,,,,0,0.0,0.0,0.0
2023,FOOTBALL_XFL_2023_3_25_SEA@ORL,SEA,6,ORL,4,207,1679769694.0,52894,2023-03-25 18:41:34.000000,EventFootballKickoff,"FROM SEA 30 (15:00) 11 D. Eberle kicks from SEA 30. 32 J. Rogers to ORL 26 for 16 yards (22 S. Finch, 44 E. Ponder)",,True,3,15,0,Half2,MaSourceTypeOfficialScoring,FOOTBALL_XFL_2023_3_25_SEA@ORL,,QBStat,91,2302021-SEA-at-ORL,900,1800,1800,15:00,3,3,Visitor,30,13,4,,,,1.0,30,9,10,20478,20929,20311,StatusOfficial,ResultKickReturned,16.0,Home,26.0,,,,,,,,,,,,,22017,,,,,,,,,,,,,,,,,,,,,,,,,,,,,0,0.0,0.0,0.0
2023,FOOTBALL_XFL_2023_3_25_SEA@ORL,SEA,6,ORL,4,209,1679769761.0,52961,2023-03-25 18:42:41.000000,EventFootballRush,1-10-ORL 26 (14:41) 30 J. Martin rush to ORL 25 for -1 yards (32 Q. Cole),,True,3,14,41,Half2,MaSourceTypeOfficialScoring,FOOTBALL_XFL_2023_3_25_SEA@ORL,,QBStat,92,2302021-SEA-at-ORL,881,1781,1781,14:41,3,3,Home,26,13,4,,,,1.0,74,9,10,20311,,,StatusOfficial,,,,,,,1.0,10.0,Home,26.0,1.0,0:30, ,20997,-1.0,-1.0,,,,,,,,,,,,,,,,,,,,,,,,,,,,,,0,0.0,0.0,0.0
2023,FOOTBALL_XFL_2023_3_25_SEA@ORL,SEA,6,ORL,4,211,1679769790.0,52990,2023-03-25 18:43:10.000000,EventFootballPass,2-11-ORL 25 (14:12) 12 Q. Dormady pass to 14 C. Rambo to ORL 27 for 2 yards (5 C. Payton-Jones),,True,3,14,12,Half2,MaSourceTypeOfficialScoring,FOOTBALL_XFL_2023_3_25_SEA@ORL,,QBStat,93,2302021-SEA-at-ORL,852,1752,1752,14:12,3,3,Home,25,13,4,,,,1.0,75,9,10,20836,,,StatusOfficial,ResultPassComplete,,,,20407,22018,2.0,11.0,Home,26.0,2.0,0:57, ,,2.0,1.0,,,,,,,,,,,,,,,,,,,,,,,,,,,,,,0,0.0,0.0,0.0
2023,FOOTBALL_XFL_2023_3_25_SEA@ORL,SEA,6,ORL,4,213,1679769828.0,53028,2023-03-25 18:43:48.000000,EventFootballRush,3-9-ORL 27 (13:34) 12 Q. Dormady rush to ORL 42 for 15 yards,,True,3,13,34,Half2,MaSourceTypeOfficialScoring,FOOTBALL_XFL_2023_3_25_SEA@ORL,,QBStat,94,2302021-SEA-at-ORL,814,1714,1714,13:34,3,3,Home,27,13,4,,,,1.0,73,9,10,,,,StatusOfficial,,,,,,,3.0,9.0,Home,26.0,3.0,1:33, ,20407,15.0,16.0,,,,,,,,,,,,,,,,,,,,,,,,,,,,,,0,0.0,0.0,0.0
2023,FOOTBALL_XFL_2023_3_25_SEA@ORL,SEA,6,ORL,4,228,1679769865.0,53065,2023-03-25 18:44:25.000000,EventFootballRush,1-10-ORL 42 (12:56) 30 J. Martin rush to ORL 48 for 6 yards (36 Z. Kelly),,True,3,12,56,Half2,MaSourceTypeOfficialScoring,FOOTBALL_XFL_2023_3_25_SEA@ORL,,QBStat,95,2302021-SEA-at-ORL,776,1676,1676,12:56,3,3,Home,42,13,4,,,,1.0,58,9,10,20878,,,StatusOfficial,,,,,,,1.0,10.0,Home,26.0,4.0,2:14, ,20997,6.0,22.0,,,,,,,,,,,,,,,,,,,,,,,,,,,,,,0,0.0,0.0,0.0
2023,FOOTBALL_XFL_2023_3_25_SEA@ORL,SEA,6,ORL,4,222,1679769906.0,53106,2023-03-25 18:45:06.000000,EventFootballPass,2-4-ORL 48 (12:19) 12 Q. Dormady pass to 30 J. Martin to SEA 41 for 11 yards (17 R. Farris),,True,3,12,19,Half2,MaSourceTypeOfficialScoring,FOOTBALL_XFL_2023_3_25_SEA@ORL,,QBStat,96,2302021-SEA-at-ORL,739,1639,1639,12:19,3,3,Home,48,13,4,,,,1.0,52,9,10,20468,,,StatusOfficial,ResultPassComplete,,,,20407,20997,2.0,4.0,Home,26.0,5.0,2:53, ,,11.0,33.0,,,,,,,,,,,,,,,,,,,,,,,,,,,,,,0,0.0,0.0,0.0
2023,FOOTBALL_XFL_2023_3_25_SEA@ORL,SEA,6,ORL,4,219,1679769939.0,53139,2023-03-25 18:45:39.000000,EventFootballSack,1-10-SEA 41 (11:50) 12 Q. Dormady sacked at SEA 49 for -8 yards (36 Z. Kelly),,True,3,11,50,Half2,MaSourceTypeOfficialScoring,FOOTBALL_XFL_2023_3_25_SEA@ORL,,QBStat,97,2302021-SEA-at-ORL,710,1610,1610,11:50,3,3,Visitor,41,13,4,,,,1.0,41,9,10,,,,StatusOfficial,,,,,20407,,1.0,10.0,Home,26.0,6.0,3:18, ,,-8.0,25.0,,,,,,,,,,,,,,,,,,20878,,,,,,,,,,,,0,0.0,0.0,0.0
2023,FOOTBALL_XFL_2023_3_25_SEA@ORL,SEA,6,ORL,4,221,1679769974.0,53174,2023-03-25 18:46:14.000000,EventFootballRush,"2-18-SEA 49 (11:15) 26 D. Darrington rush to ORL 48 for -3 yards (97 N. Lalos, 36 Z. Kelly)",,True,3,11,15,Half2,MaSourceTypeOfficialScoring,FOOTBALL_XFL_2023_3_25_SEA@ORL,,QBStat,98,2302021-SEA-at-ORL,675,1575,1575,11:15,3,3,Visitor,49,13,4,,,,1.0,49,9,10,20918,,,StatusOfficial,,,,,,,2.0,18.0,Home,26.0,7.0,4:03, ,20357,-3.0,22.0,20878,,,,,,,,,,,,,,,,,,,,,,,,,,,,,0,0.0,0.0,0.0
2023,FOOTBALL_XFL_2023_3_25_SEA@ORL,SEA,6,ORL,4,227,1679770018.0,53218,2023-03-25 18:46:58.000000,EventFootballPass,"3-21-ORL 48 (10:31) 12 Q. Dormady pass to 17 E. Rogers to SEA 40 for 12 yards (16 M. Wright, 36 Z. Kelly)",,True,3,10,31,Half2,MaSourceTypeOfficialScoring,FOOTBALL_XFL_2023_3_25_SEA@ORL,,QBStat,99,2302021-SEA-at-ORL,631,1531,1531,10:31,3,3,Home,48,13,4,,,,1.0,52,9,10,21721,,,StatusOfficial,ResultPassComplete,,,,20407,22708,3.0,21.0,Home,26.0,8.0,4:39, ,,12.0,34.0,20878,,,,,,,,,,,,,,,,,,,,,,,,,,,,,0,0.0,0.0,0.0
2023,FOOTBALL_XFL_2023_3_25_SEA@ORL,SEA,6,ORL,4,226,1679770058.0,53258,2023-03-25 18:47:38.000000,EventFootballPunt,"4-9-SEA 40 (9:56) 19 M. Brown punts 40 yards from SEA 40 to end zone, Touchback",,True,3,9,56,Half2,MaSourceTypeOfficialScoring,FOOTBALL_XFL_2023_3_25_SEA@ORL,,QBStat,100,2302021-SEA-at-ORL,596,1496,1496,9:56,3,3,Visitor,40,13,4,,,,1.0,40,9,10,,,,StatusOfficial,ResultKickTouchback,,Visitor,35.0,,,4.0,9.0,Home,26.0,8.0,5:04,PUNT,,,34.0,,20208,,40.0,,,,,,,,,,,,,,,,,,,,,,,,,,1,0.0,0.0,0.0
2023,FOOTBALL_XFL_2023_3_25_SEA@ORL,SEA,6,ORL,4,230,1679770261.0,53461,2023-03-25 18:51:01.000000,EventFootballPass,1-10-SEA 35 (9:50) 6 B. DiNucci pass incomplete to 23 D. Bradwell,,True,3,9,50,Half2,MaSourceTypeOfficialScoring,FOOTBALL_XFL_2023_3_25_SEA@ORL,,QBStat,101,2302021-SEA-at-ORL,590,1490,1490,9:50,3,3,Visitor,35,14,6,,,,0.0,65,9,10,,,,StatusOfficial,ResultPassIncomplete,,,,21979,21917,1.0,10.0,Visitor,35.0,1.0,0:11, ,,,,,,,,,,,,,,,,,,,,,,,,,,,,,,,,,0,0.0,0.0,0.0
2023,FOOTBALL_XFL_2023_3_25_SEA@ORL,SEA,6,ORL,4,232,1679770290.0,53490,2023-03-25 18:51:30.000000,EventFootballRush,2-10-SEA 35 (9:21) 23 D. Bradwell rush to ORL 47 for 18 yards (23 N. Hosein),,True,3,9,21,Half2,MaSourceTypeOfficialScoring,FOOTBALL_XFL_2023_3_25_SEA@ORL,,QBStat,102,2302021-SEA-at-ORL,561,1461,1461,9:21,3,3,Visitor,35,14,6,,,,0.0,65,9,10,20723,,,StatusOfficial,,,,,,,2.0,10.0,Visitor,35.0,2.0,0:47, ,21917,18.0,18.0,,,,,,,,,,,,,,,,,,,,,,,,,,,,,,0,0.0,0.0,0.0
2023,FOOTBALL_XFL_2023_3_25_SEA@ORL,SEA,6,ORL,4,234,1679770321.0,53521,2023-03-25 18:52:01.000000,EventFootballRush,1-10-ORL 47 (8:50) 23 D. Bradwell rush to ORL 37 for 10 yards (36 J. Jones),,True,3,8,50,Half2,MaSourceTypeOfficialScoring,FOOTBALL_XFL_2023_3_25_SEA@ORL,,QBStat,103,2302021-SEA-at-ORL,530,1430,1430,8:50,3,3,Home,47,14,6,,,,0.0,47,9,10,20841,,,StatusOfficial,,,,,,,1.0,10.0,Visitor,35.0,3.0,1:21, ,21917,10.0,28.0,,,,,,,,,,,,,,,,,,,,,,,,,,,,,,0,0.0,0.0,0.0
2023,FOOTBALL_XFL_2023_3_25_SEA@ORL,SEA,6,ORL,4,237,1679770377.0,53577,2023-03-25 18:52:57.000000,EventFootballPenalty,"1-10-ORL 37 (8:15) PENALTY on (ORL) 21 S. Wiggins, 17 yards",,True,3,8,15,Half2,MaSourceTypeOfficialScoring,FOOTBALL_XFL_2023_3_25_SEA@ORL,,QBStat,104,2302021-SEA-at-ORL,495,1395,1395,8:15,3,3,Home,37,14,6,,,,0.0,37,9,10,,,,StatusOfficial,,,,,,,1.0,10.0,Visitor,35.0,3.0,1:41, ,,,45.0,,,,,,,,4,21664,17.0,ResultPenaltyAuto1Stdown,NA,,,,,,,,,,,,,,,,,,0,0.0,0.0,0.0
2023,FOOTBALL_XFL_2023_3_25_SEA@ORL,SEA,6,ORL,4,239,1679770405.0,53605,2023-03-25 18:53:25.000000,EventFootballRush,"1-10-ORL 20 (8:06) 23 D. Bradwell rush to ORL 20 for 0 yards (99 T. Sanders, 34 N. Coe)",,True,3,8,6,Half2,MaSourceTypeOfficialScoring,FOOTBALL_XFL_2023_3_25_SEA@ORL,,QBStat,105,2302021-SEA-at-ORL,486,1386,1386,8:06,3,3,Home,20,14,6,,,,0.0,20,9,10,21365,,,StatusOfficial,,,,,,,1.0,10.0,Visitor,35.0,4.0,1:57, ,21917,0.0,45.0,20308,,,,,,,,,,,,,,,,,,,,,,,,,,,,,0,0.0,0.0,0.0
2023,FOOTBALL_XFL_2023_3_25_SEA@ORL,SEA,6,ORL,4,241,1679770440.0,53640,2023-03-25 18:54:00.000000,EventFootballPass,2-10-ORL 20 (7:35) 6 B. DiNucci pass incomplete to 88 J. Veasy Pass Defended by 21 S. Wiggins,,True,3,7,35,Half2,MaSourceTypeOfficialScoring,FOOTBALL_XFL_2023_3_25_SEA@ORL,,QBStat,106,2302021-SEA-at-ORL,455,1355,1355,7:35,3,3,Home,20,14,6,,,,0.0,20,9,10,,,,StatusOfficial,ResultPassIncomplete,,,,21979,22306,2.0,10.0,Visitor,35.0,5.0,2:23, ,,,45.0,,,,,,,21664,,,,,,,,,,,,,,,,,,,,,,,0,0.0,0.0,0.0
2023,FOOTBALL_XFL_2023_3_25_SEA@ORL,SEA,6,ORL,4,243,1679770482.0,53682,2023-03-25 18:54:42.000000,EventFootballPass,"3-10-ORL 20 (7:01) 6 B. DiNucci pass to 80 B. Jackson for 20 yards, TOUCHDOWN",,True,3,7,1,Half2,MaSourceTypeOfficialScoring,FOOTBALL_XFL_2023_3_25_SEA@ORL,,QBStat,107,2302021-SEA-at-ORL,421,1321,1321,7:01,3,3,Home,20,14,6,,,,0.0,20,9,10,,,,StatusOfficial,ResultPassComplete,,,,21979,20761,3.0,10.0,Visitor,35.0,6.0,2:55,TD,,20.0,65.0,,,,,,,,,,,,,ScoreTypeTd,,,,,,,,,,,,,,,,,0,1.0,0.0,1.0
2023,FOOTBALL_XFL_2023_3_25_SEA@ORL,SEA,6,ORL,4,245,1679770507.0,53707,2023-03-25 18:55:07.000000,EventFootballPat2PtPass,FROM ORL 5 (7:01) 6 B. DiNucci 2-pt conversion pass to 3 J. Pearson GOOD,,True,3,7,1,Half2,MaSourceTypeOfficialScoring,FOOTBALL_XFL_2023_3_25_SEA@ORL,,QBStat,108,2302021-SEA-at-ORL,421,1321,1321,7:01,3,3,Home,5,14,6,,,,0.0,5,15,10,,,,StatusOfficial,ResultPassComplete,,,,21979,21203,,,,,,,,,5.0,,,,,,,,,,,,,,ScoreTypeConv,,2.0,,,,,,,,,,,,,,,0,0.0,0.0,0.0
2023,FOOTBALL_XFL_2023_3_25_SEA@ORL,SEA,6,ORL,4,247,1679770609.0,53809,2023-03-25 18:56:49.000000,EventFootballKickoff,FROM SEA 30 (7:01) 11 D. Eberle kicks from SEA 30. 32 J. Rogers to ORL 27 for 22 yards (32 Q. Cole),,True,3,7,1,Half2,MaSourceTypeOfficialScoring,FOOTBALL_XFL_2023_3_25_SEA@ORL,,QBStat,109,2302021-SEA-at-ORL,421,1321,1321,7:01,3,3,Visitor,30,15,4,,,,1.0,30,17,10,20311,20929,20311,StatusOfficial,ResultKickReturned,22.0,Home,27.0,,,,,,,,,,,,,,,,,,,,,,,,,,,,,,,,,,,,,,,,,,0,0.0,0.0,0.0
2023,FOOTBALL_XFL_2023_3_25_SEA@ORL,SEA,6,ORL,4,249,1679770672.0,53872,2023-03-25 18:57:52.000000,EventFootballRush,1-10-ORL 27 (6:50) 12 Q. Dormady rush to ORL 41 for 14 yards (33 A. Holder),,True,3,6,50,Half2,MaSourceTypeOfficialScoring,FOOTBALL_XFL_2023_3_25_SEA@ORL,,QBStat,110,2302021-SEA-at-ORL,410,1310,1310,6:50,3,3,Home,27,15,4,,,,1.0,73,17,10,22552,,,StatusOfficial,,,,,,,1.0,10.0,Home,27.0,1.0,0:20, ,20407,14.0,14.0,,,,,,,,,,,,,,,,,,,,,,,,,,,,,,0,0.0,0.0,0.0
2023,FOOTBALL_XFL_2023_3_25_SEA@ORL,SEA,6,ORL,4,251,1679770697.0,53897,2023-03-25 18:58:17.000000,EventFootballPass,1-10-ORL 41 (6:32) 12 Q. Dormady pass to 11 C. Latimer to Midfield for 9 yards (32 Q. Cole),,True,3,6,32,Half2,MaSourceTypeOfficialScoring,FOOTBALL_XFL_2023_3_25_SEA@ORL,,QBStat,111,2302021-SEA-at-ORL,392,1292,1292,6:32,3,3,Home,41,15,4,,,,1.0,59,17,10,20311,,,StatusOfficial,ResultPassComplete,,,,20407,20929,1.0,10.0,Home,27.0,2.0,0:35, ,,9.0,23.0,,,,,,,,,,,,,,,,,,,,,,,,,,,,,,0,0.0,0.0,0.0
2023,FOOTBALL_XFL_2023_3_25_SEA@ORL,SEA,6,ORL,4,253,1679770718.0,53918,2023-03-25 18:58:38.000000,EventFootballRush,"2-1-Midfield (6:15) 30 J. Martin rush to SEA 47 for 3 yards (2 A. Brooks, 32 Q. Cole)",,True,3,6,15,Half2,MaSourceTypeOfficialScoring,FOOTBALL_XFL_2023_3_25_SEA@ORL,,QBStat,112,2302021-SEA-at-ORL,375,1275,1275,6:15,3,3,Home,50,15,4,,,,1.0,50,17,10,21919,,,StatusOfficial,,,,,,,2.0,1.0,Home,27.0,3.0,0:59, ,20997,3.0,26.0,20311,,,,,,,,,,,,,,,,,,,,,,,,,,,,,0,0.0,0.0,0.0
2023,FOOTBALL_XFL_2023_3_25_SEA@ORL,SEA,6,ORL,4,255,1679770750.0,53950,2023-03-25 18:59:10.000000,EventFootballPass,1-10-SEA 47 (5:45) 12 Q. Dormady pass incomplete to 17 E. Rogers QB Hit by 9 C. Hicks,,True,3,5,45,Half2,MaSourceTypeOfficialScoring,FOOTBALL_XFL_2023_3_25_SEA@ORL,,QBStat,113,2302021-SEA-at-ORL,345,1245,1245,5:45,3,3,Visitor,47,15,4,,,,1.0,47,17,10,,,,StatusOfficial,ResultPassIncomplete,,,,20407,22708,1.0,10.0,Home,27.0,4.0,1:19, ,,,26.0,,,,,,22344,,,,,,,,,,,,,,,,,,,,,,,,0,0.0,0.0,0.0
2023,FOOTBALL_XFL_2023_3_25_SEA@ORL,SEA,6,ORL,4,257,1679770782.0,53982,2023-03-25 18:59:42.000000,EventFootballPass,2-10-SEA 47 (5:20) 12 Q. Dormady pass to 83 D. Williams to SEA 43 for 4 yards (5 C. Payton-Jones),,True,3,5,20,Half2,MaSourceTypeOfficialScoring,FOOTBALL_XFL_2023_3_25_SEA@ORL,,QBStat,114,2302021-SEA-at-ORL,320,1220,1220,5:20,3,3,Visitor,47,15,4,,,,1.0,47,17,10,20836,,,StatusOfficial,ResultPassComplete,,,,20407,21672,2.0,10.0,Home,27.0,5.0,1:50, ,,4.0,30.0,,,,,,,,,,,,,,,,,,,,,,,,,,,,,,0,0.0,0.0,0.0
2023,FOOTBALL_XFL_2023_3_25_SEA@ORL,SEA,6,ORL,4,259,1679770824.0,54024,2023-03-25 19:00:24.000000,EventFootballRush,"3-6-SEA 43 (4:44) 26 D. Darrington rush for 43 yards, TOUCHDOWN",,True,3,4,44,Half2,MaSourceTypeOfficialScoring,FOOTBALL_XFL_2023_3_25_SEA@ORL,,QBStat,115,2302021-SEA-at-ORL,284,1184,1184,4:44,3,3,Visitor,43,15,4,,,,1.0,43,17,10,,,,StatusOfficial,,,,,,,3.0,6.0,Home,27.0,6.0,2:17,TD,20357,43.0,73.0,,,,,,,,,,,,,ScoreTypeTd,,,,,,,,,,,,,,,,,0,0.0,1.0,1.0
2023,FOOTBALL_XFL_2023_3_25_SEA@ORL,SEA,6,ORL,4,261,1679770868.0,54068,2023-03-25 19:01:08.000000,EventFootballPat2PtPass,FROM SEA 5 (4:44) 12 Q. Dormady 2-pt conversion pass to 26 D. Darrington NO GOOD,,True,3,4,44,Half2,MaSourceTypeOfficialScoring,FOOTBALL_XFL_2023_3_25_SEA@ORL,,QBStat,116,2302021-SEA-at-ORL,284,1184,1184,4:44,3,3,Visitor,5,15,4,,,,1.0,5,17,16,,,,StatusOfficial,ResultPassInterception,,,,20407,20357,,,,,,,,,,,,,,,,,,,,,,,,,2.0,,20918,,,,,,,,,,,,,0,0.0,0.0,0.0
2023,FOOTBALL_XFL_2023_3_25_SEA@ORL,SEA,6,ORL,4,267,1679771201.0,54401,2023-03-25 19:06:41.000000,EventFootballPenalty,"FROM ORL 30 (4:40) PENALTY on (ORL) 48 J. Blakely, 5 yards",,True,3,4,40,Half2,MaSourceTypeOfficialScoring,FOOTBALL_XFL_2023_3_25_SEA@ORL,,QBStat,117,2302021-SEA-at-ORL,280,1180,1180,4:40,3,3,Home,30,16,6,,,,0.0,30,17,16,,,,StatusOfficial,,,,,,,,,Home,,,0:04, ,,,,,,,,,,,4,20134,5.0,ResultPenaltyRepeatdown,NA,,,,,,,,,,,,,,,,,,0,0.0,0.0,0.0
2023,FOOTBALL_XFL_2023_3_25_SEA@ORL,SEA,6,ORL,4,287,1679771239.0,54439,2023-03-25 19:07:19.000000,EventFootballKickoff,FROM ORL 25 (4:40) 0 J. Borregales kicks from ORL 25. 86 K. McKnight to SEA 30 for 20 yards (41 J. Gemmel),,True,3,4,40,Half2,MaSourceTypeOfficialScoring,FOOTBALL_XFL_2023_3_25_SEA@ORL,,QBStat,118,2302021-SEA-at-ORL,280,1180,1180,4:40,3,3,Home,25,16,6,,,,0.0,25,17,16,20546,22840,86,StatusOfficial,ResultKickReturned,20.0,Visitor,30.0,,,,,,,,,,,,,,,,,,,,,,,,,,,,,,,,,,,,,,,,,,0,0.0,0.0,0.0
2023,FOOTBALL_XFL_2023_3_25_SEA@ORL,SEA,6,ORL,4,271,1679771347.0,54547,2023-03-25 19:09:07.000000,EventFootballPass,1-10-SEA 30 (4:30) 6 B. DiNucci pass incomplete to 80 B. Jackson Pass Defended by 27 T. Smith,,True,3,4,30,Half2,MaSourceTypeOfficialScoring,FOOTBALL_XFL_2023_3_25_SEA@ORL,,QBStat,119,2302021-SEA-at-ORL,270,1170,1170,4:30,3,3,Visitor,30,16,6,,,,0.0,70,17,16,,,,StatusOfficial,ResultPassIncomplete,,,,21979,20761,1.0,10.0,Visitor,30.0,1.0,0:15, ,,,,,,,,,,21825,,,,,,,,,,,,,,,,,,,,,,,0,0.0,0.0,0.0
2023,FOOTBALL_XFL_2023_3_25_SEA@ORL,SEA,6,ORL,4,273,1679771388.0,54588,2023-03-25 19:09:48.000000,EventFootballPass,2-10-SEA 30 (3:55) 6 B. DiNucci pass to 4 J. Green to ORL 46 for 24 yards (27 T. Smith),,True,3,3,55,Half2,MaSourceTypeOfficialScoring,FOOTBALL_XFL_2023_3_25_SEA@ORL,,QBStat,120,2302021-SEA-at-ORL,235,1135,1135,3:55,3,3,Visitor,30,16,6,,,,0.0,70,17,16,21825,,,StatusOfficial,ResultPassComplete,,,,21979,22035,2.0,10.0,Visitor,30.0,2.0,1:02, ,,24.0,24.0,,,,,,,,,,,,,,,,,,,,,,,,,,,,,,0,0.0,0.0,0.0
2023,FOOTBALL_XFL_2023_3_25_SEA@ORL,SEA,6,ORL,4,275,1679771454.0,54654,2023-03-25 19:10:54.000000,EventFootballPass,1-10-ORL 46 (3:27) 6 B. DiNucci pass dropped by 4 J. Green,,True,3,3,27,Half2,MaSourceTypeOfficialScoring,FOOTBALL_XFL_2023_3_25_SEA@ORL,,QBStat,121,2302021-SEA-at-ORL,207,1107,1107,3:27,3,3,Home,46,16,6,,,,0.0,46,17,16,,,,StatusOfficial,ResultPassDropped,,,,21979,22035,1.0,10.0,Visitor,30.0,3.0,1:40, ,,,24.0,,,,,,,,,,,,,,,,,,,,,,,,,,,,,,0,0.0,0.0,0.0
2023,FOOTBALL_XFL_2023_3_25_SEA@ORL,SEA,6,ORL,4,277,1679771493.0,54693,2023-03-25 19:11:33.000000,EventFootballPass,2-10-ORL 46 (2:52) 6 B. DiNucci pass to 80 B. Jackson to ORL 28 for 18 yards (32 J. Rogers),,True,3,2,52,Half2,MaSourceTypeOfficialScoring,FOOTBALL_XFL_2023_3_25_SEA@ORL,,QBStat,122,2302021-SEA-at-ORL,172,1072,1072,2:52,3,3,Home,46,16,6,,,,0.0,46,17,16,21333,,,StatusOfficial,ResultPassComplete,,,,21979,20761,2.0,10.0,Visitor,30.0,4.0,2:04, ,,18.0,42.0,,,,,,,,,,,,,,,,,,,,,,,,,,,,,,0,0.0,0.0,0.0
2023,FOOTBALL_XFL_2023_3_25_SEA@ORL,SEA,6,ORL,4,280,1679771531.0,54731,2023-03-25 19:12:11.000000,EventFootballPass,"1-10-ORL 28 (2:17) 6 B. DiNucci pass to 3 J. Pearson to ORL 28 for 0 yards (41 J. Gemmel, 58 J. Spady)",,True,3,2,17,Half2,MaSourceTypeOfficialScoring,FOOTBALL_XFL_2023_3_25_SEA@ORL,,QBStat,123,2302021-SEA-at-ORL,137,1037,1037,2:17,3,3,Home,28,16,6,,,,0.0,28,17,16,20546,,,StatusOfficial,ResultPassComplete,,,,21979,21203,1.0,10.0,Visitor,30.0,5.0,3:00, ,,0.0,42.0,21461,,,,,,,,,,,,,,,,,,,,,,,,,,,,,0,0.0,0.0,0.0
2023,FOOTBALL_XFL_2023_3_25_SEA@ORL,SEA,6,ORL,4,282,1679771570.0,54770,2023-03-25 19:12:50.000000,EventFootballPass,2-10-ORL 28 (1:38) 6 B. DiNucci pass to 3 J. Pearson to ORL 24 for 4 yards (1 C. Holmes),,True,3,1,38,Half2,MaSourceTypeOfficialScoring,FOOTBALL_XFL_2023_3_25_SEA@ORL,,QBStat,124,2302021-SEA-at-ORL,98,998,998,1:38,3,3,Home,28,16,6,,,,0.0,28,17,16,20713,,,StatusOfficial,ResultPassComplete,,,,21979,21203,2.0,10.0,Visitor,30.0,6.0,3:14, ,,4.0,46.0,,,,,,,,,,,,,,,,,,,,,,,,,,,,,,0,0.0,0.0,0.0
2023,FOOTBALL_XFL_2023_3_25_SEA@ORL,SEA,6,ORL,4,284,1679771606.0,54806,2023-03-25 19:13:26.000000,EventFootballPass,3-6-ORL 24 (1:02) 6 B. DiNucci pass to 88 J. Veasy to ORL 11 for 13 yards (21 S. Wiggins),,True,3,1,2,Half2,MaSourceTypeOfficialScoring,FOOTBALL_XFL_2023_3_25_SEA@ORL,,QBStat,125,2302021-SEA-at-ORL,62,962,962,1:02,3,3,Home,24,16,6,,,,0.0,24,17,16,21664,,,StatusOfficial,ResultPassComplete,,,,21979,22306,3.0,6.0,Visitor,30.0,7.0,3:51, ,,13.0,59.0,,,,,,,,,,,,,,,,,,,,,,,,,,,,,,0,0.0,0.0,0.0
2023,FOOTBALL_XFL_2023_3_25_SEA@ORL,SEA,6,ORL,4,286,1679771643.0,54843,2023-03-25 19:14:03.000000,EventFootballRush,1-10-ORL 11 (0:25) 6 B. DiNucci rush to ORL 8 for 3 yards (88 C. Patton),,True,3,0,25,Half2,MaSourceTypeOfficialScoring,FOOTBALL_XFL_2023_3_25_SEA@ORL,,QBStat,126,2302021-SEA-at-ORL,25,925,925,0:25,3,3,Home,11,16,6,,,,0.0,11,17,16,22001,,,StatusOfficial,,,,,,,1.0,10.0,Visitor,30.0,8.0,4:33, ,21979,3.0,62.0,,,,,,,,,,,,,,,,,,,,,,,,,,,,,,0,0.0,0.0,0.0
2023,FOOTBALL_XFL_2023_3_25_SEA@ORL,SEA,6,ORL,4,289,1679771889.0,55089,2023-03-25 19:18:09.000000,EventFootballRush,2-7-ORL 8 (14:54) 23 D. Bradwell rush to ORL 9 for -1 yards (88 C. Patton),,True,4,14,54,Half2,MaSourceTypeOfficialScoring,FOOTBALL_XFL_2023_3_25_SEA@ORL,,QBStat,127,2302021-SEA-at-ORL,894,894,894,14:54,3,3,Home,8,16,6,,,,0.0,8,17,16,22001,,,StatusOfficial,,,,,,,2.0,7.0,Visitor,30.0,9.0,5:05, ,21917,-1.0,61.0,,,,,,,,,,,,,,,,,,,,,,,,,,,,,,0,0.0,0.0,0.0
2023,FOOTBALL_XFL_2023_3_25_SEA@ORL,SEA,6,ORL,4,291,1679771937.0,55137,2023-03-25 19:18:57.000000,EventFootballPass,3-8-ORL 9 (14:10) 6 B. DiNucci pass incomplete to 4 J. Green Pass Defended by 20 B. Buchanan,,True,4,14,10,Half2,MaSourceTypeOfficialScoring,FOOTBALL_XFL_2023_3_25_SEA@ORL,,QBStat,128,2302021-SEA-at-ORL,850,850,850,14:10,3,3,Home,9,16,6,,,,0.0,9,17,16,,,,StatusOfficial,ResultPassIncomplete,,,,21979,22035,3.0,8.0,Visitor,30.0,10.0,5:39, ,,,61.0,,,,,,,20221,,,,,,,,,,,,,,,,,,,,,,,0,0.0,0.0,0.0
2023,FOOTBALL_XFL_2023_3_25_SEA@ORL,SEA,6,ORL,4,293,1679771961.0,55161,2023-03-25 19:19:21.000000,EventFootballFg,4-8-ORL 9 (13:49) 11 D. Eberle 27 yard field goal is GOOD,,True,4,13,49,Half2,MaSourceTypeOfficialScoring,FOOTBALL_XFL_2023_3_25_SEA@ORL,,QBStat,129,2302021-SEA-at-ORL,829,829,829,13:49,3,3,Home,9,16,6,,,,0.0,9,17,16,,22874,,StatusOfficial,ResultKickMade,,,,,,4.0,8.0,Visitor,30.0,11.0,5:55,FG,,27.0,61.0,,,,,,,,,,,,,ScoreTypeFg,,,,,,,,,,,,,,,,,0,0.0,0.0,0.0
2023,FOOTBALL_XFL_2023_3_25_SEA@ORL,SEA,6,ORL,4,296,1679772061.0,55261,2023-03-25 19:21:01.000000,EventFootballKickoff,"FROM SEA 30 (13:32) 11 D. Eberle kicks from SEA 30. 10 D. Thomas to ORL 17 for 13 yards (9 C. Hicks, 33 A. Holder)",,True,4,13,32,Half2,MaSourceTypeOfficialScoring,FOOTBALL_XFL_2023_3_25_SEA@ORL,,QBStat,130,2302021-SEA-at-ORL,812,812,812,13:32,3,3,Visitor,30,17,4,,,,1.0,30,20,16,22344,20929,21997,StatusOfficial,ResultKickReturned,13.0,Home,17.0,,,,,,,,,,,,,22552,,,,,,,,,,,,,,,,,,,,,,,,,,,,,0,0.0,0.0,0.0
2023,FOOTBALL_XFL_2023_3_25_SEA@ORL,SEA,6,ORL,4,299,1679772105.0,55305,2023-03-25 19:21:45.000000,EventFootballPass,"1-10-ORL 17 (13:24) 12 Q. Dormady pass to 11 C. Latimer to ORL 47 for 30 yards (32 Q. Cole) PENALTY on (SEA) 2 A. Brooks, 15 yards",,True,4,13,24,Half2,MaSourceTypeOfficialScoring,FOOTBALL_XFL_2023_3_25_SEA@ORL,,QBStat,131,2302021-SEA-at-ORL,804,804,804,13:24,3,3,Home,17,17,4,,,,1.0,83,20,16,20311,,,StatusOfficial,ResultPassComplete,,,,20407,20929,1.0,10.0,Home,17.0,1.0,0:16, ,,30.0,45.0,,,,,,,,6,21919,15.0,ResultPenaltyAuto1Stdown,NA,,,,,,,,,,,,,,,,,,0,0.0,0.0,0.0
2023,FOOTBALL_XFL_2023_3_25_SEA@ORL,SEA,6,ORL,4,301,1679772164.0,55364,2023-03-25 19:22:44.000000,EventFootballPass,1-10-SEA 38 (13:04) 12 Q. Dormady pass dropped by 87 L. Carter,,True,4,13,4,Half2,MaSourceTypeOfficialScoring,FOOTBALL_XFL_2023_3_25_SEA@ORL,,QBStat,132,2302021-SEA-at-ORL,784,784,784,13:04,3,3,Visitor,38,17,4,,,,1.0,38,20,16,,,,StatusOfficial,ResultPassDropped,,,,20407,20272,1.0,10.0,Home,17.0,2.0,0:44, ,,,45.0,,,,,,,,,,,,,,,,,,,,,,,,,,,,,,0,0.0,0.0,0.0
2023,FOOTBALL_XFL_2023_3_25_SEA@ORL,SEA,6,ORL,4,303,1679772198.0,55398,2023-03-25 19:23:18.000000,EventFootballPass,2-10-SEA 38 (12:35) 12 Q. Dormady pass to 83 D. Williams to SEA 32 for 6 yards (17 R. Farris),,True,4,12,35,Half2,MaSourceTypeOfficialScoring,FOOTBALL_XFL_2023_3_25_SEA@ORL,,QBStat,133,2302021-SEA-at-ORL,755,755,755,12:35,3,3,Visitor,38,17,4,,,,1.0,38,20,16,20468,,,StatusOfficial,ResultPassComplete,,,,20407,21672,2.0,10.0,Home,17.0,3.0,1:13, ,,6.0,51.0,,,,,,,,,,,,,,,,,,,,,,,,,,,,,,0,0.0,0.0,0.0
2023,FOOTBALL_XFL_2023_3_25_SEA@ORL,SEA,6,ORL,4,305,1679772237.0,55437,2023-03-25 19:23:57.000000,EventFootballPass,3-4-SEA 32 (12:04) 12 Q. Dormady pass incomplete to 11 C. Latimer Pass Defended by 36 Z. Kelly,,True,4,12,4,Half2,MaSourceTypeOfficialScoring,FOOTBALL_XFL_2023_3_25_SEA@ORL,,QBStat,134,2302021-SEA-at-ORL,724,724,724,12:04,3,3,Visitor,32,17,4,,,,1.0,32,20,16,,,,StatusOfficial,ResultPassIncomplete,,,,20407,20929,3.0,4.0,Home,17.0,4.0,1:43, ,,,51.0,,,,,,,20878,,,,,,,,,,,,,,,,,,,,,,,0,0.0,0.0,0.0
2023,FOOTBALL_XFL_2023_3_25_SEA@ORL,SEA,6,ORL,4,307,1679772260.0,55460,2023-03-25 19:24:20.000000,EventFootballFg,4-4-SEA 32 (11:44) 0 J. Borregales 50 yard field goal is GOOD,,True,4,11,44,Half2,MaSourceTypeOfficialScoring,FOOTBALL_XFL_2023_3_25_SEA@ORL,,QBStat,135,2302021-SEA-at-ORL,704,704,704,11:44,3,3,Visitor,32,17,4,,,,1.0,32,20,16,,21741,,StatusOfficial,ResultKickMade,,,,,,4.0,4.0,Home,17.0,5.0,2:05,FG,,50.0,51.0,,,,,,,,,,,,,ScoreTypeFg,,,,,,,,,,,,,,,,,0,0.0,0.0,0.0
2023,FOOTBALL_XFL_2023_3_25_SEA@ORL,SEA,6,ORL,4,309,1679772438.0,55638,2023-03-25 19:27:18.000000,EventFootballKickoff,FROM ORL 30 (11:28) 0 J. Borregales kicks from ORL 30. 86 K. McKnight to SEA 31 for 24 yards (38 M. Murphy),,True,4,11,28,Half2,MaSourceTypeOfficialScoring,FOOTBALL_XFL_2023_3_25_SEA@ORL,,QBStat,136,2302021-SEA-at-ORL,688,688,688,11:28,3,3,Home,30,18,6,,,,0.0,30,20,19,21121,22840,86,StatusOfficial,ResultKickReturned,24.0,Visitor,31.0,,,,,,,,,,,,,,,,,,,,,,,,,,,,,,,,,,,,,,,,,,0,0.0,0.0,0.0
2023,FOOTBALL_XFL_2023_3_25_SEA@ORL,SEA,6,ORL,4,311,1679772545.0,55745,2023-03-25 19:29:05.000000,EventFootballRush,"1-10-SEA 31 (11:12) 23 D. Bradwell rush to SEA 29 for -2 yards (41 J. Gemmel, 40 E. Thompson)",,True,4,11,12,Half2,MaSourceTypeOfficialScoring,FOOTBALL_XFL_2023_3_25_SEA@ORL,,QBStat,137,2302021-SEA-at-ORL,672,672,672,11:12,3,3,Visitor,31,18,6,,,,0.0,69,20,19,20546,,,StatusOfficial,,,,,,,1.0,10.0,Visitor,31.0,1.0,0:27, ,21917,-2.0,-2.0,21550,,,,,,,,,,,,,,,,,,,,,,,,,,,,,0,0.0,0.0,0.0
2023,FOOTBALL_XFL_2023_3_25_SEA@ORL,SEA,6,ORL,4,313,1679772584.0,55784,2023-03-25 19:29:44.000000,EventFootballPass,2-12-SEA 29 (10:34) 6 B. DiNucci pass incomplete,,True,4,10,34,Half2,MaSourceTypeOfficialScoring,FOOTBALL_XFL_2023_3_25_SEA@ORL,,QBStat,138,2302021-SEA-at-ORL,634,634,634,10:34,3,3,Visitor,29,18,6,,,,0.0,71,20,19,,,,StatusOfficial,ResultPassIncomplete,,,,21979,,2.0,12.0,Visitor,31.0,2.0,0:54, ,,,-2.0,,,,,,,,,,,,,,,,,,,,,,,,,,,,,,0,0.0,0.0,0.0
2023,FOOTBALL_XFL_2023_3_25_SEA@ORL,SEA,6,ORL,4,315,1679772626.0,55826,2023-03-25 19:30:26.000000,EventFootballPass,3-12-SEA 29 (10:01) 6 B. DiNucci pass to 80 B. Jackson to SEA 34 for 5 yards (8 T. Smith),,True,4,10,1,Half2,MaSourceTypeOfficialScoring,FOOTBALL_XFL_2023_3_25_SEA@ORL,,QBStat,139,2302021-SEA-at-ORL,601,601,601,10:01,3,3,Visitor,29,18,6,,,,0.0,71,20,19,21448,,,StatusOfficial,ResultPassComplete,,,,21979,20761,3.0,12.0,Visitor,31.0,3.0,1:37, ,,5.0,3.0,,,,,,,,,,,,,,,,,,,,,,,,,,,,,,0,0.0,0.0,0.0
2023,FOOTBALL_XFL_2023_3_25_SEA@ORL,SEA,6,ORL,4,324,1679772659.0,55859,2023-03-25 19:30:59.000000,EventFootballPunt,"4-7-SEA 34 (9:28) 10 C. Nizialek punts 40 yards from SEA 34 to ORL 26. 32 J. Rogers to Midfield for 5 yards Team Gained 16 Extra Yards Fumbled by 32 J. Rogers,  Forced by 96 D. Joseph Recovered by 29 T. Washington (89 C. Taumoepeau) PENALTY on Seattle Sea Dragons, 5 yards",,True,4,9,28,Half2,MaSourceTypeOfficialScoring,FOOTBALL_XFL_2023_3_25_SEA@ORL,,QBStat,140,2302021-SEA-at-ORL,568,568,568,9:28,3,3,Visitor,34,18,6,,,,0.0,66,20,19,89,,,StatusOfficial,ResultKickReturned,,Home,50.0,,,4.0,7.0,Visitor,31.0,3.0,2:16,PUNT,,,3.0,,21997,21333,40.0,5.0,,,6,TM,5.0,ResultPenaltyOnkickoffpat,NA,,,,,,,Team,6,,16.0,4,21333,4,22888,21869,,,1,0.0,0.0,0.0
2023,FOOTBALL_XFL_2023_3_25_SEA@ORL,SEA,6,ORL,4,326,1679772772.0,55972,2023-03-25 19:32:52.000000,EventFootballPenalty,"1-10-Midfield (9:07) PENALTY on (ORL) 17 E. Rogers, 5 yards",,True,4,9,7,Half2,MaSourceTypeOfficialScoring,FOOTBALL_XFL_2023_3_25_SEA@ORL,,QBStat,141,2302021-SEA-at-ORL,547,547,547,9:07,3,3,Home,50,19,4,,,,1.0,50,20,19,,,,StatusOfficial,,,,,,,1.0,10.0,Home,50.0,,2:12, ,,,-5.0,,,,,,,,4,22708,5.0,ResultPenaltyRepeatdown,NA,,,,,,,,,,,,,,,,,,0,0.0,0.0,0.0
2023,FOOTBALL_XFL_2023_3_25_SEA@ORL,SEA,6,ORL,4,335,1679772948.0,56148,2023-03-25 19:35:48.000000,EventFootballPass,1-15-ORL 45 (8:54) 12 Q. Dormady pass incomplete to 87 L. Carter,,True,4,8,54,Half2,MaSourceTypeOfficialScoring,FOOTBALL_XFL_2023_3_25_SEA@ORL,,QBStat,142,2302021-SEA-at-ORL,534,534,534,8:54,3,3,Home,45,19,4,,,,1.0,55,20,19,,,,StatusOfficial,ResultPassIncomplete,,,,20407,20272,1.0,15.0,Home,50.0,1.0,2:12, ,,,-5.0,,,,,,,,,,,,,,,,,,,,,,,,,,,,,,0,0.0,0.0,0.0
2023,FOOTBALL_XFL_2023_3_25_SEA@ORL,SEA,6,ORL,4,336,1679772957.0,56157,2023-03-25 19:35:57.000000,EventFootballPass,2-15-ORL 45 (8:21) 12 Q. Dormady pass incomplete to 14 C. Rambo Pass Defended by 5 C. Payton-Jones,,True,4,8,21,Half2,MaSourceTypeOfficialScoring,FOOTBALL_XFL_2023_3_25_SEA@ORL,,QBStat,143,2302021-SEA-at-ORL,501,501,501,8:21,3,3,Home,45,19,4,,,,1.0,55,20,19,,,,StatusOfficial,ResultPassIncomplete,,,,20407,22018,2.0,15.0,Home,50.0,2.0,6:26, ,,,-5.0,,,,,,,20836,,,,,,,,,,,,,,,,,,,,,,,0,0.0,0.0,0.0
2023,FOOTBALL_XFL_2023_3_25_SEA@ORL,SEA,6,ORL,4,337,1679772967.0,56167,2023-03-25 19:36:07.000000,EventFootballPass,3-15-ORL 45 (7:51) 12 Q. Dormady pass incomplete to 83 D. Williams Pass Defended by 33 A. Holder,,True,4,7,51,Half2,MaSourceTypeOfficialScoring,FOOTBALL_XFL_2023_3_25_SEA@ORL,,QBStat,144,2302021-SEA-at-ORL,471,471,471,7:51,3,3,Home,45,19,4,,,,1.0,55,20,19,,,,StatusOfficial,ResultPassIncomplete,,,,20407,21672,3.0,15.0,Home,50.0,3.0,6:26, ,,,-5.0,,,,,,,22552,,,,,,,,,,,,,,,,,,,,,,,0,0.0,0.0,0.0
2023,FOOTBALL_XFL_2023_3_25_SEA@ORL,SEA,6,ORL,4,340,1679772977.0,56177,2023-03-25 19:36:17.000000,EventFootballPunt,"4-15-ORL 45 (7:22) 19 M. Brown punt blocked by 33 A. Holder, ball on ORL 6",,True,4,7,22,Half2,MaSourceTypeOfficialScoring,FOOTBALL_XFL_2023_3_25_SEA@ORL,,QBStat,145,2302021-SEA-at-ORL,442,442,442,7:22,3,3,Home,45,19,4,,,,1.0,55,20,19,,,,StatusOfficial,ResultKickBlocked,,Home,6.0,,,4.0,15.0,Home,50.0,3.0,2:06,PUNT,,,-5.0,,20208,,,,,,,,,,,,,,,,,,,,,,,,,,22552,,1,0.0,0.0,0.0
2023,FOOTBALL_XFL_2023_3_25_SEA@ORL,SEA,6,ORL,4,339,1679773210.0,56410,2023-03-25 19:40:10.000000,EventFootballRush,1-6-ORL 6 (7:10) 19 T. Hammonds rush to ORL 6 for 0 yards (56 S. Maponga),,True,4,7,10,Half2,MaSourceTypeOfficialScoring,FOOTBALL_XFL_2023_3_25_SEA@ORL,,QBStat,146,2302021-SEA-at-ORL,430,430,430,7:10,3,3,Home,6,20,6,,,,0.0,6,20,19,20992,,,StatusOfficial,,,,,,,1.0,6.0,Home,6.0,1.0,0:20, ,20620,0.0,,,,,,,,,,,,,,,,,,,,,,,,,,,,,,,0,0.0,0.0,0.0
2023,FOOTBALL_XFL_2023_3_25_SEA@ORL,SEA,6,ORL,4,342,1679773253.0,56453,2023-03-25 19:40:53.000000,EventFootballRush,2-6-ORL 6 (6:30) 6 B. DiNucci rush to ORL 4 for 2 yards (22 M. Elam),,True,4,6,30,Half2,MaSourceTypeOfficialScoring,FOOTBALL_XFL_2023_3_25_SEA@ORL,,QBStat,147,2302021-SEA-at-ORL,390,390,390,6:30,3,3,Home,6,20,6,,,,0.0,6,20,19,20444,,,StatusOfficial,,,,,,,2.0,6.0,Home,6.0,2.0,0:48, ,21979,2.0,2.0,,,,,,,,,,,,,,,,,,,,,,,,,,,,,,0,0.0,0.0,0.0
2023,FOOTBALL_XFL_2023_3_25_SEA@ORL,SEA,6,ORL,4,344,1679773291.0,56491,2023-03-25 19:41:31.000000,EventFootballPass,"3-4-ORL 4 (6:00) 6 B. DiNucci pass to 4 J. Green for 4 yards, TOUCHDOWN",,True,4,6,0,Half2,MaSourceTypeOfficialScoring,FOOTBALL_XFL_2023_3_25_SEA@ORL,,QBStat,148,2302021-SEA-at-ORL,360,360,360,6:00,3,3,Home,4,20,6,,,,0.0,4,20,19,,,,StatusOfficial,ResultPassComplete,,,,21979,22035,3.0,4.0,Home,6.0,3.0,1:14,TD,,4.0,6.0,,,,,,,,,,,,,ScoreTypeTd,,,,,,,,,,,,,,,,,0,1.0,0.0,1.0
2023,FOOTBALL_XFL_2023_3_25_SEA@ORL,SEA,6,ORL,4,346,1679773322.0,56522,2023-03-25 19:42:02.000000,EventFootballPat2PtPass,FROM ORL 5 (6:00) 6 B. DiNucci 2-pt conversion pass to 3 J. Pearson NO GOOD,,True,4,6,0,Half2,MaSourceTypeOfficialScoring,FOOTBALL_XFL_2023_3_25_SEA@ORL,,QBStat,149,2302021-SEA-at-ORL,360,360,360,6:00,3,3,Home,5,20,6,,,,0.0,5,26,19,,,,StatusOfficial,ResultPassIncomplete,,,,21979,21203,,,,,,,,,,,,,,,,,,,,,,,,,2.0,,,,,,,,,,,,,,,0,0.0,0.0,0.0
2023,FOOTBALL_XFL_2023_3_25_SEA@ORL,SEA,6,ORL,4,348,1679773435.0,56635,2023-03-25 19:43:55.000000,EventFootballKickoff,FROM SEA 30 (5:54) 11 D. Eberle kicks from SEA 30. 10 D. Thomas to ORL 25 for 21 yards (32 Q. Cole),,True,4,5,54,Half2,MaSourceTypeOfficialScoring,FOOTBALL_XFL_2023_3_25_SEA@ORL,,QBStat,150,2302021-SEA-at-ORL,354,354,354,5:54,3,3,Visitor,30,21,4,,,,1.0,30,26,19,20311,20929,21997,StatusOfficial,ResultKickReturned,21.0,Home,25.0,,,,,,,,,,,,,,,,,,,,,,,,,,,,,,,,,,,,,,,,,,0,0.0,0.0,0.0
2023,FOOTBALL_XFL_2023_3_25_SEA@ORL,SEA,6,ORL,4,350,1679773473.0,56673,2023-03-25 19:44:33.000000,EventFootballRush,1-10-ORL 25 (5:48) 30 J. Martin rush to ORL 37 for 12 yards (2 A. Brooks),,True,4,5,48,Half2,MaSourceTypeOfficialScoring,FOOTBALL_XFL_2023_3_25_SEA@ORL,,QBStat,151,2302021-SEA-at-ORL,348,348,348,5:48,3,3,Home,25,21,4,,,,1.0,75,26,19,21919,,,StatusOfficial,,,,,,,1.0,10.0,Home,25.0,1.0,0:22, ,20997,12.0,12.0,,,,,,,,,,,,,,,,,,,,,,,,,,,,,,0,0.0,0.0,0.0
2023,FOOTBALL_XFL_2023_3_25_SEA@ORL,SEA,6,ORL,4,352,1679773494.0,56694,2023-03-25 19:44:54.000000,EventFootballPass,1-10-ORL 37 (5:28) 12 Q. Dormady pass to 14 C. Rambo to ORL 42 for 5 yards (2 A. Brooks),,True,4,5,28,Half2,MaSourceTypeOfficialScoring,FOOTBALL_XFL_2023_3_25_SEA@ORL,,QBStat,152,2302021-SEA-at-ORL,328,328,328,5:28,3,3,Home,37,21,4,,,,1.0,63,26,19,21919,,,StatusOfficial,ResultPassComplete,,,,20407,22018,1.0,10.0,Home,25.0,2.0,0:39, ,,5.0,17.0,,,,,,,,,,,,,,,,,,,,,,,,,,,,,,0,0.0,0.0,0.0
2023,FOOTBALL_XFL_2023_3_25_SEA@ORL,SEA,6,ORL,4,354,1679773525.0,56725,2023-03-25 19:45:25.000000,EventFootballPenalty,"2-5-ORL 42 (5:05) PENALTY on (ORL) 14 C. Rambo, 5 yards",,True,4,5,5,Half2,MaSourceTypeOfficialScoring,FOOTBALL_XFL_2023_3_25_SEA@ORL,,QBStat,153,2302021-SEA-at-ORL,305,305,305,5:05,3,3,Home,42,21,4,,,,1.0,58,26,19,,,,StatusOfficial,,,,,,,2.0,5.0,Home,25.0,2.0,0:55, ,,,12.0,,,,,,,,4,22018,5.0,ResultPenaltyRepeatdown,NA,,,,,,,,,,,,,,,,,,0,0.0,0.0,0.0
2023,FOOTBALL_XFL_2023_3_25_SEA@ORL,SEA,6,ORL,4,356,1679773560.0,56760,2023-03-25 19:46:00.000000,EventFootballPass,2-10-ORL 37 (4:57) 12 Q. Dormady pass to 11 C. Latimer to ORL 40 for 3 yards (5 C. Payton-Jones),,True,4,4,57,Half2,MaSourceTypeOfficialScoring,FOOTBALL_XFL_2023_3_25_SEA@ORL,,QBStat,154,2302021-SEA-at-ORL,297,297,297,4:57,3,3,Home,37,21,4,,,,1.0,63,26,19,20836,,,StatusOfficial,ResultPassComplete,,,,20407,20929,2.0,10.0,Home,25.0,3.0,1:11, ,,3.0,15.0,,,,,,,,,,,,,,,,,,,,,,,,,,,,,,0,0.0,0.0,0.0
2023,FOOTBALL_XFL_2023_3_25_SEA@ORL,SEA,6,ORL,4,358,1679773591.0,56791,2023-03-25 19:46:31.000000,EventFootballSack,"3-7-ORL 40 (4:26) 12 Q. Dormady sacked at ORL 34 for -6 yards (44 E. Ponder, 2 A. Brooks)",,True,4,4,26,Half2,MaSourceTypeOfficialScoring,FOOTBALL_XFL_2023_3_25_SEA@ORL,,QBStat,155,2302021-SEA-at-ORL,266,266,266,4:26,3,3,Home,40,21,4,,,,1.0,60,26,19,,,,StatusOfficial,,,,,20407,,3.0,7.0,Home,25.0,4.0,1:50, ,,-6.0,9.0,,,,,,,,,,,,,,,,,,22017,,,,,,,,,,,21919,0,0.0,0.0,0.0
2023,FOOTBALL_XFL_2023_3_25_SEA@ORL,SEA,6,ORL,4,360,1679773642.0,56842,2023-03-25 19:47:22.000000,EventFootballPenalty,"4-13-ORL 34 (3:50) PENALTY on Orlando Guardians, 5 yards",,True,4,3,50,Half2,MaSourceTypeOfficialScoring,FOOTBALL_XFL_2023_3_25_SEA@ORL,,QBStat,156,2302021-SEA-at-ORL,230,230,230,3:50,3,3,Home,34,21,4,,,,1.0,66,26,19,,,,StatusOfficial,,,,,,,4.0,13.0,Home,25.0,4.0,2:10, ,,,4.0,,,,,,,,4,TM,5.0,ResultPenaltyRepeatdown,NA,,,,,,,,,,,,,,,,,,0,0.0,0.0,0.0
2023,FOOTBALL_XFL_2023_3_25_SEA@ORL,SEA,6,ORL,4,362,1679773670.0,56870,2023-03-25 19:47:50.000000,EventFootballPunt,"4-18-ORL 29 (3:39) 19 M. Brown punts 58 yards from ORL 29 to SEA 13. 86 K. McKnight to SEA 20 for 22 yards (29 T. Washington, 32 J. Rogers) PENALTY on (SEA) 9 C. Hicks, 15 yards",,True,4,3,39,Half2,MaSourceTypeOfficialScoring,FOOTBALL_XFL_2023_3_25_SEA@ORL,,QBStat,157,2302021-SEA-at-ORL,219,219,219,3:39,3,3,Home,29,21,4,,,,1.0,71,26,19,29,,,StatusOfficial,ResultKickReturned,,Visitor,20.0,,,4.0,18.0,Home,25.0,4.0,2:21,PUNT,,,4.0,20311,20208,21875,58.0,22.0,,,6,22344,15.0,ResultPenaltyOnkickoffpat,NA,,,,,,,,,,,,,,,,,,1,0.0,0.0,0.0
2023,FOOTBALL_XFL_2023_3_25_SEA@ORL,SEA,6,ORL,4,364,1679773777.0,56977,2023-03-25 19:49:37.000000,EventFootballPass,1-10-SEA 20 (3:31) 6 B. DiNucci pass to 3 J. Pearson to SEA 31 for 11 yards (27 T. Smith),,True,4,3,31,Half2,MaSourceTypeOfficialScoring,FOOTBALL_XFL_2023_3_25_SEA@ORL,,QBStat,158,2302021-SEA-at-ORL,211,211,211,3:31,3,3,Visitor,20,22,6,,,,0.0,80,26,19,21825,,,StatusOfficial,ResultPassComplete,,,,21979,21203,1.0,10.0,Visitor,20.0,1.0,0:15, ,,11.0,11.0,,,,,,,,,,,,,,,,,,,,,,,,,,,,,,0,0.0,0.0,0.0
2023,FOOTBALL_XFL_2023_3_25_SEA@ORL,SEA,6,ORL,4,366,1679773820.0,57020,2023-03-25 19:50:20.000000,EventFootballRush,"1-10-SEA 31 (2:48) 23 D. Bradwell rush to SEA 29 for -2 yards (8 T. Smith, 88 C. Patton)",,True,4,2,48,Half2,MaSourceTypeOfficialScoring,FOOTBALL_XFL_2023_3_25_SEA@ORL,,QBStat,159,2302021-SEA-at-ORL,168,168,168,2:48,3,3,Visitor,31,22,6,,,,0.0,69,26,19,21448,,,StatusOfficial,,,,,,,1.0,10.0,Visitor,20.0,2.0,1:00, ,21917,-2.0,9.0,22001,,,,,,,,,,,,,,,,,,,,,,,,,,,,,0,0.0,0.0,0.0
2023,FOOTBALL_XFL_2023_3_25_SEA@ORL,SEA,6,ORL,4,368,1679773860.0,57060,2023-03-25 19:51:00.000000,EventFootballPass,2-12-SEA 29 (2:08) 6 B. DiNucci pass to 3 J. Pearson to SEA 32 for 3 yards (23 N. Hosein),,True,4,2,8,Half2,MaSourceTypeOfficialScoring,FOOTBALL_XFL_2023_3_25_SEA@ORL,,QBStat,160,2302021-SEA-at-ORL,128,128,128,2:08,3,3,Visitor,29,22,6,,,,0.0,71,26,19,20723,,,StatusOfficial,ResultPassComplete,,,,21979,21203,2.0,12.0,Visitor,20.0,3.0,1:33, ,,3.0,12.0,,,,,,,,,,,,,,,,,,,,,,,,,,,,,,0,0.0,0.0,0.0
2023,FOOTBALL_XFL_2023_3_25_SEA@ORL,SEA,6,ORL,4,370,1679773884.0,57084,2023-03-25 19:51:24.000000,EventFootballTimeout,3-9-SEA 32 (2:06) Timeout by Orlando Guardians at 2:06,,True,4,2,6,Half2,MaSourceTypeOfficialScoring,FOOTBALL_XFL_2023_3_25_SEA@ORL,,QBStat,161,2302021-SEA-at-ORL,126,126,126,2:06,3,3,Visitor,32,22,6,,,,0.0,68,26,19,,,,StatusOfficial,,,,,,,3.0,9.0,Visitor,20.0,3.0,1:33, ,,,12.0,,,,,,,,,,,,,,,,4,,,,,,,,,,,,,,0,0.0,0.0,0.0
2023,FOOTBALL_XFL_2023_3_25_SEA@ORL,SEA,6,ORL,4,372,1679773941.0,57141,2023-03-25 19:52:21.000000,EventFootballPass,3-9-SEA 32 (2:01) 6 B. DiNucci pass incomplete to 3 J. Pearson,,True,4,2,1,Half2,MaSourceTypeOfficialScoring,FOOTBALL_XFL_2023_3_25_SEA@ORL,,QBStat,162,2302021-SEA-at-ORL,121,121,121,2:01,2,2,Visitor,32,22,6,,,,0.0,68,26,19,,,,StatusOfficial,ResultPassIncomplete,,,,21979,21203,3.0,9.0,Visitor,20.0,4.0,1:38, ,,,12.0,,,,,,,,,,,,,,,,,,,,,,,,,,,,,,0,0.0,0.0,0.0
2023,FOOTBALL_XFL_2023_3_25_SEA@ORL,SEA,6,ORL,4,374,1679774173.0,57373,2023-03-25 19:56:13.000000,EventFootballPunt,"4-9-SEA 32 (1:52) 10 C. Nizialek punts 41 yards, downed at ORL 27",,True,4,1,52,Half2,MaSourceTypeOfficialScoring,FOOTBALL_XFL_2023_3_25_SEA@ORL,,QBStat,163,2302021-SEA-at-ORL,112,112,112,1:52,2,2,Visitor,32,22,6,,,,0.0,68,26,19,,,,StatusOfficial,ResultKickDowned,,Home,27.0,,,4.0,9.0,Visitor,20.0,4.0,1:47,PUNT,,,12.0,,21997,,41.0,,,,,,,,,,,,,,,,,,,,,,,,,,1,0.0,0.0,0.0
2023,FOOTBALL_XFL_2023_3_25_SEA@ORL,SEA,6,ORL,4,376,1679774225.0,57425,2023-03-25 19:57:05.000000,EventFootballPass,"1-10-ORL 27 (1:40) 12 Q. Dormady pass to 26 D. Darrington to ORL 40 for 13 yards Fumbled by 26 D. Darrington,  Forced by 2 A. Brooks Recovered by 17 R. Farris",,True,4,1,40,Half2,MaSourceTypeOfficialScoring,FOOTBALL_XFL_2023_3_25_SEA@ORL,,QBStat,164,2302021-SEA-at-ORL,100,100,100,1:40,2,2,Home,27,23,4,,,,1.0,73,26,19,,,,StatusOfficial,ResultPassComplete,,Home,41.0,20407,20357,1.0,10.0,Home,27.0,1.0,0:12,FUMBLE,,13.0,14.0,,,,,,,,,,,,,,,,,,,,,,,4,20357,6,20468,21919,,,0,0.0,0.0,0.0
2023,FOOTBALL_XFL_2023_3_25_SEA@ORL,SEA,6,ORL,4,381,1679774303.0,57503,2023-03-25 19:58:23.000000,EventFootballRush,"1-10-ORL 41 (1:35) 23 D. Bradwell rush to ORL 36 for 5 yards (56 S. Maponga, 44 T. Plummer)",,True,4,1,35,Half2,MaSourceTypeOfficialScoring,FOOTBALL_XFL_2023_3_25_SEA@ORL,,QBStat,165,2302021-SEA-at-ORL,95,95,95,1:35,2,2,Home,41,24,6,,,,0.0,41,26,19,20992,,,StatusOfficial,,,,,,,1.0,10.0,Home,41.0,1.0,0:05, ,21917,5.0,5.0,21244,,,,,,,,,,,,,,,,,,,,,,,,,,,,,0,0.0,0.0,0.0
2023,FOOTBALL_XFL_2023_3_25_SEA@ORL,SEA,6,ORL,4,380,1679774314.0,57514,2023-03-25 19:58:34.000000,EventFootballTimeout,2-5-ORL 36 (1:35) Timeout by Orlando Guardians at 1:35,,True,4,1,35,Half2,MaSourceTypeOfficialScoring,FOOTBALL_XFL_2023_3_25_SEA@ORL,,QBStat,166,2302021-SEA-at-ORL,95,95,95,1:35,2,2,Home,36,24,6,,,,0.0,36,26,19,,,,StatusOfficial,,,,,,,2.0,5.0,Home,41.0,1.0,0:05, ,,,5.0,,,,,,,,,,,,,,,,4,,,,,,,,,,,,,,0,0.0,0.0,0.0
2023,FOOTBALL_XFL_2023_3_25_SEA@ORL,SEA,6,ORL,4,383,1679774355.0,57555,2023-03-25 19:59:15.000000,EventFootballRush,2-5-ORL 36 (1:32) 23 D. Bradwell rush to ORL 38 for -2 yards (99 T. Sanders),,True,4,1,32,Half2,MaSourceTypeOfficialScoring,FOOTBALL_XFL_2023_3_25_SEA@ORL,,QBStat,167,2302021-SEA-at-ORL,92,92,92,1:32,2,1,Home,36,24,6,,,,0.0,36,26,19,21365,,,StatusOfficial,,,,,,,2.0,5.0,Home,41.0,2.0,0:09, ,21917,-2.0,3.0,,,,,,,,,,,,,,,,,,,,,,,,,,,,,,0,0.0,0.0,0.0
2023,FOOTBALL_XFL_2023_3_25_SEA@ORL,SEA,6,ORL,4,385,1679774368.0,57568,2023-03-25 19:59:28.000000,EventFootballTimeout,3-7-ORL 38 (1:31) Timeout by Orlando Guardians at 1:31,,True,4,1,31,Half2,MaSourceTypeOfficialScoring,FOOTBALL_XFL_2023_3_25_SEA@ORL,,QBStat,168,2302021-SEA-at-ORL,91,91,91,1:31,2,1,Home,38,24,6,,,,0.0,38,26,19,,,,StatusOfficial,,,,,,,3.0,7.0,Home,41.0,2.0,0:09, ,,,3.0,,,,,,,,,,,,,,,,4,,,,,,,,,,,,,,0,0.0,0.0,0.0
2023,FOOTBALL_XFL_2023_3_25_SEA@ORL,SEA,6,ORL,4,387,1679774419.0,57619,2023-03-25 20:00:19.000000,EventFootballSack,3-7-ORL 38 (1:18) 6 B. DiNucci sacked at ORL 41 for -3 yards (44 T. Plummer),,True,4,1,18,Half2,MaSourceTypeOfficialScoring,FOOTBALL_XFL_2023_3_25_SEA@ORL,,QBStat,169,2302021-SEA-at-ORL,78,78,78,1:18,2,0,Home,38,24,6,,,,0.0,38,26,19,,,,StatusOfficial,,,,,21979,,3.0,7.0,Home,41.0,3.0,0:33, ,,-3.0,,,,,,,,,,,,,,,,,,,21244,,,,,,,,,,,,0,0.0,0.0,0.0
2023,FOOTBALL_XFL_2023_3_25_SEA@ORL,SEA,6,ORL,4,390,1679774469.0,57669,2023-03-25 20:01:09.000000,EventFootballPunt,"4-10-ORL 41 (0:46) 10 C. Nizialek punts 41 yards from ORL 41 to end zone, Touchback PENALTY on (SEA) 19 T. Hammonds, 5 yards",,True,4,0,46,Half2,MaSourceTypeOfficialScoring,FOOTBALL_XFL_2023_3_25_SEA@ORL,,QBStat,170,2302021-SEA-at-ORL,46,46,46,0:46,2,0,Home,41,24,6,,,,0.0,41,26,19,,,,StatusOfficial,ResultKickTouchback,,Home,40.0,,,4.0,10.0,Home,41.0,3.0,0:54,PUNT,,,,,21997,,41.0,,,,6,20620,5.0,ResultPenaltyRepeatdown,NA,,,,,,,,,,,,,,,,,,1,0.0,0.0,0.0
2023,FOOTBALL_XFL_2023_3_25_SEA@ORL,SEA,6,ORL,4,392,1679774566.0,57766,2023-03-25 20:02:46.000000,EventFootballPass,1-10-ORL 40 (0:33) 12 Q. Dormady pass to 14 C. Rambo to SEA 40 for 20 yards (16 M. Wright),,True,4,0,33,Half2,MaSourceTypeOfficialScoring,FOOTBALL_XFL_2023_3_25_SEA@ORL,,QBStat,171,2302021-SEA-at-ORL,33,33,33,0:33,2,0,Home,40,25,4,,,,1.0,60,26,19,21721,,,StatusOfficial,ResultPassComplete,,,,20407,22018,1.0,10.0,Home,40.0,1.0,0:12, ,,20.0,20.0,,,,,,,,,,,,,,,,,,,,,,,,,,,,,,0,0.0,0.0,0.0
2023,FOOTBALL_XFL_2023_3_25_SEA@ORL,SEA,6,ORL,4,397,1679774587.0,57787,2023-03-25 20:03:07.000000,EventFootballPass,"1-10-SEA 40 (0:24) 12 Q. Dormady pass to 14 C. Rambo to SEA 25 for 15 yards QB Hit by 44 E. Ponder (5 C. Payton-Jones, 33 A. Holder)",,True,4,0,24,Half2,MaSourceTypeOfficialScoring,FOOTBALL_XFL_2023_3_25_SEA@ORL,,QBStat,172,2302021-SEA-at-ORL,24,24,24,0:24,2,0,Visitor,40,25,4,,,,1.0,40,26,19,20836,,,StatusOfficial,ResultPassComplete,,,,20407,22018,1.0,10.0,Home,40.0,2.0,0:22, ,,15.0,35.0,22552,,,,,22017,,,,,,,,,,,,,,,,,,,,,,,,0,0.0,0.0,0.0
2023,FOOTBALL_XFL_2023_3_25_SEA@ORL,SEA,6,ORL,4,396,1679774598.0,57798,2023-03-25 20:03:18.000000,EventFootballPass,1-10-SEA 25 (0:17) 12 Q. Dormady pass incomplete,,True,4,0,17,Half2,MaSourceTypeOfficialScoring,FOOTBALL_XFL_2023_3_25_SEA@ORL,,QBStat,173,2302021-SEA-at-ORL,17,17,17,0:17,2,0,Visitor,25,25,4,,,,1.0,25,26,19,,,,StatusOfficial,ResultPassIncomplete,,,,20407,,1.0,10.0,Home,40.0,3.0,0:23, ,,,35.0,,,,,,,,,,,,,,,,,,,,,,,,,,,,,,0,0.0,0.0,0.0
2023,FOOTBALL_XFL_2023_3_25_SEA@ORL,SEA,6,ORL,4,399,1679774641.0,57841,2023-03-25 20:04:01.000000,EventFootballPass,2-10-SEA 25 (0:13) 12 Q. Dormady pass incomplete to 10 D. Thomas Pass Defended by 44 E. Ponder,,True,4,0,13,Half2,MaSourceTypeOfficialScoring,FOOTBALL_XFL_2023_3_25_SEA@ORL,,QBStat,174,2302021-SEA-at-ORL,13,13,13,0:13,2,0,Visitor,25,25,4,,,,1.0,25,26,19,,,,StatusOfficial,ResultPassIncomplete,,,,20407,21891,2.0,10.0,Home,40.0,4.0,0:27, ,,,35.0,,,,,,,22017,,,,,,,,,,,,,,,,,,,,,,,0,0.0,0.0,0.0
2023,FOOTBALL_XFL_2023_3_25_SEA@ORL,SEA,6,ORL,4,401,1679774687.0,57887,2023-03-25 20:04:47.000000,EventFootballPass,3-10-SEA 25 (0:08) 12 Q. Dormady pass incomplete to 10 D. Thomas QB Hit by 33 A. Holder Pass Defended by 58 A. Faoliu,,True,4,0,8,Half2,MaSourceTypeOfficialScoring,FOOTBALL_XFL_2023_3_25_SEA@ORL,,QBStat,175,2302021-SEA-at-ORL,8,8,8,0:08,2,0,Visitor,25,25,4,,,,1.0,25,26,19,,,,StatusOfficial,ResultPassIncomplete,,,,20407,21891,3.0,10.0,Home,40.0,5.0,0:32, ,,,35.0,,,,,,22552,20466,,,,,,,,,,,,,,,,,,,,,,,0,0.0,0.0,0.0
2023,FOOTBALL_XFL_2023_3_25_SEA@ORL,SEA,6,ORL,4,405,1679774731.0,57931,2023-03-25 20:05:31.000000,EventFootballPass,"4-10-SEA 25 (0:02) 12 Q. Dormady pass incomplete QB Hit by 32 Q. Cole PENALTY on (ORL) 12 Q. Dormady, 10 yards",,True,4,0,2,Half2,MaSourceTypeOfficialScoring,FOOTBALL_XFL_2023_3_25_SEA@ORL,,QBStat,176,2302021-SEA-at-ORL,2,2,2,0:02,2,0,Visitor,25,25,4,,,,1.0,25,26,19,,,,StatusOfficial,ResultPassIncomplete,,,,20407,,4.0,10.0,Home,40.0,6.0,0:44,DOWNS,,,25.0,,,,,,20311,,4,20407,10.0,ResultPenaltyLossdown,NA,,,,,,,,,,,,,,,,,,0,0.0,0.0,0.0
2023,FOOTBALL_XFL_2023_3_25_SEA@ORL,SEA,6,ORL,4,406,1679774933.089568,,2023-03-25 20:08:53.089568,EventEnd,Game End Marker,,True,4,0,0,Half2,MaSourceTypeOfficialScoring,FOOTBALL_XFL_2023_3_25_SEA@ORL,,QBStat,10020,2302021-SEA-at-ORL,0,0,0,0:00,2,0,Visitor,35,26,6,,,,0.0,65,26,19,,,,,,,,,,,1.0,10.0,,,,,,,,,,,,,,,,,,,,,,,,,,,,,,,,,,,,,,0,0.0,0.0,0.0
2023,FOOTBALL_XFL_2023_3_25_SEA@ORL,SEA,6,ORL,4,407,1679775011.9401648,,2023-03-25 20:10:11.940165,EventOfficial,Game Official Marker,,True,4,0,0,Half2,MaSourceTypeOfficialScoring,FOOTBALL_XFL_2023_3_25_SEA@ORL,,QBStat,10025,2302021-SEA-at-ORL,0,0,0,0:00,2,0,Visitor,35,26,6,,,,0.0,65,26,19,,,,,,,,,,,1.0,10.0,,,,,,,,,,,,,,,,,,,,,,,,,,,,,,,,,,,,,,0,0.0,0.0,0.0
