season,game_id,away_team_abv,away_team_id,home_team_abv,home_team_id,MarkerId,MarkerUTC,MarkerLTC,play_date_time,play_type,desc,comments,IsOfficial,qtr,ClockMinutes,ClockSeconds,game_half,SourceType,EventId,SituationCode,SourceId,SourceNativeMarkerId,OfficialCode,quarter_seconds_remaining,half_seconds_remaining,game_seconds_remaining,time,VisTimeouts,HomeTimeouts,BallOn_Side,BallOn_YardNum,yardline_100,DriveNum,pos_team_ID,PossTeamAbv,LastPlaySummary,LastPlayStatus,home_team_has_pos,VisScore,HomeScore,MapRoleKicker,FootballStatus,FootballPlayResult,FootballKickYards,FootballSetBallOn_VisOrHome,FootballSetBallOn_YardNum,MapRoleRusher,MapRoleTackler1,Down,Distance,FootballYards,Drive_Start_VisOrHome,Drive_Start_YardNum,Drive_Plays,Drive_Yards,Drive_TOP,Result,MapRolePasser,MapRoleReceiver,MapRoleTackler2,MapRolePunter,MapRolePuntreturner,FootballPuntYards,FootballPuntRetYards,FootballMainScoringPlay,FootballConvAttPts,MapRoleKickreturner,FootballKickRetYards,MapRoleInterceptor,FootballMiscScore_MiscScoreType,FootballMiscScore_TeamId,FootballMiscScore_PlayerId,FootballTimeoutTeamId,FootballFumble_TeamFumbled,FootballFumble_PlayerFumbled,FootballFumble_TeamRecovered,FootballFumble_PlayerRecovered,FootballFumble_PlayerForcedFumble,FootballPenalty_TeamId,FootballPenalty_PlayerId,FootballPenalty_Yards,FootballPenalty_PenaltyResult,FootballPenalty_Description,MapRolePassDefender,MapRoleSacker1,MapRoleQbHitter,FootballZone,MapRoleSacker2
2023,FOOTBALL_XFL_2023_3_5_STL@DC,STL,5,DC,8,1,1678039439.4166272,,2023-03-05 13:03:59.416627,EventStart,Game Start Marker,,True,1,15,0,Half1,MaSourceTypeOfficialScoring,FOOTBALL_XFL_2023_3_5_STL@DC,,QBStat,10005,2302010-STL-at-DC,900,1800,3600,15:00,3,3,Home,30,0,1,5,,,,0.0,0,0,,,,,,,,,,,,,,,,,,,,,,,,,,,,,,,,,,,,,,,,,,,,,,,,
2023,FOOTBALL_XFL_2023_3_5_STL@DC,STL,5,DC,8,3,1678039516.0,47116,2023-03-05 13:05:16.000000,EventFootballKickoff,"19 D. Whelan kicks 65 yards from DC 30 to end zone, Touchback",,True,1,15,0,Half1,MaSourceTypeOfficialScoring,FOOTBALL_XFL_2023_3_5_STL@DC,,QBStat,1,2302010-STL-at-DC,900,1800,3600,15:00,3,3,Home,30,0,1,5,,,,0.0,0,0,19,StatusOfficial,ResultKickTouchback,65.0,Visitor,35.0,,,,,,,,,,,,,,,,,,,,,,,,,,,,,,,,,,,,,,,,,,
2023,FOOTBALL_XFL_2023_3_5_STL@DC,STL,5,DC,8,6,1678039580.0,47180,2023-03-05 13:06:20.000000,EventFootballRush,1-10-STL 35 (14:55) 23 B. Hill rush to STL 37 for 2 yards (26 D. Neal),,True,1,14,55,Half1,MaSourceTypeOfficialScoring,FOOTBALL_XFL_2023_3_5_STL@DC,,QBStat,2,2302010-STL-at-DC,895,1795,3595,14:55,3,3,Visitor,35,0,1,5,,,,0.0,0,0,,StatusOfficial,,,,,20688,21133,1.0,10.0,2.0,Visitor,35.0,1.0,2.0,0:26, ,,,,,,,,,,,,,,,,,,,,,,,,,,,,,,,
2023,FOOTBALL_XFL_2023_3_5_STL@DC,STL,5,DC,8,34,1678039612.0,47212,2023-03-05 13:06:52.000000,EventFootballRush,2-8-STL 37 (14:22) 23 B. Hill rush to STL 34 for -3 yards (99 J. Wallace),,True,1,14,22,Half1,MaSourceTypeOfficialScoring,FOOTBALL_XFL_2023_3_5_STL@DC,,QBStat,3,2302010-STL-at-DC,862,1762,3562,14:22,3,3,Visitor,37,0,1,5,,,,0.0,0,0,,StatusOfficial,,,,,20688,21623,2.0,8.0,-3.0,Visitor,35.0,2.0,-1.0,1:10, ,,,,,,,,,,,,,,,,,,,,,,,,,,,,,,,
2023,FOOTBALL_XFL_2023_3_5_STL@DC,STL,5,DC,8,10,1678039653.0,47253,2023-03-05 13:07:33.000000,EventFootballPass,3-11-STL 34 (13:42) 10 A. McCarron pass to 11 D. Shepherd to STL 39 for 5 yards (5 R. Northrup),,True,1,13,42,Half1,MaSourceTypeOfficialScoring,FOOTBALL_XFL_2023_3_5_STL@DC,,QBStat,4,2302010-STL-at-DC,822,1722,3522,13:42,3,3,Visitor,34,0,1,5,,,,0.0,0,0,,StatusOfficial,ResultPassComplete,,,,,21148,3.0,11.0,5.0,Visitor,35.0,3.0,4.0,1:33, ,22026,21822,,,,,,,,,,,,,,,,,,,,,,,,,,,,,
2023,FOOTBALL_XFL_2023_3_5_STL@DC,STL,5,DC,8,13,1678039692.0,47292,2023-03-05 13:08:12.000000,EventFootballPunt,"4-6-STL 39 (13:03) 16 S. Hofrichter punts 36 yards from STL 39 to DC 25. 12 J. Ezzard to DC 23 for -2 yards (15 G. Campbell, 3 M. Ateman)",,True,1,13,3,Half1,MaSourceTypeOfficialScoring,FOOTBALL_XFL_2023_3_5_STL@DC,,QBStat,5,2302010-STL-at-DC,783,1683,3483,13:03,3,3,Visitor,39,0,1,5,,,,0.0,0,0,,StatusOfficial,ResultKickReturned,,Home,23.0,,22862,4.0,6.0,,Visitor,35.0,3.0,4.0,1:57,PUNT,,,21981,20704,21933,36.0,-2.0,,,,,,,,,,,,,,,,,,,,,,,,
2023,FOOTBALL_XFL_2023_3_5_STL@DC,STL,5,DC,8,16,1678039742.0,47342,2023-03-05 13:09:02.000000,EventFootballPass,1-10-DC 23 (12:51) 10 J. Ta'amu pass to 82 E. Wolf to DC 29 for 6 yards (39 C. Cooper),,True,1,12,51,Half1,MaSourceTypeOfficialScoring,FOOTBALL_XFL_2023_3_5_STL@DC,,QBStat,6,2302010-STL-at-DC,771,1671,3471,12:51,3,3,Home,23,0,2,8,,,,1.0,0,0,,StatusOfficial,ResultPassComplete,,,,,22336,1.0,10.0,6.0,Home,23.0,1.0,6.0,0:24, ,22296,21711,,,,,,,,,,,,,,,,,,,,,,,,,,,,,
2023,FOOTBALL_XFL_2023_3_5_STL@DC,STL,5,DC,8,18,1678039761.0,47361,2023-03-05 13:09:21.000000,EventFootballRush,2-4-DC 29 (12:32) 4 A. Smith rush to DC 34 for 5 yards (39 C. Cooper),,True,1,12,32,Half1,MaSourceTypeOfficialScoring,FOOTBALL_XFL_2023_3_5_STL@DC,,QBStat,7,2302010-STL-at-DC,752,1652,3452,12:32,3,3,Home,29,0,2,8,,,,1.0,0,0,,StatusOfficial,,,,,21427,22336,2.0,4.0,5.0,Home,23.0,2.0,11.0,0:41, ,,,,,,,,,,,,,,,,,,,,,,,,,,,,,,,
2023,FOOTBALL_XFL_2023_3_5_STL@DC,STL,5,DC,8,37,1678039784.0,47384,2023-03-05 13:09:44.000000,EventFootballRush,1-10-DC 34 (12:08) 10 J. Ta'amu rush to DC 38 for 4 yards (28 B. DeLuca),,True,1,12,8,Half1,MaSourceTypeOfficialScoring,FOOTBALL_XFL_2023_3_5_STL@DC,,QBStat,8,2302010-STL-at-DC,728,1628,3428,12:08,3,3,Home,34,0,2,8,,,,1.0,0,0,,StatusOfficial,,,,,22296,20381,1.0,10.0,4.0,Home,23.0,3.0,15.0,1:05, ,,,,,,,,,,,,,,,,,,,,,,,,,,,,,,,
2023,FOOTBALL_XFL_2023_3_5_STL@DC,STL,5,DC,8,24,1678039810.0,47410,2023-03-05 13:10:10.000000,EventFootballPass,2-6-DC 38 (11:43) 10 J. Ta'amu pass to 1 C. Blair to STL 4 for 58 yards (38 B. Sebastian),,True,1,11,43,Half1,MaSourceTypeOfficialScoring,FOOTBALL_XFL_2023_3_5_STL@DC,,QBStat,9,2302010-STL-at-DC,703,1603,3403,11:43,3,3,Home,38,0,2,8,,,,1.0,0,0,,StatusOfficial,ResultPassComplete,,,,,21389,2.0,6.0,58.0,Home,23.0,4.0,73.0,1:36, ,22296,20133,,,,,,,,,,,,,,,,,,,,,,,,,,,,,
2023,FOOTBALL_XFL_2023_3_5_STL@DC,STL,5,DC,8,26,1678039846.0,47446,2023-03-05 13:10:46.000000,EventFootballRush,1-4-STL 4 (11:17) 10 J. Ta'amu rush to STL 7 for -3 yards (95 E. Lumor),,True,1,11,17,Half1,MaSourceTypeOfficialScoring,FOOTBALL_XFL_2023_3_5_STL@DC,,QBStat,10,2302010-STL-at-DC,677,1577,3377,11:17,3,3,Visitor,4,0,2,8,,,,1.0,0,0,,StatusOfficial,,,,,22296,20971,1.0,4.0,-3.0,Home,23.0,5.0,70.0,1:52, ,,,,,,,,,,,,,,,,,,,,,,,,,,,,,,,
2023,FOOTBALL_XFL_2023_3_5_STL@DC,STL,5,DC,8,218,1678039878.0,47478,2023-03-05 13:11:18.000000,EventFootballPass,2-7-STL 7 (10:47) 10 J. Ta'amu pass incomplete to 0 J. Hammond,,True,1,10,47,Half1,MaSourceTypeOfficialScoring,FOOTBALL_XFL_2023_3_5_STL@DC,,QBStat,11,2302010-STL-at-DC,647,1547,3347,10:47,3,3,Visitor,7,0,2,8,,,,1.0,0,0,,StatusOfficial,ResultPassIncomplete,,,,,,2.0,7.0,,Home,23.0,6.0,70.0,2:10, ,22296,20618,,,,,,,,,,,,,,,,,,,,,,,,,,,20971,,
2023,FOOTBALL_XFL_2023_3_5_STL@DC,STL,5,DC,8,30,1678039920.0,47520,2023-03-05 13:12:00.000000,EventFootballPass,"3-7-STL 7 (10:31) 10 J. Ta'amu pass to 82 E. Wolf for 7 yards, TOUCHDOWN",,True,1,10,31,Half1,MaSourceTypeOfficialScoring,FOOTBALL_XFL_2023_3_5_STL@DC,,QBStat,12,2302010-STL-at-DC,631,1531,3331,10:31,3,3,Visitor,7,0,2,8,,,,1.0,0,0,,StatusOfficial,ResultPassComplete,,,,,,3.0,7.0,7.0,Home,23.0,7.0,77.0,2:26,TD,22296,21711,,,,,,ScoreTypeTd,,,,,,,,,,,,,,,,,,,,,,,
2023,FOOTBALL_XFL_2023_3_5_STL@DC,STL,5,DC,8,32,1678039959.0,47559,2023-03-05 13:12:39.000000,EventFootballPat2PtPass,10 J. Ta'amu 2-pt conversion pass to 82 E. Wolf GOOD,,True,1,10,31,Half1,MaSourceTypeOfficialScoring,FOOTBALL_XFL_2023_3_5_STL@DC,,QBStat,13,2302010-STL-at-DC,631,1531,3331,10:31,3,3,Visitor,5,0,2,8,,,,1.0,0,6,,StatusOfficial,ResultPassComplete,,,,,,,,5.0,,,,,,,22296,21711,,,,,,ScoreTypeConv,2.0,,,,,,,,,,,,,,,,,,,,,,
2023,FOOTBALL_XFL_2023_3_5_STL@DC,STL,5,DC,8,39,1678040160.0,47760,2023-03-05 13:16:00.000000,EventFootballKickoff,34 M. McCrane kicks from DC 30. 11 D. Shepherd to STL 29 for 24 yards (22 T. Fuller),,True,1,10,31,Half1,MaSourceTypeOfficialScoring,FOOTBALL_XFL_2023_3_5_STL@DC,,QBStat,14,2302010-STL-at-DC,631,1531,3331,10:31,3,3,Home,30,0,3,5,,,,0.0,0,8,34,StatusOfficial,ResultKickReturned,,Visitor,29.0,,21751,,,,,,,,,,,,,,,,,,,20766,24.0,,,,,,,,,,,,,,,,,,,,
2023,FOOTBALL_XFL_2023_3_5_STL@DC,STL,5,DC,8,41,1678040216.0,47816,2023-03-05 13:16:56.000000,EventFootballPass,1-10-STL 29 (10:17) 10 A. McCarron pass to 11 D. Shepherd to STL 33 for 4 yards (15 M. Joseph),,True,1,10,17,Half1,MaSourceTypeOfficialScoring,FOOTBALL_XFL_2023_3_5_STL@DC,,QBStat,15,2302010-STL-at-DC,617,1517,3317,10:17,3,3,Visitor,29,0,3,5,,,,0.0,0,8,,StatusOfficial,ResultPassComplete,,,,,22862,1.0,10.0,4.0,Visitor,29.0,1.0,4.0,0:28, ,22026,21822,,,,,,,,,,,,,,,,,,,,,,,,,,,,,
2023,FOOTBALL_XFL_2023_3_5_STL@DC,STL,5,DC,8,46,1678040249.0,47849,2023-03-05 13:17:29.000000,EventFootballPass,"2-6-STL 33 (9:45) 10 A. McCarron pass intended for 8 M. Hampton INTERCEPTED by 15 M. Joseph returned 41 yards , INT RET TD scored by 15 M. Joseph",,True,1,9,45,Half1,MaSourceTypeOfficialScoring,FOOTBALL_XFL_2023_3_5_STL@DC,,QBStat,16,2302010-STL-at-DC,585,1485,3285,9:45,3,3,Visitor,33,0,3,5,,,,0.0,0,8,,StatusOfficial,ResultPassInterception,,Visitor,,,,2.0,6.0,,Visitor,29.0,2.0,4.0,0:46,INT,22026,21862,,,,,,,,,,22862,ScoreTypeIntrettd,8,22862,,,,,,,,,,,,,,,,
2023,FOOTBALL_XFL_2023_3_5_STL@DC,STL,5,DC,8,47,1678040324.0,47924,2023-03-05 13:18:44.000000,EventFootballPat2PtPass,10 J. Ta'amu 2-pt conversion pass to 4 A. Smith NO GOOD,,True,1,9,45,Half1,MaSourceTypeOfficialScoring,FOOTBALL_XFL_2023_3_5_STL@DC,,QBStat,17,2302010-STL-at-DC,585,1485,3285,9:45,3,3,Visitor,5,0,4,8,,,,1.0,0,14,,StatusOfficial,ResultPassIncomplete,,,,,,,,,,,,,,,22296,21427,,,,,,,2.0,,,,,,,,,,,,,,,,,,,,,,
2023,FOOTBALL_XFL_2023_3_5_STL@DC,STL,5,DC,8,74,1678040376.0,47976,2023-03-05 13:19:36.000000,EventFootballKickoff,34 M. McCrane kicks from DC 30. 11 D. Shepherd to STL 27 for 12 yards (31 C. Lewis),,True,1,9,45,Half1,MaSourceTypeOfficialScoring,FOOTBALL_XFL_2023_3_5_STL@DC,,QBStat,18,2302010-STL-at-DC,585,1485,3285,9:45,3,3,Home,30,0,5,5,,,,0.0,0,14,34,StatusOfficial,ResultKickReturned,,Visitor,27.0,,20951,,,,,,,,,,,,,,,,,,,20766,12.0,,,,,,,,,,,,,,,,,,,,
2023,FOOTBALL_XFL_2023_3_5_STL@DC,STL,5,DC,8,51,1678040436.0,48036,2023-03-05 13:20:36.000000,EventFootballPass,1-10-STL 27 (9:32) 10 A. McCarron pass to 88 H. Butler to STL 46 for 19 yards (39 S. Ramirez),,True,1,9,32,Half1,MaSourceTypeOfficialScoring,FOOTBALL_XFL_2023_3_5_STL@DC,,QBStat,19,2302010-STL-at-DC,572,1472,3272,9:32,3,3,Visitor,27,0,5,5,,,,0.0,0,14,,StatusOfficial,ResultPassComplete,,,,,21278,1.0,10.0,19.0,Visitor,27.0,1.0,19.0,0:29, ,22026,22333,,,,,,,,,,,,,,,,,,,,,,,,,,,,,
2023,FOOTBALL_XFL_2023_3_5_STL@DC,STL,5,DC,8,54,1678040457.0,48057,2023-03-05 13:20:57.000000,EventFootballRush,"1-10-STL 46 (9:11) 23 B. Hill rush to STL 49 for 3 yards (5 R. Northrup, 98 G. Wright)",,True,1,9,11,Half1,MaSourceTypeOfficialScoring,FOOTBALL_XFL_2023_3_5_STL@DC,,QBStat,20,2302010-STL-at-DC,551,1451,3251,9:11,3,3,Visitor,46,0,5,5,,,,0.0,0,14,,StatusOfficial,,,,,20688,21148,1.0,10.0,3.0,Visitor,27.0,2.0,22.0,0:59, ,,,21720,,,,,,,,,,,,,,,,,,,,,,,,,,,,
2023,FOOTBALL_XFL_2023_3_5_STL@DC,STL,5,DC,8,57,1678040498.0,48098,2023-03-05 13:21:38.000000,EventFootballPass,2-7-STL 49 (8:32) 10 A. McCarron pass to 23 B. Hill to DC 27 for 24 yards (29 K. Brice),,True,1,8,32,Half1,MaSourceTypeOfficialScoring,FOOTBALL_XFL_2023_3_5_STL@DC,,QBStat,21,2302010-STL-at-DC,512,1412,3212,8:32,3,3,Visitor,49,0,5,5,,,,0.0,0,14,,StatusOfficial,ResultPassComplete,,,,,20180,2.0,7.0,24.0,Visitor,27.0,3.0,46.0,1:33, ,22026,20688,,,,,,,,,,,,,,,,,,,,,,,,,,,,,
2023,FOOTBALL_XFL_2023_3_5_STL@DC,STL,5,DC,8,59,1678040537.0,48137,2023-03-05 13:22:17.000000,EventFootballPass,1-10-DC 27 (7:56) 10 A. McCarron pass to 13 A. Proehl to DC 21 for 6 yards (43 F. Bernard),,True,1,7,56,Half1,MaSourceTypeOfficialScoring,FOOTBALL_XFL_2023_3_5_STL@DC,,QBStat,22,2302010-STL-at-DC,476,1376,3176,7:56,3,3,Home,27,0,5,5,,,,0.0,0,14,,StatusOfficial,ResultPassComplete,,,,,22329,1.0,10.0,6.0,Visitor,27.0,4.0,52.0,2:03, ,22026,21263,,,,,,,,,,,,,,,,,,,,,,,,,,,,,
2023,FOOTBALL_XFL_2023_3_5_STL@DC,STL,5,DC,8,69,1678040566.0,48166,2023-03-05 13:22:46.000000,EventFootballRush,"2-4-DC 21 (7:27) 21 M. Durant rush to DC 15 for 6 yards (43 F. Bernard, 17 D. Bellamy)",,True,1,7,27,Half1,MaSourceTypeOfficialScoring,FOOTBALL_XFL_2023_3_5_STL@DC,,QBStat,23,2302010-STL-at-DC,447,1347,3147,7:27,3,3,Home,21,0,5,5,,,,0.0,0,14,,StatusOfficial,,,,,21856,22329,2.0,4.0,6.0,Visitor,27.0,5.0,58.0,2:39, ,,,22416,,,,,,,,,,,,,,,,,,,,,,,,,,,,
2023,FOOTBALL_XFL_2023_3_5_STL@DC,STL,5,DC,8,64,1678040608.0,48208,2023-03-05 13:23:28.000000,EventFootballPass,1-10-DC 15 (6:47) 10 A. McCarron pass incomplete to 88 H. Butler,,True,1,6,47,Half1,MaSourceTypeOfficialScoring,FOOTBALL_XFL_2023_3_5_STL@DC,,QBStat,24,2302010-STL-at-DC,407,1307,3107,6:47,3,3,Home,15,0,5,5,,,,0.0,0,14,,StatusOfficial,ResultPassIncomplete,,,,,,1.0,10.0,,Visitor,27.0,6.0,58.0,2:58, ,22026,22333,,,,,,,,,,,,,,,,,,,,,,,,,,,,,
2023,FOOTBALL_XFL_2023_3_5_STL@DC,STL,5,DC,8,66,1678040651.0,48251,2023-03-05 13:24:11.000000,EventFootballPass,2-10-DC 15 (6:10) 10 A. McCarron pass to 3 M. Ateman to DC 8 for 7 yards (26 D. Neal),,True,1,6,10,Half1,MaSourceTypeOfficialScoring,FOOTBALL_XFL_2023_3_5_STL@DC,,QBStat,25,2302010-STL-at-DC,370,1270,3070,6:10,3,3,Home,15,0,5,5,,,,0.0,0,14,,StatusOfficial,ResultPassComplete,,,,,21133,2.0,10.0,7.0,Visitor,27.0,7.0,65.0,3:51, ,22026,20058,,,,,,,,,,,,,,,,,,,,,,,,,,,,,
2023,FOOTBALL_XFL_2023_3_5_STL@DC,STL,5,DC,8,68,1678040695.0,48295,2023-03-05 13:24:55.000000,EventFootballTimeout,Timeout by St. Louis Battlehawks at 5:38,,True,1,5,38,Half1,MaSourceTypeOfficialScoring,FOOTBALL_XFL_2023_3_5_STL@DC,,QBStat,26,2302010-STL-at-DC,338,1238,3038,5:38,3,3,Home,8,0,5,5,,,,0.0,0,14,,StatusOfficial,,,,,,,3.0,3.0,,Visitor,27.0,7.0,65.0,4:07, ,,,,,,,,,,,,,,,,5,,,,,,,,,,,,,,,
2023,FOOTBALL_XFL_2023_3_5_STL@DC,STL,5,DC,8,71,1678040781.0,48381,2023-03-05 13:26:21.000000,EventFootballPass,"3-3-DC 8 (5:33) 10 A. McCarron pass to 23 B. Hill for 8 yards, TOUCHDOWN",,True,1,5,33,Half1,MaSourceTypeOfficialScoring,FOOTBALL_XFL_2023_3_5_STL@DC,,QBStat,27,2302010-STL-at-DC,333,1233,3033,5:33,2,3,Home,8,0,5,5,,,,0.0,0,14,,StatusOfficial,ResultPassComplete,,,,,,3.0,3.0,8.0,Visitor,27.0,8.0,73.0,4:12,TD,22026,20688,,,,,,ScoreTypeTd,,,,,,,,,,,,,,,,,,,,,,,
2023,FOOTBALL_XFL_2023_3_5_STL@DC,STL,5,DC,8,73,1678040799.0,48399,2023-03-05 13:26:39.000000,EventFootballPat2PtPass,10 A. McCarron 2-pt conversion pass to 11 D. Shepherd GOOD,,True,1,5,33,Half1,MaSourceTypeOfficialScoring,FOOTBALL_XFL_2023_3_5_STL@DC,,QBStat,28,2302010-STL-at-DC,333,1233,3033,5:33,2,3,Home,5,0,5,5,,,,0.0,6,14,,StatusOfficial,ResultPassComplete,,,,,,,,5.0,,,,,,,22026,21822,,,,,,ScoreTypeConv,2.0,,,,,,,,,,,,,,,,,,,,,,
2023,FOOTBALL_XFL_2023_3_5_STL@DC,STL,5,DC,8,76,1678041040.0,48640,2023-03-05 13:30:40.000000,EventFootballKickoff,2 D. Hageman kicks from STL 30. 12 J. Ezzard to DC 27 for 15 yards (24 L. Hill),,True,1,5,33,Half1,MaSourceTypeOfficialScoring,FOOTBALL_XFL_2023_3_5_STL@DC,,QBStat,29,2302010-STL-at-DC,333,1233,3033,5:33,2,3,Visitor,30,0,6,8,,,,1.0,8,14,20419,StatusOfficial,ResultKickReturned,,Home,27.0,,22870,,,,,,,,,,,,,,,,,,,22038,15.0,,,,,,,,,,,,,,,,,,,,
2023,FOOTBALL_XFL_2023_3_5_STL@DC,STL,5,DC,8,78,1678041118.0,48718,2023-03-05 13:31:58.000000,EventFootballRush,"1-10-DC 27 (5:26) 23 R. Armstead rush to DC 33 for 6 yards Fumbled by 23 R. Armstead,  Forced by 51 W. Harvey Recovered by 28 B. DeLuca (51 W. Harvey, 91 T. Tupou)",,True,1,5,26,Half1,MaSourceTypeOfficialScoring,FOOTBALL_XFL_2023_3_5_STL@DC,,QBStat,30,2302010-STL-at-DC,326,1226,3026,5:26,2,3,Home,27,0,6,8,,,,1.0,8,14,,StatusOfficial,,,Home,34.0,20053,20647,1.0,10.0,6.0,Home,27.0,1.0,7.0,0:07,FUMBLE,,,21578,,,,,,,,,,,,,,8,20053,5,20381,20647,,,,,,,,,,
2023,FOOTBALL_XFL_2023_3_5_STL@DC,STL,5,DC,8,80,1678041196.0,48796,2023-03-05 13:33:16.000000,EventFootballRush,1-10-DC 34 (5:14) 10 A. McCarron rush to DC 33 for 1 yard (6 F. Brown),,True,1,5,14,Half1,MaSourceTypeOfficialScoring,FOOTBALL_XFL_2023_3_5_STL@DC,,QBStat,31,2302010-STL-at-DC,314,1214,3014,5:14,2,3,Home,34,0,7,5,,,,0.0,8,14,,StatusOfficial,,,,,22026,20201,1.0,10.0,1.0,Home,34.0,1.0,1.0,0:21, ,,,,,,,,,,,,,,,,,,,,,,,,,,,,,,,
2023,FOOTBALL_XFL_2023_3_5_STL@DC,STL,5,DC,8,83,1678041232.0,48832,2023-03-05 13:33:52.000000,EventFootballPass,2-9-DC 33 (4:38) 10 A. McCarron pass to 21 M. Durant to DC 35 for -2 yards (43 F. Bernard),,True,1,4,38,Half1,MaSourceTypeOfficialScoring,FOOTBALL_XFL_2023_3_5_STL@DC,,QBStat,32,2302010-STL-at-DC,278,1178,2978,4:38,2,3,Home,33,0,7,5,,,,0.0,8,14,,StatusOfficial,ResultPassComplete,,,,,22329,2.0,9.0,-2.0,Home,34.0,2.0,-1.0,1:08, ,22026,21856,,,,,,,,,,,,,,,,,,,,,,,,,,,,,
2023,FOOTBALL_XFL_2023_3_5_STL@DC,STL,5,DC,8,85,1678041274.0,48874,2023-03-05 13:34:34.000000,EventFootballPenalty,"3-11-DC 35 (4:11) PENALTY on 61 M. Panasiuk, 5 yards",,True,1,4,11,Half1,MaSourceTypeOfficialScoring,FOOTBALL_XFL_2023_3_5_STL@DC,,QBStat,33,2302010-STL-at-DC,251,1151,2951,4:11,2,3,Home,35,0,7,5,,,,0.0,8,14,,StatusOfficial,,,,,,,3.0,11.0,,Home,34.0,2.0,-6.0,1:08, ,,,,,,,,,,,,,,,,,,,,,,5,21183,5.0,ResultPenaltyRepeatdown,NA,,,,,
2023,FOOTBALL_XFL_2023_3_5_STL@DC,STL,5,DC,8,87,1678041320.0,48920,2023-03-05 13:35:20.000000,EventFootballRush,3-16-DC 40 (3:37) 10 A. McCarron rush to DC 35 for 5 yards (57 A. Hines),,True,1,3,37,Half1,MaSourceTypeOfficialScoring,FOOTBALL_XFL_2023_3_5_STL@DC,,QBStat,34,2302010-STL-at-DC,217,1117,2917,3:37,2,3,Home,40,0,7,5,,,,0.0,8,14,,StatusOfficial,,,,,22026,20699,3.0,16.0,5.0,Home,34.0,3.0,-1.0,1:59, ,,,,,,,,,,,,,,,,,,,,,,,,,,,,,,,
2023,FOOTBALL_XFL_2023_3_5_STL@DC,STL,5,DC,8,89,1678041359.0,48959,2023-03-05 13:35:59.000000,EventFootballFg,4-11-DC 35 (3:01) 2 D. Hageman 53 yard field goal is NO GOOD,,True,1,3,1,Half1,MaSourceTypeOfficialScoring,FOOTBALL_XFL_2023_3_5_STL@DC,,QBStat,35,2302010-STL-at-DC,181,1081,2881,3:01,2,3,Home,35,0,7,5,,,,0.0,8,14,22008,StatusOfficial,ResultKickMissed,,,,,,4.0,11.0,53.0,Home,34.0,4.0,-1.0,2:25,MISSED FG,,,,,,,,,,,,,,,,,,,,,,,,,,,,,,,
2023,FOOTBALL_XFL_2023_3_5_STL@DC,STL,5,DC,8,96,1678041408.0,49008,2023-03-05 13:36:48.000000,EventFootballRush,1-10-DC 43 (2:56) 23 R. Armstead rush to DC 49 for 6 yards (33 T. Watson),,True,1,2,56,Half1,MaSourceTypeOfficialScoring,FOOTBALL_XFL_2023_3_5_STL@DC,,QBStat,36,2302010-STL-at-DC,176,1076,2876,2:56,2,3,Home,43,0,8,8,,,,1.0,8,14,,StatusOfficial,,,,,20053,22297,1.0,10.0,6.0,Home,43.0,1.0,6.0,0:21, ,,,,,,,,,,,,,,,,,,,,,,,,,,,,,,,
2023,FOOTBALL_XFL_2023_3_5_STL@DC,STL,5,DC,8,112,1678041432.0,49032,2023-03-05 13:37:12.000000,EventFootballRush,"2-4-DC 49 (2:31) 23 R. Armstead rush to STL 48 for 3 yards Fumbled by 23 R. Armstead,  Forced by 8 M. Hampton Recovered by 8 M. Hampton (33 T. Watson)",,True,1,2,31,Half1,MaSourceTypeOfficialScoring,FOOTBALL_XFL_2023_3_5_STL@DC,,QBStat,37,2302010-STL-at-DC,151,1051,2851,2:31,2,3,Home,49,0,8,8,,,,1.0,8,14,,StatusOfficial,,,Visitor,48.0,20053,22297,2.0,4.0,3.0,Home,43.0,2.0,9.0,0:30,FUMBLE,,,,,,,,,,,,,,,,,8,20053,5,21862,21862,,,,,,,,,,
2023,FOOTBALL_XFL_2023_3_5_STL@DC,STL,5,DC,8,99,1678041634.0,49234,2023-03-05 13:40:34.000000,EventFootballPass,1-10-STL 48 (1:57) 10 A. McCarron pass incomplete to 11 D. Shepherd,,True,1,1,57,Half1,MaSourceTypeOfficialScoring,FOOTBALL_XFL_2023_3_5_STL@DC,,QBStat,38,2302010-STL-at-DC,117,1017,2817,1:57,2,3,Visitor,48,0,9,5,,,,0.0,8,14,,StatusOfficial,ResultPassIncomplete,,,,,,1.0,10.0,,Visitor,48.0,1.0,,0:16, ,22026,21822,,,,,,,,,,,,,,,,,,,,,,,,,21174,,,,
2023,FOOTBALL_XFL_2023_3_5_STL@DC,STL,5,DC,8,107,1678041670.0,49270,2023-03-05 13:41:10.000000,EventFootballRush,2-10-STL 48 (1:28) 23 B. Hill rush to DC 44 for 8 yards (39 S. Ramirez),,True,1,1,28,Half1,MaSourceTypeOfficialScoring,FOOTBALL_XFL_2023_3_5_STL@DC,,QBStat,39,2302010-STL-at-DC,88,988,2788,1:28,2,3,Visitor,48,0,9,5,,,,0.0,8,14,,StatusOfficial,,,,,20688,21278,2.0,10.0,8.0,Visitor,48.0,2.0,8.0,0:40, ,,,,,,,,,,,,,,,,,,,,,,,,,,,,,,,
2023,FOOTBALL_XFL_2023_3_5_STL@DC,STL,5,DC,8,110,1678041709.0,49309,2023-03-05 13:41:49.000000,EventFootballPass,3-2-DC 44 (0:50) 10 A. McCarron pass to 11 D. Shepherd to DC 24 for 20 yards (26 D. Neal),,True,1,0,50,Half1,MaSourceTypeOfficialScoring,FOOTBALL_XFL_2023_3_5_STL@DC,,QBStat,40,2302010-STL-at-DC,50,950,2750,0:50,2,3,Home,44,0,9,5,,,,0.0,8,14,,StatusOfficial,ResultPassComplete,,,,,21133,3.0,2.0,20.0,Visitor,48.0,3.0,28.0,1:14, ,22026,21822,,,,,,,,,,,,,,,,,,,,,,,,,,,,,
2023,FOOTBALL_XFL_2023_3_5_STL@DC,STL,5,DC,8,219,1678041756.0,49356,2023-03-05 13:42:36.000000,EventFootballRush,"1-10-DC 24 (0:10) 23 B. Hill rush to DC 22 for 2 yards (17 D. Bellamy, 48 A. Mintze)",,True,1,0,10,Half1,MaSourceTypeOfficialScoring,FOOTBALL_XFL_2023_3_5_STL@DC,,QBStat,41,2302010-STL-at-DC,10,910,2710,0:10,2,3,Home,24,0,9,5,,,,0.0,8,14,,StatusOfficial,,,,,20688,22416,1.0,10.0,2.0,Visitor,48.0,4.0,30.0,1:57, ,,,21080,,,,,,,,,,,,,,,,,,,,,,,,,,,,
2023,FOOTBALL_XFL_2023_3_5_STL@DC,STL,5,DC,8,114,1678041992.0,49592,2023-03-05 13:46:32.000000,EventFootballPass,2-8-DC 22 (14:52) 10 A. McCarron pass to 11 D. Shepherd to DC 3 for 19 yards (29 K. Brice),,True,2,14,52,Half1,MaSourceTypeOfficialScoring,FOOTBALL_XFL_2023_3_5_STL@DC,,QBStat,42,2302010-STL-at-DC,892,892,2692,14:52,2,3,Home,22,0,9,5,,,,0.0,8,14,,StatusOfficial,ResultPassComplete,,,,,20180,2.0,8.0,19.0,Visitor,48.0,5.0,49.0,2:09, ,22026,21822,,,,,,,,,,,,,,,,,,,,,,,,,,,,,
2023,FOOTBALL_XFL_2023_3_5_STL@DC,STL,5,DC,8,430,1678042056.0,49656,2023-03-05 13:47:36.000000,EventFootballRush,"1-3-DC 3 (14:17) 21 M. Durant rush to DC 3 for 0 yards Fumbled by 21 M. Durant,  Forced by 43 F. Bernard Recovered by 26 D. Neal (43 F. Bernard)",,True,2,14,17,Half1,MaSourceTypeOfficialScoring,FOOTBALL_XFL_2023_3_5_STL@DC,,QBStat,43,2302010-STL-at-DC,857,857,2657,14:17,2,3,Home,3,0,9,5,,,,0.0,8,14,,StatusOfficial,,,Home,4.0,21856,22329,1.0,3.0,0.0,Visitor,48.0,6.0,48.0,3:14,FUMBLE,,,,,,,,,,,,,,,,,5,21856,8,21133,22329,,,,,,,,,,
2023,FOOTBALL_XFL_2023_3_5_STL@DC,STL,5,DC,8,220,1678042123.0,49723,2023-03-05 13:48:43.000000,EventFootballRush,1-10-DC 4 (14:08) 10 J. Ta'amu rush to DC 18 for 14 yards (25 L. Denis),,True,2,14,8,Half1,MaSourceTypeOfficialScoring,FOOTBALL_XFL_2023_3_5_STL@DC,,QBStat,44,2302010-STL-at-DC,848,848,2648,14:08,2,3,Home,4,0,10,8,,,,1.0,8,14,,StatusOfficial,,,,,22296,20385,1.0,10.0,14.0,Home,4.0,1.0,14.0,0:30, ,,,,,,,,,,,,,,,,,,,,,,,,,,,,,,,
2023,FOOTBALL_XFL_2023_3_5_STL@DC,STL,5,DC,8,222,1678042150.0,49750,2023-03-05 13:49:10.000000,EventFootballRush,"1-10-DC 18 (13:41) 4 A. Smith rush to DC 22 for 4 yards (56 T. Feeney, 98 F. Akinmoladun)",,True,2,13,41,Half1,MaSourceTypeOfficialScoring,FOOTBALL_XFL_2023_3_5_STL@DC,,QBStat,45,2302010-STL-at-DC,821,821,2621,13:41,2,3,Home,18,0,10,8,,,,1.0,8,14,,StatusOfficial,,,,,21427,22503,1.0,10.0,4.0,Home,4.0,2.0,19.0,0:59, ,,,22386,,,,,,,,,,,,,,,,,,,,,,,,,,,,
2023,FOOTBALL_XFL_2023_3_5_STL@DC,STL,5,DC,8,128,1678042179.0,49779,2023-03-05 13:49:39.000000,EventFootballPass,2-6-DC 22 (13:16) 10 J. Ta'amu pass incomplete to 11 L. Jackson,,True,2,13,16,Half1,MaSourceTypeOfficialScoring,FOOTBALL_XFL_2023_3_5_STL@DC,,QBStat,46,2302010-STL-at-DC,796,796,2596,13:16,2,3,Home,22,0,10,8,,,,1.0,8,14,,StatusOfficial,ResultPassIncomplete,,,,,,2.0,6.0,,Home,4.0,3.0,18.0,1:37, ,22296,20766,,,,,,,,,,,,,,,,,,,,,,,,,,,,,
2023,FOOTBALL_XFL_2023_3_5_STL@DC,STL,5,DC,8,133,1678042229.0,49829,2023-03-05 13:50:29.000000,EventFootballPass,3-6-DC 22 (12:39) 10 J. Ta'amu pass incomplete to 11 L. Jackson,,True,2,12,39,Half1,MaSourceTypeOfficialScoring,FOOTBALL_XFL_2023_3_5_STL@DC,,QBStat,47,2302010-STL-at-DC,759,759,2559,12:39,2,3,Home,22,0,10,8,,,,1.0,8,14,,StatusOfficial,ResultPassIncomplete,,,,,,3.0,6.0,,Home,4.0,4.0,18.0,1:54, ,22296,20766,,,,,,,,,,,,,,,,,,,,,,,,,22870,,,,
2023,FOOTBALL_XFL_2023_3_5_STL@DC,STL,5,DC,8,138,1678042263.0,49863,2023-03-05 13:51:03.000000,EventFootballPunt,4-6-DC 22 (12:06) 19 D. Whelan punts 61 yards from DC 22 to STL 17. 13 A. Proehl to STL 26 for 9 yards (27 F. Gardner),,True,2,12,6,Half1,MaSourceTypeOfficialScoring,FOOTBALL_XFL_2023_3_5_STL@DC,,QBStat,48,2302010-STL-at-DC,726,726,2526,12:06,2,3,Home,22,0,10,8,,,,1.0,8,14,,StatusOfficial,ResultKickReturned,,Visitor,26.0,,21340,4.0,6.0,,Home,4.0,4.0,18.0,2:11,PUNT,,,,21835,21263,61.0,9.0,,,,,,,,,,,,,,,,,,,,,,,,
2023,FOOTBALL_XFL_2023_3_5_STL@DC,STL,5,DC,8,140,1678042479.0,50079,2023-03-05 13:54:39.000000,EventFootballRush,"1-10-STL 26 (12:01) 23 B. Hill rush to STL 31 for 5 yards (98 G. Wright, 95 J. Owens)",,True,2,12,1,Half1,MaSourceTypeOfficialScoring,FOOTBALL_XFL_2023_3_5_STL@DC,,QBStat,49,2302010-STL-at-DC,721,721,2521,12:01,2,3,Visitor,26,0,11,5,,,,0.0,8,14,,StatusOfficial,,,,,20688,21720,1.0,10.0,5.0,Visitor,26.0,1.0,5.0,0:17, ,,,21174,,,,,,,,,,,,,,,,,,,,,,,,,,,,
2023,FOOTBALL_XFL_2023_3_5_STL@DC,STL,5,DC,8,142,1678042507.0,50107,2023-03-05 13:55:07.000000,EventFootballPass,2-5-STL 31 (11:32) 10 A. McCarron pass to 22 S. Mitchell to STL 38 for 7 yards (29 K. Brice),,True,2,11,32,Half1,MaSourceTypeOfficialScoring,FOOTBALL_XFL_2023_3_5_STL@DC,,QBStat,50,2302010-STL-at-DC,692,692,2492,11:32,2,3,Visitor,31,0,11,5,,,,0.0,8,14,,StatusOfficial,ResultPassComplete,,,,,20180,2.0,5.0,7.0,Visitor,26.0,2.0,12.0,0:53, ,22026,21081,,,,,,,,,,,,,,,,,,,,,,,,,,,,,
2023,FOOTBALL_XFL_2023_3_5_STL@DC,STL,5,DC,8,144,1678042566.0,50166,2023-03-05 13:56:06.000000,EventFootballPenalty,"1-10-STL 38 (10:53) PENALTY on 6 F. Brown, 5 yards",,True,2,10,53,Half1,MaSourceTypeOfficialScoring,FOOTBALL_XFL_2023_3_5_STL@DC,,QBStat,51,2302010-STL-at-DC,653,653,2453,10:53,2,3,Visitor,38,0,11,5,,,,0.0,8,14,,StatusOfficial,,,,,,,1.0,10.0,,Visitor,26.0,2.0,17.0,1:13, ,,,,,,,,,,,,,,,,,,,,,,8,20201,5.0,ResultPenaltyRepeatdown,NA,,,,,
2023,FOOTBALL_XFL_2023_3_5_STL@DC,STL,5,DC,8,146,1678042607.0,50207,2023-03-05 13:56:47.000000,EventFootballRush,1-5-STL 43 (10:29) 21 M. Durant rush to STL 48 for 5 yards (26 D. Neal),,True,2,10,29,Half1,MaSourceTypeOfficialScoring,FOOTBALL_XFL_2023_3_5_STL@DC,,QBStat,52,2302010-STL-at-DC,629,629,2429,10:29,2,3,Visitor,43,0,11,5,,,,0.0,8,14,,StatusOfficial,,,,,21856,21133,1.0,5.0,5.0,Visitor,26.0,3.0,22.0,1:51, ,,,,,,,,,,,,,,,,,,,,,,,,,,,,,,,
2023,FOOTBALL_XFL_2023_3_5_STL@DC,STL,5,DC,8,148,1678042638.0,50238,2023-03-05 13:57:18.000000,EventFootballRush,1-10-STL 48 (9:58) 21 M. Durant rush to DC 45 for 7 yards (15 M. Joseph),,True,2,9,58,Half1,MaSourceTypeOfficialScoring,FOOTBALL_XFL_2023_3_5_STL@DC,,QBStat,53,2302010-STL-at-DC,598,598,2398,9:58,2,3,Visitor,48,0,11,5,,,,0.0,8,14,,StatusOfficial,,,,,21856,22862,1.0,10.0,7.0,Visitor,26.0,4.0,29.0,2:15, ,,,,,,,,,,,,,,,,,,,,,,,,,,,,,,,
2023,FOOTBALL_XFL_2023_3_5_STL@DC,STL,5,DC,8,150,1678042678.0,50278,2023-03-05 13:57:58.000000,EventFootballPass,2-3-DC 45 (9:27) 10 A. McCarron pass incomplete to 3 M. Ateman,,True,2,9,27,Half1,MaSourceTypeOfficialScoring,FOOTBALL_XFL_2023_3_5_STL@DC,,QBStat,54,2302010-STL-at-DC,567,567,2367,9:27,2,3,Home,45,0,11,5,,,,0.0,8,14,,StatusOfficial,ResultPassIncomplete,,,,,,2.0,3.0,,Visitor,26.0,5.0,29.0,2:43, ,22026,20058,,,,,,,,,,,,,,,,,,,,,,,,,,,,,
2023,FOOTBALL_XFL_2023_3_5_STL@DC,STL,5,DC,8,152,1678042713.0,50313,2023-03-05 13:58:33.000000,EventFootballPass,3-3-DC 45 (8:56) 10 A. McCarron pass incomplete to 21 M. Durant,,True,2,8,56,Half1,MaSourceTypeOfficialScoring,FOOTBALL_XFL_2023_3_5_STL@DC,,QBStat,55,2302010-STL-at-DC,536,536,2336,8:56,2,3,Home,45,0,11,5,,,,0.0,8,14,,StatusOfficial,ResultPassIncomplete,,,,,,3.0,3.0,,Visitor,26.0,6.0,29.0,3:16, ,22026,21856,,,,,,,,,,,,,,,,,,,,,,,,,22329,,,,
2023,FOOTBALL_XFL_2023_3_5_STL@DC,STL,5,DC,8,154,1678042729.0,50329,2023-03-05 13:58:49.000000,EventFootballPunt,"4-3-DC 45 (8:42) 16 S. Hofrichter punts 35 yards from DC 45 to 12 J. Ezzard, Fair Catch at DC 10",,True,2,8,42,Half1,MaSourceTypeOfficialScoring,FOOTBALL_XFL_2023_3_5_STL@DC,,QBStat,56,2302010-STL-at-DC,522,522,2322,8:42,2,3,Home,45,0,11,5,,,,0.0,8,14,,StatusOfficial,ResultKickFaircatch,,Home,10.0,,,4.0,3.0,,Visitor,26.0,6.0,29.0,3:24,PUNT,,,,20704,21933,35.0,,,,,,,,,,,,,,,,,,,,,,,,,
2023,FOOTBALL_XFL_2023_3_5_STL@DC,STL,5,DC,8,156,1678042806.0,50406,2023-03-05 14:00:06.000000,EventFootballRush,1-10-DC 10 (8:04) 4 A. Smith rush to DC 9 for -1 yards (27 M. Rose),,True,2,8,4,Half1,MaSourceTypeOfficialScoring,FOOTBALL_XFL_2023_3_5_STL@DC,,QBStat,57,2302010-STL-at-DC,484,484,2284,8:04,2,3,Home,10,0,12,8,,,,1.0,8,14,,StatusOfficial,,,,,21427,21340,1.0,10.0,-1.0,Home,10.0,1.0,-1.0,0:25, ,,,,,,,,,,,,,,,,,,,,,,,,,,,,,,,
2023,FOOTBALL_XFL_2023_3_5_STL@DC,STL,5,DC,8,158,1678042837.0,50437,2023-03-05 14:00:37.000000,EventFootballPenalty,"2-11-DC 9 (7:46) PENALTY on 72 T. Storment, 4 yards",,True,2,7,46,Half1,MaSourceTypeOfficialScoring,FOOTBALL_XFL_2023_3_5_STL@DC,,QBStat,58,2302010-STL-at-DC,466,466,2266,7:46,2,3,Home,9,0,12,8,,,,1.0,8,14,,StatusOfficial,,,,,,,2.0,11.0,,Home,10.0,1.0,-5.0,0:50, ,,,,,,,,,,,,,,,,,,,,,,8,21490,4.0,ResultPenaltyRepeatdown,NA,,,,,
2023,FOOTBALL_XFL_2023_3_5_STL@DC,STL,5,DC,8,160,1678042867.0,50467,2023-03-05 14:01:07.000000,EventFootballSack,2-15-DC 5 (7:27) 3 D. King sacked at DC 2 for -3 yards (25 L. Denis),,True,2,7,27,Half1,MaSourceTypeOfficialScoring,FOOTBALL_XFL_2023_3_5_STL@DC,,QBStat,59,2302010-STL-at-DC,447,447,2247,7:27,2,3,Home,5,0,12,8,,,,1.0,8,14,,StatusOfficial,,,,,,,2.0,15.0,-3.0,Home,10.0,2.0,-8.0,1:11, ,21981,,,,,,,,,,,,,,,,,,,,,,,,,,,20385,,,
2023,FOOTBALL_XFL_2023_3_5_STL@DC,STL,5,DC,8,162,1678042908.0,50508,2023-03-05 14:01:48.000000,EventFootballRush,3-18-DC 2 (6:46) 3 D. King rush to DC 7 for 5 yards (53 C. Wells),,True,2,6,46,Half1,MaSourceTypeOfficialScoring,FOOTBALL_XFL_2023_3_5_STL@DC,,QBStat,60,2302010-STL-at-DC,406,406,2206,6:46,2,3,Home,2,0,12,8,,,,1.0,8,14,,StatusOfficial,,,,,21981,21833,3.0,18.0,5.0,Home,10.0,3.0,-3.0,1:53, ,,,,,,,,,,,,,,,,,,,,,,,,,,,,,,,
2023,FOOTBALL_XFL_2023_3_5_STL@DC,STL,5,DC,8,164,1678042964.0,50564,2023-03-05 14:02:44.000000,EventFootballPunt,"4-13-DC 7 (6:16) 19 D. Whelan punts 55 yards from DC 7 to STL 38. 13 A. Proehl to STL 41 for 3 yards (80 T. Barry, 31 C. Lewis)",,True,2,6,16,Half1,MaSourceTypeOfficialScoring,FOOTBALL_XFL_2023_3_5_STL@DC,,QBStat,61,2302010-STL-at-DC,376,376,2176,6:16,2,3,Home,7,0,12,8,,,,1.0,8,14,,StatusOfficial,ResultKickReturned,,Visitor,41.0,,80,4.0,13.0,,Home,10.0,3.0,-3.0,2:26,PUNT,,,31,21835,21263,55.0,3.0,,,,,,,,,,,,,,,,,,,,,,,,
2023,FOOTBALL_XFL_2023_3_5_STL@DC,STL,5,DC,8,166,1678043208.0,50808,2023-03-05 14:06:48.000000,EventFootballRush,1-10-STL 41 (5:45) 23 B. Hill rush to STL 42 for 1 yard (26 D. Neal),,True,2,5,45,Half1,MaSourceTypeOfficialScoring,FOOTBALL_XFL_2023_3_5_STL@DC,,QBStat,62,2302010-STL-at-DC,345,345,2145,5:45,2,3,Visitor,41,0,13,5,,,,0.0,8,14,,StatusOfficial,,,,,20688,21133,1.0,10.0,1.0,Visitor,41.0,1.0,1.0,0:17, ,,,,,,,,,,,,,,,,,,,,,,,,,,,,,,,
2023,FOOTBALL_XFL_2023_3_5_STL@DC,STL,5,DC,8,168,1678043240.0,50840,2023-03-05 14:07:20.000000,EventFootballPass,2-9-STL 42 (5:14) 10 A. McCarron pass incomplete to 11 D. Shepherd,,True,2,5,14,Half1,MaSourceTypeOfficialScoring,FOOTBALL_XFL_2023_3_5_STL@DC,,QBStat,63,2302010-STL-at-DC,314,314,2114,5:14,2,3,Visitor,42,0,13,5,,,,0.0,8,14,,StatusOfficial,ResultPassIncomplete,,,,,,2.0,9.0,,Visitor,41.0,2.0,1.0,0:40, ,22026,21822,,,,,,,,,,,,,,,,,,,,,,,,,,,,,
2023,FOOTBALL_XFL_2023_3_5_STL@DC,STL,5,DC,8,170,1678043284.0,50884,2023-03-05 14:08:04.000000,EventFootballPass,3-9-STL 42 (4:44) 10 A. McCarron pass incomplete to 88 H. Butler,,True,2,4,44,Half1,MaSourceTypeOfficialScoring,FOOTBALL_XFL_2023_3_5_STL@DC,,QBStat,64,2302010-STL-at-DC,284,284,2084,4:44,2,3,Visitor,42,0,13,5,,,,0.0,8,14,,StatusOfficial,ResultPassIncomplete,,,,,,3.0,9.0,,Visitor,41.0,3.0,1.0,1:23, ,22026,22333,,,,,,,,,,,,,,,,,,,,,,,,,,,21182,,
2023,FOOTBALL_XFL_2023_3_5_STL@DC,STL,5,DC,8,172,1678043306.0,50906,2023-03-05 14:08:26.000000,EventFootballPunt,"4-9-STL 42 (4:23) 16 S. Hofrichter punts 39 yards from STL 42 to 12 J. Ezzard, Fair Catch at DC 19",,True,2,4,23,Half1,MaSourceTypeOfficialScoring,FOOTBALL_XFL_2023_3_5_STL@DC,,QBStat,65,2302010-STL-at-DC,263,263,2063,4:23,2,3,Visitor,42,0,13,5,,,,0.0,8,14,,StatusOfficial,ResultKickFaircatch,,Home,19.0,,,4.0,9.0,,Visitor,41.0,3.0,1.0,1:53,PUNT,,,,20704,21933,39.0,,,,,,,,,,,,,,,,,,,,,,,,,
2023,FOOTBALL_XFL_2023_3_5_STL@DC,STL,5,DC,8,178,1678043361.0,50961,2023-03-05 14:09:21.000000,EventFootballPass,"1-10-DC 19 (4:09) 3 D. King pass to 4 A. Smith to DC 24 for 5 yards (51 W. Harvey, 91 T. Tupou)",,True,2,4,9,Half1,MaSourceTypeOfficialScoring,FOOTBALL_XFL_2023_3_5_STL@DC,,QBStat,66,2302010-STL-at-DC,249,249,2049,4:09,2,3,Home,19,0,14,8,,,,1.0,8,14,,StatusOfficial,ResultPassComplete,,,,,20647,1.0,10.0,5.0,Home,19.0,1.0,5.0,0:24, ,21981,21427,21578,,,,,,,,,,,,,,,,,,,,,,,,,,,5,
2023,FOOTBALL_XFL_2023_3_5_STL@DC,STL,5,DC,8,176,1678043387.0,50987,2023-03-05 14:09:47.000000,EventFootballRush,2-5-DC 24 (3:44) 23 R. Armstead rush to DC 27 for 3 yards (29 S. Kelly),,True,2,3,44,Half1,MaSourceTypeOfficialScoring,FOOTBALL_XFL_2023_3_5_STL@DC,,QBStat,67,2302010-STL-at-DC,224,224,2024,3:44,2,3,Home,24,0,14,8,,,,1.0,8,14,,StatusOfficial,,,,,20053,21870,2.0,5.0,3.0,Home,19.0,2.0,8.0,0:53, ,,,,,,,,,,,,,,,,,,,,,,,,,,,,,,,
2023,FOOTBALL_XFL_2023_3_5_STL@DC,STL,5,DC,8,439,1678043445.0,51045,2023-03-05 14:10:45.000000,EventFootballSack,3-2-DC 27 (2:46) 3 D. King sacked at DC 21 for -6 yards (90 K. Atkins),,True,2,2,46,Half1,MaSourceTypeOfficialScoring,FOOTBALL_XFL_2023_3_5_STL@DC,,QBStat,68,2302010-STL-at-DC,166,166,1966,2:46,2,3,Home,27,0,14,8,,,,1.0,8,14,,StatusOfficial,,,,,,,3.0,2.0,-6.0,Home,19.0,3.0,2.0,2:00,PUNT,21981,,,,,,,,,,,,,,,,,,,,,,,,,,,20061,,,
2023,FOOTBALL_XFL_2023_3_5_STL@DC,STL,5,DC,8,438,1678043472.0,51072,2023-03-05 14:11:12.000000,EventFootballPunt,"4-3-DC 21 (2:23) 19 D. Whelan punts 47 yards from DC 21 to STL 32. 13 A. Proehl to STL 25 for 3 yards PENALTY on 25 L. Denis, 10 yards",,True,2,2,23,Half1,MaSourceTypeOfficialScoring,FOOTBALL_XFL_2023_3_5_STL@DC,,QBStat,69,2302010-STL-at-DC,143,143,1943,2:23,2,3,Home,21,0,14,8,,,,1.0,8,14,,StatusOfficial,ResultKickReturned,,Visitor,25.0,,,4.0,3.0,,Home,19.0,3.0,2.0,2:00,PUNT,,,,21835,21263,47.0,3.0,,,,,,,,,,,,,,,5,20385,10.0,ResultPenaltyOnkickoffpat,NA,,,,,
2023,FOOTBALL_XFL_2023_3_5_STL@DC,STL,5,DC,8,184,1678043543.0,51143,2023-03-05 14:12:23.000000,EventFootballRush,1-10-STL 25 (2:19) 23 B. Hill rush to STL 33 for 8 yards (15 M. Joseph),,True,2,2,19,Half1,MaSourceTypeOfficialScoring,FOOTBALL_XFL_2023_3_5_STL@DC,,QBStat,70,2302010-STL-at-DC,139,139,1939,2:19,2,3,Visitor,25,0,15,5,,,,0.0,8,14,,StatusOfficial,,,,,20688,22862,1.0,10.0,8.0,Visitor,25.0,1.0,8.0,0:17, ,,,,,,,,,,,,,,,,,,,,,,,,,,,,,,,
2023,FOOTBALL_XFL_2023_3_5_STL@DC,STL,5,DC,8,188,1678043567.0,51167,2023-03-05 14:12:47.000000,EventFootballPass,2-2-STL 33 (1:55) 10 A. McCarron pass to 11 D. Shepherd to STL 36 for 3 yards (15 M. Joseph),,True,2,1,55,Half1,MaSourceTypeOfficialScoring,FOOTBALL_XFL_2023_3_5_STL@DC,,QBStat,71,2302010-STL-at-DC,115,115,1915,1:55,2,3,Visitor,33,0,15,5,,,,0.0,8,14,,StatusOfficial,ResultPassComplete,,,,,22862,2.0,2.0,3.0,Visitor,25.0,2.0,11.0,0:28, ,22026,21822,,,,,,,,,,,,,,,,,,,,,,,,,,,,,
2023,FOOTBALL_XFL_2023_3_5_STL@DC,STL,5,DC,8,190,1678043775.0,51375,2023-03-05 14:16:15.000000,EventFootballPass,1-10-STL 36 (1:46) 10 A. McCarron pass to 88 H. Butler to STL 45 for 9 yards (29 K. Brice),,True,2,1,46,Half1,MaSourceTypeOfficialScoring,FOOTBALL_XFL_2023_3_5_STL@DC,,QBStat,72,2302010-STL-at-DC,106,106,1906,1:46,2,3,Visitor,36,0,15,5,,,,0.0,8,14,,StatusOfficial,ResultPassComplete,,,,,20180,1.0,10.0,9.0,Visitor,25.0,3.0,20.0,0:51, ,22026,22333,,,,,,,,,,,,,,,,,,,,,,,,,,,,,
2023,FOOTBALL_XFL_2023_3_5_STL@DC,STL,5,DC,8,224,1678043811.0,51411,2023-03-05 14:16:51.000000,EventFootballPass,2-1-STL 45 (1:10) 10 A. McCarron pass to 88 H. Butler to DC 35 for 20 yards (39 S. Ramirez),,True,2,1,10,Half1,MaSourceTypeOfficialScoring,FOOTBALL_XFL_2023_3_5_STL@DC,,QBStat,73,2302010-STL-at-DC,70,70,1870,1:10,2,3,Visitor,45,0,15,5,,,,0.0,8,14,,StatusOfficial,ResultPassComplete,,,,,21278,2.0,1.0,20.0,Visitor,25.0,4.0,40.0,1:21, ,22026,22333,,,,,,,,,,,,,,,,,,,,,,,,,,,,,
2023,FOOTBALL_XFL_2023_3_5_STL@DC,STL,5,DC,8,194,1678043844.0,51444,2023-03-05 14:17:24.000000,EventFootballPass,1-10-DC 35 (0:45) 10 A. McCarron pass to 88 H. Butler to DC 28 for 7 yards (43 F. Bernard),,True,2,0,45,Half1,MaSourceTypeOfficialScoring,FOOTBALL_XFL_2023_3_5_STL@DC,,QBStat,74,2302010-STL-at-DC,45,45,1845,0:45,2,3,Home,35,0,15,5,,,,0.0,8,14,,StatusOfficial,ResultPassComplete,,,,,22329,1.0,10.0,7.0,Visitor,25.0,5.0,47.0,1:53, ,22026,22333,,,,,,,,,,,,,,,,,,,,,,,,,,,,,
2023,FOOTBALL_XFL_2023_3_5_STL@DC,STL,5,DC,8,196,1678043876.0,51476,2023-03-05 14:17:56.000000,EventFootballPass,2-3-DC 28 (0:18) 10 A. McCarron pass to 88 H. Butler to DC 7 for 21 yards (29 K. Brice),,True,2,0,18,Half1,MaSourceTypeOfficialScoring,FOOTBALL_XFL_2023_3_5_STL@DC,,QBStat,75,2302010-STL-at-DC,18,18,1818,0:18,2,3,Home,28,0,15,5,,,,0.0,8,14,,StatusOfficial,ResultPassComplete,,,,,20180,2.0,3.0,21.0,Visitor,25.0,6.0,68.0,2:05, ,22026,22333,,,,,,,,,,,,,,,,,,,,,,,,,,,,,
2023,FOOTBALL_XFL_2023_3_5_STL@DC,STL,5,DC,8,198,1678043892.0,51492,2023-03-05 14:18:12.000000,EventFootballTimeout,Timeout by St. Louis Battlehawks at 0:18,,True,2,0,18,Half1,MaSourceTypeOfficialScoring,FOOTBALL_XFL_2023_3_5_STL@DC,,QBStat,76,2302010-STL-at-DC,18,18,1818,0:18,2,3,Home,7,0,15,5,,,,0.0,8,14,,StatusOfficial,,,,,,,1.0,7.0,,Visitor,25.0,6.0,68.0,2:05, ,,,,,,,,,,,,,,,,5,,,,,,,,,,,,,,,
2023,FOOTBALL_XFL_2023_3_5_STL@DC,STL,5,DC,8,207,1678043954.0,51554,2023-03-05 14:19:14.000000,EventFootballPass,1-7-DC 7 (0:09) 10 A. McCarron pass to 23 B. Hill to DC 1 for 6 yards (15 M. Joseph),,True,2,0,9,Half1,MaSourceTypeOfficialScoring,FOOTBALL_XFL_2023_3_5_STL@DC,,QBStat,77,2302010-STL-at-DC,9,9,1809,0:09,1,3,Home,7,0,15,5,,,,0.0,8,14,,StatusOfficial,ResultPassComplete,,,,,22862,1.0,7.0,6.0,Visitor,25.0,7.0,73.0,2:14, ,22026,20688,,,,,,,,,,,,,,,,,,,,,,,,,,,,,
2023,FOOTBALL_XFL_2023_3_5_STL@DC,STL,5,DC,8,208,1678043970.0,51570,2023-03-05 14:19:30.000000,EventFootballTimeout,Timeout by St. Louis Battlehawks at 0:09,,True,2,0,9,Half1,MaSourceTypeOfficialScoring,FOOTBALL_XFL_2023_3_5_STL@DC,,QBStat,78,2302010-STL-at-DC,9,9,1809,0:09,1,3,Home,1,0,15,5,,,,0.0,8,14,,StatusOfficial,,,,,,,2.0,1.0,,Visitor,25.0,7.0,73.0,2:14, ,,,,,,,,,,,,,,,,5,,,,,,,,,,,,,,,
2023,FOOTBALL_XFL_2023_3_5_STL@DC,STL,5,DC,8,209,1678044037.0,51637,2023-03-05 14:20:37.000000,EventFootballPass,2-1-DC 1 (0:06) 10 A. McCarron pass incomplete to 88 H. Butler,,True,2,0,6,Half1,MaSourceTypeOfficialScoring,FOOTBALL_XFL_2023_3_5_STL@DC,,QBStat,79,2302010-STL-at-DC,6,6,1806,0:06,0,3,Home,1,0,15,5,,,,0.0,8,14,,StatusOfficial,ResultPassIncomplete,,,,,,2.0,1.0,,Visitor,25.0,8.0,73.0,2:17, ,22026,22333,,,,,,,,,,,,,,,,,,,,,,,,,,,,,
2023,FOOTBALL_XFL_2023_3_5_STL@DC,STL,5,DC,8,210,1678044074.0,51674,2023-03-05 14:21:14.000000,EventFootballPass,"3-1-DC 1 (0:03) 10 A. McCarron pass to 88 H. Butler for 1 yard, TOUCHDOWN",,True,2,0,3,Half1,MaSourceTypeOfficialScoring,FOOTBALL_XFL_2023_3_5_STL@DC,,QBStat,80,2302010-STL-at-DC,3,3,1803,0:03,0,3,Home,1,0,15,5,,,,0.0,8,14,,StatusOfficial,ResultPassComplete,,,,,,3.0,1.0,1.0,Visitor,25.0,9.0,75.0,2:20,TD,22026,22333,,,,,,ScoreTypeTd,,,,,,,,,,,,,,,,,,,,,,,
2023,FOOTBALL_XFL_2023_3_5_STL@DC,STL,5,DC,8,212,1678044141.0,51741,2023-03-05 14:22:21.000000,EventFootballPat2PtRush,10 A. McCarron 2-pt conversion rush attempt NO GOOD,,True,2,0,3,Half1,MaSourceTypeOfficialScoring,FOOTBALL_XFL_2023_3_5_STL@DC,,QBStat,81,2302010-STL-at-DC,3,3,1803,0:03,0,3,Home,5,0,15,5,,,,0.0,14,14,,StatusOfficial,,,,,22026,,,,0.0,,,,,,,,,,,,,,,2.0,,,,,,,,,,,,,,,,,,,,,,
2023,FOOTBALL_XFL_2023_3_5_STL@DC,STL,5,DC,8,214,1678044208.0,51808,2023-03-05 14:23:28.000000,EventFootballKickoff,"2 D. Hageman kicks 65 yards from STL 30 to end zone, Touchback",,True,2,0,3,Half1,MaSourceTypeOfficialScoring,FOOTBALL_XFL_2023_3_5_STL@DC,,QBStat,82,2302010-STL-at-DC,3,3,1803,0:03,0,3,Visitor,30,0,16,8,,,,1.0,14,14,20419,StatusOfficial,ResultKickTouchback,65.0,Home,15.0,,,,,,,,,,,,,,,,,,,,,,,,,,,,,,,,,,,,,,,,,,
2023,FOOTBALL_XFL_2023_3_5_STL@DC,STL,5,DC,8,217,1678044275.0,51875,2023-03-05 14:24:35.000000,EventFootballRush,1-10-DC 15 (0:00) 10 J. Ta'amu rush to DC 14 for -1 yards,,True,2,0,0,Half1,MaSourceTypeOfficialScoring,FOOTBALL_XFL_2023_3_5_STL@DC,,QBStat,83,2302010-STL-at-DC,0,0,1800,0:00,0,3,Home,15,0,16,8,,,,1.0,14,14,,StatusOfficial,,,,,22296,,1.0,10.0,-1.0,Home,15.0,1.0,-1.0,0:03,HALF,,,,,,,,,,,,,,,,,,,,,,,,,,,,,,,
2023,FOOTBALL_XFL_2023_3_5_STL@DC,STL,5,DC,8,226,1678045090.0,52690,2023-03-05 14:38:10.000000,EventFootballKickoff,2 D. Hageman kicks from STL 30. 12 J. Ezzard to DC 29 for 21 yards (29 S. Kelly),,True,3,14,54,Half2,MaSourceTypeOfficialScoring,FOOTBALL_XFL_2023_3_5_STL@DC,,QBStat,84,2302010-STL-at-DC,894,1794,1794,14:54,3,3,Visitor,30,0,17,8,,,,1.0,14,14,20419,StatusOfficial,ResultKickReturned,,Home,29.0,,21870,,,,,,,,,,,,,,,,,,,22038,21.0,,,,,,,,,,,,,,,,,,,,
2023,FOOTBALL_XFL_2023_3_5_STL@DC,STL,5,DC,8,228,1678045132.0,52732,2023-03-05 14:38:52.000000,EventFootballRush,1-10-DC 29 (14:48) 4 A. Smith rush to DC 33 for 4 yards (95 E. Lumor),,True,3,14,48,Half2,MaSourceTypeOfficialScoring,FOOTBALL_XFL_2023_3_5_STL@DC,,QBStat,85,2302010-STL-at-DC,888,1788,1788,14:48,3,3,Home,29,0,17,8,,,,1.0,14,14,,StatusOfficial,,,,,21427,20971,1.0,10.0,4.0,Home,29.0,1.0,4.0,0:23, ,,,,,,,,,,,,,,,,,,,,,,,,,,,,,,,
2023,FOOTBALL_XFL_2023_3_5_STL@DC,STL,5,DC,8,237,1678045159.0,52759,2023-03-05 14:39:19.000000,EventFootballRush,2-6-DC 33 (14:21) 10 J. Ta'amu rush to DC 31 for -2 yards (6 L. Williams),,True,3,14,21,Half2,MaSourceTypeOfficialScoring,FOOTBALL_XFL_2023_3_5_STL@DC,,QBStat,86,2302010-STL-at-DC,861,1761,1761,14:21,3,3,Home,33,0,17,8,,,,1.0,14,14,,StatusOfficial,,,,,22296,21678,2.0,6.0,-2.0,Home,29.0,2.0,2.0,0:49, ,,,,,,,,,,,,,,,,,,,,,,,,,,,,,,,
2023,FOOTBALL_XFL_2023_3_5_STL@DC,STL,5,DC,8,251,1678045195.0,52795,2023-03-05 14:39:55.000000,EventFootballPass,3-8-DC 31 (13:46) 10 J. Ta'amu pass to 11 L. Jackson to STL 40 for 29 yards (8 M. Hampton),,True,3,13,46,Half2,MaSourceTypeOfficialScoring,FOOTBALL_XFL_2023_3_5_STL@DC,,QBStat,87,2302010-STL-at-DC,826,1726,1726,13:46,3,3,Home,31,0,17,8,,,,1.0,14,14,,StatusOfficial,ResultPassComplete,,,,,21862,3.0,8.0,29.0,Home,29.0,3.0,31.0,1:22, ,22296,20766,,,,,,,,,,,,,,,,,,,,,,,,,,,,,
2023,FOOTBALL_XFL_2023_3_5_STL@DC,STL,5,DC,8,234,1678045215.0,52815,2023-03-05 14:40:15.000000,EventFootballRush,"1-10-STL 40 (13:30) 10 J. Ta'amu rush to STL 38 for 2 yards (90 K. Atkins, 53 C. Wells)",,True,3,13,30,Half2,MaSourceTypeOfficialScoring,FOOTBALL_XFL_2023_3_5_STL@DC,,QBStat,88,2302010-STL-at-DC,810,1710,1710,13:30,3,3,Visitor,40,0,17,8,,,,1.0,14,14,,StatusOfficial,,,,,22296,20061,1.0,10.0,2.0,Home,29.0,4.0,33.0,1:39, ,,,21833,,,,,,,,,,,,,,,,,,,,,,,,,,,,
2023,FOOTBALL_XFL_2023_3_5_STL@DC,STL,5,DC,8,254,1678045241.0,52841,2023-03-05 14:40:41.000000,EventFootballPass,2-8-STL 38 (13:04) 10 J. Ta'amu pass to 4 A. Smith to STL 32 for 6 yards (8 M. Hampton),,True,3,13,4,Half2,MaSourceTypeOfficialScoring,FOOTBALL_XFL_2023_3_5_STL@DC,,QBStat,89,2302010-STL-at-DC,784,1684,1684,13:04,3,3,Visitor,38,0,17,8,,,,1.0,14,14,,StatusOfficial,ResultPassComplete,,,,,21862,2.0,8.0,6.0,Home,29.0,5.0,39.0,2:08, ,22296,21427,,,,,,,,,,,,,,,,,,,,,,,,,,,,,
2023,FOOTBALL_XFL_2023_3_5_STL@DC,STL,5,DC,8,250,1678045306.0,52906,2023-03-05 14:41:46.000000,EventFootballPass,3-2-STL 32 (12:07) 10 J. Ta'amu pass incomplete to 4 A. Smith,,True,3,12,7,Half2,MaSourceTypeOfficialScoring,FOOTBALL_XFL_2023_3_5_STL@DC,,QBStat,90,2302010-STL-at-DC,727,1627,1627,12:07,3,3,Visitor,32,0,17,8,,,,1.0,14,14,,StatusOfficial,ResultPassIncomplete,,,,,,3.0,2.0,,Home,29.0,6.0,39.0,3:05, ,22296,21427,,,,,,,,,,,,,,,,,,,,,,,,,,,21578,,
2023,FOOTBALL_XFL_2023_3_5_STL@DC,STL,5,DC,8,263,1678045343.0,52943,2023-03-05 14:42:23.000000,EventFootballRush,4-2-STL 32 (11:32) 4 A. Smith rush to STL 24 for 8 yards (28 B. DeLuca),,True,3,11,32,Half2,MaSourceTypeOfficialScoring,FOOTBALL_XFL_2023_3_5_STL@DC,,QBStat,91,2302010-STL-at-DC,692,1592,1592,11:32,3,3,Visitor,32,0,17,8,,,,1.0,14,14,,StatusOfficial,,,,,21427,20381,4.0,2.0,8.0,Home,29.0,7.0,47.0,3:39, ,,,,,,,,,,,,,,,,,,,,,,,,,,,,,,,
2023,FOOTBALL_XFL_2023_3_5_STL@DC,STL,5,DC,8,244,1678045372.0,52972,2023-03-05 14:42:52.000000,EventFootballRush,1-10-STL 24 (11:04) 23 R. Armstead rush to STL 23 for 1 yard (56 T. Feeney),,True,3,11,4,Half2,MaSourceTypeOfficialScoring,FOOTBALL_XFL_2023_3_5_STL@DC,,QBStat,92,2302010-STL-at-DC,664,1564,1564,11:04,3,3,Visitor,24,0,17,8,,,,1.0,14,14,,StatusOfficial,,,,,20053,22503,1.0,10.0,1.0,Home,29.0,8.0,48.0,4:15, ,,,,,,,,,,,,,,,,,,,,,,,,,,,,,,,
2023,FOOTBALL_XFL_2023_3_5_STL@DC,STL,5,DC,8,246,1678045406.0,53006,2023-03-05 14:43:26.000000,EventFootballRush,"2-9-STL 23 (10:32) 23 R. Armstead rush to STL 23 for 0 yards (53 C. Wells, 28 B. DeLuca)",,True,3,10,32,Half2,MaSourceTypeOfficialScoring,FOOTBALL_XFL_2023_3_5_STL@DC,,QBStat,93,2302010-STL-at-DC,632,1532,1532,10:32,3,3,Visitor,23,0,17,8,,,,1.0,14,14,,StatusOfficial,,,,,20053,21833,2.0,9.0,0.0,Home,29.0,9.0,48.0,4:47, ,,,20381,,,,,,,,,,,,,,,,,,,,,,,,,,,,
2023,FOOTBALL_XFL_2023_3_5_STL@DC,STL,5,DC,8,249,1678045453.0,53053,2023-03-05 14:44:13.000000,EventFootballPass,3-9-STL 23 (9:57) 10 J. Ta'amu pass incomplete to 82 E. Wolf,,True,3,9,57,Half2,MaSourceTypeOfficialScoring,FOOTBALL_XFL_2023_3_5_STL@DC,,QBStat,94,2302010-STL-at-DC,597,1497,1497,9:57,3,3,Visitor,23,0,17,8,,,,1.0,14,14,,StatusOfficial,ResultPassIncomplete,,,,,,3.0,9.0,,Home,29.0,10.0,48.0,5:17, ,22296,21711,,,,,,,,,,,,,,,,,,,,,,,,,,,21870,,
2023,FOOTBALL_XFL_2023_3_5_STL@DC,STL,5,DC,8,253,1678045522.0,53122,2023-03-05 14:45:22.000000,EventFootballFg,4-9-STL 23 (9:42) 34 M. McCrane 41 yard field goal is GOOD,,True,3,9,42,Half2,MaSourceTypeOfficialScoring,FOOTBALL_XFL_2023_3_5_STL@DC,,QBStat,95,2302010-STL-at-DC,582,1482,1482,9:42,3,3,Visitor,23,0,17,8,,,,1.0,14,14,21028,StatusOfficial,ResultKickMade,,,,,,4.0,9.0,41.0,Home,29.0,11.0,48.0,5:18,FG,,,,,,,,ScoreTypeFg,,,,,,,,,,,,,,,,,,,,,,,
2023,FOOTBALL_XFL_2023_3_5_STL@DC,STL,5,DC,8,256,1678045677.0,53277,2023-03-05 14:47:57.000000,EventFootballKickoff,34 M. McCrane kicks from DC 30. 11 D. Shepherd to DC 25 for 72 yards (22 T. Fuller),,True,3,9,42,Half2,MaSourceTypeOfficialScoring,FOOTBALL_XFL_2023_3_5_STL@DC,,QBStat,96,2302010-STL-at-DC,582,1482,1482,9:42,3,3,Home,30,0,18,5,,,,0.0,14,17,34,StatusOfficial,ResultKickReturned,,Home,25.0,,21751,,,,,,,,,,,,,,,,,,,20766,72.0,,,,,,,,,,,,,,,,,,,,
2023,FOOTBALL_XFL_2023_3_5_STL@DC,STL,5,DC,8,258,1678045756.0,53356,2023-03-05 14:49:16.000000,EventFootballRush,"1-10-DC 25 (9:23) 23 B. Hill rush to DC 23 for 2 yards (17 D. Bellamy, 5 R. Northrup)",,True,3,9,23,Half2,MaSourceTypeOfficialScoring,FOOTBALL_XFL_2023_3_5_STL@DC,,QBStat,97,2302010-STL-at-DC,563,1463,1463,9:23,3,3,Home,25,0,18,5,,,,0.0,14,17,,StatusOfficial,,,,,20688,22416,1.0,10.0,2.0,Home,25.0,1.0,2.0,0:46, ,,,21148,,,,,,,,,,,,,,,,,,,,,,,,,,,,
2023,FOOTBALL_XFL_2023_3_5_STL@DC,STL,5,DC,8,260,1678045814.0,53414,2023-03-05 14:50:14.000000,EventFootballPass,"2-8-DC 23 (8:26) 10 A. McCarron pass to 84 J. Sutherland for 23 yards, TOUCHDOWN",,True,3,8,26,Half2,MaSourceTypeOfficialScoring,FOOTBALL_XFL_2023_3_5_STL@DC,,QBStat,98,2302010-STL-at-DC,506,1406,1406,8:26,3,3,Home,23,0,18,5,,,,0.0,14,17,,StatusOfficial,ResultPassComplete,,,,,,2.0,8.0,23.0,Home,25.0,2.0,25.0,1:16,TD,22026,21501,,,,,,ScoreTypeTd,,,,,,,,,,,,,,,,,,,,,,,
2023,FOOTBALL_XFL_2023_3_5_STL@DC,STL,5,DC,8,262,1678045846.0,53446,2023-03-05 14:50:46.000000,EventFootballPat2PtPass,10 A. McCarron 2-pt conversion pass to 23 B. Hill NO GOOD,,True,3,8,26,Half2,MaSourceTypeOfficialScoring,FOOTBALL_XFL_2023_3_5_STL@DC,,QBStat,99,2302010-STL-at-DC,506,1406,1406,8:26,3,3,Home,5,0,18,5,,,,0.0,20,17,,StatusOfficial,ResultPassComplete,,,,,,,,2.0,,,,,,,22026,20688,,,,,,,2.0,,,,,,,,,,,,,,,,,,,,,,
2023,FOOTBALL_XFL_2023_3_5_STL@DC,STL,5,DC,8,265,1678046074.0,53674,2023-03-05 14:54:34.000000,EventFootballKickoff,2 D. Hageman kicks from STL 30. 12 J. Ezzard to DC 19 for 11 yards (39 C. Cooper),,True,3,8,26,Half2,MaSourceTypeOfficialScoring,FOOTBALL_XFL_2023_3_5_STL@DC,,QBStat,100,2302010-STL-at-DC,506,1406,1406,8:26,3,3,Visitor,30,0,19,8,,,,1.0,20,17,20419,StatusOfficial,ResultKickReturned,,Home,19.0,,22336,,,,,,,,,,,,,,,,,,,22038,11.0,,,,,,,,,,,,,,,,,,,,
2023,FOOTBALL_XFL_2023_3_5_STL@DC,STL,5,DC,8,267,1678046146.0,53746,2023-03-05 14:55:46.000000,EventFootballRush,1-10-DC 19 (8:17) 4 A. Smith rush to DC 24 for 5 yards (26 N. Meadors),,True,3,8,17,Half2,MaSourceTypeOfficialScoring,FOOTBALL_XFL_2023_3_5_STL@DC,,QBStat,101,2302010-STL-at-DC,497,1397,1397,8:17,3,3,Home,19,0,19,8,,,,1.0,20,17,,StatusOfficial,,,,,21427,22352,1.0,10.0,5.0,Home,19.0,1.0,5.0,0:31, ,,,,,,,,,,,,,,,,,,,,,,,,,,,,,,,
2023,FOOTBALL_XFL_2023_3_5_STL@DC,STL,5,DC,8,269,1678046179.0,53779,2023-03-05 14:56:19.000000,EventFootballRush,"2-5-DC 24 (7:44) 4 A. Smith rush to DC 29 for 5 yards (6 L. Williams, 33 T. Watson)",,True,3,7,44,Half2,MaSourceTypeOfficialScoring,FOOTBALL_XFL_2023_3_5_STL@DC,,QBStat,102,2302010-STL-at-DC,464,1364,1364,7:44,3,3,Home,24,0,19,8,,,,1.0,20,17,,StatusOfficial,,,,,21427,21678,2.0,5.0,5.0,Home,19.0,2.0,10.0,0:56, ,,,22297,,,,,,,,,,,,,,,,,,,,,,,,,,,,
2023,FOOTBALL_XFL_2023_3_5_STL@DC,STL,5,DC,8,343,1678046210.0,53810,2023-03-05 14:56:50.000000,EventFootballPass,1-10-DC 29 (7:14) 10 J. Ta'amu pass to 11 L. Jackson to DC 36 for 7 yards,,True,3,7,14,Half2,MaSourceTypeOfficialScoring,FOOTBALL_XFL_2023_3_5_STL@DC,,QBStat,103,2302010-STL-at-DC,434,1334,1334,7:14,3,3,Home,29,0,19,8,,,,1.0,20,17,,StatusOfficial,ResultPassComplete,,,,,,1.0,10.0,7.0,Home,19.0,3.0,17.0,1:26, ,22296,20766,,,,,,,,,,,,,,,,,,,,,,,,,,,,,
2023,FOOTBALL_XFL_2023_3_5_STL@DC,STL,5,DC,8,273,1678046230.0,53830,2023-03-05 14:57:10.000000,EventFootballPass,2-3-DC 36 (6:54) 10 J. Ta'amu pass to 0 J. Hammond to DC 44 for 8 yards (29 S. Kelly),,True,3,6,54,Half2,MaSourceTypeOfficialScoring,FOOTBALL_XFL_2023_3_5_STL@DC,,QBStat,104,2302010-STL-at-DC,414,1314,1314,6:54,3,3,Home,36,0,19,8,,,,1.0,20,17,,StatusOfficial,ResultPassComplete,,,,,21870,2.0,3.0,8.0,Home,19.0,4.0,25.0,1:46, ,22296,20618,,,,,,,,,,,,,,,,,,,,,,,,,,,,,
2023,FOOTBALL_XFL_2023_3_5_STL@DC,STL,5,DC,8,275,1678046262.0,53862,2023-03-05 14:57:42.000000,EventFootballPass,1-10-DC 44 (6:27) 10 J. Ta'amu pass dropped by 82 E. Wolf,,True,3,6,27,Half2,MaSourceTypeOfficialScoring,FOOTBALL_XFL_2023_3_5_STL@DC,,QBStat,105,2302010-STL-at-DC,387,1287,1287,6:27,3,3,Home,44,0,19,8,,,,1.0,20,17,,StatusOfficial,ResultPassDropped,,,,,,1.0,10.0,,Home,19.0,5.0,25.0,2:08, ,22296,21711,,,,,,,,,,,,,,,,,,,,,,,,,,,,,
2023,FOOTBALL_XFL_2023_3_5_STL@DC,STL,5,DC,8,283,1678046288.0,53888,2023-03-05 14:58:08.000000,EventFootballPass,2-10-DC 44 (6:02) 10 J. Ta'amu pass incomplete to 0 J. Hammond,,True,3,6,2,Half2,MaSourceTypeOfficialScoring,FOOTBALL_XFL_2023_3_5_STL@DC,,QBStat,106,2302010-STL-at-DC,362,1262,1262,6:02,3,3,Home,44,0,19,8,,,,1.0,20,17,,StatusOfficial,ResultPassIncomplete,,,,,,2.0,10.0,,Home,19.0,6.0,25.0,2:37, ,22296,20618,,,,,,,,,,,,,,,,,,,,,,,,,21833,,,,
2023,FOOTBALL_XFL_2023_3_5_STL@DC,STL,5,DC,8,279,1678046324.0,53924,2023-03-05 14:58:44.000000,EventFootballPass,3-10-DC 44 (5:33) 10 J. Ta'amu pass to 11 L. Jackson to STL 20 for 36 yards,,True,3,5,33,Half2,MaSourceTypeOfficialScoring,FOOTBALL_XFL_2023_3_5_STL@DC,,QBStat,107,2302010-STL-at-DC,333,1233,1233,5:33,3,3,Home,44,0,19,8,,,,1.0,20,17,,StatusOfficial,ResultPassComplete,,,,,,3.0,10.0,36.0,Home,19.0,7.0,61.0,3:14, ,22296,20766,,,,,,,,,,,,,,,,,,,,,,,,,,,,,
2023,FOOTBALL_XFL_2023_3_5_STL@DC,STL,5,DC,8,281,1678046365.0,53965,2023-03-05 14:59:25.000000,EventFootballPass,1-10-STL 20 (5:03) 10 J. Ta'amu pass incomplete to 3 D. King,,True,3,5,3,Half2,MaSourceTypeOfficialScoring,FOOTBALL_XFL_2023_3_5_STL@DC,,QBStat,108,2302010-STL-at-DC,303,1203,1203,5:03,3,3,Visitor,20,0,19,8,,,,1.0,20,17,,StatusOfficial,ResultPassIncomplete,,,,,,1.0,10.0,,Home,19.0,8.0,61.0,3:26, ,22296,21981,,,,,,,,,,,,,,,,,,,,,,,,,,,21678,,
2023,FOOTBALL_XFL_2023_3_5_STL@DC,STL,5,DC,8,285,1678046413.0,54013,2023-03-05 15:00:13.000000,EventFootballPass,2-10-STL 20 (4:26) 10 J. Ta'amu pass incomplete to 11 L. Jackson,,True,3,4,26,Half2,MaSourceTypeOfficialScoring,FOOTBALL_XFL_2023_3_5_STL@DC,,QBStat,109,2302010-STL-at-DC,266,1166,1166,4:26,3,3,Visitor,20,0,19,8,,,,1.0,20,17,,StatusOfficial,ResultPassIncomplete,,,,,,2.0,10.0,,Home,19.0,9.0,61.0,4:04, ,22296,20766,,,,,,,,,,,,,,,,,,,,,,,,,,,,,
2023,FOOTBALL_XFL_2023_3_5_STL@DC,STL,5,DC,8,287,1678046439.0,54039,2023-03-05 15:00:39.000000,EventFootballPass,3-10-STL 20 (3:59) 10 J. Ta'amu pass to 0 J. Hammond to STL 8 for 12 yards (28 B. DeLuca),,True,3,3,59,Half2,MaSourceTypeOfficialScoring,FOOTBALL_XFL_2023_3_5_STL@DC,,QBStat,110,2302010-STL-at-DC,239,1139,1139,3:59,3,3,Visitor,20,0,19,8,,,,1.0,20,17,,StatusOfficial,ResultPassComplete,,,,,20381,3.0,10.0,12.0,Home,19.0,10.0,73.0,4:42, ,22296,20618,,,,,,,,,,,,,,,,,,,,,,,,,,,,,
2023,FOOTBALL_XFL_2023_3_5_STL@DC,STL,5,DC,8,289,1678046465.0,54065,2023-03-05 15:01:05.000000,EventFootballRush,1-8-STL 8 (3:34) 10 J. Ta'amu rush to STL 2 for 6 yards (33 T. Watson),,True,3,3,34,Half2,MaSourceTypeOfficialScoring,FOOTBALL_XFL_2023_3_5_STL@DC,,QBStat,111,2302010-STL-at-DC,214,1114,1114,3:34,3,3,Visitor,8,0,19,8,,,,1.0,20,17,,StatusOfficial,,,,,22296,22297,1.0,8.0,6.0,Home,19.0,11.0,79.0,5:10, ,,,,,,,,,,,,,,,,,,,,,,,,,,,,,,,
2023,FOOTBALL_XFL_2023_3_5_STL@DC,STL,5,DC,8,291,1678046492.0,54092,2023-03-05 15:01:32.000000,EventFootballRush,"2-2-STL 2 (3:08) 10 J. Ta'amu rush for 2 yards, TOUCHDOWN",,True,3,3,8,Half2,MaSourceTypeOfficialScoring,FOOTBALL_XFL_2023_3_5_STL@DC,,QBStat,112,2302010-STL-at-DC,188,1088,1088,3:08,3,3,Visitor,2,0,19,8,,,,1.0,20,17,,StatusOfficial,,,,,22296,,2.0,2.0,2.0,Home,19.0,12.0,81.0,5:18,TD,,,,,,,,ScoreTypeTd,,,,,,,,,,,,,,,,,,,,,,,
2023,FOOTBALL_XFL_2023_3_5_STL@DC,STL,5,DC,8,293,1678046534.0,54134,2023-03-05 15:02:14.000000,EventFootballPat2PtPass,10 J. Ta'amu 2-pt conversion pass to 11 L. Jackson GOOD,,True,3,3,8,Half2,MaSourceTypeOfficialScoring,FOOTBALL_XFL_2023_3_5_STL@DC,,QBStat,113,2302010-STL-at-DC,188,1088,1088,3:08,3,3,Visitor,5,0,19,8,,,,1.0,20,23,,StatusOfficial,ResultPassComplete,,,,,,,,5.0,,,,,,,22296,20766,,,,,,ScoreTypeConv,2.0,,,,,,,,,,,,,,,,,,,,,,
2023,FOOTBALL_XFL_2023_3_5_STL@DC,STL,5,DC,8,295,1678046610.0,54210,2023-03-05 15:03:30.000000,EventFootballKickoff,34 M. McCrane kicks from DC 30. 11 D. Shepherd to STL 30 for 24 yards (9 K. Sails),,True,3,3,8,Half2,MaSourceTypeOfficialScoring,FOOTBALL_XFL_2023_3_5_STL@DC,,QBStat,114,2302010-STL-at-DC,188,1088,1088,3:08,3,3,Home,30,0,20,5,,,,0.0,20,25,34,StatusOfficial,ResultKickReturned,,Visitor,30.0,,21360,,,,,,,,,,,,,,,,,,,20766,24.0,,,,,,,,,,,,,,,,,,,,
2023,FOOTBALL_XFL_2023_3_5_STL@DC,STL,5,DC,8,297,1678046662.0,54262,2023-03-05 15:04:22.000000,EventFootballRush,1-10-STL 30 (2:54) 23 B. Hill rush to STL 32 for 2 yards (5 R. Northrup),,True,3,2,54,Half2,MaSourceTypeOfficialScoring,FOOTBALL_XFL_2023_3_5_STL@DC,,QBStat,115,2302010-STL-at-DC,174,1074,1074,2:54,3,3,Visitor,30,0,20,5,,,,0.0,20,25,,StatusOfficial,,,,,20688,21148,1.0,10.0,2.0,Visitor,30.0,1.0,2.0,0:25, ,,,,,,,,,,,,,,,,,,,,,,,,,,,,,,,
2023,FOOTBALL_XFL_2023_3_5_STL@DC,STL,5,DC,8,300,1678046696.0,54296,2023-03-05 15:04:56.000000,EventFootballSack,"2-8-STL 32 (2:20) 10 A. McCarron sacked at STL 27 for -5 yards (99 J. Wallace, 6 F. Brown)",,True,3,2,20,Half2,MaSourceTypeOfficialScoring,FOOTBALL_XFL_2023_3_5_STL@DC,,QBStat,116,2302010-STL-at-DC,140,1040,1040,2:20,3,3,Visitor,32,0,20,5,,,,0.0,20,25,,StatusOfficial,,,,,,,2.0,8.0,-5.0,Visitor,30.0,2.0,-3.0,1:28, ,22026,,,,,,,,,,,,,,,,,,,,,,,,,,,21623,,,20201
2023,FOOTBALL_XFL_2023_3_5_STL@DC,STL,5,DC,8,310,1678046755.0,54355,2023-03-05 15:05:55.000000,EventFootballSack,"3-13-STL 27 (1:40) 10 A. McCarron sacked at STL 23 for -4 yards Fumbled by 10 A. McCarron,  Forced by 17 D. Bellamy Recovered by 96 J. Panasiuk (17 D. Bellamy)",,True,3,1,40,Half2,MaSourceTypeOfficialScoring,FOOTBALL_XFL_2023_3_5_STL@DC,,QBStat,117,2302010-STL-at-DC,100,1000,1000,1:40,3,3,Visitor,27,0,20,5,,,,0.0,20,25,,StatusOfficial,,,Visitor,24.0,,,3.0,13.0,-4.0,Visitor,30.0,3.0,-6.0,1:28,FUMBLE,22026,,,,,,,,,,,,,,,,5,22026,8,21182,22416,,,,,,,22416,,,
2023,FOOTBALL_XFL_2023_3_5_STL@DC,STL,5,DC,8,304,1678046823.0,54423,2023-03-05 15:07:03.000000,EventFootballRush,1-10-STL 24 (1:04) 4 A. Smith rush to STL 20 for 4 yards (56 T. Feeney),,True,3,1,4,Half2,MaSourceTypeOfficialScoring,FOOTBALL_XFL_2023_3_5_STL@DC,,QBStat,118,2302010-STL-at-DC,64,964,964,1:04,3,3,Visitor,24,0,21,8,,,,1.0,20,25,,StatusOfficial,,,,,21427,22503,1.0,10.0,4.0,Visitor,24.0,1.0,4.0,0:20, ,,,,,,,,,,,,,,,,,,,,,,,,,,,,,,,
2023,FOOTBALL_XFL_2023_3_5_STL@DC,STL,5,DC,8,306,1678046842.0,54442,2023-03-05 15:07:22.000000,EventFootballRush,2-6-STL 20 (0:45) 4 A. Smith rush to STL 16 for 4 yards (56 T. Feeney),,True,3,0,45,Half2,MaSourceTypeOfficialScoring,FOOTBALL_XFL_2023_3_5_STL@DC,,QBStat,119,2302010-STL-at-DC,45,945,945,0:45,3,3,Visitor,20,0,21,8,,,,1.0,20,25,,StatusOfficial,,,,,21427,22503,2.0,6.0,4.0,Visitor,24.0,2.0,8.0,0:29, ,,,,,,,,,,,,,,,,,,,,,,,,,,,,,,,
2023,FOOTBALL_XFL_2023_3_5_STL@DC,STL,5,DC,8,308,1678046856.0,54456,2023-03-05 15:07:36.000000,EventFootballRush,3-2-STL 16 (0:31) 4 A. Smith rush to STL 17 for -1 yards (27 M. Rose),,True,3,0,31,Half2,MaSourceTypeOfficialScoring,FOOTBALL_XFL_2023_3_5_STL@DC,,QBStat,120,2302010-STL-at-DC,31,931,931,0:31,3,3,Visitor,16,0,21,8,,,,1.0,20,25,,StatusOfficial,,,,,21427,21340,3.0,2.0,-1.0,Visitor,24.0,3.0,7.0,0:49, ,,,,,,,,,,,,,,,,,,,,,,,,,,,,,,,
2023,FOOTBALL_XFL_2023_3_5_STL@DC,STL,5,DC,8,312,1678047142.0,54742,2023-03-05 15:12:22.000000,EventFootballFg,4-3-STL 17 (15:00) 34 M. McCrane 35 yard field goal is GOOD,,True,4,15,0,Half2,MaSourceTypeOfficialScoring,FOOTBALL_XFL_2023_3_5_STL@DC,,QBStat,121,2302010-STL-at-DC,900,900,900,15:00,3,3,Visitor,17,0,21,8,,,,1.0,20,25,21028,StatusOfficial,ResultKickMade,,,,,,4.0,3.0,35.0,Visitor,24.0,4.0,7.0,1:40,FG,,,,,,,,ScoreTypeFg,,,,,,,,,,,,,,,,,,,,,,,
2023,FOOTBALL_XFL_2023_3_5_STL@DC,STL,5,DC,8,314,1678047226.0,54826,2023-03-05 15:13:46.000000,EventFootballKickoff,34 M. McCrane kicks from DC 30. 22 S. Mitchell to STL 24 for 21 yards (9 K. Sails),,True,4,14,56,Half2,MaSourceTypeOfficialScoring,FOOTBALL_XFL_2023_3_5_STL@DC,,QBStat,122,2302010-STL-at-DC,896,896,896,14:56,3,3,Home,30,0,22,5,,,,0.0,20,28,34,StatusOfficial,ResultKickReturned,,Visitor,24.0,,21360,,,,,,,,,,,,,,,,,,,21751,21.0,,,,,,,,,,,,,,,,,,,,
2023,FOOTBALL_XFL_2023_3_5_STL@DC,STL,5,DC,8,316,1678047292.0,54892,2023-03-05 15:14:52.000000,EventFootballPass,1-10-STL 24 (14:45) 10 A. McCarron pass to 22 S. Mitchell to STL 32 for 8 yards (26 D. Neal),,True,4,14,45,Half2,MaSourceTypeOfficialScoring,FOOTBALL_XFL_2023_3_5_STL@DC,,QBStat,123,2302010-STL-at-DC,885,885,885,14:45,3,3,Visitor,24,0,22,5,,,,0.0,20,28,,StatusOfficial,ResultPassComplete,,,,,21133,1.0,10.0,8.0,Visitor,24.0,1.0,8.0,0:22, ,22026,21081,,,,,,,,,,,,,,,,,,,,,,,,,,,,,
2023,FOOTBALL_XFL_2023_3_5_STL@DC,STL,5,DC,8,318,1678047338.0,54938,2023-03-05 15:15:38.000000,EventFootballPass,2-2-STL 32 (14:04) 10 A. McCarron pass incomplete to 3 M. Ateman,,True,4,14,4,Half2,MaSourceTypeOfficialScoring,FOOTBALL_XFL_2023_3_5_STL@DC,,QBStat,124,2302010-STL-at-DC,844,844,844,14:04,3,3,Visitor,32,0,22,5,,,,0.0,20,28,,StatusOfficial,ResultPassIncomplete,,,,,,2.0,2.0,,Visitor,24.0,2.0,8.0,0:55, ,22026,20058,,,,,,,,,,,,,,,,,,,,,,,,,22329,,,,
2023,FOOTBALL_XFL_2023_3_5_STL@DC,STL,5,DC,8,320,1678047382.0,54982,2023-03-05 15:16:22.000000,EventFootballPass,3-2-STL 32 (13:28) 10 A. McCarron pass incomplete to 22 S. Mitchell,,True,4,13,28,Half2,MaSourceTypeOfficialScoring,FOOTBALL_XFL_2023_3_5_STL@DC,,QBStat,125,2302010-STL-at-DC,808,808,808,13:28,3,3,Visitor,32,0,22,5,,,,0.0,20,28,,StatusOfficial,ResultPassIncomplete,,,,,,3.0,2.0,,Visitor,24.0,3.0,8.0,1:35, ,22026,21081,,,,,,,,,,,,,,,,,,,,,,,,,21133,,,,
2023,FOOTBALL_XFL_2023_3_5_STL@DC,STL,5,DC,8,322,1678047407.0,55007,2023-03-05 15:16:47.000000,EventFootballPunt,"4-2-STL 32 (13:03) 16 S. Hofrichter punts 39 yards from STL 32 to DC 29. 12 J. Ezzard to DC 33 for 4 yards (17 J. Alexander, 28 B. DeLuca)",,True,4,13,3,Half2,MaSourceTypeOfficialScoring,FOOTBALL_XFL_2023_3_5_STL@DC,,QBStat,126,2302010-STL-at-DC,783,783,783,13:03,3,3,Visitor,32,0,22,5,,,,0.0,20,28,,StatusOfficial,ResultKickReturned,,Home,33.0,,22416,4.0,2.0,,Visitor,24.0,3.0,8.0,1:57,PUNT,,,21229,20704,21933,39.0,4.0,,,,,,,,,,,,,,,,,,,,,,,,
2023,FOOTBALL_XFL_2023_3_5_STL@DC,STL,5,DC,8,354,1678047618.0,55218,2023-03-05 15:20:18.000000,EventFootballRush,1-10-DC 33 (12:42) 4 A. Smith rush to DC 35 for 2 yards (51 W. Harvey),,True,4,12,42,Half2,MaSourceTypeOfficialScoring,FOOTBALL_XFL_2023_3_5_STL@DC,,QBStat,127,2302010-STL-at-DC,762,762,762,12:42,3,3,Home,33,0,23,8,,,,1.0,20,28,,StatusOfficial,,,,,21427,20647,1.0,10.0,2.0,Home,33.0,1.0,2.0,0:18, ,,,,,,,,,,,,,,,,,,,,,,,,,,,,,,,
2023,FOOTBALL_XFL_2023_3_5_STL@DC,STL,5,DC,8,326,1678047644.0,55244,2023-03-05 15:20:44.000000,EventFootballPass,2-8-DC 35 (12:16) 10 J. Ta'amu pass to 0 J. Hammond to DC 45 for 10 yards (51 W. Harvey),,True,4,12,16,Half2,MaSourceTypeOfficialScoring,FOOTBALL_XFL_2023_3_5_STL@DC,,QBStat,128,2302010-STL-at-DC,736,736,736,12:16,3,3,Home,35,0,23,8,,,,1.0,20,28,,StatusOfficial,ResultPassComplete,,,,,20647,2.0,8.0,10.0,Home,33.0,2.0,12.0,0:48, ,22296,20618,,,,,,,,,,,,,,,,,,,,,,,,,,,,,
2023,FOOTBALL_XFL_2023_3_5_STL@DC,STL,5,DC,8,333,1678047681.0,55281,2023-03-05 15:21:21.000000,EventFootballPass,1-10-DC 45 (11:42) 10 J. Ta'amu pass to 11 L. Jackson to STL 38 for 17 yards,,True,4,11,42,Half2,MaSourceTypeOfficialScoring,FOOTBALL_XFL_2023_3_5_STL@DC,,QBStat,129,2302010-STL-at-DC,702,702,702,11:42,3,3,Home,45,0,23,8,,,,1.0,20,28,,StatusOfficial,ResultPassComplete,,,,,,1.0,10.0,17.0,Home,33.0,3.0,29.0,1:28, ,22296,20766,,,,,,,,,,,,,,,,,,,,,,,,,,,,,
2023,FOOTBALL_XFL_2023_3_5_STL@DC,STL,5,DC,8,330,1678047718.0,55318,2023-03-05 15:21:58.000000,EventFootballRush,1-10-STL 38 (11:08) 10 J. Ta'amu rush to STL 38 for 0 yards (28 B. DeLuca),,True,4,11,8,Half2,MaSourceTypeOfficialScoring,FOOTBALL_XFL_2023_3_5_STL@DC,,QBStat,130,2302010-STL-at-DC,668,668,668,11:08,3,3,Visitor,38,0,23,8,,,,1.0,20,28,,StatusOfficial,,,,,22296,20381,1.0,10.0,0.0,Home,33.0,4.0,29.0,1:56, ,,,,,,,,,,,,,,,,,,,,,,,,,,,,,,,
2023,FOOTBALL_XFL_2023_3_5_STL@DC,STL,5,DC,8,332,1678047755.0,55355,2023-03-05 15:22:35.000000,EventFootballRush,2-10-STL 38 (10:31) 23 R. Armstead rush to STL 28 for 10 yards (28 B. DeLuca),,True,4,10,31,Half2,MaSourceTypeOfficialScoring,FOOTBALL_XFL_2023_3_5_STL@DC,,QBStat,131,2302010-STL-at-DC,631,631,631,10:31,3,3,Visitor,38,0,23,8,,,,1.0,20,28,,StatusOfficial,,,,,20053,20381,2.0,10.0,10.0,Home,33.0,5.0,39.0,2:29, ,,,,,,,,,,,,,,,,,,,,,,,,,,,,,,,
2023,FOOTBALL_XFL_2023_3_5_STL@DC,STL,5,DC,8,335,1678047796.0,55396,2023-03-05 15:23:16.000000,EventFootballRush,1-10-STL 28 (9:50) 23 R. Armstead rush to STL 17 for 11 yards (51 W. Harvey),,True,4,9,50,Half2,MaSourceTypeOfficialScoring,FOOTBALL_XFL_2023_3_5_STL@DC,,QBStat,132,2302010-STL-at-DC,590,590,590,9:50,3,3,Visitor,28,0,23,8,,,,1.0,20,28,,StatusOfficial,,,,,20053,20647,1.0,10.0,11.0,Home,33.0,6.0,50.0,3:13, ,,,,,,,,,,,,,,,,,,,,,,,,,,,,,,,
2023,FOOTBALL_XFL_2023_3_5_STL@DC,STL,5,DC,8,338,1678047828.0,55428,2023-03-05 15:23:48.000000,EventFootballRush,"1-10-STL 17 (9:18) 23 R. Armstead rush to STL 9 for 8 yards (28 B. DeLuca, 39 C. Cooper)",,True,4,9,18,Half2,MaSourceTypeOfficialScoring,FOOTBALL_XFL_2023_3_5_STL@DC,,QBStat,133,2302010-STL-at-DC,558,558,558,9:18,3,3,Visitor,17,0,23,8,,,,1.0,20,28,,StatusOfficial,,,,,20053,20381,1.0,10.0,8.0,Home,33.0,7.0,58.0,3:53, ,,,22336,,,,,,,,,,,,,,,,,,,,,,,,,,,,
2023,FOOTBALL_XFL_2023_3_5_STL@DC,STL,5,DC,8,340,1678047868.0,55468,2023-03-05 15:24:28.000000,EventFootballRush,2-2-STL 9 (8:38) 4 A. Smith rush to STL 8 for 1 yard (53 C. Wells),,True,4,8,38,Half2,MaSourceTypeOfficialScoring,FOOTBALL_XFL_2023_3_5_STL@DC,,QBStat,134,2302010-STL-at-DC,518,518,518,8:38,3,3,Visitor,9,0,23,8,,,,1.0,20,28,,StatusOfficial,,,,,21427,21833,2.0,2.0,1.0,Home,33.0,8.0,59.0,4:27, ,,,,,,,,,,,,,,,,,,,,,,,,,,,,,,,
2023,FOOTBALL_XFL_2023_3_5_STL@DC,STL,5,DC,8,342,1678047912.0,55512,2023-03-05 15:25:12.000000,EventFootballTimeout,Timeout by D.C. Defenders at 8:04,,True,4,8,4,Half2,MaSourceTypeOfficialScoring,FOOTBALL_XFL_2023_3_5_STL@DC,,QBStat,135,2302010-STL-at-DC,484,484,484,8:04,3,3,Visitor,8,0,23,8,,,,1.0,20,28,,StatusOfficial,,,,,,,3.0,1.0,,Home,33.0,8.0,59.0,4:44, ,,,,,,,,,,,,,,,,8,,,,,,,,,,,,,,,
2023,FOOTBALL_XFL_2023_3_5_STL@DC,STL,5,DC,8,345,1678047978.0,55578,2023-03-05 15:26:18.000000,EventFootballRush,3-1-STL 8 (7:54) 3 D. King rush to STL 4 for 4 yards (90 K. Atkins),,True,4,7,54,Half2,MaSourceTypeOfficialScoring,FOOTBALL_XFL_2023_3_5_STL@DC,,QBStat,136,2302010-STL-at-DC,474,474,474,7:54,3,2,Visitor,8,0,23,8,,,,1.0,20,28,,StatusOfficial,,,,,21981,20061,3.0,1.0,4.0,Home,33.0,9.0,63.0,5:12, ,,,,,,,,,,,,,,,,,,,,,,,,,,,,,,,
2023,FOOTBALL_XFL_2023_3_5_STL@DC,STL,5,DC,8,347,1678048015.0,55615,2023-03-05 15:26:55.000000,EventFootballRush,1-4-STL 4 (7:17) 4 A. Smith rush to STL 9 for -5 yards (51 W. Harvey),,True,4,7,17,Half2,MaSourceTypeOfficialScoring,FOOTBALL_XFL_2023_3_5_STL@DC,,QBStat,137,2302010-STL-at-DC,437,437,437,7:17,3,2,Visitor,4,0,23,8,,,,1.0,20,28,,StatusOfficial,,,,,21427,20647,1.0,4.0,-5.0,Home,33.0,10.0,58.0,5:44, ,,,,,,,,,,,,,,,,,,,,,,,,,,,,,,,
2023,FOOTBALL_XFL_2023_3_5_STL@DC,STL,5,DC,8,350,1678048054.0,55654,2023-03-05 15:27:34.000000,EventFootballPass,2-9-STL 9 (6:38) 3 D. King pass to 4 A. Smith to STL 4 for 5 yards (27 M. Rose),,True,4,6,38,Half2,MaSourceTypeOfficialScoring,FOOTBALL_XFL_2023_3_5_STL@DC,,QBStat,138,2302010-STL-at-DC,398,398,398,6:38,3,2,Visitor,9,0,23,8,,,,1.0,20,28,,StatusOfficial,ResultPassComplete,,,,,21340,2.0,9.0,5.0,Home,33.0,11.0,63.0,6:46, ,21981,21427,,,,,,,,,,,,,,,,,,,,,,,,,,,,,
2023,FOOTBALL_XFL_2023_3_5_STL@DC,STL,5,DC,8,353,1678048093.0,55693,2023-03-05 15:28:13.000000,EventFootballPass,"3-4-STL 4 (6:02) 3 D. King pass to 1 C. Blair for 4 yards, TOUCHDOWN",,True,4,6,2,Half2,MaSourceTypeOfficialScoring,FOOTBALL_XFL_2023_3_5_STL@DC,,QBStat,139,2302010-STL-at-DC,362,362,362,6:02,3,2,Visitor,4,0,23,8,,,,1.0,20,28,,StatusOfficial,ResultPassComplete,,,,,,3.0,4.0,4.0,Home,33.0,12.0,67.0,6:46,TD,21981,20133,,,,,,ScoreTypeTd,,,,,,,,,,,,,,,,,,,,,21340,,
2023,FOOTBALL_XFL_2023_3_5_STL@DC,STL,5,DC,8,356,1678048249.0,55849,2023-03-05 15:30:49.000000,EventFootballPat2PtPass,10 J. Ta'amu 2-pt conversion pass to 0 J. Hammond NO GOOD,,True,4,6,2,Half2,MaSourceTypeOfficialScoring,FOOTBALL_XFL_2023_3_5_STL@DC,,QBStat,140,2302010-STL-at-DC,362,362,362,6:02,3,2,Visitor,5,0,23,8,,,,1.0,20,34,,StatusOfficial,ResultPassComplete,,,,,,,,3.0,,,,,,,22296,20618,,,,,,,2.0,,,,,,,,,,,,,,,,,,,,,,
2023,FOOTBALL_XFL_2023_3_5_STL@DC,STL,5,DC,8,358,1678048377.0,55977,2023-03-05 15:32:57.000000,EventFootballKickoff,34 M. McCrane kicks from DC 30. 11 D. Shepherd to DC 30 for 58 yards (27 F. Gardner),,True,4,6,2,Half2,MaSourceTypeOfficialScoring,FOOTBALL_XFL_2023_3_5_STL@DC,,QBStat,141,2302010-STL-at-DC,362,362,362,6:02,3,2,Home,30,0,24,5,,,,0.0,20,34,34,StatusOfficial,ResultKickReturned,,Home,30.0,,21935,,,,,,,,,,,,,,,,,,,20766,58.0,,,,,,,,,,,,,,,,,,,,
2023,FOOTBALL_XFL_2023_3_5_STL@DC,STL,5,DC,8,360,1678048539.0,56139,2023-03-05 15:35:39.000000,EventFootballRush,1-10-DC 30 (5:44) 23 B. Hill rush to DC 28 for 2 yards (5 R. Northrup),,True,4,5,44,Half2,MaSourceTypeOfficialScoring,FOOTBALL_XFL_2023_3_5_STL@DC,,QBStat,142,2302010-STL-at-DC,344,344,344,5:44,3,2,Home,30,0,24,5,,,,0.0,20,34,,StatusOfficial,,,,,20688,21148,1.0,10.0,2.0,Home,30.0,1.0,2.0,0:32, ,,,,,,,,,,,,,,,,,,,,,,,,,,,,,,,
2023,FOOTBALL_XFL_2023_3_5_STL@DC,STL,5,DC,8,363,1678048576.0,56176,2023-03-05 15:36:16.000000,EventFootballPass,2-8-DC 28 (5:11) 10 A. McCarron pass incomplete to 9 J. Haskins,,True,4,5,11,Half2,MaSourceTypeOfficialScoring,FOOTBALL_XFL_2023_3_5_STL@DC,,QBStat,143,2302010-STL-at-DC,311,311,311,5:11,3,2,Home,28,0,24,5,,,,0.0,20,34,,StatusOfficial,ResultPassIncomplete,,,,,,2.0,8.0,,Home,30.0,2.0,2.0,1:03, ,22026,20651,,,,,,,,,,,,,,,,,,,,,,,,,20189,,,,
2023,FOOTBALL_XFL_2023_3_5_STL@DC,STL,5,DC,8,365,1678048610.0,56210,2023-03-05 15:36:50.000000,EventFootballPass,3-8-DC 28 (4:37) 10 A. McCarron pass to 13 A. Proehl to DC 22 for 6 yards (24 A. Kelly),,True,4,4,37,Half2,MaSourceTypeOfficialScoring,FOOTBALL_XFL_2023_3_5_STL@DC,,QBStat,144,2302010-STL-at-DC,277,277,277,4:37,3,2,Home,28,0,24,5,,,,0.0,20,34,,StatusOfficial,ResultPassComplete,,,,,20873,3.0,8.0,6.0,Home,30.0,3.0,8.0,1:39, ,22026,21263,,,,,,,,,,,,,,,,,,,,,,,,,,,,,
2023,FOOTBALL_XFL_2023_3_5_STL@DC,STL,5,DC,8,367,1678048656.0,56256,2023-03-05 15:37:36.000000,EventFootballPass,4-2-DC 22 (3:58) 10 A. McCarron pass incomplete to 88 H. Butler,,True,4,3,58,Half2,MaSourceTypeOfficialScoring,FOOTBALL_XFL_2023_3_5_STL@DC,,QBStat,145,2302010-STL-at-DC,238,238,238,3:58,3,2,Home,22,0,24,5,,,,0.0,20,34,,StatusOfficial,ResultPassIncomplete,,,,,,4.0,2.0,,Home,30.0,4.0,8.0,2:04,DOWNS,22026,22333,,,,,,,,,,,,,,,,,,,,,,,,,,,,,
2023,FOOTBALL_XFL_2023_3_5_STL@DC,STL,5,DC,8,369,1678048709.0,56309,2023-03-05 15:38:29.000000,EventFootballRush,1-10-DC 22 (3:48) 4 A. Smith rush to DC 29 for 7 yards (33 T. Watson),,True,4,3,48,Half2,MaSourceTypeOfficialScoring,FOOTBALL_XFL_2023_3_5_STL@DC,,QBStat,146,2302010-STL-at-DC,228,228,228,3:48,3,2,Home,22,0,25,8,,,,1.0,20,34,,StatusOfficial,,,,,21427,22297,1.0,10.0,7.0,Home,22.0,1.0,7.0,0:18, ,,,,,,,,,,,,,,,,,,,,,,,,,,,,,,,
2023,FOOTBALL_XFL_2023_3_5_STL@DC,STL,5,DC,8,371,1678048742.0,56342,2023-03-05 15:39:02.000000,EventFootballRush,2-3-DC 29 (3:15) 4 A. Smith rush to DC 36 for 7 yards (6 L. Williams),,True,4,3,15,Half2,MaSourceTypeOfficialScoring,FOOTBALL_XFL_2023_3_5_STL@DC,,QBStat,147,2302010-STL-at-DC,195,195,195,3:15,3,2,Home,29,0,25,8,,,,1.0,20,34,,StatusOfficial,,,,,21427,21678,2.0,3.0,7.0,Home,22.0,2.0,14.0,1:00, ,,,,,,,,,,,,,,,,,,,,,,,,,,,,,,,
2023,FOOTBALL_XFL_2023_3_5_STL@DC,STL,5,DC,8,376,1678048782.0,56382,2023-03-05 15:39:42.000000,EventFootballRush,1-10-DC 36 (2:35) 4 A. Smith rush to DC 41 for 5 yards (95 E. Lumor),,True,4,2,35,Half2,MaSourceTypeOfficialScoring,FOOTBALL_XFL_2023_3_5_STL@DC,,QBStat,148,2302010-STL-at-DC,155,155,155,2:35,3,2,Home,36,0,25,8,,,,1.0,20,34,,StatusOfficial,,,,,21427,20971,1.0,10.0,5.0,Home,22.0,3.0,19.0,1:42, ,,,,,,,,,,,,,,,,,,,,,,,,,,,,,,,
2023,FOOTBALL_XFL_2023_3_5_STL@DC,STL,5,DC,8,375,1678048844.0,56444,2023-03-05 15:40:44.000000,EventFootballRush,2-5-DC 41 (1:58) 23 R. Armstead rush to DC 43 for 2 yards (33 T. Watson),,True,4,1,58,Half2,MaSourceTypeOfficialScoring,FOOTBALL_XFL_2023_3_5_STL@DC,,QBStat,149,2302010-STL-at-DC,118,118,118,1:58,3,2,Home,41,0,25,8,,,,1.0,20,34,,StatusOfficial,,,,,20053,22297,2.0,5.0,2.0,Home,22.0,4.0,21.0,2:00, ,,,,,,,,,,,,,,,,,,,,,,,,,,,,,,,
2023,FOOTBALL_XFL_2023_3_5_STL@DC,STL,5,DC,8,378,1678048991.0,56591,2023-03-05 15:43:11.000000,EventFootballRush,3-3-DC 43 (1:54) 23 R. Armstead rush to DC 44 for 1 yard (25 L. Denis),,True,4,1,54,Half2,MaSourceTypeOfficialScoring,FOOTBALL_XFL_2023_3_5_STL@DC,,QBStat,150,2302010-STL-at-DC,114,114,114,1:54,3,2,Home,43,0,25,8,,,,1.0,20,34,,StatusOfficial,,,,,20053,20385,3.0,3.0,1.0,Home,22.0,5.0,22.0,2:04, ,,,,,,,,,,,,,,,,,,,,,,,,,,,,,,,
2023,FOOTBALL_XFL_2023_3_5_STL@DC,STL,5,DC,8,380,1678049022.0,56622,2023-03-05 15:43:42.000000,EventFootballTimeout,Timeout by St. Louis Battlehawks at 1:54,,True,4,1,54,Half2,MaSourceTypeOfficialScoring,FOOTBALL_XFL_2023_3_5_STL@DC,,QBStat,151,2302010-STL-at-DC,114,114,114,1:54,3,2,Home,44,0,25,8,,,,1.0,20,34,,StatusOfficial,,,,,,,4.0,2.0,,Home,22.0,5.0,22.0,2:04, ,,,,,,,,,,,,,,,,5,,,,,,,,,,,,,,,
2023,FOOTBALL_XFL_2023_3_5_STL@DC,STL,5,DC,8,382,1678049081.0,56681,2023-03-05 15:44:41.000000,EventFootballPunt,"4-2-DC 44 (1:44) 19 D. Whelan punts 56 yards from DC 44 to end zone, Touchback",,True,4,1,44,Half2,MaSourceTypeOfficialScoring,FOOTBALL_XFL_2023_3_5_STL@DC,,QBStat,152,2302010-STL-at-DC,104,104,104,1:44,2,2,Home,44,0,25,8,,,,1.0,20,34,,StatusOfficial,ResultKickTouchback,,Visitor,35.0,,,4.0,2.0,,Home,22.0,5.0,22.0,2:14,PUNT,,,,21835,,56.0,,,,,,,,,,,,,,,,,,,,,,,,,
2023,FOOTBALL_XFL_2023_3_5_STL@DC,STL,5,DC,8,384,1678049132.0,56732,2023-03-05 15:45:32.000000,EventFootballPass,"1-10-STL 35 (1:34) 10 A. McCarron pass to 88 H. Butler to STL 42 for 7 yards (39 S. Ramirez, 26 D. Neal)",,True,4,1,34,Half2,MaSourceTypeOfficialScoring,FOOTBALL_XFL_2023_3_5_STL@DC,,QBStat,153,2302010-STL-at-DC,94,94,94,1:34,2,2,Visitor,35,0,26,5,,,,0.0,20,34,,StatusOfficial,ResultPassComplete,,,,,21278,1.0,10.0,7.0,Visitor,35.0,1.0,7.0,0:22, ,22026,22333,21133,,,,,,,,,,,,,,,,,,,,,,,,,,,,
2023,FOOTBALL_XFL_2023_3_5_STL@DC,STL,5,DC,8,386,1678049154.0,56754,2023-03-05 15:45:54.000000,EventFootballSack,2-3-STL 42 (1:13) 10 A. McCarron sacked at STL 35 for -7 yards (48 A. Mintze),,True,4,1,13,Half2,MaSourceTypeOfficialScoring,FOOTBALL_XFL_2023_3_5_STL@DC,,QBStat,154,2302010-STL-at-DC,73,73,73,1:13,2,2,Visitor,42,0,26,5,,,,0.0,20,34,,StatusOfficial,,,,,,,2.0,3.0,-7.0,Visitor,35.0,2.0,,0:31, ,22026,,,,,,,,,,,,,,,,,,,,,,,,,,,21080,,,
2023,FOOTBALL_XFL_2023_3_5_STL@DC,STL,5,DC,8,388,1678049177.0,56777,2023-03-05 15:46:17.000000,EventFootballTimeout,Timeout by St. Louis Battlehawks at 1:13,,True,4,1,13,Half2,MaSourceTypeOfficialScoring,FOOTBALL_XFL_2023_3_5_STL@DC,,QBStat,155,2302010-STL-at-DC,73,73,73,1:13,2,2,Visitor,35,0,26,5,,,,0.0,20,34,,StatusOfficial,,,,,,,3.0,10.0,,Visitor,35.0,2.0,,0:31, ,,,,,,,,,,,,,,,,5,,,,,,,,,,,,,,,
2023,FOOTBALL_XFL_2023_3_5_STL@DC,STL,5,DC,8,393,1678049231.0,56831,2023-03-05 15:47:11.000000,EventFootballPass,3-10-STL 35 (1:04) 10 A. McCarron pass to 88 H. Butler to DC 48 for 17 yards (57 A. Hines),,True,4,1,4,Half2,MaSourceTypeOfficialScoring,FOOTBALL_XFL_2023_3_5_STL@DC,,QBStat,156,2302010-STL-at-DC,64,64,64,1:04,1,2,Visitor,35,0,26,5,,,,0.0,20,34,,StatusOfficial,ResultPassComplete,,,,,20699,3.0,10.0,17.0,Visitor,35.0,3.0,13.0,0:44, ,22026,22333,,,,,,,,,,,,,,,,,,,,,,,,,,,,,
2023,FOOTBALL_XFL_2023_3_5_STL@DC,STL,5,DC,8,394,1678049253.0,56853,2023-03-05 15:47:33.000000,EventFootballPass,1-10-DC 48 (1:00) 10 A. McCarron pass incomplete,,True,4,1,0,Half2,MaSourceTypeOfficialScoring,FOOTBALL_XFL_2023_3_5_STL@DC,,QBStat,157,2302010-STL-at-DC,60,60,60,1:00,1,2,Home,48,0,26,5,,,,0.0,20,34,,StatusOfficial,ResultPassIncomplete,,,,,,1.0,10.0,,Visitor,35.0,4.0,17.0,0:53, ,22026,,,,,,,,,,,,,,,,,,,,,,,,,,,,,,
2023,FOOTBALL_XFL_2023_3_5_STL@DC,STL,5,DC,8,396,1678049293.0,56893,2023-03-05 15:48:13.000000,EventFootballPass,2-10-DC 48 (0:51) 10 A. McCarron pass to 23 B. Hill to DC 37 for 11 yards (57 A. Hines),,True,4,0,51,Half2,MaSourceTypeOfficialScoring,FOOTBALL_XFL_2023_3_5_STL@DC,,QBStat,158,2302010-STL-at-DC,51,51,51,0:51,1,2,Home,48,0,26,5,,,,0.0,20,34,,StatusOfficial,ResultPassComplete,,,,,20699,2.0,10.0,11.0,Visitor,35.0,5.0,28.0,0:59, ,22026,20688,,,,,,,,,,,,,,,,,,,,,,,,,,,,,
2023,FOOTBALL_XFL_2023_3_5_STL@DC,STL,5,DC,8,398,1678049356.0,56956,2023-03-05 15:49:16.000000,EventFootballPass,1-10-DC 37 (0:45) 10 A. McCarron pass incomplete,,True,4,0,45,Half2,MaSourceTypeOfficialScoring,FOOTBALL_XFL_2023_3_5_STL@DC,,QBStat,159,2302010-STL-at-DC,45,45,45,0:45,1,2,Home,37,0,26,5,,,,0.0,20,34,,StatusOfficial,ResultPassIncomplete,,,,,,1.0,10.0,,Visitor,35.0,6.0,28.0,0:59, ,22026,,,,,,,,,,,,,,,,,,,,,,,,,,,,,,
2023,FOOTBALL_XFL_2023_3_5_STL@DC,STL,5,DC,8,400,1678049374.0,56974,2023-03-05 15:49:34.000000,EventFootballPass,2-10-DC 37 (0:45) 10 A. McCarron pass dropped by 13 A. Proehl,,True,4,0,45,Half2,MaSourceTypeOfficialScoring,FOOTBALL_XFL_2023_3_5_STL@DC,,QBStat,160,2302010-STL-at-DC,45,45,45,0:45,1,2,Home,37,0,26,5,,,,0.0,20,34,,StatusOfficial,ResultPassDropped,,,,,,2.0,10.0,,Visitor,35.0,7.0,28.0,1:02, ,22026,21263,,,,,,,,,,,,,,,,,,,,,,,,,,,,,
2023,FOOTBALL_XFL_2023_3_5_STL@DC,STL,5,DC,8,402,1678049391.0,56991,2023-03-05 15:49:51.000000,EventFootballPass,"3-10-DC 37 (0:36) 10 A. McCarron pass to 88 H. Butler to DC 33 for 4 yards (24 A. Kelly, 26 D. Neal)",,True,4,0,36,Half2,MaSourceTypeOfficialScoring,FOOTBALL_XFL_2023_3_5_STL@DC,,QBStat,161,2302010-STL-at-DC,36,36,36,0:36,1,2,Home,37,0,26,5,,,,0.0,20,34,,StatusOfficial,ResultPassComplete,,,,,20873,3.0,10.0,4.0,Visitor,35.0,8.0,32.0,1:08, ,22026,22333,21133,,,,,,,,,,,,,,,,,,,,,,,,,,,,
2023,FOOTBALL_XFL_2023_3_5_STL@DC,STL,5,DC,8,406,1678049473.0,57073,2023-03-05 15:51:13.000000,EventFootballPass,4-6-DC 33 (0:28) 10 A. McCarron pass intended for 11 D. Shepherd INTERCEPTED by 29 K. Brice returned 0 yards to DC 1,,True,4,0,28,Half2,MaSourceTypeOfficialScoring,FOOTBALL_XFL_2023_3_5_STL@DC,,QBStat,162,2302010-STL-at-DC,28,28,28,0:28,1,2,Home,33,0,26,5,,,,0.0,20,34,,StatusOfficial,ResultPassInterception,,Home,1.0,,,4.0,6.0,,Visitor,35.0,9.0,32.0,1:16,INT,22026,21822,,,,,,,,,,20180,,,,,,,,,,,,,,,20180,,,,
2023,FOOTBALL_XFL_2023_3_5_STL@DC,STL,5,DC,8,409,1678049561.0,57161,2023-03-05 15:52:41.000000,EventFootballRush,"1-10-DC 1 (0:19) 10 J. Ta'amu rush to DC 1 for 0 yards Fumbled by 10 J. Ta'amu,  Recovered by 28 B. DeLuca",,True,4,0,19,Half2,MaSourceTypeOfficialScoring,FOOTBALL_XFL_2023_3_5_STL@DC,,QBStat,163,2302010-STL-at-DC,19,19,19,0:19,1,2,Home,1,0,27,8,,,,1.0,20,34,,StatusOfficial,,,Home,2.0,22296,,1.0,10.0,0.0,Home,1.0,1.0,1.0,0:09,FUMBLE,,,,,,,,,,,,,,,,,8,22296,5,20381,,,,,,,,,,,
2023,FOOTBALL_XFL_2023_3_5_STL@DC,STL,5,DC,8,411,1678049620.0,57220,2023-03-05 15:53:40.000000,EventFootballPass,"1-2-DC 2 (0:22) 10 A. McCarron pass to 22 S. Mitchell for 2 yards, TOUCHDOWN",,True,4,0,22,Half2,MaSourceTypeOfficialScoring,FOOTBALL_XFL_2023_3_5_STL@DC,,QBStat,164,2302010-STL-at-DC,22,22,22,0:22,1,2,Home,2,0,28,5,,,,0.0,20,34,,StatusOfficial,ResultPassComplete,,,,,,1.0,2.0,2.0,Home,2.0,1.0,2.0,0:00,TD,22026,21081,,,,,,ScoreTypeTd,,,,,,,,,,,,,,,,,,,,,,,
2023,FOOTBALL_XFL_2023_3_5_STL@DC,STL,5,DC,8,413,1678049657.0,57257,2023-03-05 15:54:17.000000,EventFootballPat2PtPass,10 A. McCarron 2-pt conversion pass to 22 S. Mitchell GOOD,,True,4,0,22,Half2,MaSourceTypeOfficialScoring,FOOTBALL_XFL_2023_3_5_STL@DC,,QBStat,165,2302010-STL-at-DC,22,22,22,0:22,1,2,Home,5,0,28,5,,,,0.0,26,34,,StatusOfficial,ResultPassComplete,,,,,,,,5.0,,,,,,,22026,21081,,,,,,ScoreTypeConv,2.0,,,,,,,,,,,,,,,,,,,,,,
2023,FOOTBALL_XFL_2023_3_5_STL@DC,STL,5,DC,8,415,1678049712.0,57312,2023-03-05 15:55:12.000000,EventFootballKickoff,Preparing for Onside 4th Down attempt,,True,4,0,22,Half2,MaSourceTypeOfficialScoring,FOOTBALL_XFL_2023_3_5_STL@DC,,QBStat,166,2302010-STL-at-DC,22,22,22,0:22,1,2,Visitor,30,0,29,5,,,,0.0,28,34,,StatusOfficial,ResultKickOnside4Thdown,,Visitor,25.0,,,,,,,,,,,,,,,,,,,,,,,,,,,,,,,,,,,,,,,,,,
2023,FOOTBALL_XFL_2023_3_5_STL@DC,STL,5,DC,8,417,1678049774.0,57374,2023-03-05 15:56:14.000000,EventFootballSack,4-15-STL 25 (0:16) 10 A. McCarron sacked at STL 18 for -7 yards (17 D. Bellamy),,True,4,0,16,Half2,MaSourceTypeOfficialScoring,FOOTBALL_XFL_2023_3_5_STL@DC,,QBStat,167,2302010-STL-at-DC,16,16,16,0:16,1,2,Visitor,25,0,29,5,,,,0.0,28,34,,StatusOfficial,,,,,,,4.0,15.0,-7.0,Visitor,25.0,1.0,-7.0,0:06,DOWNS,22026,,,,,,,,,,,,,,,,,,,,,,,,,,,22416,,,
2023,FOOTBALL_XFL_2023_3_5_STL@DC,STL,5,DC,8,420,1678050040.0,57640,2023-03-05 16:00:40.000000,EventFootballPenalty,"1-10-STL 18 (0:10) PENALTY on 96 L. London, 5 yards",,True,4,0,10,Half2,MaSourceTypeOfficialScoring,FOOTBALL_XFL_2023_3_5_STL@DC,,QBStat,168,2302010-STL-at-DC,10,10,10,0:10,1,2,Visitor,18,0,30,8,,,,1.0,28,34,,StatusOfficial,,,,,,,1.0,10.0,,Visitor,18.0,,5.0,0:16,HALF,,,,,,,,,,,,,,,,,,,,,,5,20965,5.0,ResultPenaltyRepeatdown,NA,,,,,
2023,FOOTBALL_XFL_2023_3_5_STL@DC,STL,5,DC,8,421,1678050086.8214073,,2023-03-05 16:01:26.821407,EventEnd,Game End Marker,,True,4,0,0,Half2,MaSourceTypeOfficialScoring,FOOTBALL_XFL_2023_3_5_STL@DC,,QBStat,10020,2302010-STL-at-DC,0,0,0,0:00,1,2,Visitor,13,0,30,8,,,,1.0,28,34,,,,,,,,,1.0,5.0,,,,,,,,,,,,,,,,,,,,,,,,,,,,,,,,,,,,,,
2023,FOOTBALL_XFL_2023_3_5_STL@DC,STL,5,DC,8,440,1678237954.2058167,,2023-03-07 20:12:34.205817,EventOfficial,Game Official Marker,,True,4,0,0,Half2,MaSourceTypeOfficialScoring,FOOTBALL_XFL_2023_3_5_STL@DC,,QBStat,10025,2302010-STL-at-DC,0,0,0,0:00,1,2,Visitor,13,0,30,8,,,,1.0,28,34,,,,,,,,,1.0,5.0,,,,,,,,,,,,,,,,,,,,,,,,,,,,,,,,,,,,,,
