season,game_id,away_team_abv,away_team,home_team_abv,home_team,roof,MarkerId,MarkerUTC,MarkerLTC,play_date_time,play_type,desc,comments,IsOfficial,qtr,ClockMinutes,ClockSeconds,game_half,SourceType,EventId,SituationCode,SourceId,SourceNativeMarkerId,OfficialCode,quarter_seconds_remaining,half_seconds_remaining,game_seconds_remaining,time,posteam,LastPlaySummary,LastPlayStatus,home_team_has_pos,posteam_abv,defteam_abv,receive_2h_ko_team,VisTimeouts,HomeTimeouts,posteam_timeouts_remaining,defteam_timeouts_remaining,BallOn_Side,BallOn_YardNum,DriveNum,yardline_100,spread_line,VisScore,HomeScore,MapRoleTackler1,MapRoleKicker,MapRoleKickreturner,FootballStatus,FootballPlayResult,FootballKickRetYards,FootballSetBallOn_VisOrHome,FootballSetBallOn_YardNum,MapRolePasser,MapRoleReceiver,MapRoleTackler2,down,ydstogo,FootballYards,Drive_Start_VisOrHome,Drive_Start_YardNum,Drive_Plays,Drive_Yards,Drive_TOP,Result,MapRoleRusher,MapRolePassDefender,MapRoleSacker1,FootballMainScoringPlay,MapRoleQbHitter,MapRolePunter,FootballPuntYards,MapRoleInterceptor,FootballPenalty_TeamId,FootballPenalty_PlayerId,FootballPenalty_Yards,FootballPenalty_PenaltyResult,FootballPenalty_Description,FootballConvAttPts,FootballTimeoutTeamId,FootballKickYards,MapRolePuntreturner,FootballPuntRetYards,punt_attempt,pass_touchdown,rush_touchdown,field_goal_attempt,field_goal_made,touchdown
2023,FOOTBALL_XFL_2023_3_31_SEA@ARL,SEA,6,ARL,1,outdoors,1,1680303829.9822843,,2023-03-31 23:03:49.982284,EventStart,Game Start Marker,,True,1,15,0,Half1,MaSourceTypeOfficialScoring,FOOTBALL_XFL_2023_3_31_SEA@ARL,,QBStat,10005,2302025-SEA-at-ARL,900,1800,3600,15:00,6,,,0.0,SEA,ARL,0.0,3,3,3.0,3.0,Home,30,1,30.0,0,0,0,,,,,,,,,,,,,,,,,,,,,,,,,,,,,,,,,,,,,,,0,0.0,0.0,0.0,0.0,0.0
2023,FOOTBALL_XFL_2023_3_31_SEA@ARL,SEA,6,ARL,1,outdoors,3,1680303887.0,68687,2023-03-31 23:04:47.000000,EventFootballKickoff,FROM ARL 30 (15:00) 1 T. Russolino kicks from ARL 30. 86 K. McKnight to SEA 40 for 37 yards (27 B. Rusnak),,True,1,15,0,Half1,MaSourceTypeOfficialScoring,FOOTBALL_XFL_2023_3_31_SEA@ARL,,QBStat,1,2302025-SEA-at-ARL,900,1800,3600,15:00,6,,,0.0,SEA,ARL,0.0,3,3,3.0,3.0,Home,30,1,30.0,0,0,0,22893,21359,21875,StatusOfficial,ResultKickReturned,37.0,Visitor,40.0,,,,,,,,,,,,,,,,,,,,,,,,,,,,,,,0,0.0,0.0,0.0,0.0,0.0
2023,FOOTBALL_XFL_2023_3_31_SEA@ARL,SEA,6,ARL,1,outdoors,5,1680303931.0,68731,2023-03-31 23:05:31.000000,EventFootballPass,"1-10-SEA 40 (14:49) 6 B. DiNucci pass to 15 D. Willis to SEA 44 for 4 yards (36 C. Schooler, 29 S. Brown)",,True,1,14,49,Half1,MaSourceTypeOfficialScoring,FOOTBALL_XFL_2023_3_31_SEA@ARL,,QBStat,2,2302025-SEA-at-ARL,889,1789,3589,14:49,6,,,0.0,SEA,ARL,0.0,3,3,3.0,3.0,Visitor,40,1,60.0,0,0,0,21379,,,StatusOfficial,ResultPassComplete,,,,21979,21695,20212,1.0,10.0,4.0,Visitor,40.0,1.0,4.0,0:35, ,,,,,,,,,,,,,,,,,,,0,0.0,0.0,0.0,0.0,0.0
2023,FOOTBALL_XFL_2023_3_31_SEA@ARL,SEA,6,ARL,1,outdoors,7,1680303964.0,68764,2023-03-31 23:06:04.000000,EventFootballPass,2-6-SEA 44 (14:16) 6 B. DiNucci pass to 4 J. Green to SEA 44 for 0 yards (18 D. Payne),,True,1,14,16,Half1,MaSourceTypeOfficialScoring,FOOTBALL_XFL_2023_3_31_SEA@ARL,,QBStat,3,2302025-SEA-at-ARL,856,1756,3556,14:16,6,,,0.0,SEA,ARL,0.0,3,3,3.0,3.0,Visitor,44,1,56.0,0,0,0,22675,,,StatusOfficial,ResultPassComplete,,,,21979,22035,,2.0,6.0,0.0,Visitor,40.0,2.0,4.0,1:04, ,,,,,,,,,,,,,,,,,,,0,0.0,0.0,0.0,0.0,0.0
2023,FOOTBALL_XFL_2023_3_31_SEA@ARL,SEA,6,ARL,1,outdoors,9,1680304003.0,68803,2023-03-31 23:06:43.000000,EventFootballPass,3-6-SEA 44 (13:36) 6 B. DiNucci pass to 88 J. Veasy to ARL 49 for 7 yards (4 J. Powell),,True,1,13,36,Half1,MaSourceTypeOfficialScoring,FOOTBALL_XFL_2023_3_31_SEA@ARL,,QBStat,4,2302025-SEA-at-ARL,816,1716,3516,13:36,6,,,0.0,SEA,ARL,0.0,3,3,3.0,3.0,Visitor,44,1,56.0,0,0,0,21251,,,StatusOfficial,ResultPassComplete,,,,21979,22306,,3.0,6.0,7.0,Visitor,40.0,3.0,11.0,1:47, ,,,,,,,,,,,,,,,,,,,0,0.0,0.0,0.0,0.0,0.0
2023,FOOTBALL_XFL_2023_3_31_SEA@ARL,SEA,6,ARL,1,outdoors,11,1680304043.0,68843,2023-03-31 23:07:23.000000,EventFootballRush,1-10-ARL 49 (12:56) 19 T. Hammonds rush to ARL 43 for 6 yards (5 W. Hill),,True,1,12,56,Half1,MaSourceTypeOfficialScoring,FOOTBALL_XFL_2023_3_31_SEA@ARL,,QBStat,5,2302025-SEA-at-ARL,776,1676,3476,12:56,6,,,0.0,SEA,ARL,0.0,3,3,3.0,3.0,Home,49,1,49.0,0,0,0,20693,,,StatusOfficial,,,,,,,,1.0,10.0,6.0,Visitor,40.0,4.0,17.0,2:35, ,20620,,,,,,,,,,,,,,,,,,0,0.0,0.0,0.0,0.0,0.0
2023,FOOTBALL_XFL_2023_3_31_SEA@ARL,SEA,6,ARL,1,outdoors,13,1680304087.0,68887,2023-03-31 23:08:07.000000,EventFootballRush,2-4-ARL 43 (12:12) 6 B. DiNucci rush to ARL 30 for 13 yards (5 W. Hill),,True,1,12,12,Half1,MaSourceTypeOfficialScoring,FOOTBALL_XFL_2023_3_31_SEA@ARL,,QBStat,6,2302025-SEA-at-ARL,732,1632,3432,12:12,6,,,0.0,SEA,ARL,0.0,3,3,3.0,3.0,Home,43,1,43.0,0,0,0,20693,,,StatusOfficial,,,,,,,,2.0,4.0,13.0,Visitor,40.0,5.0,30.0,3:05, ,21979,,,,,,,,,,,,,,,,,,0,0.0,0.0,0.0,0.0,0.0
2023,FOOTBALL_XFL_2023_3_31_SEA@ARL,SEA,6,ARL,1,outdoors,15,1680304129.0,68929,2023-03-31 23:08:49.000000,EventFootballRush,"1-10-ARL 30 (11:30) 6 B. DiNucci rush to ARL 22 for 8 yards (36 C. Schooler, 18 D. Payne)",,True,1,11,30,Half1,MaSourceTypeOfficialScoring,FOOTBALL_XFL_2023_3_31_SEA@ARL,,QBStat,7,2302025-SEA-at-ARL,690,1590,3390,11:30,6,,,0.0,SEA,ARL,0.0,3,3,3.0,3.0,Home,30,1,30.0,0,0,0,21379,,,StatusOfficial,,,,,,,22675,1.0,10.0,8.0,Visitor,40.0,6.0,38.0,3:44, ,21979,,,,,,,,,,,,,,,,,,0,0.0,0.0,0.0,0.0,0.0
2023,FOOTBALL_XFL_2023_3_31_SEA@ARL,SEA,6,ARL,1,outdoors,18,1680304168.0,68968,2023-03-31 23:09:28.000000,EventFootballPass,2-2-ARL 22 (10:52) 6 B. DiNucci pass incomplete to 80 B. Jackson Pass Defended by 36 C. Schooler,,True,1,10,52,Half1,MaSourceTypeOfficialScoring,FOOTBALL_XFL_2023_3_31_SEA@ARL,,QBStat,8,2302025-SEA-at-ARL,652,1552,3352,10:52,6,,,0.0,SEA,ARL,0.0,3,3,3.0,3.0,Home,22,1,22.0,0,0,0,,,,StatusOfficial,ResultPassIncomplete,,,,21979,20761,,2.0,2.0,,Visitor,40.0,7.0,38.0,4:42, ,,21379,,,,,,,,,,,,,,,,,0,0.0,0.0,0.0,0.0,0.0
2023,FOOTBALL_XFL_2023_3_31_SEA@ARL,SEA,6,ARL,1,outdoors,20,1680304217.0,69017,2023-03-31 23:10:17.000000,EventFootballSack,3-2-ARL 22 (10:09) 6 B. DiNucci sacked at ARL 26 for -4 yards (72 T. Barnes),,True,1,10,9,Half1,MaSourceTypeOfficialScoring,FOOTBALL_XFL_2023_3_31_SEA@ARL,,QBStat,9,2302025-SEA-at-ARL,609,1509,3309,10:09,6,,,0.0,SEA,ARL,0.0,3,3,3.0,3.0,Home,22,1,22.0,0,0,0,,,,StatusOfficial,,,,,21979,,,3.0,2.0,-4.0,Visitor,40.0,8.0,34.0,4:59, ,,,20089,,,,,,,,,,,,,,,,0,0.0,0.0,0.0,0.0,0.0
2023,FOOTBALL_XFL_2023_3_31_SEA@ARL,SEA,6,ARL,1,outdoors,22,1680304261.0,69061,2023-03-31 23:11:01.000000,EventFootballFg,4-6-ARL 26 (9:27) 11 D. Eberle 44 yard field goal is GOOD,,True,1,9,27,Half1,MaSourceTypeOfficialScoring,FOOTBALL_XFL_2023_3_31_SEA@ARL,,QBStat,10,2302025-SEA-at-ARL,567,1467,3267,9:27,6,,,0.0,SEA,ARL,0.0,3,3,3.0,3.0,Home,26,1,26.0,0,0,0,,21707,,StatusOfficial,ResultKickMade,,,,,,,4.0,6.0,44.0,Visitor,40.0,9.0,34.0,5:33,FG,,,,ScoreTypeFg,,,,,,,,,,,,,,,0,0.0,0.0,1.0,1.0,0.0
2023,FOOTBALL_XFL_2023_3_31_SEA@ARL,SEA,6,ARL,1,outdoors,24,1680304435.0,69235,2023-03-31 23:13:55.000000,EventFootballKickoff,FROM SEA 30 (9:27) 11 D. Eberle kicks from SEA 30. 26 L. Brown to ARL 26 for 25 yards (16 M. Wright),,True,1,9,27,Half1,MaSourceTypeOfficialScoring,FOOTBALL_XFL_2023_3_31_SEA@ARL,,QBStat,11,2302025-SEA-at-ARL,567,1467,3267,9:27,1,,,1.0,ARL,SEA,0.0,3,3,3.0,3.0,Visitor,30,2,30.0,0,3,0,21721,22874,20207,StatusOfficial,ResultKickReturned,25.0,Home,26.0,,,,,,,,,,,,,,,,,,,,,,,,,,,,,,,0,0.0,0.0,0.0,0.0,0.0
2023,FOOTBALL_XFL_2023_3_31_SEA@ARL,SEA,6,ARL,1,outdoors,26,1680304479.0,69279,2023-03-31 23:14:39.000000,EventFootballPass,1-10-ARL 26 (9:16) 9 D. Plitt pass to 19 B. Arconado to ARL 33 for 7 yards (5 C. Payton-Jones),,True,1,9,16,Half1,MaSourceTypeOfficialScoring,FOOTBALL_XFL_2023_3_31_SEA@ARL,,QBStat,12,2302025-SEA-at-ARL,556,1456,3256,9:16,1,,,1.0,ARL,SEA,0.0,3,3,3.0,3.0,Home,26,2,74.0,0,3,0,20836,,,StatusOfficial,ResultPassComplete,,,,21243,20050,,1.0,10.0,7.0,Home,26.0,1.0,7.0,0:34, ,,,,,,,,,,,,,,,,,,,0,0.0,0.0,0.0,0.0,0.0
2023,FOOTBALL_XFL_2023_3_31_SEA@ARL,SEA,6,ARL,1,outdoors,28,1680304513.0,69313,2023-03-31 23:15:13.000000,EventFootballRush,2-3-ARL 33 (8:49) 2 D. Smith rush to ARL 40 for 7 yards (32 Q. Cole),,True,1,8,49,Half1,MaSourceTypeOfficialScoring,FOOTBALL_XFL_2023_3_31_SEA@ARL,,QBStat,13,2302025-SEA-at-ARL,529,1429,3229,8:49,1,,,1.0,ARL,SEA,0.0,3,3,3.0,3.0,Home,33,2,67.0,0,3,0,20311,,,StatusOfficial,,,,,,,,2.0,3.0,7.0,Home,26.0,2.0,14.0,0:55, ,22305,,,,,,,,,,,,,,,,,,0,0.0,0.0,0.0,0.0,0.0
2023,FOOTBALL_XFL_2023_3_31_SEA@ARL,SEA,6,ARL,1,outdoors,30,1680304547.0,69347,2023-03-31 23:15:47.000000,EventFootballRush,1-10-ARL 40 (8:15) 9 D. Plitt rush to ARL 44 for 4 yards (52 A. Jackson),,True,1,8,15,Half1,MaSourceTypeOfficialScoring,FOOTBALL_XFL_2023_3_31_SEA@ARL,,QBStat,14,2302025-SEA-at-ARL,495,1395,3195,8:15,1,,,1.0,ARL,SEA,0.0,3,3,3.0,3.0,Home,40,2,60.0,0,3,0,20760,,,StatusOfficial,,,,,,,,1.0,10.0,4.0,Home,26.0,3.0,18.0,1:25, ,21243,,,,,,,,,,,,,,,,,,0,0.0,0.0,0.0,0.0,0.0
2023,FOOTBALL_XFL_2023_3_31_SEA@ARL,SEA,6,ARL,1,outdoors,32,1680304581.0,69381,2023-03-31 23:16:21.000000,EventFootballRush,"2-6-ARL 44 (7:42) 2 D. Smith rush to ARL 49 for 5 yards (32 Q. Cole, 9 C. Hicks)",,True,1,7,42,Half1,MaSourceTypeOfficialScoring,FOOTBALL_XFL_2023_3_31_SEA@ARL,,QBStat,15,2302025-SEA-at-ARL,462,1362,3162,7:42,1,,,1.0,ARL,SEA,0.0,3,3,3.0,3.0,Home,44,2,56.0,0,3,0,20311,,,StatusOfficial,,,,,,,22344,2.0,6.0,5.0,Home,26.0,4.0,23.0,2:08, ,22305,,,,,,,,,,,,,,,,,,0,0.0,0.0,0.0,0.0,0.0
2023,FOOTBALL_XFL_2023_3_31_SEA@ARL,SEA,6,ARL,1,outdoors,34,1680304614.0,69414,2023-03-31 23:16:54.000000,EventFootballRush,3-1-ARL 49 (7:08) 2 D. Smith rush to SEA 48 for 3 yards (58 A. Faoliu),,True,1,7,8,Half1,MaSourceTypeOfficialScoring,FOOTBALL_XFL_2023_3_31_SEA@ARL,,QBStat,16,2302025-SEA-at-ARL,428,1328,3128,7:08,1,,,1.0,ARL,SEA,0.0,3,3,3.0,3.0,Home,49,2,51.0,0,3,0,20466,,,StatusOfficial,,,,,,,,3.0,1.0,3.0,Home,26.0,5.0,26.0,2:40, ,22305,,,,,,,,,,,,,,,,,,0,0.0,0.0,0.0,0.0,0.0
2023,FOOTBALL_XFL_2023_3_31_SEA@ARL,SEA,6,ARL,1,outdoors,36,1680304662.0,69462,2023-03-31 23:17:42.000000,EventFootballSack,1-10-SEA 48 (6:20) 9 D. Plitt sacked at ARL 49 for -3 yards (9 C. Hicks),,True,1,6,20,Half1,MaSourceTypeOfficialScoring,FOOTBALL_XFL_2023_3_31_SEA@ARL,,QBStat,17,2302025-SEA-at-ARL,380,1280,3080,6:20,1,,,1.0,ARL,SEA,0.0,3,3,3.0,3.0,Visitor,48,2,48.0,0,3,0,,,,StatusOfficial,,,,,21243,,,1.0,10.0,-3.0,Home,26.0,6.0,23.0,3:23, ,,,22344,,,,,,,,,,,,,,,,0,0.0,0.0,0.0,0.0,0.0
2023,FOOTBALL_XFL_2023_3_31_SEA@ARL,SEA,6,ARL,1,outdoors,328,1680304697.0,69497,2023-03-31 23:18:17.000000,EventFootballPass,2-13-ARL 49 (5:46) 9 D. Plitt pass to 8 V. Bolden to SEA 43 for 8 yards (1 B. Thompson),,True,1,5,46,Half1,MaSourceTypeOfficialScoring,FOOTBALL_XFL_2023_3_31_SEA@ARL,,QBStat,18,2302025-SEA-at-ARL,346,1246,3046,5:46,1,,,1.0,ARL,SEA,0.0,3,3,3.0,3.0,Home,49,2,51.0,0,3,0,22377,,,StatusOfficial,ResultPassComplete,,,,21243,22896,,2.0,13.0,8.0,Home,26.0,7.0,31.0,4:10, ,,,,,,,,,,,,,,,,,,,0,0.0,0.0,0.0,0.0,0.0
2023,FOOTBALL_XFL_2023_3_31_SEA@ARL,SEA,6,ARL,1,outdoors,41,1680304735.0,69535,2023-03-31 23:18:55.000000,EventFootballPass,3-5-SEA 43 (5:10) 9 D. Plitt pass dropped by 80 S. Cannella,,True,1,5,10,Half1,MaSourceTypeOfficialScoring,FOOTBALL_XFL_2023_3_31_SEA@ARL,,QBStat,19,2302025-SEA-at-ARL,310,1210,3010,5:10,1,,,1.0,ARL,SEA,0.0,3,3,3.0,3.0,Visitor,43,2,43.0,0,3,0,,,,StatusOfficial,ResultPassDropped,,,,21243,22030,,3.0,5.0,,Home,26.0,8.0,31.0,4:22, ,,,,,,,,,,,,,,,,,,,0,0.0,0.0,0.0,0.0,0.0
2023,FOOTBALL_XFL_2023_3_31_SEA@ARL,SEA,6,ARL,1,outdoors,43,1680304769.0,69569,2023-03-31 23:19:29.000000,EventFootballPass,4-5-SEA 43 (4:42) 9 D. Plitt pass to 80 S. Cannella to SEA 34 for 9 yards (32 Q. Cole),,True,1,4,42,Half1,MaSourceTypeOfficialScoring,FOOTBALL_XFL_2023_3_31_SEA@ARL,,QBStat,20,2302025-SEA-at-ARL,282,1182,2982,4:42,1,,,1.0,ARL,SEA,0.0,3,3,3.0,3.0,Visitor,43,2,43.0,0,3,0,20311,,,StatusOfficial,ResultPassComplete,,,,21243,22030,,4.0,5.0,9.0,Home,26.0,9.0,40.0,4:58, ,,,,,,,,,,,,,,,,,,,0,0.0,0.0,0.0,0.0,0.0
2023,FOOTBALL_XFL_2023_3_31_SEA@ARL,SEA,6,ARL,1,outdoors,45,1680304807.0,69607,2023-03-31 23:20:07.000000,EventFootballRush,1-10-SEA 34 (4:07) 9 D. Plitt rush to SEA 22 for 12 yards (2 A. Brooks),,True,1,4,7,Half1,MaSourceTypeOfficialScoring,FOOTBALL_XFL_2023_3_31_SEA@ARL,,QBStat,21,2302025-SEA-at-ARL,247,1147,2947,4:07,1,,,1.0,ARL,SEA,0.0,3,3,3.0,3.0,Visitor,34,2,34.0,0,3,0,21919,,,StatusOfficial,,,,,,,,1.0,10.0,12.0,Home,26.0,10.0,52.0,5:35, ,21243,,,,,,,,,,,,,,,,,,0,0.0,0.0,0.0,0.0,0.0
2023,FOOTBALL_XFL_2023_3_31_SEA@ARL,SEA,6,ARL,1,outdoors,47,1680304843.0,69643,2023-03-31 23:20:43.000000,EventFootballRush,"1-10-SEA 22 (3:31) 2 D. Smith rush to SEA 18 for 4 yards (42 C. Smith, 2 A. Brooks)",,True,1,3,31,Half1,MaSourceTypeOfficialScoring,FOOTBALL_XFL_2023_3_31_SEA@ARL,,QBStat,22,2302025-SEA-at-ARL,211,1111,2911,3:31,1,,,1.0,ARL,SEA,0.0,3,3,3.0,3.0,Visitor,22,2,22.0,0,3,0,21433,,,StatusOfficial,,,,,,,21919,1.0,10.0,4.0,Home,26.0,11.0,56.0,6:19, ,22305,,,,,,,,,,,,,,,,,,0,0.0,0.0,0.0,0.0,0.0
2023,FOOTBALL_XFL_2023_3_31_SEA@ARL,SEA,6,ARL,1,outdoors,49,1680304885.0,69685,2023-03-31 23:21:25.000000,EventFootballPass,2-6-SEA 18 (2:50) 9 D. Plitt pass incomplete to 11 L. Winningham,,True,1,2,50,Half1,MaSourceTypeOfficialScoring,FOOTBALL_XFL_2023_3_31_SEA@ARL,,QBStat,23,2302025-SEA-at-ARL,170,1070,2870,2:50,1,,,1.0,ARL,SEA,0.0,3,3,3.0,3.0,Visitor,18,2,18.0,0,3,0,,,,StatusOfficial,ResultPassIncomplete,,,,21243,21707,,2.0,6.0,,Home,26.0,12.0,56.0,6:37, ,,,,,,,,,,,,,,,,,,,0,0.0,0.0,0.0,0.0,0.0
2023,FOOTBALL_XFL_2023_3_31_SEA@ARL,SEA,6,ARL,1,outdoors,51,1680304927.0,69727,2023-03-31 23:22:07.000000,EventFootballPass,3-6-SEA 18 (2:16) 9 D. Plitt pass incomplete to 2 D. Smith,,True,1,2,16,Half1,MaSourceTypeOfficialScoring,FOOTBALL_XFL_2023_3_31_SEA@ARL,,QBStat,24,2302025-SEA-at-ARL,136,1036,2836,2:16,1,,,1.0,ARL,SEA,0.0,3,3,3.0,3.0,Visitor,18,2,18.0,0,3,0,,,,StatusOfficial,ResultPassIncomplete,,,,21243,22305,,3.0,6.0,,Home,26.0,13.0,56.0,7:22, ,,,,,,,,,,,,,,,,,,,0,0.0,0.0,0.0,0.0,0.0
2023,FOOTBALL_XFL_2023_3_31_SEA@ARL,SEA,6,ARL,1,outdoors,53,1680304965.0,69765,2023-03-31 23:22:45.000000,EventFootballFg,4-6-SEA 18 (1:43) 1 T. Russolino 36 yard field goal is GOOD,,True,1,1,43,Half1,MaSourceTypeOfficialScoring,FOOTBALL_XFL_2023_3_31_SEA@ARL,,QBStat,25,2302025-SEA-at-ARL,103,1003,2803,1:43,1,,,1.0,ARL,SEA,0.0,3,3,3.0,3.0,Visitor,18,2,18.0,0,3,0,,22377,,StatusOfficial,ResultKickMade,,,,,,,4.0,6.0,36.0,Home,26.0,14.0,56.0,7:44,FG,,,,ScoreTypeFg,,,,,,,,,,,,,,,0,0.0,0.0,1.0,1.0,0.0
2023,FOOTBALL_XFL_2023_3_31_SEA@ARL,SEA,6,ARL,1,outdoors,55,1680305170.0,69970,2023-03-31 23:26:10.000000,EventFootballKickoff,FROM ARL 30 (1:38) 1 T. Russolino kicks from ARL 30. 86 K. McKnight to SEA 25 for 17 yards (20 J. Davis),,True,1,1,38,Half1,MaSourceTypeOfficialScoring,FOOTBALL_XFL_2023_3_31_SEA@ARL,,QBStat,26,2302025-SEA-at-ARL,98,998,2798,1:38,6,,,0.0,SEA,ARL,0.0,3,3,3.0,3.0,Home,30,3,30.0,0,3,3,22005,21359,21875,StatusOfficial,ResultKickReturned,17.0,Visitor,25.0,,,,,,,,,,,,,,,,,,,,,,,,,,,,,,,0,0.0,0.0,0.0,0.0,0.0
2023,FOOTBALL_XFL_2023_3_31_SEA@ARL,SEA,6,ARL,1,outdoors,57,1680305213.0,70013,2023-03-31 23:26:53.000000,EventFootballPass,1-10-SEA 25 (1:30) 6 B. DiNucci pass incomplete to 0 J. Gordon Pass Defended by 41 D. Bausby,,True,1,1,30,Half1,MaSourceTypeOfficialScoring,FOOTBALL_XFL_2023_3_31_SEA@ARL,,QBStat,27,2302025-SEA-at-ARL,90,990,2790,1:30,6,,,0.0,SEA,ARL,0.0,3,3,3.0,3.0,Visitor,25,3,75.0,0,3,3,,,,StatusOfficial,ResultPassIncomplete,,,,21979,22840,,1.0,10.0,,Visitor,25.0,1.0,,0:23, ,,20099,,,,,,,,,,,,,,,,,0,0.0,0.0,0.0,0.0,0.0
2023,FOOTBALL_XFL_2023_3_31_SEA@ARL,SEA,6,ARL,1,outdoors,59,1680305252.0,70052,2023-03-31 23:27:32.000000,EventFootballPass,2-10-SEA 25 (0:54) 6 B. DiNucci pass incomplete to 15 D. Willis,,True,1,0,54,Half1,MaSourceTypeOfficialScoring,FOOTBALL_XFL_2023_3_31_SEA@ARL,,QBStat,28,2302025-SEA-at-ARL,54,954,2754,0:54,6,,,0.0,SEA,ARL,0.0,3,3,3.0,3.0,Visitor,25,3,75.0,0,3,3,,,,StatusOfficial,ResultPassIncomplete,,,,21979,21695,,2.0,10.0,,Visitor,25.0,2.0,,1:03, ,,,,,,,,,,,,,,,,,,,0,0.0,0.0,0.0,0.0,0.0
2023,FOOTBALL_XFL_2023_3_31_SEA@ARL,SEA,6,ARL,1,outdoors,61,1680305291.0,70091,2023-03-31 23:28:11.000000,EventFootballPass,"3-10-SEA 25 (0:21) 6 B. DiNucci pass to 88 J. Veasy to Midfield for 25 yards (21 C. LeBlanc, 5 W. Hill)",,True,1,0,21,Half1,MaSourceTypeOfficialScoring,FOOTBALL_XFL_2023_3_31_SEA@ARL,,QBStat,29,2302025-SEA-at-ARL,21,921,2721,0:21,6,,,0.0,SEA,ARL,0.0,3,3,3.0,3.0,Visitor,25,3,75.0,0,3,3,21798,,,StatusOfficial,ResultPassComplete,,,,21979,22306,20693,3.0,10.0,25.0,Visitor,25.0,3.0,25.0,1:41, ,,,,,,,,,,,,,,,,,,,0,0.0,0.0,0.0,0.0,0.0
2023,FOOTBALL_XFL_2023_3_31_SEA@ARL,SEA,6,ARL,1,outdoors,63,1680305532.0,70332,2023-03-31 23:32:12.000000,EventFootballPass,1-10-Midfield (14:54) 6 B. DiNucci pass to 80 B. Jackson to ARL 13 for 37 yards (29 S. Brown),,True,2,14,54,Half1,MaSourceTypeOfficialScoring,FOOTBALL_XFL_2023_3_31_SEA@ARL,,QBStat,30,2302025-SEA-at-ARL,894,894,2694,14:54,6,,,0.0,SEA,ARL,0.0,3,3,3.0,3.0,Visitor,50,3,50.0,0,3,3,20212,,,StatusOfficial,ResultPassComplete,,,,21979,20761,,1.0,10.0,37.0,Visitor,25.0,4.0,62.0,2:01, ,,,,,,,,,,,,,,,,,,,0,0.0,0.0,0.0,0.0,0.0
2023,FOOTBALL_XFL_2023_3_31_SEA@ARL,SEA,6,ARL,1,outdoors,66,1680305569.0,70369,2023-03-31 23:32:49.000000,EventFootballSack,1-10-ARL 13 (14:25) 6 B. DiNucci sacked at ARL 19 for -6 yards (44 B. Rotimi),,True,2,14,25,Half1,MaSourceTypeOfficialScoring,FOOTBALL_XFL_2023_3_31_SEA@ARL,,QBStat,31,2302025-SEA-at-ARL,865,865,2665,14:25,6,,,0.0,SEA,ARL,0.0,3,3,3.0,3.0,Home,13,3,13.0,0,3,3,,,,StatusOfficial,,,,,21979,,,1.0,10.0,-6.0,Visitor,25.0,5.0,56.0,2:45, ,,,21348,,,,,,,,,,,,,,,,0,0.0,0.0,0.0,0.0,0.0
2023,FOOTBALL_XFL_2023_3_31_SEA@ARL,SEA,6,ARL,1,outdoors,68,1680305607.0,70407,2023-03-31 23:33:27.000000,EventFootballPass,2-16-ARL 19 (13:47) 6 B. DiNucci pass to 4 J. Green to ARL 14 for 5 yards (4 J. Powell),,True,2,13,47,Half1,MaSourceTypeOfficialScoring,FOOTBALL_XFL_2023_3_31_SEA@ARL,,QBStat,32,2302025-SEA-at-ARL,827,827,2627,13:47,6,,,0.0,SEA,ARL,0.0,3,3,3.0,3.0,Home,19,3,19.0,0,3,3,21251,,,StatusOfficial,ResultPassComplete,,,,21979,22035,,2.0,16.0,5.0,Visitor,25.0,6.0,61.0,3:12, ,,,,,,,,,,,,,,,,,,,0,0.0,0.0,0.0,0.0,0.0
2023,FOOTBALL_XFL_2023_3_31_SEA@ARL,SEA,6,ARL,1,outdoors,71,1680305645.0,70445,2023-03-31 23:34:05.000000,EventFootballPass,"3-11-ARL 14 (13:08) 6 B. DiNucci pass to 3 J. Pearson to ARL 15 for -1 yards (29 S. Brown, 50 W. Taylor)",,True,2,13,8,Half1,MaSourceTypeOfficialScoring,FOOTBALL_XFL_2023_3_31_SEA@ARL,,QBStat,33,2302025-SEA-at-ARL,788,788,2588,13:08,6,,,0.0,SEA,ARL,0.0,3,3,3.0,3.0,Home,14,3,14.0,0,3,3,20212,,,StatusOfficial,ResultPassComplete,,,,21979,21203,22375,3.0,11.0,-1.0,Visitor,25.0,7.0,60.0,4:08, ,,,,,,,,,,,,,,,,,,,0,0.0,0.0,0.0,0.0,0.0
2023,FOOTBALL_XFL_2023_3_31_SEA@ARL,SEA,6,ARL,1,outdoors,73,1680305695.0,70495,2023-03-31 23:34:55.000000,EventFootballFg,4-12-ARL 15 (12:18) 11 D. Eberle 33 yard field goal is GOOD,,True,2,12,18,Half1,MaSourceTypeOfficialScoring,FOOTBALL_XFL_2023_3_31_SEA@ARL,,QBStat,34,2302025-SEA-at-ARL,738,738,2538,12:18,6,,,0.0,SEA,ARL,0.0,3,3,3.0,3.0,Home,15,3,15.0,0,3,3,,21707,,StatusOfficial,ResultKickMade,,,,,,,4.0,12.0,33.0,Visitor,25.0,8.0,60.0,4:25,FG,,,,ScoreTypeFg,,,,,,,,,,,,,,,0,0.0,0.0,1.0,1.0,0.0
2023,FOOTBALL_XFL_2023_3_31_SEA@ARL,SEA,6,ARL,1,outdoors,75,1680305755.0,70555,2023-03-31 23:35:55.000000,EventFootballKickoff,FROM SEA 30 (12:18) 11 D. Eberle kicks from SEA 30. 16 R. Hall to ARL 36 for 27 yards (51 T. Skipper),,True,2,12,18,Half1,MaSourceTypeOfficialScoring,FOOTBALL_XFL_2023_3_31_SEA@ARL,,QBStat,35,2302025-SEA-at-ARL,738,738,2538,12:18,1,,,1.0,ARL,SEA,0.0,3,3,3.0,3.0,Visitor,30,4,30.0,0,6,3,21422,22874,22529,StatusOfficial,ResultKickReturned,27.0,Home,36.0,,,,,,,,,,,,,,,,,,,,,,,,,,,,,,,0,0.0,0.0,0.0,0.0,0.0
2023,FOOTBALL_XFL_2023_3_31_SEA@ARL,SEA,6,ARL,1,outdoors,77,1680305808.0,70608,2023-03-31 23:36:48.000000,EventFootballPass,1-10-ARL 36 (12:04) 9 D. Plitt pass incomplete to 13 C. Vander Esch Pass Defended by 1 B. Thompson,,True,2,12,4,Half1,MaSourceTypeOfficialScoring,FOOTBALL_XFL_2023_3_31_SEA@ARL,,QBStat,36,2302025-SEA-at-ARL,724,724,2524,12:04,1,,,1.0,ARL,SEA,0.0,3,3,3.0,3.0,Home,36,4,64.0,0,6,3,,,,StatusOfficial,ResultPassIncomplete,,,,21243,21601,,1.0,10.0,,Home,36.0,1.0,,0:21, ,,22377,,,,,,,,,,,,,,,,,0,0.0,0.0,0.0,0.0,0.0
2023,FOOTBALL_XFL_2023_3_31_SEA@ARL,SEA,6,ARL,1,outdoors,79,1680305834.0,70634,2023-03-31 23:37:14.000000,EventFootballPass,2-10-ARL 36 (11:38) 9 D. Plitt pass to 85 T. Vaughns to ARL 37 for 1 yard (2 A. Brooks),,True,2,11,38,Half1,MaSourceTypeOfficialScoring,FOOTBALL_XFL_2023_3_31_SEA@ARL,,QBStat,37,2302025-SEA-at-ARL,698,698,2498,11:38,1,,,1.0,ARL,SEA,0.0,3,3,3.0,3.0,Home,36,4,64.0,0,6,3,21919,,,StatusOfficial,ResultPassComplete,,,,21243,22363,,2.0,10.0,1.0,Home,36.0,2.0,1.0,0:56, ,,,,,,,,,,,,,,,,,,,0,0.0,0.0,0.0,0.0,0.0
2023,FOOTBALL_XFL_2023_3_31_SEA@ARL,SEA,6,ARL,1,outdoors,81,1680305878.0,70678,2023-03-31 23:37:58.000000,EventFootballPass,"3-9-ARL 37 (10:54) 9 D. Plitt pass to 85 T. Vaughns to SEA 48 for 15 yards (9 C. Hicks, 36 Z. Kelly)",,True,2,10,54,Half1,MaSourceTypeOfficialScoring,FOOTBALL_XFL_2023_3_31_SEA@ARL,,QBStat,38,2302025-SEA-at-ARL,654,654,2454,10:54,1,,,1.0,ARL,SEA,0.0,3,3,3.0,3.0,Home,37,4,63.0,0,6,3,22344,,,StatusOfficial,ResultPassComplete,,,,21243,22363,20878,3.0,9.0,15.0,Home,36.0,3.0,16.0,1:35, ,,,,,,,,,,,,,,,,,,,0,0.0,0.0,0.0,0.0,0.0
2023,FOOTBALL_XFL_2023_3_31_SEA@ARL,SEA,6,ARL,1,outdoors,83,1680305935.0,70735,2023-03-31 23:38:55.000000,EventFootballRush,1-10-SEA 48 (10:27) 3 J. Payton rush to SEA 48 for 0 yards (2 A. Brooks),,True,2,10,27,Half1,MaSourceTypeOfficialScoring,FOOTBALL_XFL_2023_3_31_SEA@ARL,,QBStat,39,2302025-SEA-at-ARL,627,627,2427,10:27,1,,,1.0,ARL,SEA,0.0,3,3,3.0,3.0,Visitor,48,4,48.0,0,6,3,21919,,,StatusOfficial,,,,,,,,1.0,10.0,,Home,36.0,4.0,16.0,2:06, ,22354,,,,,,,,,,,,,,,,,,0,0.0,0.0,0.0,0.0,0.0
2023,FOOTBALL_XFL_2023_3_31_SEA@ARL,SEA,6,ARL,1,outdoors,86,1680305972.0,70772,2023-03-31 23:39:32.000000,EventFootballRush,"2-10-SEA 48 (9:50) 2 D. Smith rush to SEA 44 for 4 yards (32 Q. Cole, 1 B. Thompson)",,True,2,9,50,Half1,MaSourceTypeOfficialScoring,FOOTBALL_XFL_2023_3_31_SEA@ARL,,QBStat,40,2302025-SEA-at-ARL,590,590,2390,9:50,1,,,1.0,ARL,SEA,0.0,3,3,3.0,3.0,Visitor,48,4,48.0,0,6,3,20311,,,StatusOfficial,,,,,,,22377,2.0,10.0,4.0,Home,36.0,5.0,20.0,3:09, ,22305,,,,,,,,,,,,,,,,,,0,0.0,0.0,0.0,0.0,0.0
2023,FOOTBALL_XFL_2023_3_31_SEA@ARL,SEA,6,ARL,1,outdoors,89,1680306018.0,70818,2023-03-31 23:40:18.000000,EventFootballPass,3-6-SEA 44 (9:09) 9 D. Plitt pass incomplete QB Hit by 51 T. Skipper,,True,2,9,9,Half1,MaSourceTypeOfficialScoring,FOOTBALL_XFL_2023_3_31_SEA@ARL,,QBStat,41,2302025-SEA-at-ARL,549,549,2349,9:09,1,,,1.0,ARL,SEA,0.0,3,3,3.0,3.0,Visitor,44,4,44.0,0,6,3,,,,StatusOfficial,ResultPassIncomplete,,,,21243,,,3.0,6.0,,Home,36.0,6.0,20.0,3:40, ,,,,,21422,,,,,,,,,,,,,,0,0.0,0.0,0.0,0.0,0.0
2023,FOOTBALL_XFL_2023_3_31_SEA@ARL,SEA,6,ARL,1,outdoors,91,1680306065.0,70865,2023-03-31 23:41:05.000000,EventFootballPunt,"4-6-SEA 44 (8:28) 0 M. King punts 44 yards from SEA 44 to end zone, Touchback",,True,2,8,28,Half1,MaSourceTypeOfficialScoring,FOOTBALL_XFL_2023_3_31_SEA@ARL,,QBStat,42,2302025-SEA-at-ARL,508,508,2308,8:28,1,,,1.0,ARL,SEA,0.0,3,3,3.0,3.0,Visitor,44,4,44.0,0,6,3,,,,StatusOfficial,ResultKickTouchback,,Visitor,35.0,,,,4.0,6.0,,Home,36.0,6.0,20.0,3:50,PUNT,,,,,,20891,44.0,,,,,,,,,,,,1,0.0,0.0,0.0,0.0,0.0
2023,FOOTBALL_XFL_2023_3_31_SEA@ARL,SEA,6,ARL,1,outdoors,93,1680306236.0,71036,2023-03-31 23:43:56.000000,EventFootballRush,1-10-SEA 35 (8:26) 6 B. DiNucci rush to SEA 38 for 3 yards (29 S. Brown),,True,2,8,26,Half1,MaSourceTypeOfficialScoring,FOOTBALL_XFL_2023_3_31_SEA@ARL,,QBStat,43,2302025-SEA-at-ARL,506,506,2306,8:26,6,,,0.0,SEA,ARL,0.0,3,3,3.0,3.0,Visitor,35,5,65.0,0,6,3,20212,,,StatusOfficial,,,,,,,,1.0,10.0,3.0,Visitor,35.0,1.0,3.0,0:17, ,21979,,,,,,,,,,,,,,,,,,0,0.0,0.0,0.0,0.0,0.0
2023,FOOTBALL_XFL_2023_3_31_SEA@ARL,SEA,6,ARL,1,outdoors,329,1680306277.0,71077,2023-03-31 23:44:37.000000,EventFootballPass,"2-7-SEA 38 (7:50) 6 B. DiNucci pass to 80 B. Jackson to SEA 43 for 5 yards (36 C. Schooler, 5 W. Hill)",,True,2,7,50,Half1,MaSourceTypeOfficialScoring,FOOTBALL_XFL_2023_3_31_SEA@ARL,,QBStat,44,2302025-SEA-at-ARL,470,470,2270,7:50,6,,,0.0,SEA,ARL,0.0,3,3,3.0,3.0,Visitor,38,5,62.0,0,6,3,21379,,,StatusOfficial,ResultPassComplete,,,,21979,20761,20693,2.0,7.0,5.0,Visitor,35.0,2.0,8.0,0:57, ,,,,,,,,,,,,,,,,,,,0,0.0,0.0,0.0,0.0,0.0
2023,FOOTBALL_XFL_2023_3_31_SEA@ARL,SEA,6,ARL,1,outdoors,97,1680306322.0,71122,2023-03-31 23:45:22.000000,EventFootballPass,3-2-SEA 43 (7:05) 6 B. DiNucci pass incomplete to 86 K. McKnight,,True,2,7,5,Half1,MaSourceTypeOfficialScoring,FOOTBALL_XFL_2023_3_31_SEA@ARL,,QBStat,45,2302025-SEA-at-ARL,425,425,2225,7:05,6,,,0.0,SEA,ARL,0.0,3,3,3.0,3.0,Visitor,43,5,57.0,0,6,3,,,,StatusOfficial,ResultPassIncomplete,,,,21979,21875,,3.0,2.0,,Visitor,35.0,3.0,8.0,1:28, ,,,,,,,,,,,,,,,,,,,0,0.0,0.0,0.0,0.0,0.0
2023,FOOTBALL_XFL_2023_3_31_SEA@ARL,SEA,6,ARL,1,outdoors,99,1680306370.0,71170,2023-03-31 23:46:10.000000,EventFootballPunt,4-2-SEA 43 (6:23) 10 C. Nizialek punts 37 yards out of bounds at ARL 35,,True,2,6,23,Half1,MaSourceTypeOfficialScoring,FOOTBALL_XFL_2023_3_31_SEA@ARL,,QBStat,46,2302025-SEA-at-ARL,383,383,2183,6:23,6,,,0.0,SEA,ARL,0.0,3,3,3.0,3.0,Visitor,43,5,57.0,0,6,3,,,,StatusOfficial,ResultKickOutofbounds,,Home,35.0,,,,4.0,2.0,,Visitor,35.0,3.0,8.0,2:05,PUNT,,,,,,21997,37.0,,,,,,,,,,,,1,0.0,0.0,0.0,0.0,0.0
2023,FOOTBALL_XFL_2023_3_31_SEA@ARL,SEA,6,ARL,1,outdoors,101,1680306583.0,71383,2023-03-31 23:49:43.000000,EventFootballPass,1-10-ARL 35 (6:15) 9 D. Plitt pass intended for 8 V. Bolden INTERCEPTED by 32 Q. Cole returned 15 yards to SEA 43,,True,2,6,15,Half1,MaSourceTypeOfficialScoring,FOOTBALL_XFL_2023_3_31_SEA@ARL,,QBStat,47,2302025-SEA-at-ARL,375,375,2175,6:15,1,,,1.0,ARL,SEA,0.0,3,3,3.0,3.0,Home,35,6,65.0,0,6,3,,,,StatusOfficial,ResultPassInterception,,Visitor,43.0,21243,22896,,1.0,10.0,,Home,35.0,1.0,,0:08,INT,,,,,,,,20311,,,,,,,,,,,0,0.0,0.0,0.0,0.0,0.0
2023,FOOTBALL_XFL_2023_3_31_SEA@ARL,SEA,6,ARL,1,outdoors,103,1680306643.0,71443,2023-03-31 23:50:43.000000,EventFootballPass,1-10-SEA 43 (6:05) 6 B. DiNucci pass to 88 J. Veasy to ARL 10 for 47 yards (4 J. Powell),,True,2,6,5,Half1,MaSourceTypeOfficialScoring,FOOTBALL_XFL_2023_3_31_SEA@ARL,,QBStat,48,2302025-SEA-at-ARL,365,365,2165,6:05,6,,,0.0,SEA,ARL,0.0,3,3,3.0,3.0,Visitor,43,7,57.0,0,6,3,21251,,,StatusOfficial,ResultPassComplete,,,,21979,22306,,1.0,10.0,47.0,Visitor,43.0,1.0,47.0,0:27, ,,,,,,,,,,,,,,,,,,,0,0.0,0.0,0.0,0.0,0.0
2023,FOOTBALL_XFL_2023_3_31_SEA@ARL,SEA,6,ARL,1,outdoors,106,1680306687.0,71487,2023-03-31 23:51:27.000000,EventFootballPass,"1-10-ARL 10 (5:28) 6 B. DiNucci pass to 3 J. Pearson to ARL 5 for 5 yards (18 D. Payne) PENALTY on (ARL) 50 W. Taylor, 3 yards",,True,2,5,28,Half1,MaSourceTypeOfficialScoring,FOOTBALL_XFL_2023_3_31_SEA@ARL,,QBStat,49,2302025-SEA-at-ARL,328,328,2128,5:28,6,,,0.0,SEA,ARL,0.0,3,3,3.0,3.0,Home,10,7,10.0,0,6,3,22675,,,StatusOfficial,ResultPassComplete,,,,21979,21203,,1.0,10.0,5.0,Visitor,43.0,2.0,55.0,0:58, ,,,,,,,,,1,22375,3.0,ResultPenaltyAuto1Stdown,NA,,,,,,0,0.0,0.0,0.0,0.0,0.0
2023,FOOTBALL_XFL_2023_3_31_SEA@ARL,SEA,6,ARL,1,outdoors,108,1680306745.0,71545,2023-03-31 23:52:25.000000,EventFootballRush,"1-2-ARL 2 (5:01) 23 D. Bradwell rush for 2 yards, TOUCHDOWN",,True,2,5,1,Half1,MaSourceTypeOfficialScoring,FOOTBALL_XFL_2023_3_31_SEA@ARL,,QBStat,50,2302025-SEA-at-ARL,301,301,2101,5:01,6,,,0.0,SEA,ARL,0.0,3,3,3.0,3.0,Home,2,7,2.0,0,6,3,,,,StatusOfficial,,,,,,,,1.0,2.0,2.0,Visitor,43.0,3.0,57.0,1:08,TD,21917,,,ScoreTypeTd,,,,,,,,,,,,,,,0,0.0,1.0,0.0,0.0,1.0
2023,FOOTBALL_XFL_2023_3_31_SEA@ARL,SEA,6,ARL,1,outdoors,110,1680306761.0,71561,2023-03-31 23:52:41.000000,EventFootballPat1PtRush,FROM ARL 2 (5:00) 23 D. Bradwell 1-pt conversion rush attempt GOOD,,True,2,5,0,Half1,MaSourceTypeOfficialScoring,FOOTBALL_XFL_2023_3_31_SEA@ARL,,QBStat,51,2302025-SEA-at-ARL,300,300,2100,5:00,6,,,0.0,SEA,ARL,0.0,3,3,3.0,3.0,Home,2,7,2.0,0,12,3,,,,StatusOfficial,,,,,,,,,,2.0,,,,,,,21917,,,ScoreTypeConv,,,,,,,,,,1.0,,,,,0,0.0,0.0,0.0,0.0,0.0
2023,FOOTBALL_XFL_2023_3_31_SEA@ARL,SEA,6,ARL,1,outdoors,112,1680306881.0,71681,2023-03-31 23:54:41.000000,EventFootballKickoff,FROM SEA 30 (5:00) 11 D. Eberle kicks from SEA 30. 16 R. Hall to ARL 28 for 8 yards (96 D. Joseph),,True,2,5,0,Half1,MaSourceTypeOfficialScoring,FOOTBALL_XFL_2023_3_31_SEA@ARL,,QBStat,52,2302025-SEA-at-ARL,300,300,2100,5:00,1,,,1.0,ARL,SEA,0.0,3,3,3.0,3.0,Visitor,30,8,30.0,0,13,3,21869,22874,22529,StatusOfficial,ResultKickReturned,8.0,Home,28.0,,,,,,,,,,,,,,,,,,,,,,,,,,,,,,,0,0.0,0.0,0.0,0.0,0.0
2023,FOOTBALL_XFL_2023_3_31_SEA@ARL,SEA,6,ARL,1,outdoors,332,1680306924.0,71724,2023-03-31 23:55:24.000000,EventFootballPass,"1-10-ARL 28 (4:49) 9 D. Plitt pass to 2 D. Smith to ARL 45 for 17 yards (33 A. Holder) PENALTY on (ARL) 73 W. Beavers, 10 yards",,True,2,4,49,Half1,MaSourceTypeOfficialScoring,FOOTBALL_XFL_2023_3_31_SEA@ARL,,QBStat,53,2302025-SEA-at-ARL,289,289,2089,4:49,1,,,1.0,ARL,SEA,0.0,3,3,3.0,3.0,Home,28,8,72.0,0,13,3,22552,,,StatusOfficial,ResultPassComplete,,,,21243,22305,,1.0,10.0,17.0,Home,28.0,1.0,7.0,0:40, ,,,,,,,,,1,21845,10.0,ResultPenaltyRepeatdown,NA,,,,,,0,0.0,0.0,0.0,0.0,0.0
2023,FOOTBALL_XFL_2023_3_31_SEA@ARL,SEA,6,ARL,1,outdoors,333,1680306995.0,71795,2023-03-31 23:56:35.000000,EventFootballPass,"1-3-ARL 35 (4:18) 9 D. Plitt pass to 13 C. Vander Esch to SEA 47 for 18 yards (21 L. Stephens, 40 T. Adams)",,True,2,4,18,Half1,MaSourceTypeOfficialScoring,FOOTBALL_XFL_2023_3_31_SEA@ARL,,QBStat,54,2302025-SEA-at-ARL,258,258,2058,4:18,1,,,1.0,ARL,SEA,0.0,3,3,3.0,3.0,Home,35,8,65.0,0,13,3,21963,,,StatusOfficial,ResultPassComplete,,,,21243,21601,22899,1.0,3.0,18.0,Home,28.0,2.0,25.0,1:05, ,,,,,,,,,,,,,,,,,,,0,0.0,0.0,0.0,0.0,0.0
2023,FOOTBALL_XFL_2023_3_31_SEA@ARL,SEA,6,ARL,1,outdoors,118,1680307023.0,71823,2023-03-31 23:57:03.000000,EventFootballRush,"1-10-SEA 47 (3:49) 26 L. Brown rush to SEA 45 for 2 yards (52 A. Jackson, 51 T. Skipper)",,True,2,3,49,Half1,MaSourceTypeOfficialScoring,FOOTBALL_XFL_2023_3_31_SEA@ARL,,QBStat,55,2302025-SEA-at-ARL,229,229,2029,3:49,1,,,1.0,ARL,SEA,0.0,3,3,3.0,3.0,Visitor,47,8,47.0,0,13,3,20760,,,StatusOfficial,,,,,,,21422,1.0,10.0,2.0,Home,28.0,3.0,27.0,1:29, ,20207,,,,,,,,,,,,,,,,,,0,0.0,0.0,0.0,0.0,0.0
2023,FOOTBALL_XFL_2023_3_31_SEA@ARL,SEA,6,ARL,1,outdoors,120,1680307049.0,71849,2023-03-31 23:57:29.000000,EventFootballRush,"2-8-SEA 45 (3:23) 26 L. Brown rush to SEA 36 for 9 yards (44 E. Ponder, 48 S. Miller)",,True,2,3,23,Half1,MaSourceTypeOfficialScoring,FOOTBALL_XFL_2023_3_31_SEA@ARL,,QBStat,56,2302025-SEA-at-ARL,203,203,2003,3:23,1,,,1.0,ARL,SEA,0.0,3,3,3.0,3.0,Visitor,45,8,45.0,0,13,3,22017,,,StatusOfficial,,,,,,,22630,2.0,8.0,9.0,Home,28.0,4.0,36.0,1:58, ,20207,,,,,,,,,,,,,,,,,,0,0.0,0.0,0.0,0.0,0.0
2023,FOOTBALL_XFL_2023_3_31_SEA@ARL,SEA,6,ARL,1,outdoors,122,1680307086.0,71886,2023-03-31 23:58:06.000000,EventFootballPass,1-10-SEA 36 (2:47) 9 D. Plitt pass to 8 V. Bolden to SEA 22 for 14 yards (33 A. Holder),,True,2,2,47,Half1,MaSourceTypeOfficialScoring,FOOTBALL_XFL_2023_3_31_SEA@ARL,,QBStat,57,2302025-SEA-at-ARL,167,167,1967,2:47,1,,,1.0,ARL,SEA,0.0,3,3,3.0,3.0,Visitor,36,8,36.0,0,13,3,22552,,,StatusOfficial,ResultPassComplete,,,,21243,22896,,1.0,10.0,14.0,Home,28.0,5.0,50.0,2:23, ,,,,,,,,,,,,,,,,,,,0,0.0,0.0,0.0,0.0,0.0
2023,FOOTBALL_XFL_2023_3_31_SEA@ARL,SEA,6,ARL,1,outdoors,124,1680307126.0,71926,2023-03-31 23:58:46.000000,EventFootballRush,1-10-SEA 22 (2:12) 9 D. Plitt rush to SEA 16 for 6 yards (8 T. Walker),,True,2,2,12,Half1,MaSourceTypeOfficialScoring,FOOTBALL_XFL_2023_3_31_SEA@ARL,,QBStat,58,2302025-SEA-at-ARL,132,132,1932,2:12,1,,,1.0,ARL,SEA,0.0,3,3,3.0,3.0,Visitor,22,8,22.0,0,13,3,21620,,,StatusOfficial,,,,,,,,1.0,10.0,6.0,Home,28.0,6.0,56.0,2:51, ,21243,,,,,,,,,,,,,,,,,,0,0.0,0.0,0.0,0.0,0.0
2023,FOOTBALL_XFL_2023_3_31_SEA@ARL,SEA,6,ARL,1,outdoors,126,1680307327.0,72127,2023-04-01 00:02:07.000000,EventFootballPass,2-4-SEA 16 (1:56) 9 D. Plitt pass to 11 L. Winningham to SEA 2 for 14 yards (5 C. Payton-Jones),,True,2,1,56,Half1,MaSourceTypeOfficialScoring,FOOTBALL_XFL_2023_3_31_SEA@ARL,,QBStat,59,2302025-SEA-at-ARL,116,116,1916,1:56,1,,,1.0,ARL,SEA,0.0,3,3,3.0,3.0,Visitor,16,8,16.0,0,13,3,20836,,,StatusOfficial,ResultPassComplete,,,,21243,21707,,2.0,4.0,14.0,Home,28.0,7.0,70.0,3:05, ,,,,,,,,,,,,,,,,,,,0,0.0,0.0,0.0,0.0,0.0
2023,FOOTBALL_XFL_2023_3_31_SEA@ARL,SEA,6,ARL,1,outdoors,128,1680307361.0,72161,2023-04-01 00:02:41.000000,EventFootballTimeout,1-2-SEA 2 (1:55) Timeout by Seattle Sea Dragons at 1:55,,True,2,1,55,Half1,MaSourceTypeOfficialScoring,FOOTBALL_XFL_2023_3_31_SEA@ARL,,QBStat,60,2302025-SEA-at-ARL,115,115,1915,1:55,1,,,1.0,ARL,SEA,0.0,3,3,3.0,3.0,Visitor,2,8,2.0,0,13,3,,,,StatusOfficial,,,,,,,,1.0,2.0,,Home,28.0,7.0,70.0,3:05, ,,,,,,,,,,,,,,,6,,,,0,0.0,0.0,0.0,0.0,0.0
2023,FOOTBALL_XFL_2023_3_31_SEA@ARL,SEA,6,ARL,1,outdoors,130,1680307491.0,72291,2023-04-01 00:04:51.000000,EventFootballRush,"1-2-SEA 2 (1:52) 2 D. Smith rush to SEA 1 for 1 yard (52 A. Jackson, 33 A. Holder)",,True,2,1,52,Half1,MaSourceTypeOfficialScoring,FOOTBALL_XFL_2023_3_31_SEA@ARL,,QBStat,61,2302025-SEA-at-ARL,112,112,1912,1:52,1,,,1.0,ARL,SEA,0.0,2,3,3.0,3.0,Visitor,2,8,2.0,0,13,3,20760,,,StatusOfficial,,,,,,,22552,1.0,2.0,1.0,Home,28.0,8.0,71.0,3:47, ,22305,,,,,,,,,,,,,,,,,,0,0.0,0.0,0.0,0.0,0.0
2023,FOOTBALL_XFL_2023_3_31_SEA@ARL,SEA,6,ARL,1,outdoors,132,1680307542.0,72342,2023-04-01 00:05:42.000000,EventFootballRush,"2-1-SEA 1 (1:01) 2 D. Smith rush for 1 yard, TOUCHDOWN",,True,2,1,1,Half1,MaSourceTypeOfficialScoring,FOOTBALL_XFL_2023_3_31_SEA@ARL,,QBStat,62,2302025-SEA-at-ARL,61,61,1861,1:01,1,,,1.0,ARL,SEA,0.0,2,3,3.0,3.0,Visitor,1,8,1.0,0,13,3,,,,StatusOfficial,,,,,,,,2.0,1.0,1.0,Home,28.0,9.0,72.0,3:59,TD,22305,,,ScoreTypeTd,,,,,,,,,,,,,,,0,0.0,1.0,0.0,0.0,1.0
2023,FOOTBALL_XFL_2023_3_31_SEA@ARL,SEA,6,ARL,1,outdoors,134,1680307561.0,72361,2023-04-01 00:06:01.000000,EventFootballPat1PtPass,FROM SEA 2 (1:01) 9 D. Plitt 1-pt conversion pass to 80 S. Cannella NO GOOD,,True,2,1,1,Half1,MaSourceTypeOfficialScoring,FOOTBALL_XFL_2023_3_31_SEA@ARL,,QBStat,63,2302025-SEA-at-ARL,61,61,1861,1:01,1,,,1.0,ARL,SEA,0.0,2,3,3.0,3.0,Visitor,2,8,2.0,0,13,9,,,,StatusOfficial,ResultPassIncomplete,,,,21243,22030,,,,,,,,,,,,,,,,,,,,,,,,1.0,,,,,0,0.0,0.0,0.0,0.0,0.0
2023,FOOTBALL_XFL_2023_3_31_SEA@ARL,SEA,6,ARL,1,outdoors,168,1680307683.0,72483,2023-04-01 00:08:03.000000,EventFootballKickoff,"FROM ARL 30 (1:01) 1 T. Russolino kicks from ARL 30. 86 K. McKnight to SEA 24 for 16 yards (81 N. Becker, 52 I. Graham-Mobley)",,True,2,1,1,Half1,MaSourceTypeOfficialScoring,FOOTBALL_XFL_2023_3_31_SEA@ARL,,QBStat,64,2302025-SEA-at-ARL,61,61,1861,1:01,6,,,0.0,SEA,ARL,0.0,2,3,2.0,2.0,Home,30,9,30.0,0,13,9,22326,21359,21875,StatusOfficial,ResultKickReturned,16.0,Visitor,24.0,,,22024,,,,,,,,,,,,,,,,,,,,,,,,,,,,0,0.0,0.0,0.0,0.0,0.0
2023,FOOTBALL_XFL_2023_3_31_SEA@ARL,SEA,6,ARL,1,outdoors,138,1680307733.0,72533,2023-04-01 00:08:53.000000,EventFootballRush,1-10-SEA 24 (0:48) 19 T. Hammonds rush to SEA 36 for 12 yards (4 J. Powell),,True,2,0,48,Half1,MaSourceTypeOfficialScoring,FOOTBALL_XFL_2023_3_31_SEA@ARL,,QBStat,65,2302025-SEA-at-ARL,48,48,1848,0:48,6,,,0.0,SEA,ARL,0.0,2,3,2.0,2.0,Visitor,24,9,76.0,0,13,9,21251,,,StatusOfficial,,,,,,,,1.0,10.0,12.0,Visitor,24.0,1.0,12.0,0:13, ,20620,,,,,,,,,,,,,,,,,,0,0.0,0.0,0.0,0.0,0.0
2023,FOOTBALL_XFL_2023_3_31_SEA@ARL,SEA,6,ARL,1,outdoors,140,1680307761.0,72561,2023-04-01 00:09:21.000000,EventFootballTimeout,1-10-SEA 36 (0:48) Timeout by Seattle Sea Dragons at 0:48,,True,2,0,48,Half1,MaSourceTypeOfficialScoring,FOOTBALL_XFL_2023_3_31_SEA@ARL,,QBStat,66,2302025-SEA-at-ARL,48,48,1848,0:48,6,,,0.0,SEA,ARL,0.0,2,3,2.0,2.0,Visitor,36,9,64.0,0,13,9,,,,StatusOfficial,,,,,,,,1.0,10.0,,Visitor,24.0,1.0,12.0,0:13, ,,,,,,,,,,,,,,,6,,,,0,0.0,0.0,0.0,0.0,0.0
2023,FOOTBALL_XFL_2023_3_31_SEA@ARL,SEA,6,ARL,1,outdoors,142,1680307802.0,72602,2023-04-01 00:10:02.000000,EventFootballRush,1-10-SEA 36 (0:41) 6 B. DiNucci rush to SEA 41 for 5 yards (45 W. Clarke),,True,2,0,41,Half1,MaSourceTypeOfficialScoring,FOOTBALL_XFL_2023_3_31_SEA@ARL,,QBStat,67,2302025-SEA-at-ARL,41,41,1841,0:41,6,,,0.0,SEA,ARL,0.0,1,3,1.0,1.0,Visitor,36,9,64.0,0,13,9,20296,,,StatusOfficial,,,,,,,,1.0,10.0,5.0,Visitor,24.0,2.0,17.0,0:21, ,21979,,,,,,,,,,,,,,,,,,0,0.0,0.0,0.0,0.0,0.0
2023,FOOTBALL_XFL_2023_3_31_SEA@ARL,SEA,6,ARL,1,outdoors,144,1680307844.0,72644,2023-04-01 00:10:44.000000,EventFootballRush,2-5-SEA 41 (0:32) 6 B. DiNucci rush to SEA 45 for 4 yards (21 C. LeBlanc),,True,2,0,32,Half1,MaSourceTypeOfficialScoring,FOOTBALL_XFL_2023_3_31_SEA@ARL,,QBStat,68,2302025-SEA-at-ARL,32,32,1832,0:32,6,,,0.0,SEA,ARL,0.0,1,3,1.0,1.0,Visitor,41,9,59.0,0,13,9,21798,,,StatusOfficial,,,,,,,,2.0,5.0,4.0,Visitor,24.0,3.0,21.0,0:29, ,21979,,,,,,,,,,,,,,,,,,0,0.0,0.0,0.0,0.0,0.0
2023,FOOTBALL_XFL_2023_3_31_SEA@ARL,SEA,6,ARL,1,outdoors,146,1680307906.0,72706,2023-04-01 00:11:46.000000,EventFootballPenalty,"3-1-SEA 45 (0:27) PENALTY on (ARL) 72 T. Barnes, 15 yards",,True,2,0,27,Half1,MaSourceTypeOfficialScoring,FOOTBALL_XFL_2023_3_31_SEA@ARL,,QBStat,69,2302025-SEA-at-ARL,27,27,1827,0:27,6,,,0.0,SEA,ARL,0.0,1,3,1.0,1.0,Visitor,45,9,55.0,0,13,9,,,,StatusOfficial,,,,,,,,3.0,1.0,,Visitor,24.0,3.0,36.0,0:34, ,,,,,,,,,1,20089,15.0,ResultPenaltyAuto1Stdown,NA,,,,,,0,0.0,0.0,0.0,0.0,0.0
2023,FOOTBALL_XFL_2023_3_31_SEA@ARL,SEA,6,ARL,1,outdoors,148,1680307948.0,72748,2023-04-01 00:12:28.000000,EventFootballRush,1-10-ARL 40 (0:23) 6 B. DiNucci rush to ARL 29 for 11 yards (4 J. Powell),,True,2,0,23,Half1,MaSourceTypeOfficialScoring,FOOTBALL_XFL_2023_3_31_SEA@ARL,,QBStat,70,2302025-SEA-at-ARL,23,23,1823,0:23,6,,,0.0,SEA,ARL,0.0,1,3,1.0,1.0,Home,40,9,40.0,0,13,9,21251,,,StatusOfficial,,,,,,,,1.0,10.0,11.0,Visitor,24.0,4.0,47.0,0:40, ,21979,,,,,,,,,,,,,,,,,,0,0.0,0.0,0.0,0.0,0.0
2023,FOOTBALL_XFL_2023_3_31_SEA@ARL,SEA,6,ARL,1,outdoors,150,1680307988.0,72788,2023-04-01 00:13:08.000000,EventFootballPass,"1-10-ARL 29 (0:18) 6 B. DiNucci pass to 80 B. Jackson to ARL 24 for 5 yards (36 C. Schooler, 18 D. Payne)",,True,2,0,18,Half1,MaSourceTypeOfficialScoring,FOOTBALL_XFL_2023_3_31_SEA@ARL,,QBStat,71,2302025-SEA-at-ARL,18,18,1818,0:18,6,,,0.0,SEA,ARL,0.0,1,3,1.0,1.0,Home,29,9,29.0,0,13,9,21379,,,StatusOfficial,ResultPassComplete,,,,21979,20761,22675,1.0,10.0,5.0,Visitor,24.0,5.0,52.0,0:47, ,,,,,,,,,,,,,,,,,,,0,0.0,0.0,0.0,0.0,0.0
2023,FOOTBALL_XFL_2023_3_31_SEA@ARL,SEA,6,ARL,1,outdoors,152,1680308029.0,72829,2023-04-01 00:13:49.000000,EventFootballTimeout,2-5-ARL 24 (0:14) Timeout by Seattle Sea Dragons at 0:14,,True,2,0,14,Half1,MaSourceTypeOfficialScoring,FOOTBALL_XFL_2023_3_31_SEA@ARL,,QBStat,72,2302025-SEA-at-ARL,14,14,1814,0:14,6,,,0.0,SEA,ARL,0.0,1,3,1.0,1.0,Home,24,9,24.0,0,13,9,,,,StatusOfficial,,,,,,,,2.0,5.0,,Visitor,24.0,5.0,52.0,0:47, ,,,,,,,,,,,,,,,6,,,,0,0.0,0.0,0.0,0.0,0.0
2023,FOOTBALL_XFL_2023_3_31_SEA@ARL,SEA,6,ARL,1,outdoors,155,1680308060.0,72860,2023-04-01 00:14:20.000000,EventFootballPass,"2-5-ARL 24 (0:08) 6 B. DiNucci pass to 0 J. Gordon for 24 yards, TOUCHDOWN",,True,2,0,8,Half1,MaSourceTypeOfficialScoring,FOOTBALL_XFL_2023_3_31_SEA@ARL,,QBStat,73,2302025-SEA-at-ARL,8,8,1808,0:08,6,,,0.0,SEA,ARL,0.0,0,3,0.0,0.0,Home,24,9,24.0,0,13,9,,,,StatusOfficial,ResultPassComplete,,,,21979,22840,,2.0,5.0,24.0,Visitor,24.0,6.0,76.0,0:53,TD,,,,ScoreTypeTd,,,,,,,,,,,,,,,0,1.0,0.0,0.0,0.0,1.0
2023,FOOTBALL_XFL_2023_3_31_SEA@ARL,SEA,6,ARL,1,outdoors,157,1680308085.0,72885,2023-04-01 00:14:45.000000,EventFootballPat2PtPass,FROM ARL 5 (0:08) 6 B. DiNucci 2-pt conversion pass to 4 J. Green GOOD,,True,2,0,8,Half1,MaSourceTypeOfficialScoring,FOOTBALL_XFL_2023_3_31_SEA@ARL,,QBStat,74,2302025-SEA-at-ARL,8,8,1808,0:08,6,,,0.0,SEA,ARL,0.0,0,3,0.0,0.0,Home,5,9,5.0,0,19,9,,,,StatusOfficial,ResultPassComplete,,,,21979,22035,,,,5.0,,,,,,,,,,ScoreTypeConv,,,,,,,,,,2.0,,,,,0,0.0,0.0,0.0,0.0,0.0
2023,FOOTBALL_XFL_2023_3_31_SEA@ARL,SEA,6,ARL,1,outdoors,159,1680308184.0,72984,2023-04-01 00:16:24.000000,EventFootballKickoff,"FROM SEA 30 (0:08) 11 D. Eberle kicks 65 yards from SEA 30 to end zone, Touchback",,True,2,0,8,Half1,MaSourceTypeOfficialScoring,FOOTBALL_XFL_2023_3_31_SEA@ARL,,QBStat,75,2302025-SEA-at-ARL,8,8,1808,0:08,1,,,1.0,ARL,SEA,0.0,0,3,3.0,3.0,Visitor,30,10,30.0,0,21,9,,22874,,StatusOfficial,ResultKickTouchback,,Home,35.0,,,,,,,,,,,,,,,,,,,,,,,,,,,,65.0,,,0,0.0,0.0,0.0,0.0,0.0
2023,FOOTBALL_XFL_2023_3_31_SEA@ARL,SEA,6,ARL,1,outdoors,161,1680308246.0,73046,2023-04-01 00:17:26.000000,EventFootballTimeout,1-10-ARL 35 (0:08) Timeout by Arlington Renegades at 0:08,,True,2,0,8,Half1,MaSourceTypeOfficialScoring,FOOTBALL_XFL_2023_3_31_SEA@ARL,,QBStat,76,2302025-SEA-at-ARL,8,8,1808,0:08,1,,,1.0,ARL,SEA,0.0,0,3,3.0,3.0,Home,35,10,65.0,0,21,9,,,,StatusOfficial,,,,,,,,1.0,10.0,,Home,28.0,9.0,72.0,3:59,TD,,,,,,,,,,,,,,,1,,,,0,0.0,0.0,0.0,0.0,0.0
2023,FOOTBALL_XFL_2023_3_31_SEA@ARL,SEA,6,ARL,1,outdoors,163,1680308311.0,73111,2023-04-01 00:18:31.000000,EventFootballPass,1-10-ARL 35 (0:03) 9 D. Plitt pass incomplete to 8 V. Bolden,,True,2,0,3,Half1,MaSourceTypeOfficialScoring,FOOTBALL_XFL_2023_3_31_SEA@ARL,,QBStat,77,2302025-SEA-at-ARL,3,3,1803,0:03,1,,,1.0,ARL,SEA,0.0,0,2,2.0,2.0,Home,35,10,65.0,0,21,9,,,,StatusOfficial,ResultPassIncomplete,,,,21243,22896,,1.0,10.0,,Home,35.0,1.0,,0:05, ,,,,,,,,,,,,,,,,,,,0,0.0,0.0,0.0,0.0,0.0
2023,FOOTBALL_XFL_2023_3_31_SEA@ARL,SEA,6,ARL,1,outdoors,166,1680308346.0,73146,2023-04-01 00:19:06.000000,EventFootballPass,2-10-ARL 35 (0:00) 9 D. Plitt pass to 80 S. Cannella to SEA 34 for 31 yards (21 L. Stephens),,True,2,0,0,Half1,MaSourceTypeOfficialScoring,FOOTBALL_XFL_2023_3_31_SEA@ARL,,QBStat,78,2302025-SEA-at-ARL,0,0,1800,0:00,1,,,1.0,ARL,SEA,0.0,0,2,2.0,2.0,Home,35,10,65.0,0,21,9,21963,,,StatusOfficial,ResultPassComplete,,,,21243,22030,,2.0,10.0,31.0,Home,35.0,2.0,31.0,0:08,HALF,,,,,,,,,,,,,,,,,,,0,0.0,0.0,0.0,0.0,0.0
2023,FOOTBALL_XFL_2023_3_31_SEA@ARL,SEA,6,ARL,1,outdoors,167,1680308371.7352445,,2023-04-01 00:19:31.735245,EventPeriodEnd,Halftime Marker,,True,2,0,0,Half1,MaSourceTypeOfficialScoring,FOOTBALL_XFL_2023_3_31_SEA@ARL,,QBStat,10010,2302025-SEA-at-ARL,0,0,1800,0:00,1,,,1.0,ARL,SEA,0.0,3,3,3.0,3.0,Visitor,34,10,34.0,0,21,9,,,,,,,,,,,,1.0,10.0,,,,,,,,,,,,,,,,,,,,,,,,,,0,0.0,0.0,0.0,0.0,0.0
2023,FOOTBALL_XFL_2023_3_31_SEA@ARL,SEA,6,ARL,1,outdoors,170,1680309061.0,73861,2023-04-01 00:31:01.000000,EventFootballKickoff,"FROM SEA 30 (14:59) 11 D. Eberle kicks from SEA 30. 26 L. Brown to ARL 27 for 11 yards (32 Q. Cole, 16 M. Wright)",,True,3,14,59,Half2,MaSourceTypeOfficialScoring,FOOTBALL_XFL_2023_3_31_SEA@ARL,,QBStat,79,2302025-SEA-at-ARL,899,1799,1799,14:59,1,,,1.0,ARL,SEA,0.0,3,3,3.0,3.0,Visitor,30,11,30.0,0,21,9,20311,22874,20207,StatusOfficial,ResultKickReturned,11.0,Home,27.0,,,21721,,,,,,,,,,,,,,,,,,,,,,,,,,,,0,0.0,0.0,0.0,0.0,0.0
2023,FOOTBALL_XFL_2023_3_31_SEA@ARL,SEA,6,ARL,1,outdoors,172,1680309103.0,73903,2023-04-01 00:31:43.000000,EventFootballPass,"1-10-ARL 27 (14:50) 9 D. Plitt pass to 80 S. Cannella to ARL 29 for 2 yards (2 A. Brooks, 9 C. Hicks)",,True,3,14,50,Half2,MaSourceTypeOfficialScoring,FOOTBALL_XFL_2023_3_31_SEA@ARL,,QBStat,80,2302025-SEA-at-ARL,890,1790,1790,14:50,1,,,1.0,ARL,SEA,0.0,3,3,3.0,3.0,Home,27,11,73.0,0,21,9,21919,,,StatusOfficial,ResultPassComplete,,,,21243,22030,22344,1.0,10.0,2.0,Home,27.0,1.0,2.0,0:26, ,,,,,,,,,,,,,,,,,,,0,0.0,0.0,0.0,0.0,0.0
2023,FOOTBALL_XFL_2023_3_31_SEA@ARL,SEA,6,ARL,1,outdoors,262,1680309132.0,73932,2023-04-01 00:32:12.000000,EventFootballRush,"2-8-ARL 29 (14:21) 2 D. Smith rush to ARL 38 for 9 yards (2 A. Brooks, 40 T. Adams)",,True,3,14,21,Half2,MaSourceTypeOfficialScoring,FOOTBALL_XFL_2023_3_31_SEA@ARL,,QBStat,81,2302025-SEA-at-ARL,861,1761,1761,14:21,1,,,1.0,ARL,SEA,0.0,3,3,3.0,3.0,Home,29,11,71.0,0,21,9,21919,,,StatusOfficial,,,,,,,22899,2.0,8.0,9.0,Home,27.0,2.0,11.0,1:04, ,22305,,,,,,,,,,,,,,,,,,0,0.0,0.0,0.0,0.0,0.0
2023,FOOTBALL_XFL_2023_3_31_SEA@ARL,SEA,6,ARL,1,outdoors,176,1680309167.0,73967,2023-04-01 00:32:47.000000,EventFootballRush,1-10-ARL 38 (13:46) 2 D. Smith rush to SEA 44 for 18 yards (33 A. Holder),,True,3,13,46,Half2,MaSourceTypeOfficialScoring,FOOTBALL_XFL_2023_3_31_SEA@ARL,,QBStat,82,2302025-SEA-at-ARL,826,1726,1726,13:46,1,,,1.0,ARL,SEA,0.0,3,3,3.0,3.0,Home,38,11,62.0,0,21,9,22552,,,StatusOfficial,,,,,,,,1.0,10.0,18.0,Home,27.0,3.0,29.0,1:41, ,22305,,,,,,,,,,,,,,,,,,0,0.0,0.0,0.0,0.0,0.0
2023,FOOTBALL_XFL_2023_3_31_SEA@ARL,SEA,6,ARL,1,outdoors,185,1680309204.0,74004,2023-04-01 00:33:24.000000,EventFootballPass,1-10-SEA 44 (13:09) 9 D. Plitt pass to 81 N. Becker to SEA 39 for 5 yards (9 C. Hicks),,True,3,13,9,Half2,MaSourceTypeOfficialScoring,FOOTBALL_XFL_2023_3_31_SEA@ARL,,QBStat,83,2302025-SEA-at-ARL,789,1689,1689,13:09,1,,,1.0,ARL,SEA,0.0,3,3,3.0,3.0,Visitor,44,11,44.0,0,21,9,22344,,,StatusOfficial,ResultPassComplete,,,,21243,22326,,1.0,10.0,5.0,Home,27.0,4.0,34.0,2:27, ,,,,,,,,,,,,,,,,,,,0,0.0,0.0,0.0,0.0,0.0
2023,FOOTBALL_XFL_2023_3_31_SEA@ARL,SEA,6,ARL,1,outdoors,180,1680309245.0,74045,2023-04-01 00:34:05.000000,EventFootballPass,2-5-SEA 39 (12:32) 9 D. Plitt pass incomplete to 80 S. Cannella,,True,3,12,32,Half2,MaSourceTypeOfficialScoring,FOOTBALL_XFL_2023_3_31_SEA@ARL,,QBStat,84,2302025-SEA-at-ARL,752,1652,1652,12:32,1,,,1.0,ARL,SEA,0.0,3,3,3.0,3.0,Visitor,39,11,39.0,0,21,9,,,,StatusOfficial,ResultPassIncomplete,,,,21243,22030,,2.0,5.0,,Home,27.0,5.0,34.0,2:33, ,,,,,,,,,,,,,,,,,,,0,0.0,0.0,0.0,0.0,0.0
2023,FOOTBALL_XFL_2023_3_31_SEA@ARL,SEA,6,ARL,1,outdoors,263,1680309274.0,74074,2023-04-01 00:34:34.000000,EventFootballPass,3-5-SEA 39 (12:02) 9 D. Plitt pass to 26 L. Brown to SEA 39 for 0 yards (40 T. Adams),,True,3,12,2,Half2,MaSourceTypeOfficialScoring,FOOTBALL_XFL_2023_3_31_SEA@ARL,,QBStat,85,2302025-SEA-at-ARL,722,1622,1622,12:02,1,,,1.0,ARL,SEA,0.0,3,3,3.0,3.0,Visitor,39,11,39.0,0,21,9,22899,,,StatusOfficial,ResultPassComplete,,,,21243,20207,,3.0,5.0,0.0,Home,27.0,6.0,34.0,3:12, ,,,,,,,,,,,,,,,,,,,0,0.0,0.0,0.0,0.0,0.0
2023,FOOTBALL_XFL_2023_3_31_SEA@ARL,SEA,6,ARL,1,outdoors,184,1680309317.0,74117,2023-04-01 00:35:17.000000,EventFootballPass,4-5-SEA 39 (11:20) 9 D. Plitt pass to 85 T. Vaughns to SEA 30 for 9 yards (96 D. Joseph),,True,3,11,20,Half2,MaSourceTypeOfficialScoring,FOOTBALL_XFL_2023_3_31_SEA@ARL,,QBStat,86,2302025-SEA-at-ARL,680,1580,1580,11:20,1,,,1.0,ARL,SEA,0.0,3,3,3.0,3.0,Visitor,39,11,39.0,0,21,9,21869,,,StatusOfficial,ResultPassComplete,,,,21243,22363,,4.0,5.0,9.0,Home,27.0,7.0,43.0,4:01, ,,,,,,,,,,,,,,,,,,,0,0.0,0.0,0.0,0.0,0.0
2023,FOOTBALL_XFL_2023_3_31_SEA@ARL,SEA,6,ARL,1,outdoors,264,1680309356.0,74156,2023-04-01 00:35:56.000000,EventFootballRush,"1-10-SEA 30 (10:41) 26 L. Brown rush to SEA 27 for 3 yards (52 A. Jackson, 40 T. Adams)",,True,3,10,41,Half2,MaSourceTypeOfficialScoring,FOOTBALL_XFL_2023_3_31_SEA@ARL,,QBStat,87,2302025-SEA-at-ARL,641,1541,1541,10:41,1,,,1.0,ARL,SEA,0.0,3,3,3.0,3.0,Visitor,30,11,30.0,0,21,9,20760,,,StatusOfficial,,,,,,,22899,1.0,10.0,3.0,Home,27.0,8.0,46.0,4:34, ,20207,,,,,,,,,,,,,,,,,,0,0.0,0.0,0.0,0.0,0.0
2023,FOOTBALL_XFL_2023_3_31_SEA@ARL,SEA,6,ARL,1,outdoors,189,1680309392.0,74192,2023-04-01 00:36:32.000000,EventFootballRush,"2-7-SEA 27 (10:04) 9 D. Plitt rush to SEA 20 for 7 yards (42 C. Smith, 8 T. Walker)",,True,3,10,4,Half2,MaSourceTypeOfficialScoring,FOOTBALL_XFL_2023_3_31_SEA@ARL,,QBStat,88,2302025-SEA-at-ARL,604,1504,1504,10:04,1,,,1.0,ARL,SEA,0.0,3,3,3.0,3.0,Visitor,27,11,27.0,0,21,9,21433,,,StatusOfficial,,,,,,,21620,2.0,7.0,7.0,Home,27.0,9.0,53.0,5:21, ,21243,,,,,,,,,,,,,,,,,,0,0.0,0.0,0.0,0.0,0.0
2023,FOOTBALL_XFL_2023_3_31_SEA@ARL,SEA,6,ARL,1,outdoors,265,1680309428.0,74228,2023-04-01 00:37:08.000000,EventFootballRush,1-10-SEA 20 (9:29) 26 L. Brown rush to SEA 11 for 9 yards (40 T. Adams),,True,3,9,29,Half2,MaSourceTypeOfficialScoring,FOOTBALL_XFL_2023_3_31_SEA@ARL,,QBStat,89,2302025-SEA-at-ARL,569,1469,1469,9:29,1,,,1.0,ARL,SEA,0.0,3,3,3.0,3.0,Visitor,20,11,20.0,0,21,9,22899,,,StatusOfficial,,,,,,,,1.0,10.0,9.0,Home,27.0,10.0,62.0,5:51, ,20207,,,,,,,,,,,,,,,,,,0,0.0,0.0,0.0,0.0,0.0
2023,FOOTBALL_XFL_2023_3_31_SEA@ARL,SEA,6,ARL,1,outdoors,194,1680309468.0,74268,2023-04-01 00:37:48.000000,EventFootballPass,"2-1-SEA 11 (8:48) 9 D. Plitt pass to 3 J. Payton to SEA 11 for 0 yards (1 B. Thompson, 8 T. Walker)",,True,3,8,48,Half2,MaSourceTypeOfficialScoring,FOOTBALL_XFL_2023_3_31_SEA@ARL,,QBStat,90,2302025-SEA-at-ARL,528,1428,1428,8:48,1,,,1.0,ARL,SEA,0.0,3,3,3.0,3.0,Visitor,11,11,11.0,0,21,9,22377,,,StatusOfficial,ResultPassComplete,,,,21243,22354,21620,2.0,1.0,0.0,Home,27.0,11.0,62.0,6:53, ,,,,,,,,,,,,,,,,,,,0,0.0,0.0,0.0,0.0,0.0
2023,FOOTBALL_XFL_2023_3_31_SEA@ARL,SEA,6,ARL,1,outdoors,196,1680309512.0,74312,2023-04-01 00:38:32.000000,EventFootballRush,3-1-SEA 11 (8:04) 26 L. Brown rush to SEA 11 for 0 yards (97 N. Lalos),,True,3,8,4,Half2,MaSourceTypeOfficialScoring,FOOTBALL_XFL_2023_3_31_SEA@ARL,,QBStat,91,2302025-SEA-at-ARL,484,1384,1384,8:04,1,,,1.0,ARL,SEA,0.0,3,3,3.0,3.0,Visitor,11,11,11.0,0,21,9,20918,,,StatusOfficial,,,,,,,,3.0,1.0,0.0,Home,27.0,12.0,62.0,7:26, ,20207,,,,,,,,,,,,,,,,,,0,0.0,0.0,0.0,0.0,0.0
2023,FOOTBALL_XFL_2023_3_31_SEA@ARL,SEA,6,ARL,1,outdoors,198,1680309556.0,74356,2023-04-01 00:39:16.000000,EventFootballPass,4-1-SEA 11 (7:20) 9 D. Plitt pass incomplete to 80 S. Cannella,,True,3,7,20,Half2,MaSourceTypeOfficialScoring,FOOTBALL_XFL_2023_3_31_SEA@ARL,,QBStat,92,2302025-SEA-at-ARL,440,1340,1340,7:20,1,,,1.0,ARL,SEA,0.0,3,3,3.0,3.0,Visitor,11,11,11.0,0,21,9,,,,StatusOfficial,ResultPassIncomplete,,,,21243,22030,,4.0,1.0,,Home,27.0,13.0,62.0,7:40,DOWNS,,,,,,,,,,,,,,,,,,,0,0.0,0.0,0.0,0.0,0.0
2023,FOOTBALL_XFL_2023_3_31_SEA@ARL,SEA,6,ARL,1,outdoors,201,1680309760.0,74560,2023-04-01 00:42:40.000000,EventFootballPass,"1-10-SEA 12 (7:16) 6 B. DiNucci pass to 0 J. Gordon to SEA 19 for 7 yards (36 C. Schooler, 18 D. Payne)",,True,3,7,16,Half2,MaSourceTypeOfficialScoring,FOOTBALL_XFL_2023_3_31_SEA@ARL,,QBStat,93,2302025-SEA-at-ARL,436,1336,1336,7:16,6,,,0.0,SEA,ARL,0.0,3,3,3.0,3.0,Visitor,12,12,88.0,0,21,9,21379,,,StatusOfficial,ResultPassComplete,,,,21979,22840,22675,1.0,10.0,7.0,Visitor,12.0,1.0,7.0,0:31, ,,,,,,,,,,,,,,,,,,,0,0.0,0.0,0.0,0.0,0.0
2023,FOOTBALL_XFL_2023_3_31_SEA@ARL,SEA,6,ARL,1,outdoors,203,1680309792.0,74592,2023-04-01 00:43:12.000000,EventFootballRush,"2-3-SEA 19 (6:44) 23 D. Bradwell rush to SEA 20 for 1 yard (18 D. Payne, 48 T. Laulile)",,True,3,6,44,Half2,MaSourceTypeOfficialScoring,FOOTBALL_XFL_2023_3_31_SEA@ARL,,QBStat,94,2302025-SEA-at-ARL,404,1304,1304,6:44,6,,,0.0,SEA,ARL,0.0,3,3,3.0,3.0,Visitor,19,12,81.0,0,21,9,22675,,,StatusOfficial,,,,,,,20931,2.0,3.0,1.0,Visitor,12.0,2.0,8.0,1:04, ,21917,,,,,,,,,,,,,,,,,,0,0.0,0.0,0.0,0.0,0.0
2023,FOOTBALL_XFL_2023_3_31_SEA@ARL,SEA,6,ARL,1,outdoors,205,1680309831.0,74631,2023-04-01 00:43:51.000000,EventFootballPass,3-2-SEA 20 (6:05) 6 B. DiNucci pass to 3 J. Pearson to SEA 33 for 13 yards (4 J. Powell),,True,3,6,5,Half2,MaSourceTypeOfficialScoring,FOOTBALL_XFL_2023_3_31_SEA@ARL,,QBStat,95,2302025-SEA-at-ARL,365,1265,1265,6:05,6,,,0.0,SEA,ARL,0.0,3,3,3.0,3.0,Visitor,20,12,80.0,0,21,9,21251,,,StatusOfficial,ResultPassComplete,,,,21979,21203,,3.0,2.0,13.0,Visitor,12.0,3.0,21.0,1:33, ,,,,,,,,,,,,,,,,,,,0,0.0,0.0,0.0,0.0,0.0
2023,FOOTBALL_XFL_2023_3_31_SEA@ARL,SEA,6,ARL,1,outdoors,331,1680309877.0,74677,2023-04-01 00:44:37.000000,EventFootballPass,1-10-SEA 33 (5:20) 6 B. DiNucci pass incomplete to 86 K. McKnight QB Hit by 50 W. Taylor,,True,3,5,20,Half2,MaSourceTypeOfficialScoring,FOOTBALL_XFL_2023_3_31_SEA@ARL,,QBStat,96,2302025-SEA-at-ARL,320,1220,1220,5:20,6,,,0.0,SEA,ARL,0.0,3,3,3.0,3.0,Visitor,33,12,67.0,0,21,9,,,,StatusOfficial,ResultPassIncomplete,,,,21979,21875,,1.0,10.0,,Visitor,12.0,4.0,21.0,2:06, ,,,,,22375,,,,,,,,,,,,,,0,0.0,0.0,0.0,0.0,0.0
2023,FOOTBALL_XFL_2023_3_31_SEA@ARL,SEA,6,ARL,1,outdoors,212,1680309912.0,74712,2023-04-01 00:45:12.000000,EventFootballRush,"2-10-SEA 33 (4:49) 19 T. Hammonds rush to Midfield for 17 yards (4 J. Powell, 5 W. Hill)",,True,3,4,49,Half2,MaSourceTypeOfficialScoring,FOOTBALL_XFL_2023_3_31_SEA@ARL,,QBStat,97,2302025-SEA-at-ARL,289,1189,1189,4:49,6,,,0.0,SEA,ARL,0.0,3,3,3.0,3.0,Visitor,33,12,67.0,0,21,9,21251,,,StatusOfficial,,,,,,,20693,2.0,10.0,17.0,Visitor,12.0,5.0,38.0,2:50, ,20620,,,,,,,,,,,,,,,,,,0,0.0,0.0,0.0,0.0,0.0
2023,FOOTBALL_XFL_2023_3_31_SEA@ARL,SEA,6,ARL,1,outdoors,211,1680309952.0,74752,2023-04-01 00:45:52.000000,EventFootballRush,"1-10-Midfield (4:09) 23 D. Bradwell rush to ARL 49 for 1 yard (18 D. Payne, 90 B. Hector)",,True,3,4,9,Half2,MaSourceTypeOfficialScoring,FOOTBALL_XFL_2023_3_31_SEA@ARL,,QBStat,98,2302025-SEA-at-ARL,249,1149,1149,4:09,6,,,0.0,SEA,ARL,0.0,3,3,3.0,3.0,Visitor,50,12,50.0,0,21,9,22675,,,StatusOfficial,,,,,,,22010,1.0,10.0,1.0,Visitor,12.0,6.0,39.0,3:28, ,21917,,,,,,,,,,,,,,,,,,0,0.0,0.0,0.0,0.0,0.0
2023,FOOTBALL_XFL_2023_3_31_SEA@ARL,SEA,6,ARL,1,outdoors,214,1680309993.0,74793,2023-04-01 00:46:33.000000,EventFootballPass,2-9-ARL 49 (3:29) 6 B. DiNucci pass incomplete,,True,3,3,29,Half2,MaSourceTypeOfficialScoring,FOOTBALL_XFL_2023_3_31_SEA@ARL,,QBStat,99,2302025-SEA-at-ARL,209,1109,1109,3:29,6,,,0.0,SEA,ARL,0.0,3,3,3.0,3.0,Home,49,12,49.0,0,21,9,,,,StatusOfficial,ResultPassIncomplete,,,,21979,,,2.0,9.0,,Visitor,12.0,7.0,39.0,3:56, ,,,,,,,,,,,,,,,,,,,0,0.0,0.0,0.0,0.0,0.0
2023,FOOTBALL_XFL_2023_3_31_SEA@ARL,SEA,6,ARL,1,outdoors,216,1680310027.0,74827,2023-04-01 00:47:07.000000,EventFootballPass,"3-9-ARL 49 (2:59) 6 B. DiNucci pass to 15 D. Willis to ARL 39 for 10 yards (18 D. Payne, 36 C. Schooler)",,True,3,2,59,Half2,MaSourceTypeOfficialScoring,FOOTBALL_XFL_2023_3_31_SEA@ARL,,QBStat,100,2302025-SEA-at-ARL,179,1079,1079,2:59,6,,,0.0,SEA,ARL,0.0,3,3,3.0,3.0,Home,49,12,49.0,0,21,9,22675,,,StatusOfficial,ResultPassComplete,,,,21979,21695,21379,3.0,9.0,10.0,Visitor,12.0,8.0,49.0,4:43, ,,,,,,,,,,,,,,,,,,,0,0.0,0.0,0.0,0.0,0.0
2023,FOOTBALL_XFL_2023_3_31_SEA@ARL,SEA,6,ARL,1,outdoors,219,1680310067.0,74867,2023-04-01 00:47:47.000000,EventFootballPass,1-10-ARL 39 (2:20) 6 B. DiNucci pass to 80 B. Jackson to ARL 18 for 21 yards (5 W. Hill),,True,3,2,20,Half2,MaSourceTypeOfficialScoring,FOOTBALL_XFL_2023_3_31_SEA@ARL,,QBStat,101,2302025-SEA-at-ARL,140,1040,1040,2:20,6,,,0.0,SEA,ARL,0.0,3,3,3.0,3.0,Home,39,12,39.0,0,21,9,20693,,,StatusOfficial,ResultPassComplete,,,,21979,20761,,1.0,10.0,21.0,Visitor,12.0,9.0,70.0,5:34, ,,,,,,,,,,,,,,,,,,,0,0.0,0.0,0.0,0.0,0.0
2023,FOOTBALL_XFL_2023_3_31_SEA@ARL,SEA,6,ARL,1,outdoors,221,1680310115.0,74915,2023-04-01 00:48:35.000000,EventFootballPass,1-10-ARL 18 (1:42) 6 B. DiNucci pass incomplete to 3 J. Pearson Pass Defended by 50 W. Taylor,,True,3,1,42,Half2,MaSourceTypeOfficialScoring,FOOTBALL_XFL_2023_3_31_SEA@ARL,,QBStat,102,2302025-SEA-at-ARL,102,1002,1002,1:42,6,,,0.0,SEA,ARL,0.0,3,3,3.0,3.0,Home,18,12,18.0,0,21,9,,,,StatusOfficial,ResultPassIncomplete,,,,21979,21203,,1.0,10.0,,Visitor,12.0,10.0,70.0,6:01, ,,22375,,,,,,,,,,,,,,,,,0,0.0,0.0,0.0,0.0,0.0
2023,FOOTBALL_XFL_2023_3_31_SEA@ARL,SEA,6,ARL,1,outdoors,223,1680310145.0,74945,2023-04-01 00:49:05.000000,EventFootballPass,2-10-ARL 18 (1:12) 6 B. DiNucci pass intended for 3 J. Pearson INTERCEPTED by 5 W. Hill returned 31 yards to ARL 30,,True,3,1,12,Half2,MaSourceTypeOfficialScoring,FOOTBALL_XFL_2023_3_31_SEA@ARL,,QBStat,103,2302025-SEA-at-ARL,72,972,972,1:12,6,,,0.0,SEA,ARL,0.0,3,3,3.0,3.0,Home,18,12,18.0,0,21,9,,,,StatusOfficial,ResultPassInterception,,Home,30.0,21979,21203,,2.0,10.0,,Visitor,12.0,11.0,70.0,6:08,INT,,,,,,,,20693,,,,,,,,,,,0,0.0,0.0,0.0,0.0,0.0
2023,FOOTBALL_XFL_2023_3_31_SEA@ARL,SEA,6,ARL,1,outdoors,228,1680310371.0,75171,2023-04-01 00:52:51.000000,EventFootballPass,1-10-ARL 30 (1:00) 9 D. Plitt pass to 16 R. Hall to ARL 42 for 12 yards (5 C. Payton-Jones),,True,3,1,0,Half2,MaSourceTypeOfficialScoring,FOOTBALL_XFL_2023_3_31_SEA@ARL,,QBStat,104,2302025-SEA-at-ARL,60,960,960,1:00,1,,,1.0,ARL,SEA,0.0,3,3,3.0,3.0,Home,30,13,70.0,0,21,9,20836,,,StatusOfficial,ResultPassComplete,,,,21243,22529,,1.0,10.0,12.0,Home,30.0,1.0,12.0,0:22, ,,,,,,,,,,,,,,,,,,,0,0.0,0.0,0.0,0.0,0.0
2023,FOOTBALL_XFL_2023_3_31_SEA@ARL,SEA,6,ARL,1,outdoors,230,1680310402.0,75202,2023-04-01 00:53:22.000000,EventFootballRush,"1-10-ARL 42 (0:29) 26 L. Brown rush to ARL 43 for 1 yard (58 A. Faoliu, 8 T. Walker)",,True,3,0,29,Half2,MaSourceTypeOfficialScoring,FOOTBALL_XFL_2023_3_31_SEA@ARL,,QBStat,105,2302025-SEA-at-ARL,29,929,929,0:29,1,,,1.0,ARL,SEA,0.0,3,3,3.0,3.0,Home,42,13,58.0,0,21,9,20466,,,StatusOfficial,,,,,,,21620,1.0,10.0,1.0,Home,30.0,2.0,13.0,1:05, ,20207,,,,,,,,,,,,,,,,,,0,0.0,0.0,0.0,0.0,0.0
2023,FOOTBALL_XFL_2023_3_31_SEA@ARL,SEA,6,ARL,1,outdoors,232,1680310637.0,75437,2023-04-01 00:57:17.000000,EventFootballRush,2-9-ARL 43 (14:55) 26 L. Brown rush to ARL 48 for 5 yards (51 T. Skipper),,True,4,14,55,Half2,MaSourceTypeOfficialScoring,FOOTBALL_XFL_2023_3_31_SEA@ARL,,QBStat,106,2302025-SEA-at-ARL,895,895,895,14:55,1,,,1.0,ARL,SEA,0.0,3,3,3.0,3.0,Home,43,13,57.0,0,21,9,21422,,,StatusOfficial,,,,,,,,2.0,9.0,5.0,Home,30.0,3.0,18.0,1:22, ,20207,,,,,,,,,,,,,,,,,,0,0.0,0.0,0.0,0.0,0.0
2023,FOOTBALL_XFL_2023_3_31_SEA@ARL,SEA,6,ARL,1,outdoors,234,1680310670.0,75470,2023-04-01 00:57:50.000000,EventFootballPass,3-4-ARL 48 (14:22) 9 D. Plitt pass incomplete to 13 C. Vander Esch Pass Defended by 36 Z. Kelly,,True,4,14,22,Half2,MaSourceTypeOfficialScoring,FOOTBALL_XFL_2023_3_31_SEA@ARL,,QBStat,107,2302025-SEA-at-ARL,862,862,862,14:22,1,,,1.0,ARL,SEA,0.0,3,3,3.0,3.0,Home,48,13,52.0,0,21,9,,,,StatusOfficial,ResultPassIncomplete,,,,21243,21601,,3.0,4.0,,Home,30.0,4.0,18.0,1:51, ,,20878,,,,,,,,,,,,,,,,,0,0.0,0.0,0.0,0.0,0.0
2023,FOOTBALL_XFL_2023_3_31_SEA@ARL,SEA,6,ARL,1,outdoors,236,1680310711.0,75511,2023-04-01 00:58:31.000000,EventFootballPunt,"4-4-ARL 48 (13:45) 0 M. King punts 43 yards from ARL 48 to SEA 9. 86 K. McKnight to SEA 21 for 12 yards (88 S. Beyer, 20 J. Davis)",,True,4,13,45,Half2,MaSourceTypeOfficialScoring,FOOTBALL_XFL_2023_3_31_SEA@ARL,,QBStat,108,2302025-SEA-at-ARL,825,825,825,13:45,1,,,1.0,ARL,SEA,0.0,3,3,3.0,3.0,Home,48,13,52.0,0,21,9,20123,,,StatusOfficial,ResultKickReturned,,Visitor,21.0,,,22005,4.0,4.0,,Home,30.0,4.0,18.0,2:27,PUNT,,,,,,20891,43.0,,,,,,,,,,21875,12.0,1,0.0,0.0,0.0,0.0,0.0
2023,FOOTBALL_XFL_2023_3_31_SEA@ARL,SEA,6,ARL,1,outdoors,238,1680310791.0,75591,2023-04-01 00:59:51.000000,EventFootballPass,"1-10-SEA 21 (13:37) 6 B. DiNucci pass to 19 T. Hammonds to SEA 21 for 0 yards (48 T. Laulile, 18 D. Payne)",,True,4,13,37,Half2,MaSourceTypeOfficialScoring,FOOTBALL_XFL_2023_3_31_SEA@ARL,,QBStat,109,2302025-SEA-at-ARL,817,817,817,13:37,6,,,0.0,SEA,ARL,0.0,3,3,3.0,3.0,Visitor,21,14,79.0,0,21,9,20931,,,StatusOfficial,ResultPassComplete,,,,21979,20620,22675,1.0,10.0,0.0,Visitor,21.0,1.0,,0:24, ,,,,,,,,,,,,,,,,,,,0,0.0,0.0,0.0,0.0,0.0
2023,FOOTBALL_XFL_2023_3_31_SEA@ARL,SEA,6,ARL,1,outdoors,240,1680310831.0,75631,2023-04-01 01:00:31.000000,EventFootballRush,2-10-SEA 21 (12:57) 6 B. DiNucci rush to SEA 23 for 2 yards (4 J. Powell),,True,4,12,57,Half2,MaSourceTypeOfficialScoring,FOOTBALL_XFL_2023_3_31_SEA@ARL,,QBStat,110,2302025-SEA-at-ARL,777,777,777,12:57,6,,,0.0,SEA,ARL,0.0,3,3,3.0,3.0,Visitor,21,14,79.0,0,21,9,21251,,,StatusOfficial,,,,,,,,2.0,10.0,2.0,Visitor,21.0,2.0,2.0,0:54, ,21979,,,,,,,,,,,,,,,,,,0,0.0,0.0,0.0,0.0,0.0
2023,FOOTBALL_XFL_2023_3_31_SEA@ARL,SEA,6,ARL,1,outdoors,242,1680310873.0,75673,2023-04-01 01:01:13.000000,EventFootballPass,3-8-SEA 23 (12:21) 6 B. DiNucci pass to 4 J. Green to SEA 49 for 26 yards (29 S. Brown),,True,4,12,21,Half2,MaSourceTypeOfficialScoring,FOOTBALL_XFL_2023_3_31_SEA@ARL,,QBStat,111,2302025-SEA-at-ARL,741,741,741,12:21,6,,,0.0,SEA,ARL,0.0,3,3,3.0,3.0,Visitor,23,14,77.0,0,21,9,20212,,,StatusOfficial,ResultPassComplete,,,,21979,22035,,3.0,8.0,26.0,Visitor,21.0,3.0,28.0,1:30, ,,,,,,,,,,,,,,,,,,,0,0.0,0.0,0.0,0.0,0.0
2023,FOOTBALL_XFL_2023_3_31_SEA@ARL,SEA,6,ARL,1,outdoors,244,1680310910.0,75710,2023-04-01 01:01:50.000000,EventFootballRush,1-10-SEA 49 (11:52) 23 D. Bradwell rush to ARL 46 for 5 yards (90 B. Hector),,True,4,11,52,Half2,MaSourceTypeOfficialScoring,FOOTBALL_XFL_2023_3_31_SEA@ARL,,QBStat,112,2302025-SEA-at-ARL,712,712,712,11:52,6,,,0.0,SEA,ARL,0.0,3,3,3.0,3.0,Visitor,49,14,51.0,0,21,9,22010,,,StatusOfficial,,,,,,,,1.0,10.0,5.0,Visitor,21.0,4.0,33.0,2:13, ,21917,,,,,,,,,,,,,,,,,,0,0.0,0.0,0.0,0.0,0.0
2023,FOOTBALL_XFL_2023_3_31_SEA@ARL,SEA,6,ARL,1,outdoors,246,1680310950.0,75750,2023-04-01 01:02:30.000000,EventFootballRush,2-5-ARL 46 (11:13) 23 D. Bradwell rush to ARL 39 for 7 yards (21 C. LeBlanc),,True,4,11,13,Half2,MaSourceTypeOfficialScoring,FOOTBALL_XFL_2023_3_31_SEA@ARL,,QBStat,113,2302025-SEA-at-ARL,673,673,673,11:13,6,,,0.0,SEA,ARL,0.0,3,3,3.0,3.0,Home,46,14,46.0,0,21,9,21798,,,StatusOfficial,,,,,,,,2.0,5.0,7.0,Visitor,21.0,5.0,40.0,2:44, ,21917,,,,,,,,,,,,,,,,,,0,0.0,0.0,0.0,0.0,0.0
2023,FOOTBALL_XFL_2023_3_31_SEA@ARL,SEA,6,ARL,1,outdoors,248,1680310993.0,75793,2023-04-01 01:03:13.000000,EventFootballPass,1-10-ARL 39 (10:31) 6 B. DiNucci pass incomplete to 4 J. Green,,True,4,10,31,Half2,MaSourceTypeOfficialScoring,FOOTBALL_XFL_2023_3_31_SEA@ARL,,QBStat,114,2302025-SEA-at-ARL,631,631,631,10:31,6,,,0.0,SEA,ARL,0.0,3,3,3.0,3.0,Home,39,14,39.0,0,21,9,,,,StatusOfficial,ResultPassIncomplete,,,,21979,22035,,1.0,10.0,,Visitor,21.0,6.0,40.0,3:24, ,,,,,,,,,,,,,,,,,,,0,0.0,0.0,0.0,0.0,0.0
2023,FOOTBALL_XFL_2023_3_31_SEA@ARL,SEA,6,ARL,1,outdoors,250,1680311028.0,75828,2023-04-01 01:03:48.000000,EventFootballPass,2-10-ARL 39 (9:59) 6 B. DiNucci pass to 3 J. Pearson to ARL 31 for 8 yards (45 W. Clarke),,True,4,9,59,Half2,MaSourceTypeOfficialScoring,FOOTBALL_XFL_2023_3_31_SEA@ARL,,QBStat,115,2302025-SEA-at-ARL,599,599,599,9:59,6,,,0.0,SEA,ARL,0.0,3,3,3.0,3.0,Home,39,14,39.0,0,21,9,20296,,,StatusOfficial,ResultPassComplete,,,,21979,21203,,2.0,10.0,8.0,Visitor,21.0,7.0,48.0,4:04, ,,,,,,,,,,,,,,,,,,,0,0.0,0.0,0.0,0.0,0.0
2023,FOOTBALL_XFL_2023_3_31_SEA@ARL,SEA,6,ARL,1,outdoors,253,1680311072.0,75872,2023-04-01 01:04:32.000000,EventFootballRush,"3-2-ARL 31 (9:15) 6 B. DiNucci rush to ARL 27 for 4 yards (18 D. Payne, 36 C. Schooler)",,True,4,9,15,Half2,MaSourceTypeOfficialScoring,FOOTBALL_XFL_2023_3_31_SEA@ARL,,QBStat,116,2302025-SEA-at-ARL,555,555,555,9:15,6,,,0.0,SEA,ARL,0.0,3,3,3.0,3.0,Home,31,14,31.0,0,21,9,22675,,,StatusOfficial,,,,,,,21379,3.0,2.0,4.0,Visitor,21.0,8.0,52.0,5:04, ,21979,,,,,,,,,,,,,,,,,,0,0.0,0.0,0.0,0.0,0.0
2023,FOOTBALL_XFL_2023_3_31_SEA@ARL,SEA,6,ARL,1,outdoors,255,1680311117.0,75917,2023-04-01 01:05:17.000000,EventFootballPass,1-10-ARL 27 (8:30) 6 B. DiNucci pass incomplete,,True,4,8,30,Half2,MaSourceTypeOfficialScoring,FOOTBALL_XFL_2023_3_31_SEA@ARL,,QBStat,117,2302025-SEA-at-ARL,510,510,510,8:30,6,,,0.0,SEA,ARL,0.0,3,3,3.0,3.0,Home,27,14,27.0,0,21,9,,,,StatusOfficial,ResultPassIncomplete,,,,21979,,,1.0,10.0,,Visitor,21.0,9.0,52.0,5:10, ,,,,,,,,,,,,,,,,,,,0,0.0,0.0,0.0,0.0,0.0
2023,FOOTBALL_XFL_2023_3_31_SEA@ARL,SEA,6,ARL,1,outdoors,257,1680311157.0,75957,2023-04-01 01:05:57.000000,EventFootballPass,2-10-ARL 27 (7:55) 6 B. DiNucci pass incomplete to 15 D. Willis,,True,4,7,55,Half2,MaSourceTypeOfficialScoring,FOOTBALL_XFL_2023_3_31_SEA@ARL,,QBStat,118,2302025-SEA-at-ARL,475,475,475,7:55,6,,,0.0,SEA,ARL,0.0,3,3,3.0,3.0,Home,27,14,27.0,0,21,9,,,,StatusOfficial,ResultPassIncomplete,,,,21979,21695,,2.0,10.0,,Visitor,21.0,10.0,52.0,5:46, ,,,,,,,,,,,,,,,,,,,0,0.0,0.0,0.0,0.0,0.0
2023,FOOTBALL_XFL_2023_3_31_SEA@ARL,SEA,6,ARL,1,outdoors,259,1680311224.0,76024,2023-04-01 01:07:04.000000,EventFootballRush,3-10-ARL 27 (7:27) 6 B. DiNucci rush to ARL 25 for 2 yards (21 C. LeBlanc),,True,4,7,27,Half2,MaSourceTypeOfficialScoring,FOOTBALL_XFL_2023_3_31_SEA@ARL,,QBStat,119,2302025-SEA-at-ARL,447,447,447,7:27,6,,,0.0,SEA,ARL,0.0,3,3,3.0,3.0,Home,27,14,27.0,0,21,9,21798,,,StatusOfficial,,,,,,,,3.0,10.0,2.0,Visitor,21.0,11.0,54.0,6:23, ,21979,,,,,,,,,,,,,,,,,,0,0.0,0.0,0.0,0.0,0.0
2023,FOOTBALL_XFL_2023_3_31_SEA@ARL,SEA,6,ARL,1,outdoors,269,1680311435.0,76235,2023-04-01 01:10:35.000000,EventFootballPenalty,"4-8-ARL 25 (6:45) PENALTY on (SEA) 96 D. Joseph, 5 yards",,True,4,6,45,Half2,MaSourceTypeOfficialScoring,FOOTBALL_XFL_2023_3_31_SEA@ARL,,QBStat,120,2302025-SEA-at-ARL,405,405,405,6:45,6,,,0.0,SEA,ARL,0.0,3,3,3.0,3.0,Home,25,14,25.0,0,21,9,,,,StatusOfficial,,,,,,,,4.0,8.0,,Visitor,21.0,11.0,49.0,6:55, ,,,,,,,,,6,21869,5.0,ResultPenaltyRepeatdown,NA,,,,,,0,0.0,0.0,0.0,0.0,0.0
2023,FOOTBALL_XFL_2023_3_31_SEA@ARL,SEA,6,ARL,1,outdoors,271,1680311488.0,76288,2023-04-01 01:11:28.000000,EventFootballFg,4-13-ARL 30 (6:45) 11 D. Eberle 48 yard field goal is GOOD,,True,4,6,45,Half2,MaSourceTypeOfficialScoring,FOOTBALL_XFL_2023_3_31_SEA@ARL,,QBStat,121,2302025-SEA-at-ARL,405,405,405,6:45,6,,,0.0,SEA,ARL,0.0,3,3,3.0,3.0,Home,30,14,30.0,0,21,9,,21707,,StatusOfficial,ResultKickMade,,,,,,,4.0,13.0,48.0,Visitor,21.0,12.0,49.0,7:00,FG,,,,ScoreTypeFg,,,,,,,,,,,,,,,0,0.0,0.0,1.0,1.0,0.0
2023,FOOTBALL_XFL_2023_3_31_SEA@ARL,SEA,6,ARL,1,outdoors,273,1680311559.0,76359,2023-04-01 01:12:39.000000,EventFootballKickoff,FROM SEA 30 (6:40) 11 D. Eberle kicks from SEA 30. 8 V. Bolden to ARL 26 for 26 yards (51 T. Skipper),,True,4,6,40,Half2,MaSourceTypeOfficialScoring,FOOTBALL_XFL_2023_3_31_SEA@ARL,,QBStat,122,2302025-SEA-at-ARL,400,400,400,6:40,1,,,1.0,ARL,SEA,0.0,3,3,3.0,3.0,Visitor,30,15,30.0,0,24,9,21422,22874,22896,StatusOfficial,ResultKickReturned,26.0,Home,26.0,,,,,,,,,,,,,,,,,,,,,,,,,,,,,,,0,0.0,0.0,0.0,0.0,0.0
2023,FOOTBALL_XFL_2023_3_31_SEA@ARL,SEA,6,ARL,1,outdoors,275,1680311604.0,76404,2023-04-01 01:13:24.000000,EventFootballPass,1-10-ARL 26 (6:31) 9 D. Plitt pass to 80 S. Cannella to ARL 48 for 22 yards (21 L. Stephens),,True,4,6,31,Half2,MaSourceTypeOfficialScoring,FOOTBALL_XFL_2023_3_31_SEA@ARL,,QBStat,123,2302025-SEA-at-ARL,391,391,391,6:31,1,,,1.0,ARL,SEA,0.0,3,3,3.0,3.0,Home,26,15,74.0,0,24,9,21963,,,StatusOfficial,ResultPassComplete,,,,21243,22030,,1.0,10.0,22.0,Home,26.0,1.0,22.0,0:30, ,,,,,,,,,,,,,,,,,,,0,0.0,0.0,0.0,0.0,0.0
2023,FOOTBALL_XFL_2023_3_31_SEA@ARL,SEA,6,ARL,1,outdoors,277,1680311632.0,76432,2023-04-01 01:13:52.000000,EventFootballPass,1-10-ARL 48 (6:03) 9 D. Plitt pass to 2 D. Smith to SEA 41 for 11 yards (8 T. Walker),,True,4,6,3,Half2,MaSourceTypeOfficialScoring,FOOTBALL_XFL_2023_3_31_SEA@ARL,,QBStat,124,2302025-SEA-at-ARL,363,363,363,6:03,1,,,1.0,ARL,SEA,0.0,3,3,3.0,3.0,Home,48,15,52.0,0,24,9,21620,,,StatusOfficial,ResultPassComplete,,,,21243,22305,,1.0,10.0,11.0,Home,26.0,2.0,33.0,1:01, ,,,,,,,,,,,,,,,,,,,0,0.0,0.0,0.0,0.0,0.0
2023,FOOTBALL_XFL_2023_3_31_SEA@ARL,SEA,6,ARL,1,outdoors,279,1680311689.0,76489,2023-04-01 01:14:49.000000,EventFootballPenalty,"1-10-SEA 41 (5:29) PENALTY on (ARL) 55 G. McGhin, 10 yards",,True,4,5,29,Half2,MaSourceTypeOfficialScoring,FOOTBALL_XFL_2023_3_31_SEA@ARL,,QBStat,125,2302025-SEA-at-ARL,329,329,329,5:29,1,,,1.0,ARL,SEA,0.0,3,3,3.0,3.0,Visitor,41,15,41.0,0,24,9,,,,StatusOfficial,,,,,,,,1.0,10.0,,Home,26.0,2.0,23.0,1:16, ,,,,,,,,,1,21040,10.0,ResultPenaltyRepeatdown,NA,,,,,,0,0.0,0.0,0.0,0.0,0.0
2023,FOOTBALL_XFL_2023_3_31_SEA@ARL,SEA,6,ARL,1,outdoors,281,1680311713.0,76513,2023-04-01 01:15:13.000000,EventFootballRush,1-20-ARL 49 (5:22) 26 L. Brown rush to SEA 46 for 5 yards (8 T. Walker),,True,4,5,22,Half2,MaSourceTypeOfficialScoring,FOOTBALL_XFL_2023_3_31_SEA@ARL,,QBStat,126,2302025-SEA-at-ARL,322,322,322,5:22,1,,,1.0,ARL,SEA,0.0,3,3,3.0,3.0,Home,49,15,51.0,0,24,9,21620,,,StatusOfficial,,,,,,,,1.0,20.0,5.0,Home,26.0,3.0,28.0,1:42, ,20207,,,,,,,,,,,,,,,,,,0,0.0,0.0,0.0,0.0,0.0
2023,FOOTBALL_XFL_2023_3_31_SEA@ARL,SEA,6,ARL,1,outdoors,283,1680311737.0,76537,2023-04-01 01:15:37.000000,EventFootballPass,2-15-SEA 46 (4:58) 9 D. Plitt pass to 8 V. Bolden to SEA 28 for 18 yards (33 A. Holder),,True,4,4,58,Half2,MaSourceTypeOfficialScoring,FOOTBALL_XFL_2023_3_31_SEA@ARL,,QBStat,127,2302025-SEA-at-ARL,298,298,298,4:58,1,,,1.0,ARL,SEA,0.0,3,3,3.0,3.0,Visitor,46,15,46.0,0,24,9,22552,,,StatusOfficial,ResultPassComplete,,,,21243,22896,,2.0,15.0,18.0,Home,26.0,4.0,46.0,2:01, ,,,,,,,,,,,,,,,,,,,0,0.0,0.0,0.0,0.0,0.0
2023,FOOTBALL_XFL_2023_3_31_SEA@ARL,SEA,6,ARL,1,outdoors,288,1680311797.0,76597,2023-04-01 01:16:37.000000,EventFootballPenalty,"1-10-SEA 28 (4:25) PENALTY on (SEA) 22 S. Finch, 14 yards",,True,4,4,25,Half2,MaSourceTypeOfficialScoring,FOOTBALL_XFL_2023_3_31_SEA@ARL,,QBStat,128,2302025-SEA-at-ARL,265,265,265,4:25,1,,,1.0,ARL,SEA,0.0,3,3,3.0,3.0,Visitor,28,15,28.0,0,24,9,,,,StatusOfficial,,,,,,,,1.0,10.0,,Home,26.0,4.0,60.0,2:20, ,,,,,,,,,6,20478,14.0,ResultPenaltyAuto1Stdown,NA,,,,,,0,0.0,0.0,0.0,0.0,0.0
2023,FOOTBALL_XFL_2023_3_31_SEA@ARL,SEA,6,ARL,1,outdoors,290,1680311857.0,76657,2023-04-01 01:17:37.000000,EventFootballPass,1-10-SEA 14 (4:21) 14 K. Anderson pass to 2 D. Smith to SEA 9 for 5 yards QB Hit by 1 B. Thompson (8 T. Walker),,True,4,4,21,Half2,MaSourceTypeOfficialScoring,FOOTBALL_XFL_2023_3_31_SEA@ARL,,QBStat,129,2302025-SEA-at-ARL,261,261,261,4:21,1,,,1.0,ARL,SEA,0.0,3,3,3.0,3.0,Visitor,14,15,14.0,0,24,9,21620,,,StatusOfficial,ResultPassComplete,,,,20041,22305,,1.0,10.0,5.0,Home,26.0,5.0,65.0,2:57, ,,,,,22377,,,,,,,,,,,,,,0,0.0,0.0,0.0,0.0,0.0
2023,FOOTBALL_XFL_2023_3_31_SEA@ARL,SEA,6,ARL,1,outdoors,292,1680311899.0,76699,2023-04-01 01:18:19.000000,EventFootballRush,"2-5-SEA 9 (3:39) 2 D. Smith rush to SEA 5 for 4 yards (2 A. Brooks, 21 L. Stephens)",,True,4,3,39,Half2,MaSourceTypeOfficialScoring,FOOTBALL_XFL_2023_3_31_SEA@ARL,,QBStat,130,2302025-SEA-at-ARL,219,219,219,3:39,1,,,1.0,ARL,SEA,0.0,3,3,3.0,3.0,Visitor,9,15,9.0,0,24,9,21919,,,StatusOfficial,,,,,,,21963,2.0,5.0,4.0,Home,26.0,6.0,69.0,3:28, ,22305,,,,,,,,,,,,,,,,,,0,0.0,0.0,0.0,0.0,0.0
2023,FOOTBALL_XFL_2023_3_31_SEA@ARL,SEA,6,ARL,1,outdoors,294,1680311941.0,76741,2023-04-01 01:19:01.000000,EventFootballRush,3-1-SEA 5 (2:57) 2 D. Smith rush to SEA 2 for 3 yards (52 A. Jackson),,True,4,2,57,Half2,MaSourceTypeOfficialScoring,FOOTBALL_XFL_2023_3_31_SEA@ARL,,QBStat,131,2302025-SEA-at-ARL,177,177,177,2:57,1,,,1.0,ARL,SEA,0.0,3,3,3.0,3.0,Visitor,5,15,5.0,0,24,9,20760,,,StatusOfficial,,,,,,,,3.0,1.0,3.0,Home,26.0,7.0,72.0,4:13, ,22305,,,,,,,,,,,,,,,,,,0,0.0,0.0,0.0,0.0,0.0
2023,FOOTBALL_XFL_2023_3_31_SEA@ARL,SEA,6,ARL,1,outdoors,296,1680311980.0,76780,2023-04-01 01:19:40.000000,EventFootballRush,"1-2-SEA 2 (2:18) 2 D. Smith rush for 2 yards, TOUCHDOWN",,True,4,2,18,Half2,MaSourceTypeOfficialScoring,FOOTBALL_XFL_2023_3_31_SEA@ARL,,QBStat,132,2302025-SEA-at-ARL,138,138,138,2:18,1,,,1.0,ARL,SEA,0.0,3,3,3.0,3.0,Visitor,2,15,2.0,0,24,9,,,,StatusOfficial,,,,,,,,1.0,2.0,2.0,Home,26.0,8.0,74.0,4:28,TD,22305,,,ScoreTypeTd,,,,,,,,,,,,,,,0,0.0,1.0,0.0,0.0,1.0
2023,FOOTBALL_XFL_2023_3_31_SEA@ARL,SEA,6,ARL,1,outdoors,298,1680312085.0,76885,2023-04-01 01:21:25.000000,EventFootballPenalty,"FROM SEA 5 (2:17) PENALTY on (SEA) 1 B. Thompson, 3 yards",,True,4,2,17,Half2,MaSourceTypeOfficialScoring,FOOTBALL_XFL_2023_3_31_SEA@ARL,,QBStat,133,2302025-SEA-at-ARL,137,137,137,2:17,1,,,1.0,ARL,SEA,0.0,3,3,3.0,3.0,Visitor,5,15,5.0,0,24,15,,,,StatusOfficial,,,,,,,,,,,Home,26.0,8.0,72.0,4:28,TD,,,,,,,,,6,22377,3.0,ResultPenaltyOnkickoffpat,NA,,,,,,0,0.0,0.0,0.0,0.0,0.0
2023,FOOTBALL_XFL_2023_3_31_SEA@ARL,SEA,6,ARL,1,outdoors,300,1680312122.0,76922,2023-04-01 01:22:02.000000,EventFootballPat2PtPass,1-2-SEA 2 (2:17) 9 D. Plitt 2-pt conversion pass to 80 S. Cannella NO GOOD,,True,4,2,17,Half2,MaSourceTypeOfficialScoring,FOOTBALL_XFL_2023_3_31_SEA@ARL,,QBStat,134,2302025-SEA-at-ARL,137,137,137,2:17,1,,,1.0,ARL,SEA,0.0,3,3,3.0,3.0,Visitor,2,15,2.0,0,24,15,,,,StatusOfficial,ResultPassIncomplete,,,,21243,22030,,1.0,2.0,,,,,,,,,,,,,,,,,,,,,2.0,,,,,0,0.0,0.0,0.0,0.0,0.0
2023,FOOTBALL_XFL_2023_3_31_SEA@ARL,SEA,6,ARL,1,outdoors,302,1680312202.0,77002,2023-04-01 01:23:22.000000,EventFootballKickoff,FROM ARL 30 (2:16) 1 T. Russolino kicks from ARL 30. 86 K. McKnight to SEA 40 for 30 yards (19 B. Arconado),,True,4,2,16,Half2,MaSourceTypeOfficialScoring,FOOTBALL_XFL_2023_3_31_SEA@ARL,,QBStat,135,2302025-SEA-at-ARL,136,136,136,2:16,6,,,0.0,SEA,ARL,0.0,3,3,3.0,3.0,Home,30,16,30.0,0,24,15,20050,21359,21875,StatusOfficial,ResultKickReturned,30.0,Visitor,40.0,,,,,,,,,,,,,,,,,,,,,,,,,,,,,,,0,0.0,0.0,0.0,0.0,0.0
2023,FOOTBALL_XFL_2023_3_31_SEA@ARL,SEA,6,ARL,1,outdoors,304,1680312249.0,77049,2023-04-01 01:24:09.000000,EventFootballPass,"1-10-SEA 40 (2:06) 6 B. DiNucci pass to 0 J. Gordon to ARL 48 for 12 yards (5 W. Hill, 41 D. Bausby)",,True,4,2,6,Half2,MaSourceTypeOfficialScoring,FOOTBALL_XFL_2023_3_31_SEA@ARL,,QBStat,136,2302025-SEA-at-ARL,126,126,126,2:06,6,,,0.0,SEA,ARL,0.0,3,3,3.0,3.0,Visitor,40,16,60.0,0,24,15,20693,,,StatusOfficial,ResultPassComplete,,,,21979,22840,20099,1.0,10.0,12.0,Visitor,40.0,1.0,12.0,0:15, ,,,,,,,,,,,,,,,,,,,0,0.0,0.0,0.0,0.0,0.0
2023,FOOTBALL_XFL_2023_3_31_SEA@ARL,SEA,6,ARL,1,outdoors,306,1680312283.0,77083,2023-04-01 01:24:43.000000,EventFootballTimeout,1-10-ARL 48 (2:02) Timeout by Arlington Renegades at 2:02,,True,4,2,2,Half2,MaSourceTypeOfficialScoring,FOOTBALL_XFL_2023_3_31_SEA@ARL,,QBStat,137,2302025-SEA-at-ARL,122,122,122,2:02,6,,,0.0,SEA,ARL,0.0,3,3,3.0,3.0,Home,48,16,48.0,0,24,15,,,,StatusOfficial,,,,,,,,1.0,10.0,,Visitor,40.0,1.0,12.0,0:15, ,,,,,,,,,,,,,,,1,,,,0,0.0,0.0,0.0,0.0,0.0
2023,FOOTBALL_XFL_2023_3_31_SEA@ARL,SEA,6,ARL,1,outdoors,308,1680312329.0,77129,2023-04-01 01:25:29.000000,EventFootballPass,1-10-ARL 48 (2:01) 6 B. DiNucci pass to 3 J. Pearson to ARL 42 for 6 yards (36 C. Schooler),,True,4,2,1,Half2,MaSourceTypeOfficialScoring,FOOTBALL_XFL_2023_3_31_SEA@ARL,,QBStat,138,2302025-SEA-at-ARL,121,121,121,2:01,6,,,0.0,SEA,ARL,0.0,3,2,3.0,3.0,Home,48,16,48.0,0,24,15,21379,,,StatusOfficial,ResultPassComplete,,,,21979,21203,,1.0,10.0,6.0,Visitor,40.0,2.0,18.0,0:21, ,,,,,,,,,,,,,,,,,,,0,0.0,0.0,0.0,0.0,0.0
2023,FOOTBALL_XFL_2023_3_31_SEA@ARL,SEA,6,ARL,1,outdoors,310,1680312553.0,77353,2023-04-01 01:29:13.000000,EventFootballRush,2-4-ARL 42 (1:53) 23 D. Bradwell rush to ARL 40 for 2 yards (36 C. Schooler),,True,4,1,53,Half2,MaSourceTypeOfficialScoring,FOOTBALL_XFL_2023_3_31_SEA@ARL,,QBStat,139,2302025-SEA-at-ARL,113,113,113,1:53,6,,,0.0,SEA,ARL,0.0,3,2,3.0,3.0,Home,42,16,42.0,0,24,15,21379,,,StatusOfficial,,,,,,,,2.0,4.0,2.0,Visitor,40.0,3.0,20.0,0:26, ,21917,,,,,,,,,,,,,,,,,,0,0.0,0.0,0.0,0.0,0.0
2023,FOOTBALL_XFL_2023_3_31_SEA@ARL,SEA,6,ARL,1,outdoors,318,1680312626.0,77426,2023-04-01 01:30:26.000000,EventFootballTimeout,3-2-ARL 40 (1:51) Timeout by Arlington Renegades at 1:51,,True,4,1,51,Half2,MaSourceTypeOfficialScoring,FOOTBALL_XFL_2023_3_31_SEA@ARL,,QBStat,140,2302025-SEA-at-ARL,111,111,111,1:51,6,,,0.0,SEA,ARL,0.0,3,2,3.0,3.0,Home,40,16,40.0,0,24,15,,,,StatusOfficial,,,,,,,,3.0,2.0,,Visitor,40.0,3.0,20.0,0:31, ,,,,,,,,,,,,,,,1,,,,0,0.0,0.0,0.0,0.0,0.0
2023,FOOTBALL_XFL_2023_3_31_SEA@ARL,SEA,6,ARL,1,outdoors,319,1680312632.0,77432,2023-04-01 01:30:32.000000,EventFootballRush,"3-2-ARL 40 (1:51) 19 T. Hammonds rush to ARL 37 for 3 yards (45 W. Clarke, 36 C. Schooler)",,True,4,1,51,Half2,MaSourceTypeOfficialScoring,FOOTBALL_XFL_2023_3_31_SEA@ARL,,QBStat,141,2302025-SEA-at-ARL,111,111,111,1:51,6,,,0.0,SEA,ARL,0.0,3,1,3.0,3.0,Home,40,16,40.0,0,24,15,20296,,,StatusOfficial,,,,,,,21379,3.0,2.0,3.0,Visitor,40.0,4.0,23.0,0:31, ,20620,,,,,,,,,,,,,,,,,,0,0.0,0.0,0.0,0.0,0.0
2023,FOOTBALL_XFL_2023_3_31_SEA@ARL,SEA,6,ARL,1,outdoors,316,1680312653.0,77453,2023-04-01 01:30:53.000000,EventFootballTimeout,1-10-ARL 37 (1:46) Timeout by Arlington Renegades at 1:46,,True,4,1,46,Half2,MaSourceTypeOfficialScoring,FOOTBALL_XFL_2023_3_31_SEA@ARL,,QBStat,142,2302025-SEA-at-ARL,106,106,106,1:46,6,,,0.0,SEA,ARL,0.0,3,1,3.0,3.0,Home,37,16,37.0,0,24,15,,,,StatusOfficial,,,,,,,,1.0,10.0,,Visitor,40.0,4.0,23.0,0:31, ,,,,,,,,,,,,,,,1,,,,0,0.0,0.0,0.0,0.0,0.0
2023,FOOTBALL_XFL_2023_3_31_SEA@ARL,SEA,6,ARL,1,outdoors,321,1680312858.0,77658,2023-04-01 01:34:18.000000,EventFootballRush,"1-10-ARL 37 (1:45) 19 T. Hammonds rush to ARL 32 for 5 yards (71 J. Coatney, 52 I. Graham-Mobley)",,True,4,1,45,Half2,MaSourceTypeOfficialScoring,FOOTBALL_XFL_2023_3_31_SEA@ARL,,QBStat,143,2302025-SEA-at-ARL,105,105,105,1:45,6,,,0.0,SEA,ARL,0.0,3,0,3.0,3.0,Home,37,16,37.0,0,24,15,21922,,,StatusOfficial,,,,,,,22024,1.0,10.0,5.0,Visitor,40.0,5.0,28.0,1:18, ,20620,,,,,,,,,,,,,,,,,,0,0.0,0.0,0.0,0.0,0.0
2023,FOOTBALL_XFL_2023_3_31_SEA@ARL,SEA,6,ARL,1,outdoors,323,1680312908.0,77708,2023-04-01 01:35:08.000000,EventFootballRush,2-5-ARL 32 (0:55) 19 T. Hammonds rush to ARL 29 for 3 yards (50 W. Taylor),,True,4,0,55,Half2,MaSourceTypeOfficialScoring,FOOTBALL_XFL_2023_3_31_SEA@ARL,,QBStat,144,2302025-SEA-at-ARL,55,55,55,0:55,6,,,0.0,SEA,ARL,0.0,3,0,3.0,3.0,Home,32,16,32.0,0,24,15,22375,,,StatusOfficial,,,,,,,,2.0,5.0,3.0,Visitor,40.0,6.0,31.0,1:37, ,20620,,,,,,,,,,,,,,,,,,0,0.0,0.0,0.0,0.0,0.0
2023,FOOTBALL_XFL_2023_3_31_SEA@ARL,SEA,6,ARL,1,outdoors,353,1680312944.0,77744,2023-04-01 01:35:44.000000,EventFootballRush,3-2-ARL 29 (0:19) 19 T. Hammonds rush to ARL 30 for -1 yards (72 T. Barnes),,True,4,0,19,Half2,MaSourceTypeOfficialScoring,FOOTBALL_XFL_2023_3_31_SEA@ARL,,QBStat,145,2302025-SEA-at-ARL,19,19,19,0:19,6,,,0.0,SEA,ARL,0.0,3,0,3.0,3.0,Home,29,16,29.0,0,24,15,20089,,,StatusOfficial,,,,,,,,3.0,2.0,-1.0,Visitor,40.0,7.0,30.0,2:17,HALF,20620,,,,,,,,,,,,,,,,,,0,0.0,0.0,0.0,0.0,0.0
2023,FOOTBALL_XFL_2023_3_31_SEA@ARL,SEA,6,ARL,1,outdoors,327,1680312970.6737792,,2023-04-01 01:36:10.673779,EventEnd,Game End Marker,,True,4,0,0,Half2,MaSourceTypeOfficialScoring,FOOTBALL_XFL_2023_3_31_SEA@ARL,,QBStat,10020,2302025-SEA-at-ARL,0,0,0,0:00,6,,,0.0,SEA,ARL,0.0,3,0,3.0,3.0,Home,30,16,30.0,0,24,15,,,,,,,,,,,,4.0,3.0,,,,,,,,,,,,,,,,,,,,,,,,,,0,0.0,0.0,0.0,0.0,0.0
2023,FOOTBALL_XFL_2023_3_31_SEA@ARL,SEA,6,ARL,1,outdoors,355,1680526417.661329,,2023-04-03 12:53:37.661329,EventOfficial,Game Official Marker,,True,4,0,0,Half2,MaSourceTypeOfficialScoring,FOOTBALL_XFL_2023_3_31_SEA@ARL,,QBStat,10025,2302025-SEA-at-ARL,0,0,0,0:00,6,,,0.0,SEA,ARL,0.0,3,0,3.0,3.0,Home,30,16,30.0,0,24,15,,,,,,,,,,,,4.0,3.0,,,,,,,,,,,,,,,,,,,,,,,,,,0,0.0,0.0,0.0,0.0,0.0
