season,game_id,away_team_abv,away_team_id,home_team_abv,home_team_id,MarkerId,MarkerUTC,MarkerLTC,play_date_time,play_type,desc,comments,IsOfficial,qtr,ClockMinutes,ClockSeconds,game_half,SourceType,EventId,SituationCode,SourceId,SourceNativeMarkerId,OfficialCode,quarter_seconds_remaining,half_seconds_remaining,game_seconds_remaining,time,VisTimeouts,HomeTimeouts,BallOn_Side,BallOn_YardNum,DriveNum,pos_team_ID,PossTeamAbv,LastPlaySummary,LastPlayStatus,home_team_has_pos,yardline_100,VisScore,HomeScore,MapRolePasser,MapRoleReceiver,MapRoleTackler1,Down,Distance,FootballStatus,FootballPlayResult,FootballYards,Drive_Start_VisOrHome,Drive_Start_YardNum,Drive_Plays,Drive_Yards,Drive_TOP,Result,MapRolePassDefender,MapRoleSacker1,FootballPenalty_TeamId,FootballPenalty_PlayerId,FootballPenalty_Yards,FootballPenalty_PenaltyResult,FootballPenalty_Description,MapRoleRusher,MapRoleTackler2,MapRoleQbHitter,MapRolePunter,MapRolePuntreturner,FootballPuntYards,FootballSetBallOn_VisOrHome,FootballSetBallOn_YardNum,FootballMainScoringPlay,FootballConvAttPts,FootballPuntRetYards,FootballFumble_TeamFumbled,FootballFumble_PlayerFumbled,FootballFumble_TeamRecovered,FootballFumble_PlayerRecovered,FootballFumble_PlayerForcedFumble,MapRoleInterceptor,FootballTimeoutTeamId,MapRoleBlockedby,MapRoleKicker,MapRoleKickreturner,FootballKickRetYards,punt_attempt,pass_touchdown,rush_touchdown,field_goal_attempt,field_goal_made,touchdown
2023,FOOTBALL_XFL_2023_3_16_HOU@SEA,HOU,2,SEA,6,1,1679020448.9176142,,2023-03-17 02:34:08.917614,EventStart,Game Start Marker,,True,1,15,0,Half1,MaSourceTypeOfficialScoring,FOOTBALL_XFL_2023_3_16_HOU@SEA,,QBStat,10005,2302017-HOU-at-SEA,900,1800,3600,15:00,3,3,Home,30,1,2,,,,0.0,30,0,0,,,,,,,,,,,,,,,,,,,,,,,,,,,,,,,,,,,,,,,,,,,,0,0.0,0.0,0.0,0.0,0.0
2023,FOOTBALL_XFL_2023_3_16_HOU@SEA,HOU,2,SEA,6,377,1679020452.0,81252,2023-03-17 02:34:12.000000,EventFootballKickoff,11 D. Eberle kicks from SEA 30. 20 D. Lee to HOU 20 for 17 yards (8 T. Walker),,True,1,15,0,Half1,MaSourceTypeOfficialScoring,FOOTBALL_XFL_2023_3_16_HOU@SEA,,QBStat,1,2302017-HOU-at-SEA,900,1800,3600,15:00,3,3,Home,30,1,2,,,,0.0,30,0,0,,,21620,,,StatusOfficial,ResultKickReturned,,,,,,,,,,,,,,,,,,,,,Visitor,20.0,,,,,,,,,,,,20107,20,17.0,0,0.0,0.0,0.0,0.0,0.0
2023,FOOTBALL_XFL_2023_3_16_HOU@SEA,HOU,2,SEA,6,6,1679020615.0,81415,2023-03-17 02:36:55.000000,EventFootballPass,1-10-HOU 20 (14:52) 12 B. Silvers pass to 22 M. Borghi to HOU 31 for 11 yards (1 B. Thompson),,True,1,14,52,Half1,MaSourceTypeOfficialScoring,FOOTBALL_XFL_2023_3_16_HOU@SEA,,QBStat,2,2302017-HOU-at-SEA,892,1792,3592,14:52,3,3,Visitor,20,1,2,,,,0.0,80,0,0,21984,20149,22377,1.0,10.0,StatusOfficial,ResultPassComplete,11.0,Visitor,20.0,1.0,11.0,0:18, ,,,,,,,,,,,,,,,,,,,,,,,,,,,,,,0,0.0,0.0,0.0,0.0,0.0
2023,FOOTBALL_XFL_2023_3_16_HOU@SEA,HOU,2,SEA,6,8,1679020656.0,81456,2023-03-17 02:37:36.000000,EventFootballPass,1-10-HOU 31 (14:22) 12 B. Silvers pass incomplete to 2 C. Byrd Pass Defended by 1 B. Thompson,,True,1,14,22,Half1,MaSourceTypeOfficialScoring,FOOTBALL_XFL_2023_3_16_HOU@SEA,,QBStat,3,2302017-HOU-at-SEA,862,1762,3562,14:22,3,3,Visitor,31,1,2,,,,0.0,69,0,0,21984,20241,,1.0,10.0,StatusOfficial,ResultPassIncomplete,,Visitor,20.0,2.0,11.0,0:41, ,22377,,,,,,,,,,,,,,,,,,,,,,,,,,,,,0,0.0,0.0,0.0,0.0,0.0
2023,FOOTBALL_XFL_2023_3_16_HOU@SEA,HOU,2,SEA,6,10,1679020694.0,81494,2023-03-17 02:38:14.000000,EventFootballSack,2-10-HOU 31 (13:49) 12 B. Silvers sacked at HOU 26 for -5 yards (58 A. Faoliu),,True,1,13,49,Half1,MaSourceTypeOfficialScoring,FOOTBALL_XFL_2023_3_16_HOU@SEA,,QBStat,4,2302017-HOU-at-SEA,829,1729,3529,13:49,3,3,Visitor,31,1,2,,,,0.0,69,0,0,21984,,,2.0,10.0,StatusOfficial,,-5.0,Visitor,20.0,3.0,6.0,1:25, ,,20466,,,,,,,,,,,,,,,,,,,,,,,,,,,,0,0.0,0.0,0.0,0.0,0.0
2023,FOOTBALL_XFL_2023_3_16_HOU@SEA,HOU,2,SEA,6,12,1679020732.0,81532,2023-03-17 02:38:52.000000,EventFootballPenalty,"3-15-HOU 26 (13:22) PENALTY on 51 T. Skipper, 5 yards",,True,1,13,22,Half1,MaSourceTypeOfficialScoring,FOOTBALL_XFL_2023_3_16_HOU@SEA,,QBStat,5,2302017-HOU-at-SEA,802,1702,3502,13:22,3,3,Visitor,26,1,2,,,,0.0,74,0,0,,,,3.0,15.0,StatusOfficial,,,Visitor,20.0,3.0,11.0,1:38, ,,,6,21422,5.0,ResultPenaltyRepeatdown,NA,,,,,,,,,,,,,,,,,,,,,,,0,0.0,0.0,0.0,0.0,0.0
2023,FOOTBALL_XFL_2023_3_16_HOU@SEA,HOU,2,SEA,6,14,1679020772.0,81572,2023-03-17 02:39:32.000000,EventFootballPass,3-10-HOU 31 (12:53) 12 B. Silvers pass incomplete to 13 J. Kirklin,,True,1,12,53,Half1,MaSourceTypeOfficialScoring,FOOTBALL_XFL_2023_3_16_HOU@SEA,,QBStat,6,2302017-HOU-at-SEA,773,1673,3473,12:53,3,3,Visitor,31,1,2,,,,0.0,69,0,0,21984,20896,,3.0,10.0,StatusOfficial,ResultPassIncomplete,,Visitor,20.0,4.0,11.0,2:07, ,,,,,,,,,,,,,,,,,,,,,,,,,,,,,,0,0.0,0.0,0.0,0.0,0.0
2023,FOOTBALL_XFL_2023_3_16_HOU@SEA,HOU,2,SEA,6,58,1679020781.0,81581,2023-03-17 02:39:41.000000,EventFootballPunt,4-10-HOU 31 (12:53) 46 R. Porter punts 0 yards from HOU 31 to HOU 31. 86 K. McKnight to SEA 29 for -1 yards (80 B. Putman),,True,1,12,53,Half1,MaSourceTypeOfficialScoring,FOOTBALL_XFL_2023_3_16_HOU@SEA,,QBStat,7,2302017-HOU-at-SEA,773,1673,3473,12:53,3,3,Visitor,31,1,2,,,,0.0,69,0,0,,,20761,4.0,10.0,StatusOfficial,ResultKickReturned,,Visitor,20.0,4.0,11.0,2:07,PUNT,,,,,,,,,,,21248,21875,0.0,Home,29.0,,,-1.0,,,,,,,,,,,,1,0.0,0.0,0.0,0.0,0.0
2023,FOOTBALL_XFL_2023_3_16_HOU@SEA,HOU,2,SEA,6,18,1679020855.0,81655,2023-03-17 02:40:55.000000,EventFootballPass,1-10-SEA 29 (12:18) 6 B. DiNucci pass to 3 J. Pearson to SEA 34 for 5 yards (18 J. Mosley),,True,1,12,18,Half1,MaSourceTypeOfficialScoring,FOOTBALL_XFL_2023_3_16_HOU@SEA,,QBStat,8,2302017-HOU-at-SEA,738,1638,3438,12:18,3,3,Home,29,2,6,,,,1.0,71,0,0,21979,21203,21108,1.0,10.0,StatusOfficial,ResultPassComplete,5.0,Home,29.0,1.0,5.0,0:11, ,,,,,,,,,,,,,,,,,,,,,,,,,,,,,,0,0.0,0.0,0.0,0.0,0.0
2023,FOOTBALL_XFL_2023_3_16_HOU@SEA,HOU,2,SEA,6,20,1679020890.0,81690,2023-03-17 02:41:30.000000,EventFootballRush,"2-5-SEA 34 (11:43) 23 D. Bradwell rush to SEA 36 for 2 yards (99 T. Mason, 11 T. Beckett)",,True,1,11,43,Half1,MaSourceTypeOfficialScoring,FOOTBALL_XFL_2023_3_16_HOU@SEA,,QBStat,9,2302017-HOU-at-SEA,703,1603,3403,11:43,3,3,Home,34,2,6,,,,1.0,66,0,0,,,21004,2.0,5.0,StatusOfficial,,2.0,Home,29.0,2.0,7.0,0:48, ,,,,,,,,21917,20107,,,,,,,,,,,,,,,,,,,,,0,0.0,0.0,0.0,0.0,0.0
2023,FOOTBALL_XFL_2023_3_16_HOU@SEA,HOU,2,SEA,6,22,1679020931.0,81731,2023-03-17 02:42:11.000000,EventFootballPass,3-3-SEA 36 (11:02) 6 B. DiNucci pass to 4 J. Green to SEA 41 for 5 yards (52 E. Ellerbee),,True,1,11,2,Half1,MaSourceTypeOfficialScoring,FOOTBALL_XFL_2023_3_16_HOU@SEA,,QBStat,10,2302017-HOU-at-SEA,662,1562,3362,11:02,3,3,Home,36,2,6,,,,1.0,64,0,0,21979,22035,21857,3.0,3.0,StatusOfficial,ResultPassComplete,5.0,Home,29.0,3.0,12.0,1:25, ,,,,,,,,,,,,,,,,,,,,,,,,,,,,,,0,0.0,0.0,0.0,0.0,0.0
2023,FOOTBALL_XFL_2023_3_16_HOU@SEA,HOU,2,SEA,6,24,1679020961.0,81761,2023-03-17 02:42:41.000000,EventFootballRush,1-10-SEA 41 (10:32) 23 D. Bradwell rush to SEA 40 for -1 yards (89 T. Ward),,True,1,10,32,Half1,MaSourceTypeOfficialScoring,FOOTBALL_XFL_2023_3_16_HOU@SEA,,QBStat,11,2302017-HOU-at-SEA,632,1532,3332,10:32,3,3,Home,41,2,6,,,,1.0,59,0,0,,,21628,1.0,10.0,StatusOfficial,,-1.0,Home,29.0,4.0,11.0,1:54, ,,,,,,,,21917,,,,,,,,,,,,,,,,,,,,,,0,0.0,0.0,0.0,0.0,0.0
2023,FOOTBALL_XFL_2023_3_16_HOU@SEA,HOU,2,SEA,6,26,1679021000.0,81800,2023-03-17 02:43:20.000000,EventFootballPass,2-11-SEA 40 (9:53) 6 B. DiNucci pass incomplete to 0 J. Gordon QB Hit by 89 T. Ward,,True,1,9,53,Half1,MaSourceTypeOfficialScoring,FOOTBALL_XFL_2023_3_16_HOU@SEA,,QBStat,12,2302017-HOU-at-SEA,593,1493,3293,9:53,3,3,Home,40,2,6,,,,1.0,60,0,0,21979,22840,,2.0,11.0,StatusOfficial,ResultPassIncomplete,,Home,29.0,5.0,11.0,2:28, ,,,,,,,,,,21628,,,,,,,,,,,,,,,,,,,,0,0.0,0.0,0.0,0.0,0.0
2023,FOOTBALL_XFL_2023_3_16_HOU@SEA,HOU,2,SEA,6,28,1679021040.0,81840,2023-03-17 02:44:00.000000,EventFootballPass,3-11-SEA 40 (9:24) 6 B. DiNucci pass incomplete to 0 J. Gordon,,True,1,9,24,Half1,MaSourceTypeOfficialScoring,FOOTBALL_XFL_2023_3_16_HOU@SEA,,QBStat,13,2302017-HOU-at-SEA,564,1464,3264,9:24,3,3,Home,40,2,6,,,,1.0,60,0,0,21979,22840,,3.0,11.0,StatusOfficial,ResultPassIncomplete,,Home,29.0,6.0,11.0,2:56, ,,,,,,,,,,,,,,,,,,,,,,,,,,,,,,0,0.0,0.0,0.0,0.0,0.0
2023,FOOTBALL_XFL_2023_3_16_HOU@SEA,HOU,2,SEA,6,31,1679021051.0,81851,2023-03-17 02:44:11.000000,EventFootballPunt,"4-11-SEA 40 (9:23) 10 C. Nizialek punts 40 yards from SEA 40 to 4 W. Likely, Fair Catch at HOU 35",,True,1,9,23,Half1,MaSourceTypeOfficialScoring,FOOTBALL_XFL_2023_3_16_HOU@SEA,,QBStat,14,2302017-HOU-at-SEA,563,1463,3263,9:23,3,3,Home,40,2,6,,,,1.0,60,0,0,,,,4.0,11.0,StatusOfficial,ResultKickFaircatch,,Home,29.0,6.0,11.0,3:30,PUNT,,,6,21869,10.0,ResultPenaltyOnkickoffpat,NA,,,,21997,22601,40.0,Visitor,35.0,,,,,,,,,,,,,,,1,0.0,0.0,0.0,0.0,0.0
2023,FOOTBALL_XFL_2023_3_16_HOU@SEA,HOU,2,SEA,6,34,1679021305.0,82105,2023-03-17 02:48:25.000000,EventFootballPass,1-10-HOU 30 (8:50) 12 B. Silvers pass incomplete to 1 D. Burnett Pass Defended by 97 N. Lalos,,True,1,8,50,Half1,MaSourceTypeOfficialScoring,FOOTBALL_XFL_2023_3_16_HOU@SEA,,QBStat,15,2302017-HOU-at-SEA,530,1430,3230,8:50,3,3,Visitor,30,3,2,,,,0.0,70,0,0,21984,20229,,1.0,10.0,StatusOfficial,ResultPassIncomplete,,Visitor,30.0,1.0,,0:19, ,20918,,,,,,,,,,,,,,,,,,,,,,,,,,,,,0,0.0,0.0,0.0,0.0,0.0
2023,FOOTBALL_XFL_2023_3_16_HOU@SEA,HOU,2,SEA,6,39,1679021340.0,82140,2023-03-17 02:49:00.000000,EventFootballPass,2-10-HOU 30 (8:24) 12 B. Silvers pass to 2 C. Byrd to HOU 31 for 1 yard (1 B. Thompson),,True,1,8,24,Half1,MaSourceTypeOfficialScoring,FOOTBALL_XFL_2023_3_16_HOU@SEA,,QBStat,16,2302017-HOU-at-SEA,504,1404,3204,8:24,3,3,Visitor,30,3,2,,,,0.0,70,0,0,21984,20241,22377,2.0,10.0,StatusOfficial,ResultPassComplete,1.0,Visitor,30.0,2.0,1.0,0:47, ,,,,,,,,,,,,,,,,,,,,,,,,,,,,,,0,0.0,0.0,0.0,0.0,0.0
2023,FOOTBALL_XFL_2023_3_16_HOU@SEA,HOU,2,SEA,6,38,1679021380.0,82180,2023-03-17 02:49:40.000000,EventFootballPass,3-9-HOU 31 (7:44) 12 B. Silvers pass to 22 M. Borghi to HOU 30 for -1 yards (26 J. Evans),,True,1,7,44,Half1,MaSourceTypeOfficialScoring,FOOTBALL_XFL_2023_3_16_HOU@SEA,,QBStat,17,2302017-HOU-at-SEA,464,1364,3164,7:44,3,3,Visitor,31,3,2,,,,0.0,69,0,0,21984,20149,20460,3.0,9.0,StatusOfficial,ResultPassComplete,-1.0,Visitor,30.0,3.0,,1:27, ,,,,,,,,,,,,,,,,,,,,,,,,,,,,,,0,0.0,0.0,0.0,0.0,0.0
2023,FOOTBALL_XFL_2023_3_16_HOU@SEA,HOU,2,SEA,6,78,1679021408.0,82208,2023-03-17 02:50:08.000000,EventFootballPunt,"4-10-HOU 30 (7:16) 46 R. Porter punts 0 yards, downed at HOU 46",,True,1,7,16,Half1,MaSourceTypeOfficialScoring,FOOTBALL_XFL_2023_3_16_HOU@SEA,,QBStat,18,2302017-HOU-at-SEA,436,1336,3136,7:16,3,3,Visitor,30,3,2,,,,0.0,70,0,0,,,,4.0,10.0,StatusOfficial,ResultKickDowned,,Visitor,30.0,3.0,,2:07,PUNT,,,,,,,,,,,21248,,0.0,Visitor,46.0,,,,,,,,,,,,,,,1,0.0,0.0,0.0,0.0,0.0
2023,FOOTBALL_XFL_2023_3_16_HOU@SEA,HOU,2,SEA,6,43,1679021463.0,82263,2023-03-17 02:51:03.000000,EventFootballPass,1-10-HOU 46 (7:02) 6 B. DiNucci pass to 15 D. Willis to HOU 35 for 11 yards (3 A. Harris),,True,1,7,2,Half1,MaSourceTypeOfficialScoring,FOOTBALL_XFL_2023_3_16_HOU@SEA,,QBStat,19,2302017-HOU-at-SEA,422,1322,3122,7:02,3,3,Visitor,46,4,6,,,,1.0,46,0,0,21979,21695,20633,1.0,10.0,StatusOfficial,ResultPassComplete,11.0,Visitor,46.0,1.0,11.0,0:17, ,,,,,,,,,,,,,,,,,,,,,,,,,,,,,,0,0.0,0.0,0.0,0.0,0.0
2023,FOOTBALL_XFL_2023_3_16_HOU@SEA,HOU,2,SEA,6,45,1679021498.0,82298,2023-03-17 02:51:38.000000,EventFootballPass,1-10-HOU 35 (6:27) 6 B. DiNucci pass incomplete to 15 D. Willis,,True,1,6,27,Half1,MaSourceTypeOfficialScoring,FOOTBALL_XFL_2023_3_16_HOU@SEA,,QBStat,20,2302017-HOU-at-SEA,387,1287,3087,6:27,3,3,Visitor,35,4,6,,,,1.0,35,0,0,21979,21695,,1.0,10.0,StatusOfficial,ResultPassIncomplete,,Visitor,46.0,2.0,11.0,0:38, ,,,,,,,,,,,,,,,,,,,,,,,,,,,,,,0,0.0,0.0,0.0,0.0,0.0
2023,FOOTBALL_XFL_2023_3_16_HOU@SEA,HOU,2,SEA,6,47,1679021538.0,82338,2023-03-17 02:52:18.000000,EventFootballRush,"2-10-HOU 35 (6:08) 6 B. DiNucci rush to HOU 26 for 9 yards (3 A. Harris, 11 T. Beckett)",,True,1,6,8,Half1,MaSourceTypeOfficialScoring,FOOTBALL_XFL_2023_3_16_HOU@SEA,,QBStat,21,2302017-HOU-at-SEA,368,1268,3068,6:08,3,3,Visitor,35,4,6,,,,1.0,35,0,0,,,20633,2.0,10.0,StatusOfficial,,9.0,Visitor,46.0,3.0,20.0,1:08, ,,,,,,,,21979,20107,,,,,,,,,,,,,,,,,,,,,0,0.0,0.0,0.0,0.0,0.0
2023,FOOTBALL_XFL_2023_3_16_HOU@SEA,HOU,2,SEA,6,49,1679021577.0,82377,2023-03-17 02:52:57.000000,EventFootballPass,3-1-HOU 26 (5:29) 6 B. DiNucci pass to 3 J. Pearson to HOU 19 for 7 yards (4 W. Likely),,True,1,5,29,Half1,MaSourceTypeOfficialScoring,FOOTBALL_XFL_2023_3_16_HOU@SEA,,QBStat,22,2302017-HOU-at-SEA,329,1229,3029,5:29,3,3,Visitor,26,4,6,,,,1.0,26,0,0,21979,21203,22601,3.0,1.0,StatusOfficial,ResultPassComplete,7.0,Visitor,46.0,4.0,27.0,1:47, ,,,,,,,,,,,,,,,,,,,,,,,,,,,,,,0,0.0,0.0,0.0,0.0,0.0
2023,FOOTBALL_XFL_2023_3_16_HOU@SEA,HOU,2,SEA,6,59,1679021611.0,82411,2023-03-17 02:53:31.000000,EventFootballRush,"1-10-HOU 19 (4:55) 23 D. Bradwell rush to HOU 20 for -1 yards (17 D. Johnson, 47 C. Rivers)",,True,1,4,55,Half1,MaSourceTypeOfficialScoring,FOOTBALL_XFL_2023_3_16_HOU@SEA,,QBStat,23,2302017-HOU-at-SEA,295,1195,2995,4:55,3,3,Visitor,19,4,6,,,,1.0,19,0,0,,,20801,1.0,10.0,StatusOfficial,,-1.0,Visitor,46.0,5.0,26.0,2:27, ,,,,,,,,21917,21820,,,,,,,,,,,,,,,,,,,,,0,0.0,0.0,0.0,0.0,0.0
2023,FOOTBALL_XFL_2023_3_16_HOU@SEA,HOU,2,SEA,6,53,1679021651.0,82451,2023-03-17 02:54:11.000000,EventFootballPass,2-11-HOU 20 (4:16) 6 B. DiNucci pass incomplete to 15 D. Willis,,True,1,4,16,Half1,MaSourceTypeOfficialScoring,FOOTBALL_XFL_2023_3_16_HOU@SEA,,QBStat,24,2302017-HOU-at-SEA,256,1156,2956,4:16,3,3,Visitor,20,4,6,,,,1.0,20,0,0,21979,21695,,2.0,11.0,StatusOfficial,ResultPassIncomplete,,Visitor,46.0,6.0,26.0,2:49, ,,,,,,,,,,,,,,,,,,,,,,,,,,,,,,0,0.0,0.0,0.0,0.0,0.0
2023,FOOTBALL_XFL_2023_3_16_HOU@SEA,HOU,2,SEA,6,55,1679021691.0,82491,2023-03-17 02:54:51.000000,EventFootballRush,"3-11-HOU 20 (3:43) 6 B. DiNucci rush for 20 yards, TOUCHDOWN",,True,1,3,43,Half1,MaSourceTypeOfficialScoring,FOOTBALL_XFL_2023_3_16_HOU@SEA,,QBStat,25,2302017-HOU-at-SEA,223,1123,2923,3:43,3,3,Visitor,20,4,6,,,,1.0,20,0,0,,,,3.0,11.0,StatusOfficial,,20.0,Visitor,46.0,7.0,46.0,3:23,TD,,,,,,,,21979,,,,,,,,ScoreTypeTd,,,,,,,,,,,,,,0,0.0,1.0,0.0,0.0,1.0
2023,FOOTBALL_XFL_2023_3_16_HOU@SEA,HOU,2,SEA,6,57,1679021728.0,82528,2023-03-17 02:55:28.000000,EventFootballPat3PtPass,6 B. DiNucci 3-pt conversion pass to 15 D. Willis NO GOOD,,True,1,3,42,Half1,MaSourceTypeOfficialScoring,FOOTBALL_XFL_2023_3_16_HOU@SEA,,QBStat,26,2302017-HOU-at-SEA,222,1122,2922,3:42,3,3,Visitor,10,4,6,,,,1.0,10,0,6,21979,21695,,,,StatusOfficial,ResultPassIncomplete,,,,,,,,,,,,,,,,,,,,,,,,3.0,,,,,,,,,,,,,0,0.0,0.0,0.0,0.0,0.0
2023,FOOTBALL_XFL_2023_3_16_HOU@SEA,HOU,2,SEA,6,369,1679021933.0,82733,2023-03-17 02:58:53.000000,EventFootballKickoff,11 D. Eberle kicks from SEA 30. 20 D. Lee to HOU 21 for 17 yards (9 C. Hicks),,True,1,3,42,Half1,MaSourceTypeOfficialScoring,FOOTBALL_XFL_2023_3_16_HOU@SEA,,QBStat,27,2302017-HOU-at-SEA,222,1122,2922,3:42,3,3,Home,30,5,2,,,,0.0,30,0,6,,,22344,,,StatusOfficial,ResultKickReturned,,,,,,,,,,,,,,,,,,,,,Visitor,21.0,,,,,,,,,,,,20107,20,17.0,0,0.0,0.0,0.0,0.0,0.0
2023,FOOTBALL_XFL_2023_3_16_HOU@SEA,HOU,2,SEA,6,63,1679021998.0,82798,2023-03-17 02:59:58.000000,EventFootballPass,1-10-HOU 21 (3:35) 12 B. Silvers pass to 10 J. Smith to HOU 33 for 12 yards (48 S. Miller),,True,1,3,35,Half1,MaSourceTypeOfficialScoring,FOOTBALL_XFL_2023_3_16_HOU@SEA,,QBStat,28,2302017-HOU-at-SEA,215,1115,2915,3:35,3,3,Visitor,21,5,2,,,,0.0,79,0,6,21984,21441,22630,1.0,10.0,StatusOfficial,ResultPassComplete,12.0,Visitor,21.0,1.0,12.0,0:18, ,,,,,,,,,,,,,,,,,,,,,,,,,,,,,,0,0.0,0.0,0.0,0.0,0.0
2023,FOOTBALL_XFL_2023_3_16_HOU@SEA,HOU,2,SEA,6,76,1679022027.0,82827,2023-03-17 03:00:27.000000,EventFootballRush,"1-10-HOU 33 (3:06) 26 B. Alleyne rush to HOU 36 for 3 yards (32 Q. Cole, 1 B. Thompson)",,True,1,3,6,Half1,MaSourceTypeOfficialScoring,FOOTBALL_XFL_2023_3_16_HOU@SEA,,QBStat,29,2302017-HOU-at-SEA,186,1086,2886,3:06,3,3,Visitor,33,5,2,,,,0.0,67,0,6,,,20311,1.0,10.0,StatusOfficial,,3.0,Visitor,21.0,2.0,15.0,0:51, ,,,,,,,,20033,22377,,,,,,,,,,,,,,,,,,,,,0,0.0,0.0,0.0,0.0,0.0
2023,FOOTBALL_XFL_2023_3_16_HOU@SEA,HOU,2,SEA,6,67,1679022065.0,82865,2023-03-17 03:01:05.000000,EventFootballPass,"2-7-HOU 36 (2:28) 12 B. Silvers pass to 6 T. Harris to SEA 48 for 16 yards (1 B. Thompson, 32 Q. Cole)",,True,1,2,28,Half1,MaSourceTypeOfficialScoring,FOOTBALL_XFL_2023_3_16_HOU@SEA,,QBStat,30,2302017-HOU-at-SEA,148,1048,2848,2:28,3,3,Visitor,36,5,2,,,,0.0,64,0,6,21984,20642,22377,2.0,7.0,StatusOfficial,ResultPassComplete,16.0,Visitor,21.0,3.0,31.0,1:30, ,,,,,,,,,20311,,,,,,,,,,,,,,,,,,,,,0,0.0,0.0,0.0,0.0,0.0
2023,FOOTBALL_XFL_2023_3_16_HOU@SEA,HOU,2,SEA,6,69,1679022097.0,82897,2023-03-17 03:01:37.000000,EventFootballPass,1-10-SEA 48 (1:56) 12 B. Silvers pass to 1 D. Burnett to SEA 37 for 11 yards (22 S. Finch),,True,1,1,56,Half1,MaSourceTypeOfficialScoring,FOOTBALL_XFL_2023_3_16_HOU@SEA,,QBStat,31,2302017-HOU-at-SEA,116,1016,2816,1:56,3,3,Home,48,5,2,,,,0.0,48,0,6,21984,20229,20478,1.0,10.0,StatusOfficial,ResultPassComplete,11.0,Visitor,21.0,4.0,42.0,1:59, ,,,,,,,,,,,,,,,,,,,,,,,,,,,,,,0,0.0,0.0,0.0,0.0,0.0
2023,FOOTBALL_XFL_2023_3_16_HOU@SEA,HOU,2,SEA,6,71,1679022128.0,82928,2023-03-17 03:02:08.000000,EventFootballPass,1-10-SEA 37 (1:25) 12 B. Silvers pass to 2 C. Byrd to SEA 33 for 4 yards (36 Z. Kelly),,True,1,1,25,Half1,MaSourceTypeOfficialScoring,FOOTBALL_XFL_2023_3_16_HOU@SEA,,QBStat,32,2302017-HOU-at-SEA,85,985,2785,1:25,3,3,Home,37,5,2,,,,0.0,37,0,6,21984,20241,20878,1.0,10.0,StatusOfficial,ResultPassComplete,4.0,Visitor,21.0,5.0,46.0,2:27, ,,,,,,,,,,,,,,,,,,,,,,,,,,,,,,0,0.0,0.0,0.0,0.0,0.0
2023,FOOTBALL_XFL_2023_3_16_HOU@SEA,HOU,2,SEA,6,73,1679022162.0,82962,2023-03-17 03:02:42.000000,EventFootballRush,"2-6-SEA 33 (0:51) 26 B. Alleyne rush to SEA 22 for 11 yards PENALTY on 10 J. Smith, 10 yards",,True,1,0,51,Half1,MaSourceTypeOfficialScoring,FOOTBALL_XFL_2023_3_16_HOU@SEA,,QBStat,33,2302017-HOU-at-SEA,51,951,2751,0:51,3,3,Home,33,5,2,,,,0.0,33,0,6,,,,2.0,6.0,StatusOfficial,,11.0,Visitor,21.0,6.0,47.0,3:07, ,,,2,21441,10.0,ResultPenaltyRepeatdown,NA,20033,,,,,,,,,,,,,,,,,,,,,,0,0.0,0.0,0.0,0.0,0.0
2023,FOOTBALL_XFL_2023_3_16_HOU@SEA,HOU,2,SEA,6,75,1679022234.0,83034,2023-03-17 03:03:54.000000,EventFootballRush,"2-5-SEA 32 (0:19) 22 M. Borghi rush to SEA 32 for 0 yards (44 E. Ponder, 58 A. Faoliu)",,True,1,0,19,Half1,MaSourceTypeOfficialScoring,FOOTBALL_XFL_2023_3_16_HOU@SEA,,QBStat,34,2302017-HOU-at-SEA,19,919,2719,0:19,3,3,Home,32,5,2,,,,0.0,32,0,6,,,22017,2.0,5.0,StatusOfficial,,0.0,Visitor,21.0,7.0,47.0,3:40, ,,,,,,,,20149,20466,,,,,,,,,,,,,,,,,,,,,0,0.0,0.0,0.0,0.0,0.0
2023,FOOTBALL_XFL_2023_3_16_HOU@SEA,HOU,2,SEA,6,80,1679022469.0,83269,2023-03-17 03:07:49.000000,EventFootballPass,3-5-SEA 32 (14:57) 12 B. Silvers pass to 22 M. Borghi to SEA 26 for 6 yards (97 N. Lalos),,True,2,14,57,Half1,MaSourceTypeOfficialScoring,FOOTBALL_XFL_2023_3_16_HOU@SEA,,QBStat,35,2302017-HOU-at-SEA,897,897,2697,14:57,3,3,Home,32,5,2,,,,0.0,32,0,6,21984,20149,20918,3.0,5.0,StatusOfficial,ResultPassComplete,6.0,Visitor,21.0,8.0,53.0,3:55, ,,,,,,,,,,,,,,,,,,,,,,,,,,,,,,0,0.0,0.0,0.0,0.0,0.0
2023,FOOTBALL_XFL_2023_3_16_HOU@SEA,HOU,2,SEA,6,82,1679022503.0,83303,2023-03-17 03:08:23.000000,EventFootballPass,1-10-SEA 26 (14:26) 12 B. Silvers pass to 2 C. Byrd to SEA 23 for 3 yards (32 Q. Cole),,True,2,14,26,Half1,MaSourceTypeOfficialScoring,FOOTBALL_XFL_2023_3_16_HOU@SEA,,QBStat,36,2302017-HOU-at-SEA,866,866,2666,14:26,3,3,Home,26,5,2,,,,0.0,26,0,6,21984,20241,20311,1.0,10.0,StatusOfficial,ResultPassComplete,3.0,Visitor,21.0,9.0,56.0,4:26, ,,,,,,,,,,,,,,,,,,,,,,,,,,,,,,0,0.0,0.0,0.0,0.0,0.0
2023,FOOTBALL_XFL_2023_3_16_HOU@SEA,HOU,2,SEA,6,84,1679022540.0,83340,2023-03-17 03:09:00.000000,EventFootballPass,2-7-SEA 23 (13:55) 12 B. Silvers pass incomplete to 26 B. Alleyne Pass Defended by 97 N. Lalos,,True,2,13,55,Half1,MaSourceTypeOfficialScoring,FOOTBALL_XFL_2023_3_16_HOU@SEA,,QBStat,37,2302017-HOU-at-SEA,835,835,2635,13:55,3,3,Home,23,5,2,,,,0.0,23,0,6,21984,20033,,2.0,7.0,StatusOfficial,ResultPassIncomplete,,Visitor,21.0,10.0,56.0,4:47, ,20918,,,,,,,,,,,,,,,,,,,,,,,,,,,,,0,0.0,0.0,0.0,0.0,0.0
2023,FOOTBALL_XFL_2023_3_16_HOU@SEA,HOU,2,SEA,6,86,1679022580.0,83380,2023-03-17 03:09:40.000000,EventFootballSack,"3-7-SEA 23 (13:21) 12 B. Silvers sacked at SEA 30 for -7 yards Fumbled by 12 B. Silvers,  Forced by 2 A. Brooks Recovered by 96 D. Joseph (2 A. Brooks)",,True,2,13,21,Half1,MaSourceTypeOfficialScoring,FOOTBALL_XFL_2023_3_16_HOU@SEA,,QBStat,38,2302017-HOU-at-SEA,801,801,2601,13:21,3,3,Home,23,5,2,,,,0.0,23,0,6,21984,,,3.0,7.0,StatusOfficial,,-7.0,Visitor,21.0,11.0,10.0,5:21,FUMBLE,,21919,,,,,,,,,,,,Visitor,31.0,,,,2,21984,6,21869,21919,,,,,,,0,0.0,0.0,0.0,0.0,0.0
2023,FOOTBALL_XFL_2023_3_16_HOU@SEA,HOU,2,SEA,6,89,1679022635.0,83435,2023-03-17 03:10:35.000000,EventFootballPass,1-10-SEA 31 (13:16) 6 B. DiNucci pass to 3 J. Pearson to HOU 47 for 22 yards (18 J. Mosley),,True,2,13,16,Half1,MaSourceTypeOfficialScoring,FOOTBALL_XFL_2023_3_16_HOU@SEA,,QBStat,39,2302017-HOU-at-SEA,796,796,2596,13:16,3,3,Home,31,6,6,,,,1.0,69,0,6,21979,21203,21108,1.0,10.0,StatusOfficial,ResultPassComplete,22.0,Home,31.0,1.0,22.0,0:19, ,,,,,,,,,,,,,,,,,,,,,,,,,,,,,,0,0.0,0.0,0.0,0.0,0.0
2023,FOOTBALL_XFL_2023_3_16_HOU@SEA,HOU,2,SEA,6,91,1679022665.0,83465,2023-03-17 03:11:05.000000,EventFootballRush,1-10-HOU 47 (12:52) 23 D. Bradwell rush to HOU 42 for 5 yards (89 T. Ward),,True,2,12,52,Half1,MaSourceTypeOfficialScoring,FOOTBALL_XFL_2023_3_16_HOU@SEA,,QBStat,40,2302017-HOU-at-SEA,772,772,2572,12:52,3,3,Visitor,47,6,6,,,,1.0,47,0,6,,,21628,1.0,10.0,StatusOfficial,,5.0,Home,31.0,2.0,27.0,0:44, ,,,,,,,,21917,,,,,,,,,,,,,,,,,,,,,,0,0.0,0.0,0.0,0.0,0.0
2023,FOOTBALL_XFL_2023_3_16_HOU@SEA,HOU,2,SEA,6,93,1679022704.0,83504,2023-03-17 03:11:44.000000,EventFootballPass,"2-5-HOU 42 (12:14) 6 B. DiNucci pass to 3 J. Pearson to HOU 27 for 15 yards (18 J. Mosley, 0 K. Vincent)",,True,2,12,14,Half1,MaSourceTypeOfficialScoring,FOOTBALL_XFL_2023_3_16_HOU@SEA,,QBStat,41,2302017-HOU-at-SEA,734,734,2534,12:14,3,3,Visitor,42,6,6,,,,1.0,42,0,6,21979,21203,21108,2.0,5.0,StatusOfficial,ResultPassComplete,15.0,Home,31.0,3.0,42.0,1:23, ,,,,,,,,,21609,,,,,,,,,,,,,,,,,,,,,0,0.0,0.0,0.0,0.0,0.0
2023,FOOTBALL_XFL_2023_3_16_HOU@SEA,HOU,2,SEA,6,95,1679022742.0,83542,2023-03-17 03:12:22.000000,EventFootballRush,1-10-HOU 27 (11:35) 23 D. Bradwell rush to HOU 27 for 0 yards (89 T. Ward),,True,2,11,35,Half1,MaSourceTypeOfficialScoring,FOOTBALL_XFL_2023_3_16_HOU@SEA,,QBStat,42,2302017-HOU-at-SEA,695,695,2495,11:35,3,3,Visitor,27,6,6,,,,1.0,27,0,6,,,21628,1.0,10.0,StatusOfficial,,0.0,Home,31.0,4.0,42.0,1:53, ,,,,,,,,21917,,,,,,,,,,,,,,,,,,,,,,0,0.0,0.0,0.0,0.0,0.0
2023,FOOTBALL_XFL_2023_3_16_HOU@SEA,HOU,2,SEA,6,97,1679022970.0,83770,2023-03-17 03:16:10.000000,EventFootballPass,2-10-HOU 27 (11:11) 6 B. DiNucci pass to 0 J. Gordon to HOU 27 for 0 yards (18 J. Mosley),,True,2,11,11,Half1,MaSourceTypeOfficialScoring,FOOTBALL_XFL_2023_3_16_HOU@SEA,,QBStat,43,2302017-HOU-at-SEA,671,671,2471,11:11,3,3,Visitor,27,6,6,,,,1.0,27,0,6,21979,22840,21108,2.0,10.0,StatusOfficial,ResultPassComplete,0.0,Home,31.0,5.0,42.0,2:25, ,,,,,,,,,,,,,,,,,,,,,,,,,,,,,,0,0.0,0.0,0.0,0.0,0.0
2023,FOOTBALL_XFL_2023_3_16_HOU@SEA,HOU,2,SEA,6,99,1679023082.0,83882,2023-03-17 03:18:02.000000,EventFootballPass,3-10-HOU 27 (10:03) 6 B. DiNucci pass intended for 80 B. Jackson INTERCEPTED by 23 S. Davis returned 28 yards to HOU 26 QB Hit by 18 J. Mosley,,True,2,10,3,Half1,MaSourceTypeOfficialScoring,FOOTBALL_XFL_2023_3_16_HOU@SEA,,QBStat,44,2302017-HOU-at-SEA,603,603,2403,10:03,3,3,Visitor,27,6,6,,,,1.0,27,0,6,21979,20761,,3.0,10.0,StatusOfficial,ResultPassInterception,,Home,31.0,6.0,42.0,3:18,INT,,,,,,,,,,21108,,,,Visitor,26.0,,,,,,,,,20368,,,,,,0,0.0,0.0,0.0,0.0,0.0
2023,FOOTBALL_XFL_2023_3_16_HOU@SEA,HOU,2,SEA,6,101,1679023221.0,84021,2023-03-17 03:20:21.000000,EventFootballTimeout,Timeout by Seattle Sea Dragons at 10:02,,True,2,10,2,Half1,MaSourceTypeOfficialScoring,FOOTBALL_XFL_2023_3_16_HOU@SEA,,QBStat,45,2302017-HOU-at-SEA,602,602,2402,10:02,3,3,Visitor,26,7,2,,,,0.0,74,0,6,,,,1.0,10.0,StatusOfficial,,,Home,,,,0:00, ,,,,,,,,,,,,,,,,,,,,,,,,,6,,,,,0,0.0,0.0,0.0,0.0,0.0
2023,FOOTBALL_XFL_2023_3_16_HOU@SEA,HOU,2,SEA,6,103,1679023259.0,84059,2023-03-17 03:20:59.000000,EventFootballPass,"1-10-HOU 26 (9:59) 12 B. Silvers pass to 22 M. Borghi to HOU 31 for 5 yards (43 E. Smith, 33 A. Holder)",,True,2,9,59,Half1,MaSourceTypeOfficialScoring,FOOTBALL_XFL_2023_3_16_HOU@SEA,,QBStat,46,2302017-HOU-at-SEA,599,599,2399,9:59,3,2,Visitor,26,7,2,,,,0.0,74,0,6,21984,20149,21437,1.0,10.0,StatusOfficial,ResultPassComplete,5.0,Visitor,26.0,1.0,5.0,0:13, ,,,,,,,,,22552,,,,,,,,,,,,,,,,,,,,,0,0.0,0.0,0.0,0.0,0.0
2023,FOOTBALL_XFL_2023_3_16_HOU@SEA,HOU,2,SEA,6,105,1679023294.0,84094,2023-03-17 03:21:34.000000,EventFootballPass,2-5-HOU 31 (9:24) 12 B. Silvers pass to 9 N. Holley to HOU 37 for 6 yards (32 Q. Cole),,True,2,9,24,Half1,MaSourceTypeOfficialScoring,FOOTBALL_XFL_2023_3_16_HOU@SEA,,QBStat,47,2302017-HOU-at-SEA,564,564,2364,9:24,3,2,Visitor,31,7,2,,,,0.0,69,0,6,21984,20707,20311,2.0,5.0,StatusOfficial,ResultPassComplete,6.0,Visitor,26.0,2.0,11.0,0:44, ,,,,,,,,,,,,,,,,,,,,,,,,,,,,,,0,0.0,0.0,0.0,0.0,0.0
2023,FOOTBALL_XFL_2023_3_16_HOU@SEA,HOU,2,SEA,6,107,1679023332.0,84132,2023-03-17 03:22:12.000000,EventFootballPass,1-10-HOU 37 (8:52) 12 B. Silvers pass to 80 B. Putman to Midfield for 13 yards (43 E. Smith),,True,2,8,52,Half1,MaSourceTypeOfficialScoring,FOOTBALL_XFL_2023_3_16_HOU@SEA,,QBStat,48,2302017-HOU-at-SEA,532,532,2332,8:52,3,2,Visitor,37,7,2,,,,0.0,63,0,6,21984,21266,21437,1.0,10.0,StatusOfficial,ResultPassComplete,13.0,Visitor,26.0,3.0,24.0,1:18, ,,,,,,,,,,,,,,,,,,,,,,,,,,,,,,0,0.0,0.0,0.0,0.0,0.0
2023,FOOTBALL_XFL_2023_3_16_HOU@SEA,HOU,2,SEA,6,109,1679023365.0,84165,2023-03-17 03:22:45.000000,EventFootballRush,1-10-Midfield (8:19) 20 D. Lee rush to Midfield for 0 yards (97 N. Lalos),,True,2,8,19,Half1,MaSourceTypeOfficialScoring,FOOTBALL_XFL_2023_3_16_HOU@SEA,,QBStat,49,2302017-HOU-at-SEA,499,499,2299,8:19,3,2,Visitor,50,7,2,,,,0.0,50,0,6,,,20918,1.0,10.0,StatusOfficial,,0.0,Visitor,26.0,4.0,24.0,1:50, ,,,,,,,,20940,,,,,,,,,,,,,,,,,,,,,,0,0.0,0.0,0.0,0.0,0.0
2023,FOOTBALL_XFL_2023_3_16_HOU@SEA,HOU,2,SEA,6,111,1679023402.0,84202,2023-03-17 03:23:22.000000,EventFootballPass,2-10-Midfield (7:42) 12 B. Silvers pass to 80 B. Putman to SEA 41 for 9 yards (21 L. Stephens),,True,2,7,42,Half1,MaSourceTypeOfficialScoring,FOOTBALL_XFL_2023_3_16_HOU@SEA,,QBStat,50,2302017-HOU-at-SEA,462,462,2262,7:42,3,2,Visitor,50,7,2,,,,0.0,50,0,6,21984,21266,21963,2.0,10.0,StatusOfficial,ResultPassComplete,9.0,Visitor,26.0,5.0,33.0,2:29, ,,,,,,,,,,,,,,,,,,,,,,,,,,,,,,0,0.0,0.0,0.0,0.0,0.0
2023,FOOTBALL_XFL_2023_3_16_HOU@SEA,HOU,2,SEA,6,113,1679023445.0,84245,2023-03-17 03:24:05.000000,EventFootballRush,"3-1-SEA 41 (7:04) 14 C. McDonald rush to SEA 36 for 5 yards (58 A. Faoliu, 33 A. Holder)",,True,2,7,4,Half1,MaSourceTypeOfficialScoring,FOOTBALL_XFL_2023_3_16_HOU@SEA,,QBStat,51,2302017-HOU-at-SEA,424,424,2224,7:04,3,2,Home,41,7,2,,,,0.0,41,0,6,,,20466,3.0,1.0,StatusOfficial,,5.0,Visitor,26.0,6.0,38.0,3:06, ,,,,,,,,21982,22552,,,,,,,,,,,,,,,,,,,,,0,0.0,0.0,0.0,0.0,0.0
2023,FOOTBALL_XFL_2023_3_16_HOU@SEA,HOU,2,SEA,6,115,1679023487.0,84287,2023-03-17 03:24:47.000000,EventFootballPass,1-10-SEA 36 (6:22) 12 B. Silvers pass incomplete to 1 D. Burnett QB Hit by 51 T. Skipper,,True,2,6,22,Half1,MaSourceTypeOfficialScoring,FOOTBALL_XFL_2023_3_16_HOU@SEA,,QBStat,52,2302017-HOU-at-SEA,382,382,2182,6:22,3,2,Home,36,7,2,,,,0.0,36,0,6,21984,20229,,1.0,10.0,StatusOfficial,ResultPassIncomplete,,Visitor,26.0,7.0,38.0,3:40, ,,,,,,,,,,21422,,,,,,,,,,,,,,,,,,,,0,0.0,0.0,0.0,0.0,0.0
2023,FOOTBALL_XFL_2023_3_16_HOU@SEA,HOU,2,SEA,6,117,1679023526.0,84326,2023-03-17 03:25:26.000000,EventFootballPass,2-10-SEA 36 (5:51) 12 B. Silvers pass incomplete to 80 B. Putman Pass Defended by 1 B. Thompson,,True,2,5,51,Half1,MaSourceTypeOfficialScoring,FOOTBALL_XFL_2023_3_16_HOU@SEA,,QBStat,53,2302017-HOU-at-SEA,351,351,2151,5:51,3,2,Home,36,7,2,,,,0.0,36,0,6,21984,21266,,2.0,10.0,StatusOfficial,ResultPassIncomplete,,Visitor,26.0,8.0,38.0,4:13, ,22377,,,,,,,,,,,,,,,,,,,,,,,,,,,,,0,0.0,0.0,0.0,0.0,0.0
2023,FOOTBALL_XFL_2023_3_16_HOU@SEA,HOU,2,SEA,6,119,1679023559.0,84359,2023-03-17 03:25:59.000000,EventFootballPass,3-10-SEA 36 (5:22) 12 B. Silvers pass to 22 M. Borghi to SEA 36 for 0 yards (97 N. Lalos),,True,2,5,22,Half1,MaSourceTypeOfficialScoring,FOOTBALL_XFL_2023_3_16_HOU@SEA,,QBStat,54,2302017-HOU-at-SEA,322,322,2122,5:22,3,2,Home,36,7,2,,,,0.0,36,0,6,21984,20149,20918,3.0,10.0,StatusOfficial,ResultPassComplete,0.0,Visitor,26.0,9.0,38.0,5:01, ,,,,,,,,,,,,,,,,,,,,,,,,,,,,,,0,0.0,0.0,0.0,0.0,0.0
2023,FOOTBALL_XFL_2023_3_16_HOU@SEA,HOU,2,SEA,6,121,1679023617.0,84417,2023-03-17 03:26:57.000000,EventFootballPenalty,"4-10-SEA 36 (4:42) PENALTY on Houston Roughnecks, 5 yards",,True,2,4,42,Half1,MaSourceTypeOfficialScoring,FOOTBALL_XFL_2023_3_16_HOU@SEA,,QBStat,55,2302017-HOU-at-SEA,282,282,2082,4:42,3,2,Home,36,7,2,,,,0.0,36,0,6,,,,4.0,10.0,StatusOfficial,,,Visitor,26.0,9.0,33.0,5:20, ,,,2,TM,5.0,ResultPenaltyRepeatdown,NA,,,,,,,,,,,,,,,,,,,,,,,0,0.0,0.0,0.0,0.0,0.0
2023,FOOTBALL_XFL_2023_3_16_HOU@SEA,HOU,2,SEA,6,123,1679023623.0,84423,2023-03-17 03:27:03.000000,EventFootballPunt,"4-15-SEA 41 (4:42) 46 R. Porter punts 31 yards from SEA 41 to 86 K. McKnight, Fair Catch at SEA 10",,True,2,4,42,Half1,MaSourceTypeOfficialScoring,FOOTBALL_XFL_2023_3_16_HOU@SEA,,QBStat,56,2302017-HOU-at-SEA,282,282,2082,4:42,3,2,Home,41,7,2,,,,0.0,41,0,6,,,,4.0,15.0,StatusOfficial,ResultKickFaircatch,,Visitor,26.0,9.0,33.0,5:21,PUNT,,,,,,,,,,,21248,21875,31.0,Home,10.0,,,,,,,,,,,,,,,1,0.0,0.0,0.0,0.0,0.0
2023,FOOTBALL_XFL_2023_3_16_HOU@SEA,HOU,2,SEA,6,125,1679023857.0,84657,2023-03-17 03:30:57.000000,EventFootballPass,1-10-SEA 10 (4:16) 6 B. DiNucci pass incomplete,,True,2,4,16,Half1,MaSourceTypeOfficialScoring,FOOTBALL_XFL_2023_3_16_HOU@SEA,,QBStat,57,2302017-HOU-at-SEA,256,256,2056,4:16,3,2,Home,10,8,6,,,,1.0,90,0,6,21979,,,1.0,10.0,StatusOfficial,ResultPassIncomplete,,Home,10.0,1.0,,0:07, ,,,,,,,,,,,,,,,,,,,,,,,,,,,,,,0,0.0,0.0,0.0,0.0,0.0
2023,FOOTBALL_XFL_2023_3_16_HOU@SEA,HOU,2,SEA,6,127,1679023897.0,84697,2023-03-17 03:31:37.000000,EventFootballPass,2-10-SEA 10 (3:44) 6 B. DiNucci pass incomplete to 3 J. Pearson,,True,2,3,44,Half1,MaSourceTypeOfficialScoring,FOOTBALL_XFL_2023_3_16_HOU@SEA,,QBStat,58,2302017-HOU-at-SEA,224,224,2024,3:44,3,2,Home,10,8,6,,,,1.0,90,0,6,21979,21203,,2.0,10.0,StatusOfficial,ResultPassIncomplete,,Home,10.0,2.0,,0:39, ,,,,,,,,,,,,,,,,,,,,,,,,,,,,,,0,0.0,0.0,0.0,0.0,0.0
2023,FOOTBALL_XFL_2023_3_16_HOU@SEA,HOU,2,SEA,6,129,1679023933.0,84733,2023-03-17 03:32:13.000000,EventFootballPass,3-10-SEA 10 (3:12) 6 B. DiNucci pass to 15 D. Willis to SEA 33 for 23 yards (23 S. Davis),,True,2,3,12,Half1,MaSourceTypeOfficialScoring,FOOTBALL_XFL_2023_3_16_HOU@SEA,,QBStat,59,2302017-HOU-at-SEA,192,192,1992,3:12,3,2,Home,10,8,6,,,,1.0,90,0,6,21979,21695,20368,3.0,10.0,StatusOfficial,ResultPassComplete,23.0,Home,10.0,3.0,23.0,1:23, ,,,,,,,,,,,,,,,,,,,,,,,,,,,,,,0,0.0,0.0,0.0,0.0,0.0
2023,FOOTBALL_XFL_2023_3_16_HOU@SEA,HOU,2,SEA,6,131,1679023968.0,84768,2023-03-17 03:32:48.000000,EventFootballPass,1-10-SEA 33 (2:37) 6 B. DiNucci pass incomplete to 80 B. Jackson Pass Defended by 57 C. Wiley,,True,2,2,37,Half1,MaSourceTypeOfficialScoring,FOOTBALL_XFL_2023_3_16_HOU@SEA,,QBStat,60,2302017-HOU-at-SEA,157,157,1957,2:37,3,2,Home,33,8,6,,,,1.0,67,0,6,21979,20761,,1.0,10.0,StatusOfficial,ResultPassIncomplete,,Home,10.0,4.0,23.0,2:04, ,22364,,,,,,,,,,,,,,,,,,,,,,,,,,,,,0,0.0,0.0,0.0,0.0,0.0
2023,FOOTBALL_XFL_2023_3_16_HOU@SEA,HOU,2,SEA,6,135,1679024009.0,84809,2023-03-17 03:33:29.000000,EventFootballPass,"2-10-SEA 33 (2:07) 6 B. DiNucci pass to 3 J. Pearson to HOU 34 for 33 yards (29 A. Hendy, 3 A. Harris)",,True,2,2,7,Half1,MaSourceTypeOfficialScoring,FOOTBALL_XFL_2023_3_16_HOU@SEA,,QBStat,61,2302017-HOU-at-SEA,127,127,1927,2:07,3,2,Home,33,8,6,,,,1.0,67,0,6,21979,21203,20675,2.0,10.0,StatusOfficial,ResultPassComplete,33.0,Home,10.0,5.0,56.0,2:23, ,,,,,,,,,20633,,,,,,,,,,,,,,,,,,,,,0,0.0,0.0,0.0,0.0,0.0
2023,FOOTBALL_XFL_2023_3_16_HOU@SEA,HOU,2,SEA,6,137,1679024245.0,85045,2023-03-17 03:37:25.000000,EventFootballPass,1-10-HOU 34 (1:57) 6 B. DiNucci pass to 15 D. Willis to HOU 21 for 13 yards (18 J. Mosley),,True,2,1,57,Half1,MaSourceTypeOfficialScoring,FOOTBALL_XFL_2023_3_16_HOU@SEA,,QBStat,62,2302017-HOU-at-SEA,117,117,1917,1:57,3,2,Visitor,34,8,6,,,,1.0,34,0,6,21979,21695,21108,1.0,10.0,StatusOfficial,ResultPassComplete,13.0,Home,10.0,6.0,69.0,2:31, ,,,,,,,,,,,,,,,,,,,,,,,,,,,,,,0,0.0,0.0,0.0,0.0,0.0
2023,FOOTBALL_XFL_2023_3_16_HOU@SEA,HOU,2,SEA,6,144,1679024277.0,85077,2023-03-17 03:37:57.000000,EventFootballRush,"1-10-HOU 21 (1:32) 23 D. Bradwell rush to HOU 21 for 0 yards (11 T. Beckett, 57 C. Wiley)",,True,2,1,32,Half1,MaSourceTypeOfficialScoring,FOOTBALL_XFL_2023_3_16_HOU@SEA,,QBStat,63,2302017-HOU-at-SEA,92,92,1892,1:32,3,2,Visitor,21,8,6,,,,1.0,21,0,6,,,20107,1.0,10.0,StatusOfficial,,0.0,Home,10.0,7.0,69.0,2:58, ,,,,,,,,21917,22364,,,,,,,,,,,,,,,,,,,,,0,0.0,0.0,0.0,0.0,0.0
2023,FOOTBALL_XFL_2023_3_16_HOU@SEA,HOU,2,SEA,6,141,1679024316.0,85116,2023-03-17 03:38:36.000000,EventFootballPass,2-10-HOU 21 (0:53) 6 B. DiNucci pass to 4 J. Green to HOU 9 for 12 yards (4 W. Likely),,True,2,0,53,Half1,MaSourceTypeOfficialScoring,FOOTBALL_XFL_2023_3_16_HOU@SEA,,QBStat,64,2302017-HOU-at-SEA,53,53,1853,0:53,3,2,Visitor,21,8,6,,,,1.0,21,0,6,21979,22035,22601,2.0,10.0,StatusOfficial,ResultPassComplete,12.0,Home,10.0,8.0,81.0,3:32, ,,,,,,,,,,,,,,,,,,,,,,,,,,,,,,0,0.0,0.0,0.0,0.0,0.0
2023,FOOTBALL_XFL_2023_3_16_HOU@SEA,HOU,2,SEA,6,143,1679024359.0,85159,2023-03-17 03:39:19.000000,EventFootballPass,"1-9-HOU 9 (0:45) 6 B. DiNucci pass to 15 D. Willis for 9 yards, TOUCHDOWN",,True,2,0,45,Half1,MaSourceTypeOfficialScoring,FOOTBALL_XFL_2023_3_16_HOU@SEA,,QBStat,65,2302017-HOU-at-SEA,45,45,1845,0:45,3,2,Visitor,9,8,6,,,,1.0,9,0,6,21979,21695,,1.0,9.0,StatusOfficial,ResultPassComplete,9.0,Home,10.0,9.0,90.0,3:38,TD,,,,,,,,,,,,,,,,ScoreTypeTd,,,,,,,,,,,,,,0,1.0,0.0,0.0,0.0,1.0
2023,FOOTBALL_XFL_2023_3_16_HOU@SEA,HOU,2,SEA,6,146,1679024390.0,85190,2023-03-17 03:39:50.000000,EventFootballPat3PtPass,6 B. DiNucci 3-pt conversion pass to 4 J. Green GOOD,,True,2,0,45,Half1,MaSourceTypeOfficialScoring,FOOTBALL_XFL_2023_3_16_HOU@SEA,,QBStat,66,2302017-HOU-at-SEA,45,45,1845,0:45,3,2,Visitor,10,8,6,,,,1.0,10,0,12,21979,22035,,,,StatusOfficial,ResultPassComplete,10.0,,,,,,,,,,,,,,,,,,,,,,ScoreTypeConv,3.0,,,,,,,,,,,,,0,0.0,0.0,0.0,0.0,0.0
2023,FOOTBALL_XFL_2023_3_16_HOU@SEA,HOU,2,SEA,6,376,1679024434.0,85234,2023-03-17 03:40:34.000000,EventFootballKickoff,"11 D. Eberle kicks from SEA 30. 20 D. Lee to HOU 11 for 18 yards (51 T. Skipper) PENALTY on 25 J. Brannon, 10 yards",,True,2,0,45,Half1,MaSourceTypeOfficialScoring,FOOTBALL_XFL_2023_3_16_HOU@SEA,,QBStat,67,2302017-HOU-at-SEA,45,45,1845,0:45,3,2,Home,30,9,2,,,,0.0,30,0,15,,,21422,,,StatusOfficial,ResultKickReturned,,,,,,,,,,2,21848,10.0,ResultPenaltyOnkickoffpat,NA,,,,,,,Visitor,11.0,,,,,,,,,,,,20107,20,18.0,0,0.0,0.0,0.0,0.0,0.0
2023,FOOTBALL_XFL_2023_3_16_HOU@SEA,HOU,2,SEA,6,308,1679024589.0,85389,2023-03-17 03:43:09.000000,EventFootballRush,"1-10-HOU 11 (0:38) 22 M. Borghi rush to HOU 17 for 6 yards (8 T. Walker, 2 A. Brooks)",,True,2,0,38,Half1,MaSourceTypeOfficialScoring,FOOTBALL_XFL_2023_3_16_HOU@SEA,,QBStat,68,2302017-HOU-at-SEA,38,38,1838,0:38,3,2,Visitor,11,9,2,,,,0.0,89,0,15,,,21620,1.0,10.0,StatusOfficial,,6.0,Visitor,11.0,1.0,6.0,0:45,HALF,,,,,,,,20149,21919,,,,,,,,,,,,,,,,,,,,,0,0.0,0.0,0.0,0.0,0.0
2023,FOOTBALL_XFL_2023_3_16_HOU@SEA,HOU,2,SEA,6,152,1679024634.1084883,,2023-03-17 03:43:54.108488,EventPeriodEnd,Halftime Marker,,True,2,0,0,Half1,MaSourceTypeOfficialScoring,FOOTBALL_XFL_2023_3_16_HOU@SEA,,QBStat,10010,2302017-HOU-at-SEA,0,0,1800,0:00,3,3,Visitor,17,9,2,,,,0.0,83,0,15,,,,2.0,4.0,,,,,,,,,,,,,,,,,,,,,,,,,,,,,,,,,,,,,,,0,0.0,0.0,0.0,0.0,0.0
2023,FOOTBALL_XFL_2023_3_16_HOU@SEA,HOU,2,SEA,6,370,1679025324.0,86124,2023-03-17 03:55:24.000000,EventFootballKickoff,8 H. Duplessis kicks from HOU 30. 86 K. McKnight to SEA 20 for 10 yards (25 J. Brannon),,True,3,15,0,Half2,MaSourceTypeOfficialScoring,FOOTBALL_XFL_2023_3_16_HOU@SEA,,QBStat,69,2302017-HOU-at-SEA,900,1800,1800,15:00,3,3,Visitor,30,10,6,,,,1.0,30,0,15,,,21848,,,StatusOfficial,ResultKickReturned,,,,,,,,,,,,,,,,,,,,,Home,20.0,,,,,,,,,,,,21620,86,10.0,0,0.0,0.0,0.0,0.0,0.0
2023,FOOTBALL_XFL_2023_3_16_HOU@SEA,HOU,2,SEA,6,157,1679025396.0,86196,2023-03-17 03:56:36.000000,EventFootballRush,1-10-SEA 20 (14:52) 19 T. Hammonds rush to SEA 34 for 14 yards (29 A. Hendy),,True,3,14,52,Half2,MaSourceTypeOfficialScoring,FOOTBALL_XFL_2023_3_16_HOU@SEA,,QBStat,70,2302017-HOU-at-SEA,892,1792,1792,14:52,3,3,Home,20,10,6,,,,1.0,80,0,15,,,20675,1.0,10.0,StatusOfficial,,14.0,Home,20.0,1.0,14.0,0:37, ,,,,,,,,20620,,,,,,,,,,,,,,,,,,,,,,0,0.0,0.0,0.0,0.0,0.0
2023,FOOTBALL_XFL_2023_3_16_HOU@SEA,HOU,2,SEA,6,159,1679025434.0,86234,2023-03-17 03:57:14.000000,EventFootballPass,1-10-SEA 34 (14:14) 6 B. DiNucci pass to 80 B. Jackson to SEA 35 for 1 yard (18 J. Mosley),,True,3,14,14,Half2,MaSourceTypeOfficialScoring,FOOTBALL_XFL_2023_3_16_HOU@SEA,,QBStat,71,2302017-HOU-at-SEA,854,1754,1754,14:14,3,3,Home,34,10,6,,,,1.0,66,0,15,21979,20761,21108,1.0,10.0,StatusOfficial,ResultPassComplete,1.0,Home,20.0,2.0,15.0,0:56, ,,,,,,,,,,,,,,,,,,,,,,,,,,,,,,0,0.0,0.0,0.0,0.0,0.0
2023,FOOTBALL_XFL_2023_3_16_HOU@SEA,HOU,2,SEA,6,161,1679025473.0,86273,2023-03-17 03:57:53.000000,EventFootballPass,2-9-SEA 35 (13:35) 6 B. DiNucci pass incomplete to 3 J. Pearson,,True,3,13,35,Half2,MaSourceTypeOfficialScoring,FOOTBALL_XFL_2023_3_16_HOU@SEA,,QBStat,72,2302017-HOU-at-SEA,815,1715,1715,13:35,3,3,Home,35,10,6,,,,1.0,65,0,15,21979,21203,,2.0,9.0,StatusOfficial,ResultPassIncomplete,,Home,20.0,3.0,15.0,1:25, ,,,,,,,,,,,,,,,,,,,,,,,,,,,,,,0,0.0,0.0,0.0,0.0,0.0
2023,FOOTBALL_XFL_2023_3_16_HOU@SEA,HOU,2,SEA,6,163,1679025544.0,86344,2023-03-17 03:59:04.000000,EventFootballPass,3-9-SEA 35 (13:00) 6 B. DiNucci pass incomplete to 0 J. Gordon,,True,3,13,0,Half2,MaSourceTypeOfficialScoring,FOOTBALL_XFL_2023_3_16_HOU@SEA,,QBStat,73,2302017-HOU-at-SEA,780,1680,1680,13:00,3,3,Home,35,10,6,,,,1.0,65,0,15,21979,22840,,3.0,9.0,StatusOfficial,ResultPassIncomplete,,Home,20.0,4.0,15.0,2:00, ,,,,,,,,,,,,,,,,,,,,,,,,,,,,,,0,0.0,0.0,0.0,0.0,0.0
2023,FOOTBALL_XFL_2023_3_16_HOU@SEA,HOU,2,SEA,6,165,1679025551.0,86351,2023-03-17 03:59:11.000000,EventFootballPunt,"4-9-SEA 35 (13:00) 10 C. Nizialek punts 36 yards from SEA 35 to 6 T. Harris, Fair Catch at HOU 34",,True,3,13,0,Half2,MaSourceTypeOfficialScoring,FOOTBALL_XFL_2023_3_16_HOU@SEA,,QBStat,74,2302017-HOU-at-SEA,780,1680,1680,13:00,3,3,Home,35,10,6,,,,1.0,65,0,15,,,,4.0,9.0,StatusOfficial,ResultKickFaircatch,,Home,20.0,4.0,15.0,2:00,PUNT,,,6,20878,5.0,ResultPenaltyOnkickoffpat,NA,,,,21997,20642,36.0,Visitor,34.0,,,,,,,,,,,,,,,1,0.0,0.0,0.0,0.0,0.0
2023,FOOTBALL_XFL_2023_3_16_HOU@SEA,HOU,2,SEA,6,167,1679025668.0,68,2023-03-17 04:01:08.000000,EventFootballPass,1-10-HOU 34 (12:37) 12 B. Silvers pass to 2 C. Byrd to HOU 39 for 5 yards (32 Q. Cole),,True,3,12,37,Half2,MaSourceTypeOfficialScoring,FOOTBALL_XFL_2023_3_16_HOU@SEA,,QBStat,75,2302017-HOU-at-SEA,757,1657,1657,12:37,3,3,Visitor,34,11,2,,,,0.0,66,0,15,21984,20241,20311,1.0,10.0,StatusOfficial,ResultPassComplete,5.0,Visitor,34.0,1.0,5.0,0:17, ,,,,,,,,,,,,,,,,,,,,,,,,,,,,,,0,0.0,0.0,0.0,0.0,0.0
2023,FOOTBALL_XFL_2023_3_16_HOU@SEA,HOU,2,SEA,6,172,1679025695.0,95,2023-03-17 04:01:35.000000,EventFootballRush,2-5-HOU 39 (12:10) 22 M. Borghi rush to HOU 40 for 1 yard (9 C. Hicks),,True,3,12,10,Half2,MaSourceTypeOfficialScoring,FOOTBALL_XFL_2023_3_16_HOU@SEA,,QBStat,76,2302017-HOU-at-SEA,730,1630,1630,12:10,3,3,Visitor,39,11,2,,,,0.0,61,0,15,,,22344,2.0,5.0,StatusOfficial,,1.0,Visitor,34.0,2.0,7.0,0:56, ,,,,,,,,20149,,,,,,,,,,,,,,,,,,,,,,0,0.0,0.0,0.0,0.0,0.0
2023,FOOTBALL_XFL_2023_3_16_HOU@SEA,HOU,2,SEA,6,179,1679025731.0,131,2023-03-17 04:02:11.000000,EventFootballPass,"3-3-HOU 40 (11:34) 12 B. Silvers pass to 2 C. Byrd to HOU 47 for 7 yards (36 Z. Kelly, 32 Q. Cole)",,True,3,11,34,Half2,MaSourceTypeOfficialScoring,FOOTBALL_XFL_2023_3_16_HOU@SEA,,QBStat,77,2302017-HOU-at-SEA,694,1594,1594,11:34,3,3,Visitor,40,11,2,,,,0.0,60,0,15,21984,20241,20878,3.0,3.0,StatusOfficial,ResultPassComplete,7.0,Visitor,34.0,3.0,14.0,1:38, ,,,,,,,,,20311,,,,,,,,,,,,,,,,,,,,,0,0.0,0.0,0.0,0.0,0.0
2023,FOOTBALL_XFL_2023_3_16_HOU@SEA,HOU,2,SEA,6,192,1679025764.0,164,2023-03-17 04:02:44.000000,EventFootballPass,1-10-HOU 47 (11:01) 12 B. Silvers pass to 10 J. Smith to SEA 49 for 4 yards (32 Q. Cole),,True,3,11,1,Half2,MaSourceTypeOfficialScoring,FOOTBALL_XFL_2023_3_16_HOU@SEA,,QBStat,78,2302017-HOU-at-SEA,661,1561,1561,11:01,3,3,Visitor,47,11,2,,,,0.0,53,0,15,21984,21441,20311,1.0,10.0,StatusOfficial,ResultPassComplete,4.0,Visitor,34.0,4.0,17.0,2:05, ,,,,,,,,,,,,,,,,,,,,,,,,,,,,,,0,0.0,0.0,0.0,0.0,0.0
2023,FOOTBALL_XFL_2023_3_16_HOU@SEA,HOU,2,SEA,6,193,1679025845.0,245,2023-03-17 04:04:05.000000,EventFootballPenalty,"2-7-SEA 49 (10:23) PENALTY on 56 D. Parker, 15 yards",,True,3,10,23,Half2,MaSourceTypeOfficialScoring,FOOTBALL_XFL_2023_3_16_HOU@SEA,,QBStat,79,2302017-HOU-at-SEA,623,1523,1523,10:23,3,3,Home,49,11,2,,,,0.0,49,0,15,,,,2.0,7.0,StatusOfficial,,,Visitor,34.0,4.0,,2:28, ,,,2,21189,15.0,ResultPenaltyRepeatdown,NA,,,,,,,,,,,,,,,,,,,,,,,0,0.0,0.0,0.0,0.0,0.0
2023,FOOTBALL_XFL_2023_3_16_HOU@SEA,HOU,2,SEA,6,186,1679025898.0,298,2023-03-17 04:04:58.000000,EventFootballPass,2-22-HOU 36 (10:03) 12 B. Silvers pass incomplete to 10 J. Smith Pass Defended by 0 J. Gordon,,True,3,10,3,Half2,MaSourceTypeOfficialScoring,FOOTBALL_XFL_2023_3_16_HOU@SEA,,QBStat,80,2302017-HOU-at-SEA,603,1503,1503,10:03,3,3,Visitor,36,11,2,,,,0.0,64,0,15,21984,21441,,2.0,22.0,StatusOfficial,ResultPassIncomplete,,Visitor,34.0,5.0,2.0,2:45, ,22840,,,,,,,,,,,,,,,,,,,,,,,,,,,,,0,0.0,0.0,0.0,0.0,0.0
2023,FOOTBALL_XFL_2023_3_16_HOU@SEA,HOU,2,SEA,6,189,1679025938.0,338,2023-03-17 04:05:38.000000,EventFootballPass,3-21-HOU 36 (9:34) 12 B. Silvers pass incomplete to 2 C. Byrd QB Hit by 8 T. Walker Pass Defended by 36 Z. Kelly,,True,3,9,34,Half2,MaSourceTypeOfficialScoring,FOOTBALL_XFL_2023_3_16_HOU@SEA,,QBStat,81,2302017-HOU-at-SEA,574,1474,1474,9:34,3,3,Visitor,36,11,2,,,,0.0,64,0,15,21984,20241,,3.0,21.0,StatusOfficial,ResultPassIncomplete,,Visitor,34.0,6.0,2.0,3:24, ,20878,,,,,,,,,21620,,,,,,,,,,,,,,,,,,,,0,0.0,0.0,0.0,0.0,0.0
2023,FOOTBALL_XFL_2023_3_16_HOU@SEA,HOU,2,SEA,6,191,1679025966.0,366,2023-03-17 04:06:06.000000,EventFootballPunt,4-21-HOU 36 (9:16) 46 R. Porter punts 35 yards from HOU 36 to SEA 29. 86 K. McKnight to SEA 31 for 2 yards (80 B. Putman),,True,3,9,16,Half2,MaSourceTypeOfficialScoring,FOOTBALL_XFL_2023_3_16_HOU@SEA,,QBStat,82,2302017-HOU-at-SEA,556,1456,1456,9:16,3,3,Visitor,36,11,2,,,,0.0,64,0,15,,,20761,4.0,21.0,StatusOfficial,ResultKickReturned,,Visitor,34.0,6.0,2.0,3:44,PUNT,,,,,,,,,,,21248,21875,35.0,Home,31.0,,,2.0,,,,,,,,,,,,1,0.0,0.0,0.0,0.0,0.0
2023,FOOTBALL_XFL_2023_3_16_HOU@SEA,HOU,2,SEA,6,195,1679026198.0,598,2023-03-17 04:09:58.000000,EventFootballPass,1-10-SEA 31 (9:00) 6 B. DiNucci pass incomplete to 15 D. Willis,,True,3,9,0,Half2,MaSourceTypeOfficialScoring,FOOTBALL_XFL_2023_3_16_HOU@SEA,,QBStat,83,2302017-HOU-at-SEA,540,1440,1440,9:00,3,3,Home,31,12,6,,,,1.0,69,0,15,21979,21695,,1.0,10.0,StatusOfficial,ResultPassIncomplete,,Home,31.0,1.0,,0:12, ,,,,,,,,,,,,,,,,,,,,,,,,,,,,,,0,0.0,0.0,0.0,0.0,0.0
2023,FOOTBALL_XFL_2023_3_16_HOU@SEA,HOU,2,SEA,6,197,1679026238.0,638,2023-03-17 04:10:38.000000,EventFootballPass,2-10-SEA 31 (8:27) 6 B. DiNucci pass incomplete to 3 J. Pearson Pass Defended by 4 W. Likely,,True,3,8,27,Half2,MaSourceTypeOfficialScoring,FOOTBALL_XFL_2023_3_16_HOU@SEA,,QBStat,84,2302017-HOU-at-SEA,507,1407,1407,8:27,3,3,Home,31,12,6,,,,1.0,69,0,15,21979,21203,,2.0,10.0,StatusOfficial,ResultPassIncomplete,,Home,31.0,2.0,,0:41, ,22601,,,,,,,,,,,,,,,,,,,,,,,,,,,,,0,0.0,0.0,0.0,0.0,0.0
2023,FOOTBALL_XFL_2023_3_16_HOU@SEA,HOU,2,SEA,6,200,1679026277.0,677,2023-03-17 04:11:17.000000,EventFootballRush,3-10-SEA 31 (7:53) 6 B. DiNucci rush to SEA 36 for 5 yards (98 C. Brewer),,True,3,7,53,Half2,MaSourceTypeOfficialScoring,FOOTBALL_XFL_2023_3_16_HOU@SEA,,QBStat,85,2302017-HOU-at-SEA,473,1373,1373,7:53,3,3,Home,31,12,6,,,,1.0,69,0,15,,,21989,3.0,10.0,StatusOfficial,,5.0,Home,31.0,3.0,5.0,1:42, ,,,,,,,,21979,,,,,,,,,,,,,,,,,,,,,,0,0.0,0.0,0.0,0.0,0.0
2023,FOOTBALL_XFL_2023_3_16_HOU@SEA,HOU,2,SEA,6,202,1679026309.0,709,2023-03-17 04:11:49.000000,EventFootballPunt,4-5-SEA 36 (7:21) 10 C. Nizialek punts 40 yards from SEA 36 to HOU 24. 6 T. Harris to HOU 29 for 5 yards (36 Z. Kelly),,True,3,7,21,Half2,MaSourceTypeOfficialScoring,FOOTBALL_XFL_2023_3_16_HOU@SEA,,QBStat,86,2302017-HOU-at-SEA,441,1341,1341,7:21,3,3,Home,36,12,6,,,,1.0,64,0,15,,,21918,4.0,5.0,StatusOfficial,ResultKickReturned,,Home,31.0,3.0,5.0,1:55,PUNT,,,,,,,,,,,21997,20642,40.0,Visitor,29.0,,,5.0,,,,,,,,,,,,1,0.0,0.0,0.0,0.0,0.0
2023,FOOTBALL_XFL_2023_3_16_HOU@SEA,HOU,2,SEA,6,204,1679026375.0,775,2023-03-17 04:12:55.000000,EventFootballPass,1-10-HOU 29 (6:58) 12 B. Silvers pass incomplete to 26 B. Alleyne,,True,3,6,58,Half2,MaSourceTypeOfficialScoring,FOOTBALL_XFL_2023_3_16_HOU@SEA,,QBStat,87,2302017-HOU-at-SEA,418,1318,1318,6:58,3,3,Visitor,29,13,2,,,,0.0,71,0,15,21984,20033,,1.0,10.0,StatusOfficial,ResultPassIncomplete,,Visitor,29.0,1.0,,0:05, ,,,,,,,,,,,,,,,,,,,,,,,,,,,,,,0,0.0,0.0,0.0,0.0,0.0
2023,FOOTBALL_XFL_2023_3_16_HOU@SEA,HOU,2,SEA,6,206,1679026413.0,813,2023-03-17 04:13:33.000000,EventFootballPass,2-10-HOU 29 (6:39) 12 B. Silvers pass incomplete to 1 D. Burnett Pass Defended by 5 C. Payton-Jones,,True,3,6,39,Half2,MaSourceTypeOfficialScoring,FOOTBALL_XFL_2023_3_16_HOU@SEA,,QBStat,88,2302017-HOU-at-SEA,399,1299,1299,6:39,3,3,Visitor,29,13,2,,,,0.0,71,0,15,21984,20229,,2.0,10.0,StatusOfficial,ResultPassIncomplete,,Visitor,29.0,2.0,,0:23, ,20836,,,,,,,,,,,,,,,,,,,,,,,,,,,,,0,0.0,0.0,0.0,0.0,0.0
2023,FOOTBALL_XFL_2023_3_16_HOU@SEA,HOU,2,SEA,6,208,1679026445.0,845,2023-03-17 04:14:05.000000,EventFootballPass,3-10-HOU 29 (6:11) 12 B. Silvers pass incomplete to 80 B. Putman Pass Defended by 36 Z. Kelly,,True,3,6,11,Half2,MaSourceTypeOfficialScoring,FOOTBALL_XFL_2023_3_16_HOU@SEA,,QBStat,89,2302017-HOU-at-SEA,371,1271,1271,6:11,3,3,Visitor,29,13,2,,,,0.0,71,0,15,21984,21266,,3.0,10.0,StatusOfficial,ResultPassIncomplete,,Visitor,29.0,3.0,,1:00, ,20878,,,,,,,,,,,,,,,,,,,,,,,,,,,,,0,0.0,0.0,0.0,0.0,0.0
2023,FOOTBALL_XFL_2023_3_16_HOU@SEA,HOU,2,SEA,6,210,1679026463.0,863,2023-03-17 04:14:23.000000,EventFootballPunt,"4-10-HOU 29 (5:59) 46 R. Porter punt blocked by 51 T. Skipper, ball on HOU 9",,True,3,5,59,Half2,MaSourceTypeOfficialScoring,FOOTBALL_XFL_2023_3_16_HOU@SEA,,QBStat,90,2302017-HOU-at-SEA,359,1259,1259,5:59,3,3,Visitor,29,13,2,,,,0.0,71,0,15,,,,4.0,10.0,StatusOfficial,ResultKickBlocked,,Visitor,29.0,3.0,,1:22,PUNT,,,,,,,,,,,21248,,,Visitor,9.0,,,,,,,,,,,21422,,,,1,0.0,0.0,0.0,0.0,0.0
2023,FOOTBALL_XFL_2023_3_16_HOU@SEA,HOU,2,SEA,6,212,1679026537.0,937,2023-03-17 04:15:37.000000,EventFootballRush,1-9-HOU 9 (5:32) 25 M. Ellison rush to HOU 7 for 2 yards (23 S. Davis),,True,3,5,32,Half2,MaSourceTypeOfficialScoring,FOOTBALL_XFL_2023_3_16_HOU@SEA,,QBStat,91,2302017-HOU-at-SEA,332,1232,1232,5:32,3,3,Visitor,9,14,6,,,,1.0,9,0,15,,,20368,1.0,9.0,StatusOfficial,,2.0,Visitor,9.0,1.0,2.0,0:09, ,,,,,,,,20450,,,,,,,,,,,,,,,,,,,,,,0,0.0,0.0,0.0,0.0,0.0
2023,FOOTBALL_XFL_2023_3_16_HOU@SEA,HOU,2,SEA,6,217,1679026599.0,999,2023-03-17 04:16:39.000000,EventFootballPenalty,"2-7-HOU 7 (4:43) PENALTY on 73 J. Thomas, 10 yards",,True,3,4,43,Half2,MaSourceTypeOfficialScoring,FOOTBALL_XFL_2023_3_16_HOU@SEA,,QBStat,92,2302017-HOU-at-SEA,283,1183,1183,4:43,3,3,Visitor,7,14,6,,,,1.0,7,0,15,,,,2.0,7.0,StatusOfficial,,,Visitor,9.0,1.0,-8.0,0:54, ,,,6,22766,10.0,ResultPenaltyRepeatdown,NA,,,,,,,,,,,,,,,,,,,,,,,0,0.0,0.0,0.0,0.0,0.0
2023,FOOTBALL_XFL_2023_3_16_HOU@SEA,HOU,2,SEA,6,220,1679026637.0,1037,2023-03-17 04:17:17.000000,EventFootballPass,2-17-HOU 17 (4:13) 6 B. DiNucci pass intended for 0 J. Gordon INTERCEPTED by 3 A. Harris returned 0 yards to HOU 35,,True,3,4,13,Half2,MaSourceTypeOfficialScoring,FOOTBALL_XFL_2023_3_16_HOU@SEA,,QBStat,93,2302017-HOU-at-SEA,253,1153,1153,4:13,3,3,Visitor,17,14,6,,,,1.0,17,0,15,21979,22840,,2.0,17.0,StatusOfficial,ResultPassInterception,,Visitor,9.0,2.0,-8.0,1:46,INT,,,,,,,,,,,,,,Visitor,35.0,,,,,,,,,20633,,,,,,0,0.0,0.0,0.0,0.0,0.0
2023,FOOTBALL_XFL_2023_3_16_HOU@SEA,HOU,2,SEA,6,222,1679026883.0,1283,2023-03-17 04:21:23.000000,EventFootballPass,1-10-HOU 35 (4:05) 12 B. Silvers pass incomplete to 2 C. Byrd,,True,3,4,5,Half2,MaSourceTypeOfficialScoring,FOOTBALL_XFL_2023_3_16_HOU@SEA,,QBStat,94,2302017-HOU-at-SEA,245,1145,1145,4:05,3,3,Visitor,35,15,2,,,,0.0,65,0,15,21984,20241,,1.0,10.0,StatusOfficial,ResultPassIncomplete,,Visitor,35.0,1.0,,0:04, ,,,,,,,,,,,,,,,,,,,,,,,,,,,,,,0,0.0,0.0,0.0,0.0,0.0
2023,FOOTBALL_XFL_2023_3_16_HOU@SEA,HOU,2,SEA,6,224,1679026913.0,1313,2023-03-17 04:21:53.000000,EventFootballPass,2-10-HOU 35 (3:46) 12 B. Silvers pass to 1 D. Burnett to HOU 42 for 7 yards (32 Q. Cole),,True,3,3,46,Half2,MaSourceTypeOfficialScoring,FOOTBALL_XFL_2023_3_16_HOU@SEA,,QBStat,95,2302017-HOU-at-SEA,226,1126,1126,3:46,3,3,Visitor,35,15,2,,,,0.0,65,0,15,21984,20229,20311,2.0,10.0,StatusOfficial,ResultPassComplete,7.0,Visitor,35.0,2.0,7.0,0:33, ,,,,,,,,,,,,,,,,,,,,,,,,,,,,,,0,0.0,0.0,0.0,0.0,0.0
2023,FOOTBALL_XFL_2023_3_16_HOU@SEA,HOU,2,SEA,6,226,1679026955.0,1355,2023-03-17 04:22:35.000000,EventFootballSack,"3-3-HOU 42 (3:03) 12 B. Silvers sacked at HOU 30 for -12 yards Fumbled by 12 B. Silvers,  Forced by 51 T. Skipper Recovered by 56 D. Parker (51 T. Skipper)",,True,3,3,3,Half2,MaSourceTypeOfficialScoring,FOOTBALL_XFL_2023_3_16_HOU@SEA,,QBStat,96,2302017-HOU-at-SEA,183,1083,1083,3:03,3,3,Visitor,42,15,2,,,,0.0,58,0,15,21984,,,3.0,3.0,StatusOfficial,,-12.0,Visitor,35.0,3.0,-5.0,1:35, ,,21422,,,,,,,,,,,,Visitor,30.0,,,,2,21984,2,21189,21422,,,,,,,0,0.0,0.0,0.0,0.0,0.0
2023,FOOTBALL_XFL_2023_3_16_HOU@SEA,HOU,2,SEA,6,229,1679026986.0,1386,2023-03-17 04:23:06.000000,EventFootballPunt,"4-15-HOU 30 (2:32) 46 R. Porter punts 48 yards from HOU 30 to SEA 22. 86 K. McKnight to SEA 29 for 7 yards (21 G. Owens, 17 D. Johnson)",,True,3,2,32,Half2,MaSourceTypeOfficialScoring,FOOTBALL_XFL_2023_3_16_HOU@SEA,,QBStat,97,2302017-HOU-at-SEA,152,1052,1052,2:32,3,3,Visitor,30,15,2,,,,0.0,70,0,15,,,21963,4.0,15.0,StatusOfficial,ResultKickReturned,,Visitor,35.0,3.0,-5.0,1:41,PUNT,,,,,,,,,20468,,21248,21875,48.0,Home,29.0,,,7.0,,,,,,,,,,,,1,0.0,0.0,0.0,0.0,0.0
2023,FOOTBALL_XFL_2023_3_16_HOU@SEA,HOU,2,SEA,6,231,1679027045.0,1445,2023-03-17 04:24:05.000000,EventFootballRush,1-10-SEA 29 (2:14) 25 M. Ellison rush to SEA 30 for 1 yard (52 E. Ellerbee),,True,3,2,14,Half2,MaSourceTypeOfficialScoring,FOOTBALL_XFL_2023_3_16_HOU@SEA,,QBStat,98,2302017-HOU-at-SEA,134,1034,1034,2:14,3,3,Home,29,16,6,,,,1.0,71,0,15,,,21857,1.0,10.0,StatusOfficial,,1.0,Home,29.0,1.0,1.0,0:09, ,,,,,,,,20450,,,,,,,,,,,,,,,,,,,,,,0,0.0,0.0,0.0,0.0,0.0
2023,FOOTBALL_XFL_2023_3_16_HOU@SEA,HOU,2,SEA,6,233,1679027084.0,1484,2023-03-17 04:24:44.000000,EventFootballPass,2-9-SEA 30 (1:35) 6 B. DiNucci pass to 88 J. Veasy to SEA 46 for 16 yards (16 R. Texada),,True,3,1,35,Half2,MaSourceTypeOfficialScoring,FOOTBALL_XFL_2023_3_16_HOU@SEA,,QBStat,99,2302017-HOU-at-SEA,95,995,995,1:35,3,3,Home,30,16,6,,,,1.0,70,0,15,21979,22306,21536,2.0,9.0,StatusOfficial,ResultPassComplete,16.0,Home,29.0,2.0,17.0,0:52, ,,,,,,,,,,,,,,,,,,,,,,,,,,,,,,0,0.0,0.0,0.0,0.0,0.0
2023,FOOTBALL_XFL_2023_3_16_HOU@SEA,HOU,2,SEA,6,238,1679027116.0,1516,2023-03-17 04:25:16.000000,EventFootballRush,"1-10-SEA 46 (1:06) 25 M. Ellison rush to Midfield for 4 yards (98 C. Brewer, 96 J. Heflin)",,True,3,1,6,Half2,MaSourceTypeOfficialScoring,FOOTBALL_XFL_2023_3_16_HOU@SEA,,QBStat,100,2302017-HOU-at-SEA,66,966,966,1:06,3,3,Home,46,16,6,,,,1.0,54,0,15,,,21989,1.0,10.0,StatusOfficial,,4.0,Home,29.0,3.0,21.0,1:44, ,,,,,,,,20450,22875,,,,,,,,,,,,,,,,,,,,,0,0.0,0.0,0.0,0.0,0.0
2023,FOOTBALL_XFL_2023_3_16_HOU@SEA,HOU,2,SEA,6,237,1679027156.0,1556,2023-03-17 04:25:56.000000,EventFootballPass,2-6-Midfield (0:26) 6 B. DiNucci pass to 15 D. Willis to HOU 45 for 5 yards (0 K. Vincent),,True,3,0,26,Half2,MaSourceTypeOfficialScoring,FOOTBALL_XFL_2023_3_16_HOU@SEA,,QBStat,101,2302017-HOU-at-SEA,26,926,926,0:26,3,3,Home,50,16,6,,,,1.0,50,0,15,21979,21695,21609,2.0,6.0,StatusOfficial,ResultPassComplete,5.0,Home,29.0,4.0,26.0,2:02, ,,,,,,,,,,,,,,,,,,,,,,,,,,,,,,0,0.0,0.0,0.0,0.0,0.0
2023,FOOTBALL_XFL_2023_3_16_HOU@SEA,HOU,2,SEA,6,240,1679027392.0,1792,2023-03-17 04:29:52.000000,EventFootballRush,"3-1-HOU 45 (14:57) 25 M. Ellison rush to HOU 43 for 2 yards (52 E. Ellerbee, 89 T. Ward)",,True,4,14,57,Half2,MaSourceTypeOfficialScoring,FOOTBALL_XFL_2023_3_16_HOU@SEA,,QBStat,102,2302017-HOU-at-SEA,897,897,897,14:57,3,3,Visitor,45,16,6,,,,1.0,45,0,15,,,21857,3.0,1.0,StatusOfficial,,2.0,Home,29.0,5.0,28.0,2:24, ,,,,,,,,20450,21628,,,,,,,,,,,,,,,,,,,,,0,0.0,0.0,0.0,0.0,0.0
2023,FOOTBALL_XFL_2023_3_16_HOU@SEA,HOU,2,SEA,6,242,1679027431.0,1831,2023-03-17 04:30:31.000000,EventFootballSack,1-10-HOU 43 (14:18) 6 B. DiNucci sacked at HOU 48 for -5 yards (89 T. Ward),,True,4,14,18,Half2,MaSourceTypeOfficialScoring,FOOTBALL_XFL_2023_3_16_HOU@SEA,,QBStat,103,2302017-HOU-at-SEA,858,858,858,14:18,3,3,Visitor,43,16,6,,,,1.0,43,0,15,21979,,,1.0,10.0,StatusOfficial,,-5.0,Home,29.0,6.0,23.0,3:08, ,,21628,,,,,,,,,,,,,,,,,,,,,,,,,,,,0,0.0,0.0,0.0,0.0,0.0
2023,FOOTBALL_XFL_2023_3_16_HOU@SEA,HOU,2,SEA,6,244,1679027468.0,1868,2023-03-17 04:31:08.000000,EventFootballRush,"2-15-HOU 48 (13:41) 25 M. Ellison rush to HOU 47 for 1 yard (52 E. Ellerbee, 4 W. Likely)",,True,4,13,41,Half2,MaSourceTypeOfficialScoring,FOOTBALL_XFL_2023_3_16_HOU@SEA,,QBStat,104,2302017-HOU-at-SEA,821,821,821,13:41,3,3,Visitor,48,16,6,,,,1.0,48,0,15,,,21857,2.0,15.0,StatusOfficial,,1.0,Home,29.0,7.0,24.0,3:46, ,,,,,,,,20450,22601,,,,,,,,,,,,,,,,,,,,,0,0.0,0.0,0.0,0.0,0.0
2023,FOOTBALL_XFL_2023_3_16_HOU@SEA,HOU,2,SEA,6,247,1679027512.0,1912,2023-03-17 04:31:52.000000,EventFootballSack,3-14-HOU 47 (12:57) 6 B. DiNucci sacked at SEA 47 for -6 yards (47 C. Rivers),,True,4,12,57,Half2,MaSourceTypeOfficialScoring,FOOTBALL_XFL_2023_3_16_HOU@SEA,,QBStat,105,2302017-HOU-at-SEA,777,777,777,12:57,3,3,Visitor,47,16,6,,,,1.0,47,0,15,21979,,,3.0,14.0,StatusOfficial,,-6.0,Home,29.0,8.0,18.0,4:41, ,,21820,,,,,,,,,,,,,,,,,,,,,,,,,,,,0,0.0,0.0,0.0,0.0,0.0
2023,FOOTBALL_XFL_2023_3_16_HOU@SEA,HOU,2,SEA,6,249,1679027536.0,1936,2023-03-17 04:32:16.000000,EventFootballPunt,4-20-SEA 47 (12:33) 10 C. Nizialek punts 40 yards from SEA 47 to HOU 13. 6 T. Harris to HOU 27 for 14 yards (8 T. Walker),,True,4,12,33,Half2,MaSourceTypeOfficialScoring,FOOTBALL_XFL_2023_3_16_HOU@SEA,,QBStat,106,2302017-HOU-at-SEA,753,753,753,12:33,3,3,Home,47,16,6,,,,1.0,53,0,15,,,20424,4.0,20.0,StatusOfficial,ResultKickReturned,,Home,29.0,8.0,18.0,4:59,PUNT,,,,,,,,,,,21997,20642,40.0,Visitor,27.0,,,14.0,,,,,,,,,,,,1,0.0,0.0,0.0,0.0,0.0
2023,FOOTBALL_XFL_2023_3_16_HOU@SEA,HOU,2,SEA,6,251,1679027598.0,1998,2023-03-17 04:33:18.000000,EventFootballPass,1-10-HOU 27 (12:07) 12 B. Silvers pass incomplete to 80 B. Putman QB Hit by 96 D. Joseph,,True,4,12,7,Half2,MaSourceTypeOfficialScoring,FOOTBALL_XFL_2023_3_16_HOU@SEA,,QBStat,107,2302017-HOU-at-SEA,727,727,727,12:07,3,3,Visitor,27,17,2,,,,0.0,73,0,15,21984,21266,,1.0,10.0,StatusOfficial,ResultPassIncomplete,,Visitor,27.0,1.0,,0:07, ,,,,,,,,,,21869,,,,,,,,,,,,,,,,,,,,0,0.0,0.0,0.0,0.0,0.0
2023,FOOTBALL_XFL_2023_3_16_HOU@SEA,HOU,2,SEA,6,258,1679027628.0,2028,2023-03-17 04:33:48.000000,EventFootballRush,"2-10-HOU 27 (11:43) 26 B. Alleyne rush to HOU 37 for 10 yards (32 Q. Cole, 36 Z. Kelly)",,True,4,11,43,Half2,MaSourceTypeOfficialScoring,FOOTBALL_XFL_2023_3_16_HOU@SEA,,QBStat,108,2302017-HOU-at-SEA,703,703,703,11:43,3,3,Visitor,27,17,2,,,,0.0,73,0,15,,,20311,2.0,10.0,StatusOfficial,,10.0,Visitor,27.0,2.0,10.0,0:38, ,,,,,,,,20033,20878,,,,,,,,,,,,,,,,,,,,,0,0.0,0.0,0.0,0.0,0.0
2023,FOOTBALL_XFL_2023_3_16_HOU@SEA,HOU,2,SEA,6,255,1679027661.0,2061,2023-03-17 04:34:21.000000,EventFootballPass,1-10-HOU 37 (11:10) 12 B. Silvers pass incomplete to 80 B. Putman Pass Defended by 43 E. Smith,,True,4,11,10,Half2,MaSourceTypeOfficialScoring,FOOTBALL_XFL_2023_3_16_HOU@SEA,,QBStat,109,2302017-HOU-at-SEA,670,670,670,11:10,3,3,Visitor,37,17,2,,,,0.0,63,0,15,21984,21266,,1.0,10.0,StatusOfficial,ResultPassIncomplete,,Visitor,27.0,3.0,10.0,1:03, ,21437,,,,,,,,,,,,,,,,,,,,,,,,,,,,,0,0.0,0.0,0.0,0.0,0.0
2023,FOOTBALL_XFL_2023_3_16_HOU@SEA,HOU,2,SEA,6,257,1679027693.0,2093,2023-03-17 04:34:53.000000,EventFootballRush,2-10-HOU 37 (10:45) 26 B. Alleyne rush to HOU 44 for 7 yards (9 C. Hicks),,True,4,10,45,Half2,MaSourceTypeOfficialScoring,FOOTBALL_XFL_2023_3_16_HOU@SEA,,QBStat,110,2302017-HOU-at-SEA,645,645,645,10:45,3,3,Visitor,37,17,2,,,,0.0,63,0,15,,,22344,2.0,10.0,StatusOfficial,,7.0,Visitor,27.0,4.0,17.0,1:41, ,,,,,,,,20033,,,,,,,,,,,,,,,,,,,,,,0,0.0,0.0,0.0,0.0,0.0
2023,FOOTBALL_XFL_2023_3_16_HOU@SEA,HOU,2,SEA,6,260,1679027911.0,2311,2023-03-17 04:38:31.000000,EventFootballPass,3-3-HOU 44 (10:13) 12 B. Silvers pass incomplete to 26 B. Alleyne Pass Defended by 96 D. Joseph,,True,4,10,13,Half2,MaSourceTypeOfficialScoring,FOOTBALL_XFL_2023_3_16_HOU@SEA,,QBStat,111,2302017-HOU-at-SEA,613,613,613,10:13,3,3,Visitor,44,17,2,,,,0.0,56,0,15,21984,20033,,3.0,3.0,StatusOfficial,ResultPassIncomplete,,Visitor,27.0,5.0,17.0,2:01, ,21869,,,,,,,,,,,,,,,,,,,,,,,,,,,,,0,0.0,0.0,0.0,0.0,0.0
2023,FOOTBALL_XFL_2023_3_16_HOU@SEA,HOU,2,SEA,6,262,1679027926.0,2326,2023-03-17 04:38:46.000000,EventFootballPunt,4-3-HOU 44 (10:04) 46 R. Porter punts 43 yards from HOU 44 to SEA 13. 86 K. McKnight to SEA 20 for 7 yards (21 G. Owens),,True,4,10,4,Half2,MaSourceTypeOfficialScoring,FOOTBALL_XFL_2023_3_16_HOU@SEA,,QBStat,112,2302017-HOU-at-SEA,604,604,604,10:04,3,3,Visitor,44,17,2,,,,0.0,56,0,15,,,21963,4.0,3.0,StatusOfficial,ResultKickReturned,,Visitor,27.0,5.0,17.0,2:29,PUNT,,,,,,,,,,,21248,21875,43.0,Home,20.0,,,7.0,,,,,,,,,,,,1,0.0,0.0,0.0,0.0,0.0
2023,FOOTBALL_XFL_2023_3_16_HOU@SEA,HOU,2,SEA,6,264,1679028001.0,2401,2023-03-17 04:40:01.000000,EventFootballRush,"1-10-SEA 20 (9:32) 25 M. Ellison rush to SEA 25 for 5 yards Fumbled by 25 M. Ellison,  Forced by 45 J. Daka Recovered by 97 G. Logan (45 J. Daka)",,True,4,9,32,Half2,MaSourceTypeOfficialScoring,FOOTBALL_XFL_2023_3_16_HOU@SEA,,QBStat,113,2302017-HOU-at-SEA,572,572,572,9:32,3,3,Home,20,18,6,,,,1.0,80,0,15,,,20350,1.0,10.0,StatusOfficial,,5.0,Home,20.0,1.0,5.0,0:32,FUMBLE,,,,,,,,20450,,,,,,Home,25.0,,,,6,20450,2,21946,20350,,,,,,,0,0.0,0.0,0.0,0.0,0.0
2023,FOOTBALL_XFL_2023_3_16_HOU@SEA,HOU,2,SEA,6,266,1679028085.0,2485,2023-03-17 04:41:25.000000,EventFootballPass,1-10-SEA 25 (9:20) 12 B. Silvers pass dropped by 1 D. Burnett,,True,4,9,20,Half2,MaSourceTypeOfficialScoring,FOOTBALL_XFL_2023_3_16_HOU@SEA,,QBStat,114,2302017-HOU-at-SEA,560,560,560,9:20,3,3,Home,25,19,2,,,,0.0,25,0,15,21984,20229,,1.0,10.0,StatusOfficial,ResultPassDropped,,Home,25.0,1.0,,0:06, ,,,,,,,,,,,,,,,,,,,,,,,,,,,,,,0,0.0,0.0,0.0,0.0,0.0
2023,FOOTBALL_XFL_2023_3_16_HOU@SEA,HOU,2,SEA,6,268,1679028117.0,2517,2023-03-17 04:41:57.000000,EventFootballRush,2-10-SEA 25 (8:54) 22 M. Borghi rush to SEA 21 for 4 yards (16 M. Wright),,True,4,8,54,Half2,MaSourceTypeOfficialScoring,FOOTBALL_XFL_2023_3_16_HOU@SEA,,QBStat,115,2302017-HOU-at-SEA,534,534,534,8:54,3,3,Home,25,19,2,,,,0.0,25,0,15,,,21721,2.0,10.0,StatusOfficial,,4.0,Home,25.0,2.0,4.0,0:39, ,,,,,,,,20149,,,,,,,,,,,,,,,,,,,,,,0,0.0,0.0,0.0,0.0,0.0
2023,FOOTBALL_XFL_2023_3_16_HOU@SEA,HOU,2,SEA,6,272,1679028180.0,2580,2023-03-17 04:43:00.000000,EventFootballPenalty,"3-6-SEA 21 (8:09) PENALTY on 32 Q. Cole, 20 yards",,True,4,8,9,Half2,MaSourceTypeOfficialScoring,FOOTBALL_XFL_2023_3_16_HOU@SEA,,QBStat,116,2302017-HOU-at-SEA,489,489,489,8:09,3,3,Home,21,19,2,,,,0.0,21,0,15,,,,3.0,6.0,StatusOfficial,,,Home,25.0,2.0,24.0,1:17, ,,,6,20311,20.0,ResultPenaltyAuto1Stdown,NA,,,,,,,,,,,,,,,,,,,,,,,0,0.0,0.0,0.0,0.0,0.0
2023,FOOTBALL_XFL_2023_3_16_HOU@SEA,HOU,2,SEA,6,274,1679028219.0,2619,2023-03-17 04:43:39.000000,EventFootballRush,"1-1-SEA 1 (7:46) 22 M. Borghi rush to SEA 1 for 0 yards (43 E. Smith, 97 N. Lalos)",,True,4,7,46,Half2,MaSourceTypeOfficialScoring,FOOTBALL_XFL_2023_3_16_HOU@SEA,,QBStat,117,2302017-HOU-at-SEA,466,466,466,7:46,3,3,Home,1,19,2,,,,0.0,1,0,15,,,21437,1.0,1.0,StatusOfficial,,0.0,Home,25.0,3.0,24.0,1:47, ,,,,,,,,20149,20918,,,,,,,,,,,,,,,,,,,,,0,0.0,0.0,0.0,0.0,0.0
2023,FOOTBALL_XFL_2023_3_16_HOU@SEA,HOU,2,SEA,6,277,1679028245.0,2645,2023-03-17 04:44:05.000000,EventFootballRush,"2-1-SEA 1 (7:22) 22 M. Borghi rush for 1 yard, TOUCHDOWN",,True,4,7,22,Half2,MaSourceTypeOfficialScoring,FOOTBALL_XFL_2023_3_16_HOU@SEA,,QBStat,118,2302017-HOU-at-SEA,442,442,442,7:22,3,3,Home,1,19,2,,,,0.0,1,0,15,,,,2.0,1.0,StatusOfficial,,1.0,Home,25.0,4.0,25.0,2:04,TD,,,,,,,,20149,,,,,,,,ScoreTypeTd,,,,,,,,,,,,,,0,0.0,1.0,0.0,0.0,1.0
2023,FOOTBALL_XFL_2023_3_16_HOU@SEA,HOU,2,SEA,6,279,1679028279.0,2679,2023-03-17 04:44:39.000000,EventFootballPat2PtPass,12 B. Silvers 2-pt conversion pass to 6 T. Harris NO GOOD,,True,4,7,22,Half2,MaSourceTypeOfficialScoring,FOOTBALL_XFL_2023_3_16_HOU@SEA,,QBStat,119,2302017-HOU-at-SEA,442,442,442,7:22,3,3,Home,5,19,2,,,,0.0,5,6,15,21984,20642,,,,StatusOfficial,ResultPassIncomplete,,,,,,,,,,,,,,,,,,,,,,,,2.0,,,,,,,,,,,,,0,0.0,0.0,0.0,0.0,0.0
2023,FOOTBALL_XFL_2023_3_16_HOU@SEA,HOU,2,SEA,6,307,1679028444.0,2844,2023-03-17 04:47:24.000000,EventFootballKickoff,"8 H. Duplessis kicks from HOU 30. 19 T. Hammonds to SEA 29 for 12 yards (53 A. Donkor, 23 S. Davis) PENALTY on Houston Roughnecks, 5 yards",,True,4,7,22,Half2,MaSourceTypeOfficialScoring,FOOTBALL_XFL_2023_3_16_HOU@SEA,,QBStat,120,2302017-HOU-at-SEA,442,442,442,7:22,3,3,Visitor,30,20,6,,,,1.0,30,6,15,,,22890,,,StatusOfficial,ResultKickReturned,,,,,,,,,,2,TM,5.0,ResultPenaltyOnkickoffpat,NA,,20368,,,,,Home,29.0,,,,,,,,,,,,21620,21138,12.0,0,0.0,0.0,0.0,0.0,0.0
2023,FOOTBALL_XFL_2023_3_16_HOU@SEA,HOU,2,SEA,6,306,1679028582.0,2982,2023-03-17 04:49:42.000000,EventFootballPass,"1-10-SEA 29 (7:13) 6 B. DiNucci pass to 0 J. Gordon to SEA 44 for 15 yards QB Hit by 57 C. Wiley (3 A. Harris, 4 W. Likely)",,True,4,7,13,Half2,MaSourceTypeOfficialScoring,FOOTBALL_XFL_2023_3_16_HOU@SEA,,QBStat,121,2302017-HOU-at-SEA,433,433,433,7:13,3,3,Home,29,20,6,,,,1.0,71,6,15,21979,22840,20633,1.0,10.0,StatusOfficial,ResultPassComplete,15.0,Home,29.0,1.0,15.0,0:26, ,,,,,,,,,22601,22364,,,,,,,,,,,,,,,,,,,,0,0.0,0.0,0.0,0.0,0.0
2023,FOOTBALL_XFL_2023_3_16_HOU@SEA,HOU,2,SEA,6,285,1679028617.0,3017,2023-03-17 04:50:17.000000,EventFootballRush,"1-10-SEA 44 (6:38) 19 T. Hammonds rush to SEA 44 for 0 yards (11 T. Beckett, 45 J. Daka)",,True,4,6,38,Half2,MaSourceTypeOfficialScoring,FOOTBALL_XFL_2023_3_16_HOU@SEA,,QBStat,122,2302017-HOU-at-SEA,398,398,398,6:38,3,3,Home,44,20,6,,,,1.0,56,6,15,,,20107,1.0,10.0,StatusOfficial,,0.0,Home,29.0,2.0,15.0,0:52, ,,,,,,,,20620,20350,,,,,,,,,,,,,,,,,,,,,0,0.0,0.0,0.0,0.0,0.0
2023,FOOTBALL_XFL_2023_3_16_HOU@SEA,HOU,2,SEA,6,287,1679028657.0,3057,2023-03-17 04:50:57.000000,EventFootballPass,2-10-SEA 44 (5:58) 6 B. DiNucci pass incomplete to 19 T. Hammonds,,True,4,5,58,Half2,MaSourceTypeOfficialScoring,FOOTBALL_XFL_2023_3_16_HOU@SEA,,QBStat,123,2302017-HOU-at-SEA,358,358,358,5:58,3,3,Home,44,20,6,,,,1.0,56,6,15,21979,20620,,2.0,10.0,StatusOfficial,ResultPassIncomplete,,Home,29.0,3.0,15.0,1:24, ,,,,,,,,,,,,,,,,,,,,,,,,,,,,,,0,0.0,0.0,0.0,0.0,0.0
2023,FOOTBALL_XFL_2023_3_16_HOU@SEA,HOU,2,SEA,6,289,1679028700.0,3100,2023-03-17 04:51:40.000000,EventFootballPass,3-10-SEA 44 (5:21) 6 B. DiNucci pass intended for 0 J. Gordon INTERCEPTED by 3 A. Harris returned 15 yards to HOU 32,,True,4,5,21,Half2,MaSourceTypeOfficialScoring,FOOTBALL_XFL_2023_3_16_HOU@SEA,,QBStat,124,2302017-HOU-at-SEA,321,321,321,5:21,3,3,Home,44,20,6,,,,1.0,56,6,15,21979,22840,,3.0,10.0,StatusOfficial,ResultPassInterception,,Home,29.0,4.0,15.0,2:01,INT,,,,,,,,,,,,,,Visitor,32.0,,,,,,,,,20633,,,,,,0,0.0,0.0,0.0,0.0,0.0
2023,FOOTBALL_XFL_2023_3_16_HOU@SEA,HOU,2,SEA,6,291,1679028761.0,3161,2023-03-17 04:52:41.000000,EventFootballPass,1-10-HOU 32 (5:09) 12 B. Silvers pass incomplete to 1 D. Burnett,,True,4,5,9,Half2,MaSourceTypeOfficialScoring,FOOTBALL_XFL_2023_3_16_HOU@SEA,,QBStat,125,2302017-HOU-at-SEA,309,309,309,5:09,3,3,Visitor,32,21,2,,,,0.0,68,6,15,21984,20229,,1.0,10.0,StatusOfficial,ResultPassIncomplete,,Visitor,32.0,1.0,,0:07, ,,,,,,,,,,,,,,,,,,,,,,,,,,,,,,0,0.0,0.0,0.0,0.0,0.0
2023,FOOTBALL_XFL_2023_3_16_HOU@SEA,HOU,2,SEA,6,293,1679028788.0,3188,2023-03-17 04:53:08.000000,EventFootballRush,"2-10-HOU 32 (4:50) 26 B. Alleyne rush to HOU 36 for 4 yards (44 E. Ponder, 97 N. Lalos)",,True,4,4,50,Half2,MaSourceTypeOfficialScoring,FOOTBALL_XFL_2023_3_16_HOU@SEA,,QBStat,126,2302017-HOU-at-SEA,290,290,290,4:50,3,3,Visitor,32,21,2,,,,0.0,68,6,15,,,22017,2.0,10.0,StatusOfficial,,4.0,Visitor,32.0,2.0,4.0,0:45, ,,,,,,,,20033,20918,,,,,,,,,,,,,,,,,,,,,0,0.0,0.0,0.0,0.0,0.0
2023,FOOTBALL_XFL_2023_3_16_HOU@SEA,HOU,2,SEA,6,295,1679028822.0,3222,2023-03-17 04:53:42.000000,EventFootballPass,3-6-HOU 36 (4:16) 12 B. Silvers pass to 26 B. Alleyne to HOU 38 for 2 yards (43 E. Smith),,True,4,4,16,Half2,MaSourceTypeOfficialScoring,FOOTBALL_XFL_2023_3_16_HOU@SEA,,QBStat,127,2302017-HOU-at-SEA,256,256,256,4:16,3,3,Visitor,36,21,2,,,,0.0,64,6,15,21984,20033,21437,3.0,6.0,StatusOfficial,ResultPassComplete,2.0,Visitor,32.0,3.0,6.0,1:07, ,,,,,,,,,,,,,,,,,,,,,,,,,,,,,,0,0.0,0.0,0.0,0.0,0.0
2023,FOOTBALL_XFL_2023_3_16_HOU@SEA,HOU,2,SEA,6,297,1679028875.0,3275,2023-03-17 04:54:35.000000,EventFootballTimeout,Timeout by Seattle Sea Dragons at 3:51,,True,4,3,51,Half2,MaSourceTypeOfficialScoring,FOOTBALL_XFL_2023_3_16_HOU@SEA,,QBStat,128,2302017-HOU-at-SEA,231,231,231,3:51,3,3,Visitor,38,21,2,,,,0.0,62,6,15,,,,4.0,4.0,StatusOfficial,,,Visitor,32.0,3.0,6.0,1:25, ,,,,,,,,,,,,,,,,,,,,,,,,,6,,,,,0,0.0,0.0,0.0,0.0,0.0
2023,FOOTBALL_XFL_2023_3_16_HOU@SEA,HOU,2,SEA,6,299,1679028966.0,3366,2023-03-17 04:56:06.000000,EventFootballPass,4-4-HOU 38 (3:47) 12 B. Silvers pass incomplete to 26 B. Alleyne,,True,4,3,47,Half2,MaSourceTypeOfficialScoring,FOOTBALL_XFL_2023_3_16_HOU@SEA,,QBStat,129,2302017-HOU-at-SEA,227,227,227,3:47,3,2,Visitor,38,21,2,,,,0.0,62,6,15,21984,20033,,4.0,4.0,StatusOfficial,ResultPassIncomplete,,Visitor,32.0,4.0,6.0,1:34,DOWNS,,,,,,,,,,,,,,,,,,,,,,,,,,,,,,0,0.0,0.0,0.0,0.0,0.0
2023,FOOTBALL_XFL_2023_3_16_HOU@SEA,HOU,2,SEA,6,301,1679029014.0,3414,2023-03-17 04:56:54.000000,EventFootballRush,"1-10-HOU 38 (3:43) 23 D. Bradwell rush to HOU 35 for 3 yards (45 J. Daka, 52 E. Ellerbee)",,True,4,3,43,Half2,MaSourceTypeOfficialScoring,FOOTBALL_XFL_2023_3_16_HOU@SEA,,QBStat,130,2302017-HOU-at-SEA,223,223,223,3:43,3,2,Visitor,38,22,6,,,,1.0,38,6,15,,,20350,1.0,10.0,StatusOfficial,,3.0,Visitor,38.0,1.0,3.0,0:17, ,,,,,,,,21917,21857,,,,,,,,,,,,,,,,,,,,,0,0.0,0.0,0.0,0.0,0.0
2023,FOOTBALL_XFL_2023_3_16_HOU@SEA,HOU,2,SEA,6,303,1679029051.0,3451,2023-03-17 04:57:31.000000,EventFootballRush,"2-7-HOU 35 (3:06) 19 T. Hammonds rush to HOU 32 for 3 yards (96 J. Heflin, 52 E. Ellerbee)",,True,4,3,6,Half2,MaSourceTypeOfficialScoring,FOOTBALL_XFL_2023_3_16_HOU@SEA,,QBStat,131,2302017-HOU-at-SEA,186,186,186,3:06,3,2,Visitor,35,22,6,,,,1.0,35,6,15,,,22875,2.0,7.0,StatusOfficial,,3.0,Visitor,38.0,2.0,6.0,0:56, ,,,,,,,,20620,21857,,,,,,,,,,,,,,,,,,,,,0,0.0,0.0,0.0,0.0,0.0
2023,FOOTBALL_XFL_2023_3_16_HOU@SEA,HOU,2,SEA,6,305,1679029092.0,3492,2023-03-17 04:58:12.000000,EventFootballPass,3-4-HOU 32 (2:24) 6 B. DiNucci pass to 88 J. Veasy to HOU 15 for 17 yards (16 R. Texada),,True,4,2,24,Half2,MaSourceTypeOfficialScoring,FOOTBALL_XFL_2023_3_16_HOU@SEA,,QBStat,132,2302017-HOU-at-SEA,144,144,144,2:24,3,2,Visitor,32,22,6,,,,1.0,32,6,15,21979,22306,21536,3.0,4.0,StatusOfficial,ResultPassComplete,17.0,Visitor,38.0,3.0,23.0,1:35, ,,,,,,,,,,,,,,,,,,,,,,,,,,,,,,0,0.0,0.0,0.0,0.0,0.0
2023,FOOTBALL_XFL_2023_3_16_HOU@SEA,HOU,2,SEA,6,310,1679029324.0,3724,2023-03-17 05:02:04.000000,EventFootballRush,"1-10-HOU 15 (1:56) 23 D. Bradwell rush to HOU 14 for 1 yard (45 J. Daka, 47 C. Rivers)",,True,4,1,56,Half2,MaSourceTypeOfficialScoring,FOOTBALL_XFL_2023_3_16_HOU@SEA,,QBStat,133,2302017-HOU-at-SEA,116,116,116,1:56,3,2,Visitor,15,22,6,,,,1.0,15,6,15,,,20350,1.0,10.0,StatusOfficial,,1.0,Visitor,38.0,4.0,24.0,1:52, ,,,,,,,,21917,21820,,,,,,,,,,,,,,,,,,,,,0,0.0,0.0,0.0,0.0,0.0
2023,FOOTBALL_XFL_2023_3_16_HOU@SEA,HOU,2,SEA,6,312,1679029337.0,3737,2023-03-17 05:02:17.000000,EventFootballTimeout,Timeout by Houston Roughnecks at 1:55,,True,4,1,55,Half2,MaSourceTypeOfficialScoring,FOOTBALL_XFL_2023_3_16_HOU@SEA,,QBStat,134,2302017-HOU-at-SEA,115,115,115,1:55,3,2,Visitor,14,22,6,,,,1.0,14,6,15,,,,2.0,9.0,StatusOfficial,,,Visitor,38.0,4.0,24.0,1:52, ,,,,,,,,,,,,,,,,,,,,,,,,,2,,,,,0,0.0,0.0,0.0,0.0,0.0
2023,FOOTBALL_XFL_2023_3_16_HOU@SEA,HOU,2,SEA,6,316,1679029400.0,3800,2023-03-17 05:03:20.000000,EventFootballRush,2-9-HOU 14 (1:48) 19 T. Hammonds rush to HOU 3 for 11 yards (18 J. Mosley),,True,4,1,48,Half2,MaSourceTypeOfficialScoring,FOOTBALL_XFL_2023_3_16_HOU@SEA,,QBStat,135,2302017-HOU-at-SEA,108,108,108,1:48,2,2,Visitor,14,22,6,,,,1.0,14,6,15,,,21108,2.0,9.0,StatusOfficial,,11.0,Visitor,38.0,5.0,35.0,2:13, ,,,,,,,,20620,,,,,,,,,,,,,,,,,,,,,,0,0.0,0.0,0.0,0.0,0.0
2023,FOOTBALL_XFL_2023_3_16_HOU@SEA,HOU,2,SEA,6,318,1679029445.0,3845,2023-03-17 05:04:05.000000,EventFootballTimeout,Timeout by Seattle Sea Dragons at 1:26,,True,4,1,26,Half2,MaSourceTypeOfficialScoring,FOOTBALL_XFL_2023_3_16_HOU@SEA,,QBStat,136,2302017-HOU-at-SEA,86,86,86,1:26,2,2,Visitor,3,22,6,,,,1.0,3,6,15,,,,1.0,3.0,StatusOfficial,,,Visitor,38.0,5.0,35.0,2:21, ,,,,,,,,,,,,,,,,,,,,,,,,,6,,,,,0,0.0,0.0,0.0,0.0,0.0
2023,FOOTBALL_XFL_2023_3_16_HOU@SEA,HOU,2,SEA,6,320,1679029511.0,3911,2023-03-17 05:05:11.000000,EventFootballRush,"1-3-HOU 3 (1:22) 23 D. Bradwell rush for 3 yards, TOUCHDOWN",,True,4,1,22,Half2,MaSourceTypeOfficialScoring,FOOTBALL_XFL_2023_3_16_HOU@SEA,,QBStat,137,2302017-HOU-at-SEA,82,82,82,1:22,2,1,Visitor,3,22,6,,,,1.0,3,6,15,,,,1.0,3.0,StatusOfficial,,3.0,Visitor,38.0,6.0,38.0,2:25,TD,,,,,,,,21917,,,,,,,,ScoreTypeTd,,,,,,,,,,,,,,0,0.0,1.0,0.0,0.0,1.0
2023,FOOTBALL_XFL_2023_3_16_HOU@SEA,HOU,2,SEA,6,322,1679029552.0,3952,2023-03-17 05:05:52.000000,EventFootballPat3PtPass,6 B. DiNucci 3-pt conversion pass to 88 J. Veasy NO GOOD,,True,4,1,22,Half2,MaSourceTypeOfficialScoring,FOOTBALL_XFL_2023_3_16_HOU@SEA,,QBStat,138,2302017-HOU-at-SEA,82,82,82,1:22,2,1,Visitor,10,22,6,,,,1.0,10,6,21,21979,22306,,,,StatusOfficial,ResultPassComplete,5.0,,,,,,,,,,,,,,,,,,,,,,,3.0,,,,,,,,,,,,,0,0.0,0.0,0.0,0.0,0.0
2023,FOOTBALL_XFL_2023_3_16_HOU@SEA,HOU,2,SEA,6,374,1679029634.0,4034,2023-03-17 05:07:14.000000,EventFootballKickoff,11 D. Eberle kicks from SEA 30. 20 D. Lee to HOU 26 for 21 yards (9 C. Hicks),,True,4,1,22,Half2,MaSourceTypeOfficialScoring,FOOTBALL_XFL_2023_3_16_HOU@SEA,,QBStat,139,2302017-HOU-at-SEA,82,82,82,1:22,2,1,Home,30,23,2,,,,0.0,30,6,21,,,22344,,,StatusOfficial,ResultKickReturned,,,,,,,,,,,,,,,,,,,,,Visitor,26.0,,,,,,,,,,,,20107,20,21.0,0,0.0,0.0,0.0,0.0,0.0
2023,FOOTBALL_XFL_2023_3_16_HOU@SEA,HOU,2,SEA,6,326,1679029699.0,4099,2023-03-17 05:08:19.000000,EventFootballPass,1-10-HOU 26 (1:12) 12 B. Silvers pass to 6 T. Harris to HOU 31 for 5 yards (1 B. Thompson),,True,4,1,12,Half2,MaSourceTypeOfficialScoring,FOOTBALL_XFL_2023_3_16_HOU@SEA,,QBStat,140,2302017-HOU-at-SEA,72,72,72,1:12,2,1,Visitor,26,23,2,,,,0.0,74,6,21,21984,20642,22377,1.0,10.0,StatusOfficial,ResultPassComplete,5.0,Visitor,26.0,1.0,5.0,0:15, ,,,,,,,,,,,,,,,,,,,,,,,,,,,,,,0,0.0,0.0,0.0,0.0,0.0
2023,FOOTBALL_XFL_2023_3_16_HOU@SEA,HOU,2,SEA,6,328,1679029726.0,4126,2023-03-17 05:08:46.000000,EventFootballTimeout,Timeout by Houston Roughnecks at 1:07,,True,4,1,7,Half2,MaSourceTypeOfficialScoring,FOOTBALL_XFL_2023_3_16_HOU@SEA,,QBStat,141,2302017-HOU-at-SEA,67,67,67,1:07,2,1,Visitor,31,23,2,,,,0.0,69,6,21,,,,2.0,5.0,StatusOfficial,,,Visitor,26.0,1.0,5.0,0:15, ,,,,,,,,,,,,,,,,,,,,,,,,,2,,,,,0,0.0,0.0,0.0,0.0,0.0
2023,FOOTBALL_XFL_2023_3_16_HOU@SEA,HOU,2,SEA,6,330,1679029796.0,4196,2023-03-17 05:09:56.000000,EventFootballPass,2-5-HOU 31 (1:07) 12 B. Silvers pass incomplete to 80 B. Putman Pass Defended by 36 Z. Kelly,,True,4,1,7,Half2,MaSourceTypeOfficialScoring,FOOTBALL_XFL_2023_3_16_HOU@SEA,,QBStat,142,2302017-HOU-at-SEA,67,67,67,1:07,1,1,Visitor,31,23,2,,,,0.0,69,6,21,21984,21266,,2.0,5.0,StatusOfficial,ResultPassIncomplete,,Visitor,26.0,2.0,5.0,0:15, ,20878,,,,,,,,,,,,,,,,,,,,,,,,,,,,,0,0.0,0.0,0.0,0.0,0.0
2023,FOOTBALL_XFL_2023_3_16_HOU@SEA,HOU,2,SEA,6,335,1679029827.0,4227,2023-03-17 05:10:27.000000,EventFootballPass,"3-5-HOU 31 (1:04) 12 B. Silvers pass to 6 T. Harris to HOU 40 for 9 yards (32 Q. Cole, 9 C. Hicks)",,True,4,1,4,Half2,MaSourceTypeOfficialScoring,FOOTBALL_XFL_2023_3_16_HOU@SEA,,QBStat,143,2302017-HOU-at-SEA,64,64,64,1:04,1,1,Visitor,31,23,2,,,,0.0,69,6,21,21984,20642,20311,3.0,5.0,StatusOfficial,ResultPassComplete,9.0,Visitor,26.0,3.0,14.0,0:22, ,,,,,,,,,22344,,,,,,,,,,,,,,,,,,,,,0,0.0,0.0,0.0,0.0,0.0
2023,FOOTBALL_XFL_2023_3_16_HOU@SEA,HOU,2,SEA,6,337,1679029932.0,4332,2023-03-17 05:12:12.000000,EventFootballPass,1-10-HOU 40 (0:53) 12 B. Silvers pass dropped by 2 C. Byrd,,True,4,0,53,Half2,MaSourceTypeOfficialScoring,FOOTBALL_XFL_2023_3_16_HOU@SEA,,QBStat,144,2302017-HOU-at-SEA,53,53,53,0:53,1,1,Visitor,40,23,2,,,,0.0,60,6,21,21984,20241,,1.0,10.0,StatusOfficial,ResultPassDropped,,Visitor,26.0,4.0,14.0,0:29, ,,,,,,,,,,,,,,,,,,,,,,,,,,,,,,0,0.0,0.0,0.0,0.0,0.0
2023,FOOTBALL_XFL_2023_3_16_HOU@SEA,HOU,2,SEA,6,339,1679029969.0,4369,2023-03-17 05:12:49.000000,EventFootballPenalty,"2-10-HOU 40 (0:52) PENALTY on 73 T. Champion, 5 yards",,True,4,0,52,Half2,MaSourceTypeOfficialScoring,FOOTBALL_XFL_2023_3_16_HOU@SEA,,QBStat,145,2302017-HOU-at-SEA,52,52,52,0:52,1,1,Visitor,40,23,2,,,,0.0,60,6,21,,,,2.0,10.0,StatusOfficial,,,Visitor,26.0,4.0,9.0,0:29, ,,,2,20280,5.0,ResultPenaltyRepeatdown,NA,,,,,,,,,,,,,,,,,,,,,,,0,0.0,0.0,0.0,0.0,0.0
2023,FOOTBALL_XFL_2023_3_16_HOU@SEA,HOU,2,SEA,6,371,1679030011.0,4411,2023-03-17 05:13:31.000000,EventFootballPass,2-15-HOU 35 (0:48) 12 B. Silvers pass to 6 T. Harris to HOU 46 for 11 yards (36 Z. Kelly),,True,4,0,48,Half2,MaSourceTypeOfficialScoring,FOOTBALL_XFL_2023_3_16_HOU@SEA,,QBStat,146,2302017-HOU-at-SEA,48,48,48,0:48,1,1,Visitor,35,23,2,,,,0.0,65,6,21,21984,20642,20878,2.0,15.0,StatusOfficial,ResultPassComplete,11.0,Visitor,26.0,5.0,20.0,0:34, ,,,,,,,,,,,,,,,,,,,,,,,,,,,,,,0,0.0,0.0,0.0,0.0,0.0
2023,FOOTBALL_XFL_2023_3_16_HOU@SEA,HOU,2,SEA,6,343,1679030058.0,4458,2023-03-17 05:14:18.000000,EventFootballPass,3-4-HOU 46 (0:44) 12 B. Silvers pass to 6 T. Harris to SEA 37 for 17 yards (5 C. Payton-Jones),,True,4,0,44,Half2,MaSourceTypeOfficialScoring,FOOTBALL_XFL_2023_3_16_HOU@SEA,,QBStat,147,2302017-HOU-at-SEA,44,44,44,0:44,1,1,Visitor,46,23,2,,,,0.0,54,6,21,21984,20642,20836,3.0,4.0,StatusOfficial,ResultPassComplete,17.0,Visitor,26.0,6.0,37.0,0:38, ,,,,,,,,,,,,,,,,,,,,,,,,,,,,,,0,0.0,0.0,0.0,0.0,0.0
2023,FOOTBALL_XFL_2023_3_16_HOU@SEA,HOU,2,SEA,6,345,1679030080.0,4480,2023-03-17 05:14:40.000000,EventFootballPass,1-10-SEA 37 (0:38) 12 B. Silvers pass incomplete to 6 T. Harris,,True,4,0,38,Half2,MaSourceTypeOfficialScoring,FOOTBALL_XFL_2023_3_16_HOU@SEA,,QBStat,148,2302017-HOU-at-SEA,38,38,38,0:38,1,1,Home,37,23,2,,,,0.0,37,6,21,21984,20642,,1.0,10.0,StatusOfficial,ResultPassIncomplete,,Visitor,26.0,7.0,37.0,0:44, ,,,,,,,,,,,,,,,,,,,,,,,,,,,,,,0,0.0,0.0,0.0,0.0,0.0
2023,FOOTBALL_XFL_2023_3_16_HOU@SEA,HOU,2,SEA,6,350,1679030137.0,4537,2023-03-17 05:15:37.000000,EventFootballPenalty,"2-10-SEA 37 (0:33) PENALTY on 64 J. Snyder, 10 yards",,True,4,0,33,Half2,MaSourceTypeOfficialScoring,FOOTBALL_XFL_2023_3_16_HOU@SEA,,QBStat,149,2302017-HOU-at-SEA,33,33,33,0:33,1,1,Home,37,23,2,,,,0.0,37,6,21,,,,2.0,10.0,StatusOfficial,,,Visitor,26.0,7.0,27.0,0:49, ,,,2,21456,10.0,ResultPenaltyRepeatdown,NA,,,,,,,,,,,,,,,,,,,,,,,0,0.0,0.0,0.0,0.0,0.0
2023,FOOTBALL_XFL_2023_3_16_HOU@SEA,HOU,2,SEA,6,352,1679030165.0,4565,2023-03-17 05:16:05.000000,EventFootballPass,"2-20-SEA 47 (0:29) 12 B. Silvers pass to 10 J. Smith for 47 yards, TOUCHDOWN",,True,4,0,29,Half2,MaSourceTypeOfficialScoring,FOOTBALL_XFL_2023_3_16_HOU@SEA,,QBStat,150,2302017-HOU-at-SEA,29,29,29,0:29,1,1,Home,47,23,2,,,,0.0,47,6,21,21984,21441,,2.0,20.0,StatusOfficial,ResultPassComplete,47.0,Visitor,26.0,8.0,74.0,0:58,TD,,,,,,,,,,,,,,,,ScoreTypeTd,,,,,,,,,,,,,,0,1.0,0.0,0.0,0.0,1.0
2023,FOOTBALL_XFL_2023_3_16_HOU@SEA,HOU,2,SEA,6,355,1679030199.0,4599,2023-03-17 05:16:39.000000,EventFootballPat2PtPass,14 C. McDonald 2-pt conversion pass to 1 D. Burnett GOOD,,True,4,0,24,Half2,MaSourceTypeOfficialScoring,FOOTBALL_XFL_2023_3_16_HOU@SEA,,QBStat,151,2302017-HOU-at-SEA,24,24,24,0:24,1,1,Home,5,23,2,,,,0.0,5,12,21,21982,20229,,,,StatusOfficial,ResultPassComplete,5.0,,,,,,,,,,,,,,,,,,,,,,ScoreTypeConv,2.0,,,,,,,,,,,,,0,0.0,0.0,0.0,0.0,0.0
2023,FOOTBALL_XFL_2023_3_16_HOU@SEA,HOU,2,SEA,6,357,1679030360.0,4760,2023-03-17 05:19:20.000000,EventFootballKickoff,Preparing for Onside 4th Down attempt,,True,4,0,24,Half2,MaSourceTypeOfficialScoring,FOOTBALL_XFL_2023_3_16_HOU@SEA,,QBStat,152,2302017-HOU-at-SEA,24,24,24,0:24,1,1,Visitor,30,24,2,,,,0.0,70,14,21,,,,,,StatusOfficial,ResultKickOnside4Thdown,,,,,,,,,,,,,,,,,,,,,Visitor,25.0,,,,,,,,,,,,,,,0,0.0,0.0,0.0,0.0,0.0
2023,FOOTBALL_XFL_2023_3_16_HOU@SEA,HOU,2,SEA,6,359,1679030406.0,4806,2023-03-17 05:20:06.000000,EventFootballPass,4-15-HOU 25 (0:19) 12 B. Silvers pass to 1 D. Burnett to HOU 42 for 17 yards (5 C. Payton-Jones),,True,4,0,19,Half2,MaSourceTypeOfficialScoring,FOOTBALL_XFL_2023_3_16_HOU@SEA,,QBStat,153,2302017-HOU-at-SEA,19,19,19,0:19,1,1,Visitor,25,24,2,,,,0.0,75,14,21,21984,20229,20836,4.0,15.0,StatusOfficial,ResultPassComplete,17.0,Visitor,25.0,1.0,17.0,1:03, ,,,,,,,,,,,,,,,,,,,,,,,,,,,,,,0,0.0,0.0,0.0,0.0,0.0
2023,FOOTBALL_XFL_2023_3_16_HOU@SEA,HOU,2,SEA,6,361,1679030449.0,4849,2023-03-17 05:20:49.000000,EventFootballPenalty,"1-10-HOU 42 (0:13) PENALTY on 1 B. Thompson, 31 yards",,True,4,0,13,Half2,MaSourceTypeOfficialScoring,FOOTBALL_XFL_2023_3_16_HOU@SEA,,QBStat,154,2302017-HOU-at-SEA,13,13,13,0:13,1,1,Visitor,42,24,2,,,,0.0,58,14,21,,,,1.0,10.0,StatusOfficial,,,Visitor,25.0,1.0,48.0,1:09, ,,,6,22377,31.0,ResultPenaltyAuto1Stdown,NA,,,,,,,,,,,,,,,,,,,,,,,0,0.0,0.0,0.0,0.0,0.0
2023,FOOTBALL_XFL_2023_3_16_HOU@SEA,HOU,2,SEA,6,364,1679030505.0,4905,2023-03-17 05:21:45.000000,EventFootballPass,1-10-SEA 27 (0:05) 12 B. Silvers pass intended for  INTERCEPTED by 97 N. Lalos returned 0 yards to SEA 24 Pass Defended by 44 E. Ponder,,True,4,0,5,Half2,MaSourceTypeOfficialScoring,FOOTBALL_XFL_2023_3_16_HOU@SEA,,QBStat,155,2302017-HOU-at-SEA,5,5,5,0:05,1,1,Home,27,24,2,,,,0.0,27,14,21,21984,,,1.0,10.0,StatusOfficial,ResultPassInterception,,Visitor,25.0,2.0,48.0,0:19,INT,22017,,,,,,,,,,,,,Home,24.0,,,,,,,,,20918,,,,,,0,0.0,0.0,0.0,0.0,0.0
2023,FOOTBALL_XFL_2023_3_16_HOU@SEA,HOU,2,SEA,6,366,1679030570.0,4970,2023-03-17 05:22:50.000000,EventFootballTimeout,Timeout by Houston Roughnecks at 0:04,,True,4,0,4,Half2,MaSourceTypeOfficialScoring,FOOTBALL_XFL_2023_3_16_HOU@SEA,,QBStat,156,2302017-HOU-at-SEA,4,4,4,0:04,1,1,Home,24,25,6,,,,1.0,76,14,21,,,,1.0,10.0,StatusOfficial,,,Home,,,,0:00, ,,,,,,,,,,,,,,,,,,,,,,,,,2,,,,,0,0.0,0.0,0.0,0.0,0.0
2023,FOOTBALL_XFL_2023_3_16_HOU@SEA,HOU,2,SEA,6,391,1679030577.0,4977,2023-03-17 05:22:57.000000,EventFootballRush,1-10-SEA 24 (0:04) 6 B. DiNucci rush to SEA 23 for -1 yards,,True,4,0,4,Half2,MaSourceTypeOfficialScoring,FOOTBALL_XFL_2023_3_16_HOU@SEA,,QBStat,157,2302017-HOU-at-SEA,4,4,4,0:04,0,1,Home,24,25,6,,,,1.0,76,14,21,,,,1.0,10.0,StatusOfficial,,-1.0,Home,24.0,1.0,-1.0,0:04,HALF,,,,,,,,21979,,,,,,,,,,,,,,,,,,,,,,0,0.0,0.0,0.0,0.0,0.0
2023,FOOTBALL_XFL_2023_3_16_HOU@SEA,HOU,2,SEA,6,373,1679030833.9890952,,2023-03-17 05:27:13.989095,EventEnd,Game End Marker,,True,4,0,0,Half2,MaSourceTypeOfficialScoring,FOOTBALL_XFL_2023_3_16_HOU@SEA,,QBStat,10020,2302017-HOU-at-SEA,0,0,0,0:00,0,1,Home,23,25,6,,,,1.0,77,14,21,,,,2.0,11.0,,,,,,,,,,,,,,,,,,,,,,,,,,,,,,,,,,,,,,,0,0.0,0.0,0.0,0.0,0.0
2023,FOOTBALL_XFL_2023_3_16_HOU@SEA,HOU,2,SEA,6,393,1679431327.367492,,2023-03-21 20:42:07.367492,EventOfficial,Game Official Marker,,True,4,0,0,Half2,MaSourceTypeOfficialScoring,FOOTBALL_XFL_2023_3_16_HOU@SEA,,QBStat,10025,2302017-HOU-at-SEA,0,0,0,0:00,0,1,Home,23,25,6,,,,1.0,77,14,21,,,,2.0,11.0,,,,,,,,,,,,,,,,,,,,,,,,,,,,,,,,,,,,,,,0,0.0,0.0,0.0,0.0,0.0
