season,game_id,away_team_abv,away_team,home_team_abv,home_team,roof,MarkerId,MarkerUTC,MarkerLTC,play_date_time,play_type,desc,comments,IsOfficial,qtr,ClockMinutes,ClockSeconds,game_half,SourceType,EventId,SituationCode,SourceId,SourceNativeMarkerId,OfficialCode,quarter_seconds_remaining,half_seconds_remaining,game_seconds_remaining,time,posteam,LastPlaySummary,LastPlayStatus,home_team_has_pos,posteam_abv,defteam_abv,receive_2h_ko_team,VisTimeouts,HomeTimeouts,posteam_timeouts_remaining,defteam_timeouts_remaining,BallOn_Side,BallOn_YardNum,DriveNum,yardline_100,spread_line,VisScore,HomeScore,MapRoleTackler1,MapRoleKicker,MapRoleKickreturner,FootballStatus,FootballPlayResult,FootballKickRetYards,FootballSetBallOn_VisOrHome,FootballSetBallOn_YardNum,MapRoleRusher,down,ydstogo,FootballYards,Drive_Start_VisOrHome,Drive_Start_YardNum,Drive_Plays,Drive_Yards,Drive_TOP,Result,MapRolePasser,MapRoleReceiver,MapRoleTackler2,MapRolePassDefender,MapRolePunter,MapRolePuntreturner,FootballPuntYards,MapRoleInterceptor,FootballMainScoringPlay,FootballConvAttPts,FootballFumble_TeamFumbled,FootballFumble_PlayerFumbled,FootballFumble_TeamRecovered,FootballFumble_PlayerRecovered,FootballFumble_PlayerForcedFumble,FootballPenalty_TeamId,FootballPenalty_PlayerId,FootballPenalty_Yards,FootballPenalty_PenaltyResult,FootballPenalty_Description,FootballTimeoutTeamId,FootballKickYards,MapRoleSacker1,FootballMiscScore_MiscScoreType,FootballMiscScore_TeamId,FootballMiscScore_PlayerId,FootballPuntRetYards,MapRoleQbHitter,punt_attempt,pass_touchdown,rush_touchdown,field_goal_attempt,field_goal_made,touchdown
2023,FOOTBALL_XFL_2023_4_15_VGS@HOU,VGS,7,HOU,2,outdoors,1,1681576448.4960752,,2023-04-15 16:34:08.496075,EventStart,Game Start Marker,,True,1,15,0,Half1,MaSourceTypeOfficialScoring,FOOTBALL_XFL_2023_4_15_VGS@HOU,,QBStat,10005,2302033-VGS-at-HOU,900,1800,3600,15:00,7,,,0.0,VGS,HOU,0.0,3,3,3.0,3.0,Home,30,1,30.0,0,0,0,,,,,,,,,,,,,,,,,,,,,,,,,,,,,,,,,,,,,,,,,,,,,,,0,0.0,0.0,0.0,0.0,0.0
2023,FOOTBALL_XFL_2023_4_15_VGS@HOU,VGS,7,HOU,2,outdoors,120,1681576476.0,45276,2023-04-15 16:34:36.000000,EventFootballKickoff,FROM HOU 30 (15:00) 8 A. Jones kicks from HOU 30. 14 C. Sweeting to VGS 29 for 28 yards (21 G. Owens),,True,1,15,0,Half1,MaSourceTypeOfficialScoring,FOOTBALL_XFL_2023_4_15_VGS@HOU,,QBStat,1,2302033-VGS-at-HOU,900,1800,3600,15:00,7,,,0.0,VGS,HOU,0.0,3,3,3.0,3.0,Home,30,1,30.0,0,0,0,21173,22903,21507,StatusOfficial,ResultKickReturned,28.0,Visitor,29.0,,,,,,,,,,,,,,,,,,,,,,,,,,,,,,,,,,,,,,,0,0.0,0.0,0.0,0.0,0.0
2023,FOOTBALL_XFL_2023_4_15_VGS@HOU,VGS,7,HOU,2,outdoors,121,1681576519.0,45319,2023-04-15 16:35:19.000000,EventFootballRush,1-10-VGS 29 (14:53) 8 J. Lovett rush to VGS 32 for 3 yards (52 E. Ellerbee),,True,1,14,53,Half1,MaSourceTypeOfficialScoring,FOOTBALL_XFL_2023_4_15_VGS@HOU,,QBStat,2,2302033-VGS-at-HOU,893,1793,3593,14:53,7,,,0.0,VGS,HOU,0.0,3,3,3.0,3.0,Visitor,29,1,71.0,0,0,0,21857,,,StatusOfficial,,,,,21872,1.0,10.0,3.0,Visitor,29.0,1.0,3.0,0:27, ,,,,,,,,,,,,,,,,,,,,,,,,,,,,,0,0.0,0.0,0.0,0.0,0.0
2023,FOOTBALL_XFL_2023_4_15_VGS@HOU,VGS,7,HOU,2,outdoors,122,1681576552.0,45352,2023-04-15 16:35:52.000000,EventFootballPass,"2-7-VGS 32 (14:20) 3 J. McClendon pass to 14 C. Sweeting to VGS 40 for 8 yards (18 J. Mosley, 33 T. Harris)",,True,1,14,20,Half1,MaSourceTypeOfficialScoring,FOOTBALL_XFL_2023_4_15_VGS@HOU,,QBStat,3,2302033-VGS-at-HOU,860,1760,3560,14:20,7,,,0.0,VGS,HOU,0.0,3,3,3.0,3.0,Visitor,32,1,68.0,0,0,0,21108,,,StatusOfficial,ResultPassComplete,,,,,2.0,7.0,8.0,Visitor,29.0,2.0,11.0,0:57, ,21022,21507,22857,,,,,,,,,,,,,,,,,,,,,,,,,,0,0.0,0.0,0.0,0.0,0.0
2023,FOOTBALL_XFL_2023_4_15_VGS@HOU,VGS,7,HOU,2,outdoors,123,1681576588.0,45388,2023-04-15 16:36:28.000000,EventFootballPass,1-10-VGS 40 (13:44) 3 J. McClendon pass to 86 B. Dillon to VGS 49 for 9 yards (52 E. Ellerbee),,True,1,13,44,Half1,MaSourceTypeOfficialScoring,FOOTBALL_XFL_2023_4_15_VGS@HOU,,QBStat,4,2302033-VGS-at-HOU,824,1724,3524,13:44,7,,,0.0,VGS,HOU,0.0,3,3,3.0,3.0,Visitor,40,1,60.0,0,0,0,21857,,,StatusOfficial,ResultPassComplete,,,,,1.0,10.0,9.0,Visitor,29.0,3.0,20.0,1:34, ,21022,20392,,,,,,,,,,,,,,,,,,,,,,,,,,,0,0.0,0.0,0.0,0.0,0.0
2023,FOOTBALL_XFL_2023_4_15_VGS@HOU,VGS,7,HOU,2,outdoors,124,1681576623.0,45423,2023-04-15 16:37:03.000000,EventFootballRush,2-1-VGS 49 (13:12) 8 J. Lovett rush to VGS 49 for 0 yards (96 J. Heflin),,True,1,13,12,Half1,MaSourceTypeOfficialScoring,FOOTBALL_XFL_2023_4_15_VGS@HOU,,QBStat,5,2302033-VGS-at-HOU,792,1692,3492,13:12,7,,,0.0,VGS,HOU,0.0,3,3,3.0,3.0,Visitor,49,1,51.0,0,0,0,22875,,,StatusOfficial,,,,,21872,2.0,1.0,0.0,Visitor,29.0,4.0,20.0,2:02, ,,,,,,,,,,,,,,,,,,,,,,,,,,,,,0,0.0,0.0,0.0,0.0,0.0
2023,FOOTBALL_XFL_2023_4_15_VGS@HOU,VGS,7,HOU,2,outdoors,125,1681576661.0,45461,2023-04-15 16:37:41.000000,EventFootballPass,3-1-VGS 49 (12:34) 3 J. McClendon pass incomplete to 4 M. Bryant Pass Defended by 3 A. Harris,,True,1,12,34,Half1,MaSourceTypeOfficialScoring,FOOTBALL_XFL_2023_4_15_VGS@HOU,,QBStat,6,2302033-VGS-at-HOU,754,1654,3454,12:34,7,,,0.0,VGS,HOU,0.0,3,3,3.0,3.0,Visitor,49,1,51.0,0,0,0,,,,StatusOfficial,ResultPassIncomplete,,,,,3.0,1.0,,Visitor,29.0,5.0,20.0,2:34, ,21022,20218,,20633,,,,,,,,,,,,,,,,,,,,,,,,,0,0.0,0.0,0.0,0.0,0.0
2023,FOOTBALL_XFL_2023_4_15_VGS@HOU,VGS,7,HOU,2,outdoors,126,1681576701.0,45501,2023-04-15 16:38:21.000000,EventFootballPunt,"4-1-VGS 49 (11:58) 17 M. Carrizosa punts 38 yards from VGS 49 to 4 W. Likely, Fair Catch at HOU 13",,True,1,11,58,Half1,MaSourceTypeOfficialScoring,FOOTBALL_XFL_2023_4_15_VGS@HOU,,QBStat,7,2302033-VGS-at-HOU,718,1618,3418,11:58,7,,,0.0,VGS,HOU,0.0,3,3,3.0,3.0,Visitor,49,1,51.0,0,0,0,,,,StatusOfficial,ResultKickFaircatch,,Home,13.0,,4.0,1.0,,Visitor,29.0,5.0,20.0,3:02,PUNT,,,,,21784,22601,38.0,,,,,,,,,,,,,,,,,,,,,,1,0.0,0.0,0.0,0.0,0.0
2023,FOOTBALL_XFL_2023_4_15_VGS@HOU,VGS,7,HOU,2,outdoors,127,1681576742.0,45542,2023-04-15 16:39:02.000000,EventFootballPass,1-10-HOU 13 (11:55) 12 B. Silvers pass to 6 T. Harris to HOU 10 for -3 yards (26 M. Smith),,True,1,11,55,Half1,MaSourceTypeOfficialScoring,FOOTBALL_XFL_2023_4_15_VGS@HOU,,QBStat,8,2302033-VGS-at-HOU,715,1615,3415,11:55,2,,,1.0,HOU,VGS,0.0,3,3,3.0,3.0,Home,13,2,87.0,0,0,0,21444,,,StatusOfficial,ResultPassComplete,,,,,1.0,10.0,-3.0,Home,13.0,1.0,-3.0,0:24, ,21984,20642,,,,,,,,,,,,,,,,,,,,,,,,,,,0,0.0,0.0,0.0,0.0,0.0
2023,FOOTBALL_XFL_2023_4_15_VGS@HOU,VGS,7,HOU,2,outdoors,128,1681576777.0,45577,2023-04-15 16:39:37.000000,EventFootballPass,"2-13-HOU 10 (11:20) 12 B. Silvers pass to 21 G. Owens to HOU 21 for 11 yards (48 D. Calhoun, 26 M. Smith)",,True,1,11,20,Half1,MaSourceTypeOfficialScoring,FOOTBALL_XFL_2023_4_15_VGS@HOU,,QBStat,9,2302033-VGS-at-HOU,680,1580,3380,11:20,2,,,1.0,HOU,VGS,0.0,3,3,3.0,3.0,Home,10,2,90.0,0,0,0,21744,,,StatusOfficial,ResultPassComplete,,,,,2.0,13.0,11.0,Home,13.0,2.0,8.0,0:56, ,21984,21173,21444,,,,,,,,,,,,,,,,,,,,,,,,,,0,0.0,0.0,0.0,0.0,0.0
2023,FOOTBALL_XFL_2023_4_15_VGS@HOU,VGS,7,HOU,2,outdoors,129,1681576810.0,45610,2023-04-15 16:40:10.000000,EventFootballRush,"3-2-HOU 21 (10:50) 22 M. Borghi rush to HOU 23 for 2 yards (9 D. Anderson, 20 J. Johnson)",,True,1,10,50,Half1,MaSourceTypeOfficialScoring,FOOTBALL_XFL_2023_4_15_VGS@HOU,,QBStat,10,2302033-VGS-at-HOU,650,1550,3350,10:50,2,,,1.0,HOU,VGS,0.0,3,3,3.0,3.0,Home,21,2,79.0,0,0,0,20039,,,StatusOfficial,,,,,20149,3.0,2.0,2.0,Home,13.0,3.0,10.0,1:29, ,,,20811,,,,,,,,,,,,,,,,,,,,,,,,,,0,0.0,0.0,0.0,0.0,0.0
2023,FOOTBALL_XFL_2023_4_15_VGS@HOU,VGS,7,HOU,2,outdoors,130,1681576851.0,45651,2023-04-15 16:40:51.000000,EventFootballPass,1-10-HOU 23 (10:10) 12 B. Silvers pass dropped by 1 D. Burnett,,True,1,10,10,Half1,MaSourceTypeOfficialScoring,FOOTBALL_XFL_2023_4_15_VGS@HOU,,QBStat,11,2302033-VGS-at-HOU,610,1510,3310,10:10,2,,,1.0,HOU,VGS,0.0,3,3,3.0,3.0,Home,23,2,77.0,0,0,0,,,,StatusOfficial,ResultPassDropped,,,,,1.0,10.0,,Home,13.0,4.0,10.0,1:49, ,21984,20229,,,,,,,,,,,,,,,,,,,,,,,,,,,0,0.0,0.0,0.0,0.0,0.0
2023,FOOTBALL_XFL_2023_4_15_VGS@HOU,VGS,7,HOU,2,outdoors,131,1681576885.0,45685,2023-04-15 16:41:25.000000,EventFootballPass,2-10-HOU 23 (9:38) 12 B. Silvers pass to 10 J. Smith to HOU 28 for 5 yards (6 K. Kennedy),,True,1,9,38,Half1,MaSourceTypeOfficialScoring,FOOTBALL_XFL_2023_4_15_VGS@HOU,,QBStat,12,2302033-VGS-at-HOU,578,1478,3278,9:38,2,,,1.0,HOU,VGS,0.0,3,3,3.0,3.0,Home,23,2,77.0,0,0,0,21943,,,StatusOfficial,ResultPassComplete,,,,,2.0,10.0,5.0,Home,13.0,5.0,15.0,2:41, ,21984,21441,,,,,,,,,,,,,,,,,,,,,,,,,,,0,0.0,0.0,0.0,0.0,0.0
2023,FOOTBALL_XFL_2023_4_15_VGS@HOU,VGS,7,HOU,2,outdoors,132,1681576925.0,45725,2023-04-15 16:42:05.000000,EventFootballPass,3-5-HOU 28 (8:58) 12 B. Silvers pass to 2 C. Byrd to HOU 35 for 7 yards (28 C. Avery),,True,1,8,58,Half1,MaSourceTypeOfficialScoring,FOOTBALL_XFL_2023_4_15_VGS@HOU,,QBStat,13,2302033-VGS-at-HOU,538,1438,3238,8:58,2,,,1.0,HOU,VGS,0.0,3,3,3.0,3.0,Home,28,2,72.0,0,0,0,20066,,,StatusOfficial,ResultPassComplete,,,,,3.0,5.0,7.0,Home,13.0,6.0,22.0,3:17, ,21984,20241,,,,,,,,,,,,,,,,,,,,,,,,,,,0,0.0,0.0,0.0,0.0,0.0
2023,FOOTBALL_XFL_2023_4_15_VGS@HOU,VGS,7,HOU,2,outdoors,133,1681576959.0,45759,2023-04-15 16:42:39.000000,EventFootballPass,1-10-HOU 35 (8:24) 12 B. Silvers pass to 22 M. Borghi to HOU 41 for 6 yards (48 D. Calhoun),,True,1,8,24,Half1,MaSourceTypeOfficialScoring,FOOTBALL_XFL_2023_4_15_VGS@HOU,,QBStat,14,2302033-VGS-at-HOU,504,1404,3204,8:24,2,,,1.0,HOU,VGS,0.0,3,3,3.0,3.0,Home,35,2,65.0,0,0,0,21744,,,StatusOfficial,ResultPassComplete,,,,,1.0,10.0,6.0,Home,13.0,7.0,28.0,3:47, ,21984,20149,,,,,,,,,,,,,,,,,,,,,,,,,,,0,0.0,0.0,0.0,0.0,0.0
2023,FOOTBALL_XFL_2023_4_15_VGS@HOU,VGS,7,HOU,2,outdoors,134,1681576990.0,45790,2023-04-15 16:43:10.000000,EventFootballRush,2-4-HOU 41 (7:53) 22 M. Borghi rush to HOU 41 for 0 yards (0 P. Taumoepenu),,True,1,7,53,Half1,MaSourceTypeOfficialScoring,FOOTBALL_XFL_2023_4_15_VGS@HOU,,QBStat,15,2302033-VGS-at-HOU,473,1373,3173,7:53,2,,,1.0,HOU,VGS,0.0,3,3,3.0,3.0,Home,41,2,59.0,0,0,0,21968,,,StatusOfficial,,,,,20149,2.0,4.0,0.0,Home,13.0,8.0,28.0,4:16, ,,,,,,,,,,,,,,,,,,,,,,,,,,,,,0,0.0,0.0,0.0,0.0,0.0
2023,FOOTBALL_XFL_2023_4_15_VGS@HOU,VGS,7,HOU,2,outdoors,135,1681577029.0,45829,2023-04-15 16:43:49.000000,EventFootballPass,3-4-HOU 41 (7:14) 12 B. Silvers pass to 1 D. Burnett to HOU 46 for 5 yards (31 J. Summers),,True,1,7,14,Half1,MaSourceTypeOfficialScoring,FOOTBALL_XFL_2023_4_15_VGS@HOU,,QBStat,16,2302033-VGS-at-HOU,434,1334,3134,7:14,2,,,1.0,HOU,VGS,0.0,3,3,3.0,3.0,Home,41,2,59.0,0,0,0,22754,,,StatusOfficial,ResultPassComplete,,,,,3.0,4.0,5.0,Home,13.0,9.0,33.0,4:58, ,21984,20229,,,,,,,,,,,,,,,,,,,,,,,,,,,0,0.0,0.0,0.0,0.0,0.0
2023,FOOTBALL_XFL_2023_4_15_VGS@HOU,VGS,7,HOU,2,outdoors,136,1681577069.0,45869,2023-04-15 16:44:29.000000,EventFootballPass,1-10-HOU 46 (6:34) 12 B. Silvers pass to 10 J. Smith to VGS 33 for 21 yards (31 J. Summers),,True,1,6,34,Half1,MaSourceTypeOfficialScoring,FOOTBALL_XFL_2023_4_15_VGS@HOU,,QBStat,17,2302033-VGS-at-HOU,394,1294,3094,6:34,2,,,1.0,HOU,VGS,0.0,3,3,3.0,3.0,Home,46,2,54.0,0,0,0,22754,,,StatusOfficial,ResultPassComplete,,,,,1.0,10.0,21.0,Home,13.0,10.0,54.0,5:41, ,21984,21441,,,,,,,,,,,,,,,,,,,,,,,,,,,0,0.0,0.0,0.0,0.0,0.0
2023,FOOTBALL_XFL_2023_4_15_VGS@HOU,VGS,7,HOU,2,outdoors,137,1681577108.0,45908,2023-04-15 16:45:08.000000,EventFootballPass,1-10-VGS 33 (5:59) 12 B. Silvers pass incomplete to 1 D. Burnett,,True,1,5,59,Half1,MaSourceTypeOfficialScoring,FOOTBALL_XFL_2023_4_15_VGS@HOU,,QBStat,18,2302033-VGS-at-HOU,359,1259,3059,5:59,2,,,1.0,HOU,VGS,0.0,3,3,3.0,3.0,Visitor,33,2,33.0,0,0,0,,,,StatusOfficial,ResultPassIncomplete,,,,,1.0,10.0,,Home,13.0,11.0,54.0,5:59, ,21984,20229,,,,,,,,,,,,,,,,,,,,,,,,,,,0,0.0,0.0,0.0,0.0,0.0
2023,FOOTBALL_XFL_2023_4_15_VGS@HOU,VGS,7,HOU,2,outdoors,138,1681577145.0,45945,2023-04-15 16:45:45.000000,EventFootballPass,2-10-VGS 33 (5:25) 12 B. Silvers pass intended for 1 D. Burnett INTERCEPTED by 6 K. Kennedy returned 9 yards to VGS 25,,True,1,5,25,Half1,MaSourceTypeOfficialScoring,FOOTBALL_XFL_2023_4_15_VGS@HOU,,QBStat,19,2302033-VGS-at-HOU,325,1225,3025,5:25,2,,,1.0,HOU,VGS,0.0,3,3,3.0,3.0,Visitor,33,2,33.0,0,0,0,,,,StatusOfficial,ResultPassInterception,,Visitor,25.0,,2.0,10.0,,Home,13.0,12.0,54.0,6:33,INT,21984,20229,,,,,,21943,,,,,,,,,,,,,,,,,,,,,0,0.0,0.0,0.0,0.0,0.0
2023,FOOTBALL_XFL_2023_4_15_VGS@HOU,VGS,7,HOU,2,outdoors,139,1681577359.0,46159,2023-04-15 16:49:19.000000,EventFootballRush,1-10-VGS 25 (5:15) 3 J. McClendon rush to VGS 39 for 14 yards (16 R. Texada),,True,1,5,15,Half1,MaSourceTypeOfficialScoring,FOOTBALL_XFL_2023_4_15_VGS@HOU,,QBStat,20,2302033-VGS-at-HOU,315,1215,3015,5:15,7,,,0.0,VGS,HOU,0.0,3,3,3.0,3.0,Visitor,25,3,75.0,0,0,0,21536,,,StatusOfficial,,,,,21022,1.0,10.0,14.0,Visitor,25.0,1.0,14.0,0:16, ,,,,,,,,,,,,,,,,,,,,,,,,,,,,,0,0.0,0.0,0.0,0.0,0.0
2023,FOOTBALL_XFL_2023_4_15_VGS@HOU,VGS,7,HOU,2,outdoors,140,1681577390.0,46190,2023-04-15 16:49:50.000000,EventFootballRush,"1-10-VGS 39 (5:00) 8 J. Lovett rush to VGS 43 for 4 yards (97 G. Logan, 17 D. Johnson)",,True,1,5,0,Half1,MaSourceTypeOfficialScoring,FOOTBALL_XFL_2023_4_15_VGS@HOU,,QBStat,21,2302033-VGS-at-HOU,300,1200,3000,5:00,7,,,0.0,VGS,HOU,0.0,3,3,3.0,3.0,Visitor,39,3,61.0,0,0,0,21946,,,StatusOfficial,,,,,21872,1.0,10.0,4.0,Visitor,25.0,2.0,18.0,0:35, ,,,20801,,,,,,,,,,,,,,,,,,,,,,,,,,0,0.0,0.0,0.0,0.0,0.0
2023,FOOTBALL_XFL_2023_4_15_VGS@HOU,VGS,7,HOU,2,outdoors,141,1681577423.0,46223,2023-04-15 16:50:23.000000,EventFootballPass,2-6-VGS 43 (4:28) 3 J. McClendon pass to 19 G. Allison to VGS 46 for 3 yards (3 A. Harris),,True,1,4,28,Half1,MaSourceTypeOfficialScoring,FOOTBALL_XFL_2023_4_15_VGS@HOU,,QBStat,22,2302033-VGS-at-HOU,268,1168,2968,4:28,7,,,0.0,VGS,HOU,0.0,3,3,3.0,3.0,Visitor,43,3,57.0,0,0,0,20633,,,StatusOfficial,ResultPassComplete,,,,,2.0,6.0,3.0,Visitor,25.0,3.0,21.0,1:10, ,21022,22325,,,,,,,,,,,,,,,,,,,,,,,,,,,0,0.0,0.0,0.0,0.0,0.0
2023,FOOTBALL_XFL_2023_4_15_VGS@HOU,VGS,7,HOU,2,outdoors,142,1681577461.0,46261,2023-04-15 16:51:01.000000,EventFootballPass,3-3-VGS 46 (3:50) 3 J. McClendon pass to 8 J. Lovett to HOU 26 for 28 yards (29 A. Hendy),,True,1,3,50,Half1,MaSourceTypeOfficialScoring,FOOTBALL_XFL_2023_4_15_VGS@HOU,,QBStat,23,2302033-VGS-at-HOU,230,1130,2930,3:50,7,,,0.0,VGS,HOU,0.0,3,3,3.0,3.0,Visitor,46,3,54.0,0,0,0,20675,,,StatusOfficial,ResultPassComplete,,,,,3.0,3.0,28.0,Visitor,25.0,4.0,49.0,1:51, ,21022,21872,,,,,,,,,,,,,,,,,,,,,,,,,,,0,0.0,0.0,0.0,0.0,0.0
2023,FOOTBALL_XFL_2023_4_15_VGS@HOU,VGS,7,HOU,2,outdoors,143,1681577502.0,46302,2023-04-15 16:51:42.000000,EventFootballRush,1-10-HOU 26 (3:09) 18 B. Burt rush to HOU 18 for 8 yards (52 E. Ellerbee),,True,1,3,9,Half1,MaSourceTypeOfficialScoring,FOOTBALL_XFL_2023_4_15_VGS@HOU,,QBStat,24,2302033-VGS-at-HOU,189,1089,2889,3:09,7,,,0.0,VGS,HOU,0.0,3,3,3.0,3.0,Home,26,3,26.0,0,0,0,21857,,,StatusOfficial,,,,,20232,1.0,10.0,8.0,Visitor,25.0,5.0,57.0,2:28, ,,,,,,,,,,,,,,,,,,,,,,,,,,,,,0,0.0,0.0,0.0,0.0,0.0
2023,FOOTBALL_XFL_2023_4_15_VGS@HOU,VGS,7,HOU,2,outdoors,144,1681577536.0,46336,2023-04-15 16:52:16.000000,EventFootballPass,2-2-HOU 18 (2:34) 3 J. McClendon pass to 10 M. Sexton to HOU 13 for 5 yards (3 A. Harris),,True,1,2,34,Half1,MaSourceTypeOfficialScoring,FOOTBALL_XFL_2023_4_15_VGS@HOU,,QBStat,25,2302033-VGS-at-HOU,154,1054,2854,2:34,7,,,0.0,VGS,HOU,0.0,3,3,3.0,3.0,Home,18,3,18.0,0,0,0,20633,,,StatusOfficial,ResultPassComplete,,,,,2.0,2.0,5.0,Visitor,25.0,6.0,62.0,2:49, ,21022,21882,,,,,,,,,,,,,,,,,,,,,,,,,,,0,0.0,0.0,0.0,0.0,0.0
2023,FOOTBALL_XFL_2023_4_15_VGS@HOU,VGS,7,HOU,2,outdoors,145,1681577779.0,46579,2023-04-15 16:56:19.000000,EventFootballRush,1-10-HOU 13 (1:59) 3 J. McClendon rush to HOU 7 for 6 yards (29 A. Hendy),,True,1,1,59,Half1,MaSourceTypeOfficialScoring,FOOTBALL_XFL_2023_4_15_VGS@HOU,,QBStat,26,2302033-VGS-at-HOU,119,1019,2819,1:59,7,,,0.0,VGS,HOU,0.0,3,3,3.0,3.0,Home,13,3,13.0,0,0,0,20675,,,StatusOfficial,,,,,21022,1.0,10.0,6.0,Visitor,25.0,7.0,68.0,3:39, ,,,,,,,,,,,,,,,,,,,,,,,,,,,,,0,0.0,0.0,0.0,0.0,0.0
2023,FOOTBALL_XFL_2023_4_15_VGS@HOU,VGS,7,HOU,2,outdoors,146,1681577815.0,46615,2023-04-15 16:56:55.000000,EventFootballRush,"2-4-HOU 7 (1:23) 8 J. Lovett rush to HOU 4 for 3 yards (18 J. Mosley, 98 C. Brewer)",,True,1,1,23,Half1,MaSourceTypeOfficialScoring,FOOTBALL_XFL_2023_4_15_VGS@HOU,,QBStat,27,2302033-VGS-at-HOU,83,983,2783,1:23,7,,,0.0,VGS,HOU,0.0,3,3,3.0,3.0,Home,7,3,7.0,0,0,0,21108,,,StatusOfficial,,,,,21872,2.0,4.0,3.0,Visitor,25.0,8.0,71.0,4:18, ,,,21989,,,,,,,,,,,,,,,,,,,,,,,,,,0,0.0,0.0,0.0,0.0,0.0
2023,FOOTBALL_XFL_2023_4_15_VGS@HOU,VGS,7,HOU,2,outdoors,147,1681577860.0,46660,2023-04-15 16:57:40.000000,EventFootballPass,"3-1-HOU 4 (0:40) 3 J. McClendon pass to 80 S. Price for 4 yards, TOUCHDOWN",,True,1,0,40,Half1,MaSourceTypeOfficialScoring,FOOTBALL_XFL_2023_4_15_VGS@HOU,,QBStat,28,2302033-VGS-at-HOU,40,940,2740,0:40,7,,,0.0,VGS,HOU,0.0,3,3,3.0,3.0,Home,4,3,4.0,0,0,0,,,,StatusOfficial,ResultPassComplete,,,,,3.0,1.0,4.0,Visitor,25.0,9.0,75.0,4:41,TD,21022,21259,,,,,,,ScoreTypeTd,,,,,,,,,,,,,,,,,,,,0,1.0,0.0,0.0,0.0,1.0
2023,FOOTBALL_XFL_2023_4_15_VGS@HOU,VGS,7,HOU,2,outdoors,148,1681577876.0,46676,2023-04-15 16:57:56.000000,EventFootballPat2PtPass,FROM HOU 5 (0:40) 3 J. McClendon 2-pt conversion pass to 80 S. Price NO GOOD,,True,1,0,40,Half1,MaSourceTypeOfficialScoring,FOOTBALL_XFL_2023_4_15_VGS@HOU,,QBStat,29,2302033-VGS-at-HOU,40,940,2740,0:40,7,,,0.0,VGS,HOU,0.0,3,3,3.0,3.0,Home,5,3,5.0,0,6,0,,,,StatusOfficial,ResultPassInterception,,,,,,,,,,,,,,21022,21259,,,,,,20675,,2.0,,,,,,,,,,,,,,,,,,,0,0.0,0.0,0.0,0.0,0.0
2023,FOOTBALL_XFL_2023_4_15_VGS@HOU,VGS,7,HOU,2,outdoors,149,1681577996.0,46796,2023-04-15 16:59:56.000000,EventFootballKickoff,FROM VGS 30 (0:39) 38 S. Sloman kicks from VGS 30. 22 M. Borghi to HOU 21 for 19 yards (22 A. Sparks),,True,1,0,39,Half1,MaSourceTypeOfficialScoring,FOOTBALL_XFL_2023_4_15_VGS@HOU,,QBStat,30,2302033-VGS-at-HOU,39,939,2739,0:39,2,,,1.0,HOU,VGS,0.0,3,3,3.0,3.0,Visitor,30,4,30.0,0,6,0,21462,22904,20149,StatusOfficial,ResultKickReturned,19.0,Home,21.0,,,,,,,,,,,,,,,,,,,,,,,,,,,,,,,,,,,,,,,0,0.0,0.0,0.0,0.0,0.0
2023,FOOTBALL_XFL_2023_4_15_VGS@HOU,VGS,7,HOU,2,outdoors,150,1681578046.0,46846,2023-04-15 17:00:46.000000,EventFootballRush,1-10-HOU 21 (0:29) 26 B. Alleyne rush to HOU 24 for 3 yards (9 D. Anderson),,True,1,0,29,Half1,MaSourceTypeOfficialScoring,FOOTBALL_XFL_2023_4_15_VGS@HOU,,QBStat,31,2302033-VGS-at-HOU,29,929,2729,0:29,2,,,1.0,HOU,VGS,0.0,3,3,3.0,3.0,Home,21,4,79.0,0,6,0,20039,,,StatusOfficial,,,,,20033,1.0,10.0,3.0,Home,21.0,1.0,3.0,0:25, ,,,,,,,,,,,,,,,,,,,,,,,,,,,,,0,0.0,0.0,0.0,0.0,0.0
2023,FOOTBALL_XFL_2023_4_15_VGS@HOU,VGS,7,HOU,2,outdoors,151,1681578314.0,47114,2023-04-15 17:05:14.000000,EventFootballPass,2-7-HOU 24 (14:57) 12 B. Silvers pass to 6 T. Harris to HOU 33 for 9 yards (25 M. Evans),,True,2,14,57,Half1,MaSourceTypeOfficialScoring,FOOTBALL_XFL_2023_4_15_VGS@HOU,,QBStat,32,2302033-VGS-at-HOU,897,897,2697,14:57,2,,,1.0,HOU,VGS,0.0,3,3,3.0,3.0,Home,24,4,76.0,0,6,0,20461,,,StatusOfficial,ResultPassComplete,,,,,2.0,7.0,9.0,Home,21.0,2.0,12.0,1:00, ,21984,20642,,,,,,,,,,,,,,,,,,,,,,,,,,,0,0.0,0.0,0.0,0.0,0.0
2023,FOOTBALL_XFL_2023_4_15_VGS@HOU,VGS,7,HOU,2,outdoors,152,1681578348.0,47148,2023-04-15 17:05:48.000000,EventFootballRush,1-10-HOU 33 (14:22) 26 B. Alleyne rush to HOU 35 for 2 yards (26 M. Smith),,True,2,14,22,Half1,MaSourceTypeOfficialScoring,FOOTBALL_XFL_2023_4_15_VGS@HOU,,QBStat,33,2302033-VGS-at-HOU,862,862,2662,14:22,2,,,1.0,HOU,VGS,0.0,3,3,3.0,3.0,Home,33,4,67.0,0,6,0,21444,,,StatusOfficial,,,,,20033,1.0,10.0,2.0,Home,21.0,3.0,14.0,1:31, ,,,,,,,,,,,,,,,,,,,,,,,,,,,,,0,0.0,0.0,0.0,0.0,0.0
2023,FOOTBALL_XFL_2023_4_15_VGS@HOU,VGS,7,HOU,2,outdoors,153,1681578385.0,47185,2023-04-15 17:06:25.000000,EventFootballPass,"2-8-HOU 35 (13:46) 12 B. Silvers pass to 2 C. Byrd to HOU 41 for 6 yards Fumbled by 2 C. Byrd,  Forced by 26 M. Smith Recovered by 28 C. Avery (26 M. Smith)",,True,2,13,46,Half1,MaSourceTypeOfficialScoring,FOOTBALL_XFL_2023_4_15_VGS@HOU,,QBStat,34,2302033-VGS-at-HOU,826,826,2626,13:46,2,,,1.0,HOU,VGS,0.0,3,3,3.0,3.0,Home,35,4,65.0,0,6,0,21444,,,StatusOfficial,ResultPassComplete,,Home,41.0,,2.0,8.0,6.0,Home,21.0,4.0,20.0,1:54,FUMBLE,21984,20241,,,,,,,,,2,20241,7,20066,21444,,,,,,,,,,,,,,0,0.0,0.0,0.0,0.0,0.0
2023,FOOTBALL_XFL_2023_4_15_VGS@HOU,VGS,7,HOU,2,outdoors,154,1681578543.0,47343,2023-04-15 17:09:03.000000,EventFootballPenalty,"1-10-HOU 41 (13:06) PENALTY on (HOU) 96 J. Heflin, 5 yards",,True,2,13,6,Half1,MaSourceTypeOfficialScoring,FOOTBALL_XFL_2023_4_15_VGS@HOU,,QBStat,35,2302033-VGS-at-HOU,786,786,2586,13:06,7,,,0.0,VGS,HOU,0.0,3,3,3.0,3.0,Home,41,5,41.0,0,6,0,,,,StatusOfficial,,,,,,1.0,10.0,,Home,41.0,,5.0,0:00, ,,,,,,,,,,,,,,,,2,22875,5.0,ResultPenaltyRepeatdown,NA,,,,,,,,,0,0.0,0.0,0.0,0.0,0.0
2023,FOOTBALL_XFL_2023_4_15_VGS@HOU,VGS,7,HOU,2,outdoors,155,1681578571.0,47371,2023-04-15 17:09:31.000000,EventFootballPass,1-5-HOU 36 (13:04) 3 J. McClendon pass incomplete to 13 J. Badet Pass Defended by 4 W. Likely,,True,2,13,4,Half1,MaSourceTypeOfficialScoring,FOOTBALL_XFL_2023_4_15_VGS@HOU,,QBStat,36,2302033-VGS-at-HOU,784,784,2584,13:04,7,,,0.0,VGS,HOU,0.0,3,3,3.0,3.0,Home,36,5,36.0,0,6,0,,,,StatusOfficial,ResultPassIncomplete,,,,,1.0,5.0,,Home,41.0,1.0,5.0,0:19, ,21022,20072,,22601,,,,,,,,,,,,,,,,,,,,,,,,,0,0.0,0.0,0.0,0.0,0.0
2023,FOOTBALL_XFL_2023_4_15_VGS@HOU,VGS,7,HOU,2,outdoors,156,1681578630.0,47430,2023-04-15 17:10:30.000000,EventFootballPass,2-5-HOU 36 (12:21) 3 J. McClendon pass to 4 M. Bryant to HOU 29 for 7 yards (3 A. Harris),,True,2,12,21,Half1,MaSourceTypeOfficialScoring,FOOTBALL_XFL_2023_4_15_VGS@HOU,,QBStat,37,2302033-VGS-at-HOU,741,741,2541,12:21,7,,,0.0,VGS,HOU,0.0,3,3,3.0,3.0,Home,36,5,36.0,0,6,0,20633,,,StatusOfficial,ResultPassComplete,,,,,2.0,5.0,7.0,Home,41.0,2.0,12.0,1:00, ,21022,20218,,,,,,,,,,,,,,,,,,,,,,,,,,,0,0.0,0.0,0.0,0.0,0.0
2023,FOOTBALL_XFL_2023_4_15_VGS@HOU,VGS,7,HOU,2,outdoors,157,1681578673.0,47473,2023-04-15 17:11:13.000000,EventFootballRush,"1-10-HOU 29 (11:41) 3 J. McClendon rush to HOU 28 for 1 yard (96 J. Heflin, 47 C. Rivers)",,True,2,11,41,Half1,MaSourceTypeOfficialScoring,FOOTBALL_XFL_2023_4_15_VGS@HOU,,QBStat,38,2302033-VGS-at-HOU,701,701,2501,11:41,7,,,0.0,VGS,HOU,0.0,3,3,3.0,3.0,Home,29,5,29.0,0,6,0,22875,,,StatusOfficial,,,,,21022,1.0,10.0,1.0,Home,41.0,3.0,13.0,1:38, ,,,21820,,,,,,,,,,,,,,,,,,,,,,,,,,0,0.0,0.0,0.0,0.0,0.0
2023,FOOTBALL_XFL_2023_4_15_VGS@HOU,VGS,7,HOU,2,outdoors,158,1681578710.0,47510,2023-04-15 17:11:50.000000,EventFootballPass,2-9-HOU 28 (11:04) 3 J. McClendon pass to 19 G. Allison to HOU 8 for 20 yards (18 J. Mosley),,True,2,11,4,Half1,MaSourceTypeOfficialScoring,FOOTBALL_XFL_2023_4_15_VGS@HOU,,QBStat,39,2302033-VGS-at-HOU,664,664,2464,11:04,7,,,0.0,VGS,HOU,0.0,3,3,3.0,3.0,Home,28,5,28.0,0,6,0,21108,,,StatusOfficial,ResultPassComplete,,,,,2.0,9.0,20.0,Home,41.0,4.0,33.0,2:25, ,21022,22325,,,,,,,,,,,,,,,,,,,,,,,,,,,0,0.0,0.0,0.0,0.0,0.0
2023,FOOTBALL_XFL_2023_4_15_VGS@HOU,VGS,7,HOU,2,outdoors,159,1681578752.0,47552,2023-04-15 17:12:32.000000,EventFootballTimeout,1-8-HOU 8 (10:28) Timeout by Vegas Vipers at 10:28,,True,2,10,28,Half1,MaSourceTypeOfficialScoring,FOOTBALL_XFL_2023_4_15_VGS@HOU,,QBStat,40,2302033-VGS-at-HOU,628,628,2428,10:28,7,,,0.0,VGS,HOU,0.0,3,3,3.0,3.0,Home,8,5,8.0,0,6,0,,,,StatusOfficial,,,,,,1.0,8.0,,Home,41.0,4.0,33.0,2:38, ,,,,,,,,,,,,,,,,,,,,,7,,,,,,,,0,0.0,0.0,0.0,0.0,0.0
2023,FOOTBALL_XFL_2023_4_15_VGS@HOU,VGS,7,HOU,2,outdoors,160,1681578835.0,47635,2023-04-15 17:13:55.000000,EventFootballRush,1-8-HOU 8 (10:20) 3 J. McClendon rush to HOU 2 for 6 yards (11 T. Beckett),,True,2,10,20,Half1,MaSourceTypeOfficialScoring,FOOTBALL_XFL_2023_4_15_VGS@HOU,,QBStat,41,2302033-VGS-at-HOU,620,620,2420,10:20,7,,,0.0,VGS,HOU,0.0,2,3,2.0,2.0,Home,8,5,8.0,0,6,0,20107,,,StatusOfficial,,,,,21022,1.0,8.0,6.0,Home,41.0,5.0,39.0,2:59, ,,,,,,,,,,,,,,,,,,,,,,,,,,,,,0,0.0,0.0,0.0,0.0,0.0
2023,FOOTBALL_XFL_2023_4_15_VGS@HOU,VGS,7,HOU,2,outdoors,161,1681578876.0,47676,2023-04-15 17:14:36.000000,EventFootballRush,2-2-HOU 2 (9:40) 18 B. Burt rush to HOU 2 for 0 yards (17 D. Johnson),,True,2,9,40,Half1,MaSourceTypeOfficialScoring,FOOTBALL_XFL_2023_4_15_VGS@HOU,,QBStat,42,2302033-VGS-at-HOU,580,580,2380,9:40,7,,,0.0,VGS,HOU,0.0,2,3,2.0,2.0,Home,2,5,2.0,0,6,0,20801,,,StatusOfficial,,,,,20232,2.0,2.0,0.0,Home,41.0,6.0,39.0,3:39, ,,,,,,,,,,,,,,,,,,,,,,,,,,,,,0,0.0,0.0,0.0,0.0,0.0
2023,FOOTBALL_XFL_2023_4_15_VGS@HOU,VGS,7,HOU,2,outdoors,162,1681578919.0,47719,2023-04-15 17:15:19.000000,EventFootballTimeout,3-2-HOU 2 (9:09) Timeout by Vegas Vipers at 9:09,,True,2,9,9,Half1,MaSourceTypeOfficialScoring,FOOTBALL_XFL_2023_4_15_VGS@HOU,,QBStat,43,2302033-VGS-at-HOU,549,549,2349,9:09,7,,,0.0,VGS,HOU,0.0,2,3,2.0,2.0,Home,2,5,2.0,0,6,0,,,,StatusOfficial,,,,,,3.0,2.0,,Home,41.0,6.0,39.0,3:57, ,,,,,,,,,,,,,,,,,,,,,7,,,,,,,,0,0.0,0.0,0.0,0.0,0.0
2023,FOOTBALL_XFL_2023_4_15_VGS@HOU,VGS,7,HOU,2,outdoors,163,1681578996.0,47796,2023-04-15 17:16:36.000000,EventFootballPass,"3-2-HOU 2 (9:05) 3 J. McClendon pass to 14 C. Sweeting for 2 yards, TOUCHDOWN",,True,2,9,5,Half1,MaSourceTypeOfficialScoring,FOOTBALL_XFL_2023_4_15_VGS@HOU,,QBStat,44,2302033-VGS-at-HOU,545,545,2345,9:05,7,,,0.0,VGS,HOU,0.0,1,3,1.0,1.0,Home,2,5,2.0,0,6,0,,,,StatusOfficial,ResultPassComplete,,,,,3.0,2.0,2.0,Home,41.0,7.0,41.0,4:01,TD,21022,21507,,,,,,,ScoreTypeTd,,,,,,,,,,,,,,,,,,,,0,1.0,0.0,0.0,0.0,1.0
2023,FOOTBALL_XFL_2023_4_15_VGS@HOU,VGS,7,HOU,2,outdoors,164,1681579058.0,47858,2023-04-15 17:17:38.000000,EventFootballPenalty,"FROM HOU 5 (9:05) PENALTY on (HOU) 17 D. Johnson, 3 yards",,True,2,9,5,Half1,MaSourceTypeOfficialScoring,FOOTBALL_XFL_2023_4_15_VGS@HOU,,QBStat,45,2302033-VGS-at-HOU,545,545,2345,9:05,7,,,0.0,VGS,HOU,0.0,1,3,1.0,1.0,Home,5,5,5.0,0,12,0,,,,StatusOfficial,,,,,,,,,Home,41.0,7.0,39.0,4:01,TD,,,,,,,,,,,,,,,,2,20801,3.0,ResultPenaltyRepeatdown,NA,,,,,,,,,0,0.0,0.0,0.0,0.0,0.0
2023,FOOTBALL_XFL_2023_4_15_VGS@HOU,VGS,7,HOU,2,outdoors,165,1681579108.0,47908,2023-04-15 17:18:28.000000,EventFootballPat2PtPass,FROM HOU 2 (9:05) 3 J. McClendon 2-pt conversion pass to 8 J. Lovett NO GOOD,,True,2,9,5,Half1,MaSourceTypeOfficialScoring,FOOTBALL_XFL_2023_4_15_VGS@HOU,,QBStat,46,2302033-VGS-at-HOU,545,545,2345,9:05,7,,,0.0,VGS,HOU,0.0,1,3,1.0,1.0,Home,2,5,2.0,0,12,0,,,,StatusOfficial,ResultPassComplete,,,,,,,1.0,,,,,,,21022,21872,,,,,,,,2.0,,,,,,,,,,,,,,,,,,,0,0.0,0.0,0.0,0.0,0.0
2023,FOOTBALL_XFL_2023_4_15_VGS@HOU,VGS,7,HOU,2,outdoors,167,1681579322.0,48122,2023-04-15 17:22:02.000000,EventFootballKickoff,"FROM VGS 30 (9:05) 38 S. Sloman kicks 65 yards from VGS 30 to end zone, Touchback",,True,2,9,5,Half1,MaSourceTypeOfficialScoring,FOOTBALL_XFL_2023_4_15_VGS@HOU,,QBStat,47,2302033-VGS-at-HOU,545,545,2345,9:05,2,,,1.0,HOU,VGS,0.0,1,3,3.0,3.0,Visitor,30,6,30.0,0,12,0,,22904,,StatusOfficial,ResultKickTouchback,,Home,35.0,,,,,,,,,,,,,,,,,,,,,,,,,,,,,,,,65.0,,,,,,,0,0.0,0.0,0.0,0.0,0.0
2023,FOOTBALL_XFL_2023_4_15_VGS@HOU,VGS,7,HOU,2,outdoors,169,1681579374.0,48174,2023-04-15 17:22:54.000000,EventFootballPass,1-10-HOU 35 (9:02) 12 B. Silvers pass incomplete to 80 B. Putman,,True,2,9,2,Half1,MaSourceTypeOfficialScoring,FOOTBALL_XFL_2023_4_15_VGS@HOU,,QBStat,48,2302033-VGS-at-HOU,542,542,2342,9:02,2,,,1.0,HOU,VGS,0.0,1,3,3.0,3.0,Home,35,6,65.0,0,12,0,,,,StatusOfficial,ResultPassIncomplete,,,,,1.0,10.0,,Home,35.0,1.0,,0:10, ,21984,21266,,,,,,,,,,,,,,,,,,,,,,,,,,,0,0.0,0.0,0.0,0.0,0.0
2023,FOOTBALL_XFL_2023_4_15_VGS@HOU,VGS,7,HOU,2,outdoors,171,1681579411.0,48211,2023-04-15 17:23:31.000000,EventFootballPass,2-10-HOU 35 (8:27) 12 B. Silvers pass incomplete to 6 T. Harris,,True,2,8,27,Half1,MaSourceTypeOfficialScoring,FOOTBALL_XFL_2023_4_15_VGS@HOU,,QBStat,49,2302033-VGS-at-HOU,507,507,2307,8:27,2,,,1.0,HOU,VGS,0.0,1,3,3.0,3.0,Home,35,6,65.0,0,12,0,,,,StatusOfficial,ResultPassIncomplete,,,,,2.0,10.0,,Home,35.0,2.0,,0:45, ,21984,20642,,,,,,,,,,,,,,,,,,,,,,,,,,,0,0.0,0.0,0.0,0.0,0.0
2023,FOOTBALL_XFL_2023_4_15_VGS@HOU,VGS,7,HOU,2,outdoors,244,1681579456.0,48256,2023-04-15 17:24:16.000000,EventFootballPass,3-10-HOU 35 (7:47) 12 B. Silvers pass incomplete to 1 D. Burnett,,True,2,7,47,Half1,MaSourceTypeOfficialScoring,FOOTBALL_XFL_2023_4_15_VGS@HOU,,QBStat,50,2302033-VGS-at-HOU,467,467,2267,7:47,2,,,1.0,HOU,VGS,0.0,1,3,3.0,3.0,Home,35,6,65.0,0,12,0,,,,StatusOfficial,ResultPassIncomplete,,,,,3.0,10.0,,Home,35.0,3.0,,1:24, ,21984,20229,,,,,,,,,,,,,,,,,,,,,,,,,,,0,0.0,0.0,0.0,0.0,0.0
2023,FOOTBALL_XFL_2023_4_15_VGS@HOU,VGS,7,HOU,2,outdoors,175,1681579499.0,48299,2023-04-15 17:24:59.000000,EventFootballPunt,"4-10-HOU 35 (7:07) 46 R. Porter punts 49 yards, downed at VGS 16",,True,2,7,7,Half1,MaSourceTypeOfficialScoring,FOOTBALL_XFL_2023_4_15_VGS@HOU,,QBStat,51,2302033-VGS-at-HOU,427,427,2227,7:07,2,,,1.0,HOU,VGS,0.0,1,3,3.0,3.0,Home,35,6,65.0,0,12,0,,,,StatusOfficial,ResultKickDowned,,Visitor,16.0,,4.0,10.0,,Home,35.0,3.0,,1:58,PUNT,,,,,21248,,49.0,,,,,,,,,,,,,,,,,,,,,,1,0.0,0.0,0.0,0.0,0.0
2023,FOOTBALL_XFL_2023_4_15_VGS@HOU,VGS,7,HOU,2,outdoors,178,1681579710.0,48510,2023-04-15 17:28:30.000000,EventFootballRush,"1-10-VGS 16 (6:59) 13 J. Badet rush to VGS 18 for 2 yards (4 W. Likely, 3 A. Harris)",,True,2,6,59,Half1,MaSourceTypeOfficialScoring,FOOTBALL_XFL_2023_4_15_VGS@HOU,,QBStat,52,2302033-VGS-at-HOU,419,419,2219,6:59,7,,,0.0,VGS,HOU,0.0,1,3,1.0,1.0,Visitor,16,7,84.0,0,12,0,22601,,,StatusOfficial,,,,,20072,1.0,10.0,2.0,Visitor,16.0,1.0,2.0,0:37, ,,,20633,,,,,,,,,,,,,,,,,,,,,,,,,,0,0.0,0.0,0.0,0.0,0.0
2023,FOOTBALL_XFL_2023_4_15_VGS@HOU,VGS,7,HOU,2,outdoors,180,1681579750.0,48550,2023-04-15 17:29:10.000000,EventFootballPass,2-8-VGS 18 (6:25) 3 J. McClendon pass incomplete to 86 B. Dillon,,True,2,6,25,Half1,MaSourceTypeOfficialScoring,FOOTBALL_XFL_2023_4_15_VGS@HOU,,QBStat,53,2302033-VGS-at-HOU,385,385,2185,6:25,7,,,0.0,VGS,HOU,0.0,1,3,1.0,1.0,Visitor,18,7,82.0,0,12,0,,,,StatusOfficial,ResultPassIncomplete,,,,,2.0,8.0,,Visitor,16.0,2.0,2.0,0:42, ,21022,20392,,,,,,,,,,,,,,,,,,,,,,,,,,,0,0.0,0.0,0.0,0.0,0.0
2023,FOOTBALL_XFL_2023_4_15_VGS@HOU,VGS,7,HOU,2,outdoors,182,1681579790.0,48590,2023-04-15 17:29:50.000000,EventFootballRush,3-8-VGS 18 (5:47) 3 J. McClendon rush to VGS 32 for 14 yards (3 A. Harris),,True,2,5,47,Half1,MaSourceTypeOfficialScoring,FOOTBALL_XFL_2023_4_15_VGS@HOU,,QBStat,54,2302033-VGS-at-HOU,347,347,2147,5:47,7,,,0.0,VGS,HOU,0.0,1,3,1.0,1.0,Visitor,18,7,82.0,0,12,0,20633,,,StatusOfficial,,,,,21022,3.0,8.0,14.0,Visitor,16.0,3.0,16.0,1:35, ,,,,,,,,,,,,,,,,,,,,,,,,,,,,,0,0.0,0.0,0.0,0.0,0.0
2023,FOOTBALL_XFL_2023_4_15_VGS@HOU,VGS,7,HOU,2,outdoors,184,1681579824.0,48624,2023-04-15 17:30:24.000000,EventFootballRush,1-10-VGS 32 (5:12) 8 J. Lovett rush to VGS 36 for 4 yards (45 J. Daka),,True,2,5,12,Half1,MaSourceTypeOfficialScoring,FOOTBALL_XFL_2023_4_15_VGS@HOU,,QBStat,55,2302033-VGS-at-HOU,312,312,2112,5:12,7,,,0.0,VGS,HOU,0.0,1,3,1.0,1.0,Visitor,32,7,68.0,0,12,0,20350,,,StatusOfficial,,,,,21872,1.0,10.0,4.0,Visitor,16.0,4.0,20.0,2:07, ,,,,,,,,,,,,,,,,,,,,,,,,,,,,,0,0.0,0.0,0.0,0.0,0.0
2023,FOOTBALL_XFL_2023_4_15_VGS@HOU,VGS,7,HOU,2,outdoors,187,1681579860.0,48660,2023-04-15 17:31:00.000000,EventFootballRush,"2-6-VGS 36 (4:36) 8 J. Lovett rush to VGS 39 for 3 yards (36 C. Brice, 52 E. Ellerbee)",,True,2,4,36,Half1,MaSourceTypeOfficialScoring,FOOTBALL_XFL_2023_4_15_VGS@HOU,,QBStat,56,2302033-VGS-at-HOU,276,276,2076,4:36,7,,,0.0,VGS,HOU,0.0,1,3,1.0,1.0,Visitor,36,7,64.0,0,12,0,21918,,,StatusOfficial,,,,,21872,2.0,6.0,3.0,Visitor,16.0,5.0,23.0,3:01, ,,,21857,,,,,,,,,,,,,,,,,,,,,,,,,,0,0.0,0.0,0.0,0.0,0.0
2023,FOOTBALL_XFL_2023_4_15_VGS@HOU,VGS,7,HOU,2,outdoors,193,1681579907.0,48707,2023-04-15 17:31:47.000000,EventFootballSack,"3-3-VGS 39 (3:49) 3 J. McClendon sacked at VGS 30 for -9 yards Fumbled by 3 J. McClendon,  Forced by 17 D. Johnson Recovered by 11 T. Beckett , FUM REC TD scored by 11 T. Beckett (17 D. Johnson)",,True,2,3,49,Half1,MaSourceTypeOfficialScoring,FOOTBALL_XFL_2023_4_15_VGS@HOU,,QBStat,57,2302033-VGS-at-HOU,229,229,2029,3:49,7,,,0.0,VGS,HOU,0.0,1,3,1.0,1.0,Visitor,39,7,61.0,0,12,0,,,,StatusOfficial,,,Home,2.0,,3.0,3.0,-9.0,Visitor,16.0,6.0,23.0,3:18,FUMBLE,21022,,,,,,,,,,7,21022,2,20107,20801,,,,,,,,20801,ScoreTypeFumrectd,2,20107,,,0,0.0,0.0,0.0,0.0,0.0
2023,FOOTBALL_XFL_2023_4_15_VGS@HOU,VGS,7,HOU,2,outdoors,191,1681579968.0,48768,2023-04-15 17:32:48.000000,EventFootballPat1PtRush,FROM VGS 2 (3:45) 22 M. Borghi 1-pt conversion rush attempt NO GOOD,,True,2,3,45,Half1,MaSourceTypeOfficialScoring,FOOTBALL_XFL_2023_4_15_VGS@HOU,,QBStat,58,2302033-VGS-at-HOU,225,225,2025,3:45,2,,,1.0,HOU,VGS,0.0,1,3,3.0,3.0,Visitor,2,8,2.0,0,12,6,,,,StatusOfficial,,,,,20149,,,1.0,,,,,,,,,,,,,,,,1.0,,,,,,,,,,,,,,,,,,,0,0.0,0.0,0.0,0.0,0.0
2023,FOOTBALL_XFL_2023_4_15_VGS@HOU,VGS,7,HOU,2,outdoors,195,1681580077.0,48877,2023-04-15 17:34:37.000000,EventFootballKickoff,FROM HOU 30 (3:43) 8 A. Jones kicks from HOU 30. 14 C. Sweeting to VGS 29 for 10 yards (36 C. Brice),,True,2,3,43,Half1,MaSourceTypeOfficialScoring,FOOTBALL_XFL_2023_4_15_VGS@HOU,,QBStat,59,2302033-VGS-at-HOU,223,223,2023,3:43,7,,,0.0,VGS,HOU,0.0,1,3,1.0,1.0,Home,30,9,30.0,0,12,6,21918,22903,21507,StatusOfficial,ResultKickReturned,10.0,Visitor,29.0,,,,,,,,,,,,,,,,,,,,,,,,,,,,,,,,,,,,,,,0,0.0,0.0,0.0,0.0,0.0
2023,FOOTBALL_XFL_2023_4_15_VGS@HOU,VGS,7,HOU,2,outdoors,197,1681580137.0,48937,2023-04-15 17:35:37.000000,EventFootballRush,"1-10-VGS 29 (3:34) 15 R. Smith rush to VGS 33 for 4 yards (94 S. Mustin, 99 T. Mason)",,True,2,3,34,Half1,MaSourceTypeOfficialScoring,FOOTBALL_XFL_2023_4_15_VGS@HOU,,QBStat,60,2302033-VGS-at-HOU,214,214,2014,3:34,7,,,0.0,VGS,HOU,0.0,1,3,1.0,1.0,Visitor,29,9,71.0,0,12,6,21125,,,StatusOfficial,,,,,21447,1.0,10.0,4.0,Visitor,29.0,1.0,4.0,0:23, ,,,21004,,,,,,,,,,,,,,,,,,,,,,,,,,0,0.0,0.0,0.0,0.0,0.0
2023,FOOTBALL_XFL_2023_4_15_VGS@HOU,VGS,7,HOU,2,outdoors,199,1681580168.0,48968,2023-04-15 17:36:08.000000,EventFootballRush,"2-6-VGS 33 (3:03) 8 J. Lovett rush to VGS 38 for 5 yards (52 E. Ellerbee, 11 T. Beckett)",,True,2,3,3,Half1,MaSourceTypeOfficialScoring,FOOTBALL_XFL_2023_4_15_VGS@HOU,,QBStat,61,2302033-VGS-at-HOU,183,183,1983,3:03,7,,,0.0,VGS,HOU,0.0,1,3,1.0,1.0,Visitor,33,9,67.0,0,12,6,21857,,,StatusOfficial,,,,,21872,2.0,6.0,5.0,Visitor,29.0,2.0,9.0,0:56, ,,,20107,,,,,,,,,,,,,,,,,,,,,,,,,,0,0.0,0.0,0.0,0.0,0.0
2023,FOOTBALL_XFL_2023_4_15_VGS@HOU,VGS,7,HOU,2,outdoors,201,1681580209.0,49009,2023-04-15 17:36:49.000000,EventFootballRush,3-1-VGS 38 (2:22) 8 J. Lovett rush to VGS 37 for -1 yards (94 S. Mustin),,True,2,2,22,Half1,MaSourceTypeOfficialScoring,FOOTBALL_XFL_2023_4_15_VGS@HOU,,QBStat,62,2302033-VGS-at-HOU,142,142,1942,2:22,7,,,0.0,VGS,HOU,0.0,1,3,1.0,1.0,Visitor,38,9,62.0,0,12,6,21125,,,StatusOfficial,,,,,21872,3.0,1.0,-1.0,Visitor,29.0,3.0,8.0,1:34, ,,,,,,,,,,,,,,,,,,,,,,,,,,,,,0,0.0,0.0,0.0,0.0,0.0
2023,FOOTBALL_XFL_2023_4_15_VGS@HOU,VGS,7,HOU,2,outdoors,203,1681580436.0,49236,2023-04-15 17:40:36.000000,EventFootballPunt,4-2-VGS 37 (1:52) 17 M. Carrizosa punts 53 yards from VGS 37 to HOU 10. 6 T. Harris to HOU 32 for 22 yards (20 J. Johnson),,True,2,1,52,Half1,MaSourceTypeOfficialScoring,FOOTBALL_XFL_2023_4_15_VGS@HOU,,QBStat,63,2302033-VGS-at-HOU,112,112,1912,1:52,7,,,0.0,VGS,HOU,0.0,1,3,1.0,1.0,Visitor,37,9,63.0,0,12,6,20811,,,StatusOfficial,ResultKickReturned,,Home,32.0,,4.0,2.0,,Visitor,29.0,3.0,8.0,1:53,PUNT,,,,,21784,20642,53.0,,,,,,,,,,,,,,,,,,,,22.0,,1,0.0,0.0,0.0,0.0,0.0
2023,FOOTBALL_XFL_2023_4_15_VGS@HOU,VGS,7,HOU,2,outdoors,205,1681580503.0,49303,2023-04-15 17:41:43.000000,EventFootballPenalty,"1-10-HOU 32 (1:38) PENALTY on Houston Roughnecks, 5 yards",,True,2,1,38,Half1,MaSourceTypeOfficialScoring,FOOTBALL_XFL_2023_4_15_VGS@HOU,,QBStat,64,2302033-VGS-at-HOU,98,98,1898,1:38,2,,,1.0,HOU,VGS,0.0,1,3,3.0,3.0,Home,32,10,68.0,0,12,6,,,,StatusOfficial,,,,,,1.0,10.0,,Home,32.0,,-5.0,0:08, ,,,,,,,,,,,,,,,,2,TM,5.0,ResultPenaltyRepeatdown,NA,,,,,,,,,0,0.0,0.0,0.0,0.0,0.0
2023,FOOTBALL_XFL_2023_4_15_VGS@HOU,VGS,7,HOU,2,outdoors,207,1681580535.0,49335,2023-04-15 17:42:15.000000,EventFootballPass,1-15-HOU 27 (1:33) 12 B. Silvers pass to 21 G. Owens to HOU 31 for 4 yards (9 D. Anderson),,True,2,1,33,Half1,MaSourceTypeOfficialScoring,FOOTBALL_XFL_2023_4_15_VGS@HOU,,QBStat,65,2302033-VGS-at-HOU,93,93,1893,1:33,2,,,1.0,HOU,VGS,0.0,1,3,3.0,3.0,Home,27,10,73.0,0,12,6,20039,,,StatusOfficial,ResultPassComplete,,,,,1.0,15.0,4.0,Home,32.0,1.0,-1.0,0:29, ,21984,21173,,,,,,,,,,,,,,,,,,,,,,,,,,,0,0.0,0.0,0.0,0.0,0.0
2023,FOOTBALL_XFL_2023_4_15_VGS@HOU,VGS,7,HOU,2,outdoors,209,1681580563.0,49363,2023-04-15 17:42:43.000000,EventFootballPass,2-11-HOU 31 (1:07) 12 B. Silvers pass incomplete to 1 D. Burnett Pass Defended by 31 J. Summers,,True,2,1,7,Half1,MaSourceTypeOfficialScoring,FOOTBALL_XFL_2023_4_15_VGS@HOU,,QBStat,66,2302033-VGS-at-HOU,67,67,1867,1:07,2,,,1.0,HOU,VGS,0.0,1,3,3.0,3.0,Home,31,10,69.0,0,12,6,,,,StatusOfficial,ResultPassIncomplete,,,,,2.0,11.0,,Home,32.0,2.0,-1.0,0:39, ,21984,20229,,22754,,,,,,,,,,,,,,,,,,,,,,,,,0,0.0,0.0,0.0,0.0,0.0
2023,FOOTBALL_XFL_2023_4_15_VGS@HOU,VGS,7,HOU,2,outdoors,211,1681580604.0,49404,2023-04-15 17:43:24.000000,EventFootballPass,3-11-HOU 31 (1:04) 12 B. Silvers pass incomplete to 21 G. Owens,,True,2,1,4,Half1,MaSourceTypeOfficialScoring,FOOTBALL_XFL_2023_4_15_VGS@HOU,,QBStat,67,2302033-VGS-at-HOU,64,64,1864,1:04,2,,,1.0,HOU,VGS,0.0,1,3,3.0,3.0,Home,31,10,69.0,0,12,6,,,,StatusOfficial,ResultPassIncomplete,,,,,3.0,11.0,,Home,32.0,3.0,-1.0,0:42, ,21984,21173,,,,,,,,,,,,,,,,,,,,,,,,,,,0,0.0,0.0,0.0,0.0,0.0
2023,FOOTBALL_XFL_2023_4_15_VGS@HOU,VGS,7,HOU,2,outdoors,219,1681580660.0,49460,2023-04-15 17:44:20.000000,EventFootballPunt,"4-11-HOU 31 (0:55) 46 R. Porter punts 50 yards from HOU 31 to VGS 19. 10 M. Sexton to VGS 19 for 10 yards (27 D. Lewis) PENALTY on (VGS) 28 C. Avery, 10 yards",,True,2,0,55,Half1,MaSourceTypeOfficialScoring,FOOTBALL_XFL_2023_4_15_VGS@HOU,,QBStat,68,2302033-VGS-at-HOU,55,55,1855,0:55,2,,,1.0,HOU,VGS,0.0,1,3,3.0,3.0,Home,31,10,69.0,0,12,6,22597,,,StatusOfficial,ResultKickReturned,,Visitor,19.0,,4.0,11.0,,Home,32.0,3.0,-1.0,0:57,PUNT,,,,,21248,21882,50.0,,,,,,,,,7,20066,10.0,ResultPenaltyOnkickoffpat,NA,,,,,,,10.0,,1,0.0,0.0,0.0,0.0,0.0
2023,FOOTBALL_XFL_2023_4_15_VGS@HOU,VGS,7,HOU,2,outdoors,216,1681580815.0,49615,2023-04-15 17:46:55.000000,EventFootballPass,1-10-VGS 19 (0:46) 3 J. McClendon pass to 8 J. Lovett to VGS 46 for 27 yards (52 E. Ellerbee),,True,2,0,46,Half1,MaSourceTypeOfficialScoring,FOOTBALL_XFL_2023_4_15_VGS@HOU,,QBStat,69,2302033-VGS-at-HOU,46,46,1846,0:46,7,,,0.0,VGS,HOU,0.0,1,3,1.0,1.0,Visitor,19,11,81.0,0,12,6,21857,,,StatusOfficial,ResultPassComplete,,,,,1.0,10.0,27.0,Visitor,19.0,1.0,27.0,0:07, ,21022,21872,,,,,,,,,,,,,,,,,,,,,,,,,,,0,0.0,0.0,0.0,0.0,0.0
2023,FOOTBALL_XFL_2023_4_15_VGS@HOU,VGS,7,HOU,2,outdoors,218,1681580834.0,49634,2023-04-15 17:47:14.000000,EventFootballTimeout,1-10-VGS 46 (0:44) Timeout by Vegas Vipers at 0:44,,True,2,0,44,Half1,MaSourceTypeOfficialScoring,FOOTBALL_XFL_2023_4_15_VGS@HOU,,QBStat,70,2302033-VGS-at-HOU,44,44,1844,0:44,7,,,0.0,VGS,HOU,0.0,1,3,1.0,1.0,Visitor,46,11,54.0,0,12,6,,,,StatusOfficial,,,,,,1.0,10.0,,Visitor,19.0,1.0,27.0,0:07, ,,,,,,,,,,,,,,,,,,,,,7,,,,,,,,0,0.0,0.0,0.0,0.0,0.0
2023,FOOTBALL_XFL_2023_4_15_VGS@HOU,VGS,7,HOU,2,outdoors,222,1681580904.0,49704,2023-04-15 17:48:24.000000,EventFootballPass,"1-10-VGS 46 (0:41) 3 J. McClendon pass to 19 G. Allison to HOU 49 for 5 yards (33 T. Harris, 4 W. Likely) PENALTY on (HOU) 57 C. Wiley, 15 yards",,True,2,0,41,Half1,MaSourceTypeOfficialScoring,FOOTBALL_XFL_2023_4_15_VGS@HOU,,QBStat,71,2302033-VGS-at-HOU,41,41,1841,0:41,7,,,0.0,VGS,HOU,0.0,0,3,0.0,0.0,Visitor,46,11,54.0,0,12,6,22857,,,StatusOfficial,ResultPassComplete,,,,,1.0,10.0,5.0,Visitor,19.0,2.0,47.0,0:15, ,21022,22325,22601,,,,,,,,,,,,,2,22364,15.0,ResultPenaltyAuto1Stdown,NA,,,,,,,,,0,0.0,0.0,0.0,0.0,0.0
2023,FOOTBALL_XFL_2023_4_15_VGS@HOU,VGS,7,HOU,2,outdoors,231,1681581137.0,49937,2023-04-15 17:52:17.000000,EventFootballPenalty,"1-10-HOU 34 (0:29) PENALTY on (VGS) 71 I. Williams, 10 yards",,True,2,0,29,Half1,MaSourceTypeOfficialScoring,FOOTBALL_XFL_2023_4_15_VGS@HOU,,QBStat,73,2302033-VGS-at-HOU,29,29,1829,0:29,7,,,0.0,VGS,HOU,0.0,0,3,0.0,0.0,Home,34,11,34.0,0,12,6,,,,StatusOfficial,,,,,,1.0,10.0,,Visitor,19.0,2.0,37.0,0:22, ,,,,,,,,,,,,,,,,7,21674,10.0,ResultPenaltyRepeatdown,NA,,,,,,,,,0,0.0,0.0,0.0,0.0,0.0
2023,FOOTBALL_XFL_2023_4_15_VGS@HOU,VGS,7,HOU,2,outdoors,233,1681581190.0,49990,2023-04-15 17:53:10.000000,EventFootballTimeout,1-20-HOU 44 (0:29) Timeout by Houston Roughnecks at 0:29,,True,2,0,29,Half1,MaSourceTypeOfficialScoring,FOOTBALL_XFL_2023_4_15_VGS@HOU,,QBStat,74,2302033-VGS-at-HOU,29,29,1829,0:29,7,,,0.0,VGS,HOU,0.0,0,3,0.0,0.0,Home,44,11,44.0,0,12,6,,,,StatusOfficial,,,,,,1.0,20.0,,Visitor,19.0,2.0,37.0,0:23, ,,,,,,,,,,,,,,,,,,,,,2,,,,,,,,0,0.0,0.0,0.0,0.0,0.0
2023,FOOTBALL_XFL_2023_4_15_VGS@HOU,VGS,7,HOU,2,outdoors,235,1681581195.0,49995,2023-04-15 17:53:15.000000,EventFootballPass,1-20-HOU 44 (0:26) 3 J. McClendon pass incomplete to 14 C. Sweeting Pass Defended by 33 T. Harris,,True,2,0,26,Half1,MaSourceTypeOfficialScoring,FOOTBALL_XFL_2023_4_15_VGS@HOU,,QBStat,75,2302033-VGS-at-HOU,26,26,1826,0:26,7,,,0.0,VGS,HOU,0.0,0,2,0.0,0.0,Home,44,11,44.0,0,12,6,,,,StatusOfficial,ResultPassIncomplete,,,,,1.0,20.0,,Visitor,19.0,3.0,37.0,0:25, ,21022,21507,,22857,,,,,,,,,,,,,,,,,,,,,,,,,0,0.0,0.0,0.0,0.0,0.0
2023,FOOTBALL_XFL_2023_4_15_VGS@HOU,VGS,7,HOU,2,outdoors,237,1681581231.0,50031,2023-04-15 17:53:51.000000,EventFootballPass,2-20-HOU 44 (0:22) 3 J. McClendon pass to 8 J. Lovett to HOU 37 for 7 yards (29 A. Hendy),,True,2,0,22,Half1,MaSourceTypeOfficialScoring,FOOTBALL_XFL_2023_4_15_VGS@HOU,,QBStat,76,2302033-VGS-at-HOU,22,22,1822,0:22,7,,,0.0,VGS,HOU,0.0,0,2,0.0,0.0,Home,44,11,44.0,0,12,6,20675,,,StatusOfficial,ResultPassComplete,,,,,2.0,20.0,7.0,Visitor,19.0,4.0,44.0,0:46, ,21022,21872,,,,,,,,,,,,,,,,,,,,,,,,,,,0,0.0,0.0,0.0,0.0,0.0
2023,FOOTBALL_XFL_2023_4_15_VGS@HOU,VGS,7,HOU,2,outdoors,239,1681581256.0,50056,2023-04-15 17:54:16.000000,EventFootballPass,3-13-HOU 37 (0:05) 3 J. McClendon pass incomplete,,True,2,0,5,Half1,MaSourceTypeOfficialScoring,FOOTBALL_XFL_2023_4_15_VGS@HOU,,QBStat,77,2302033-VGS-at-HOU,5,5,1805,0:05,7,,,0.0,VGS,HOU,0.0,0,2,0.0,0.0,Home,37,11,37.0,0,12,6,,,,StatusOfficial,ResultPassIncomplete,,,,,3.0,13.0,,Visitor,19.0,5.0,44.0,0:46, ,21022,,,,,,,,,,,,,,,,,,,,,,,,,,,,0,0.0,0.0,0.0,0.0,0.0
2023,FOOTBALL_XFL_2023_4_15_VGS@HOU,VGS,7,HOU,2,outdoors,242,1681581287.0,50087,2023-04-15 17:54:47.000000,EventFootballFg,4-13-HOU 37 (0:00) 38 S. Sloman 55 yard field goal is NO GOOD,,True,2,0,0,Half1,MaSourceTypeOfficialScoring,FOOTBALL_XFL_2023_4_15_VGS@HOU,,QBStat,78,2302033-VGS-at-HOU,0,0,1800,0:00,7,,,0.0,VGS,HOU,0.0,0,2,0.0,0.0,Home,37,11,37.0,0,12,6,,22904,,StatusOfficial,ResultKickMissed,,,,,4.0,13.0,55.0,Visitor,19.0,6.0,44.0,0:55,MISSED FG,,,,,,,,,,,,,,,,,,,,,,,,,,,,,0,0.0,0.0,0.0,0.0,0.0
2023,FOOTBALL_XFL_2023_4_15_VGS@HOU,VGS,7,HOU,2,outdoors,243,1681581302.474501,,2023-04-15 17:55:02.474501,EventPeriodEnd,Halftime Marker,,True,2,0,0,Half1,MaSourceTypeOfficialScoring,FOOTBALL_XFL_2023_4_15_VGS@HOU,,QBStat,10010,2302033-VGS-at-HOU,0,0,1800,0:00,2,,,1.0,HOU,VGS,0.0,3,3,3.0,3.0,Home,45,12,55.0,0,12,6,,,,,,,,,,1.0,10.0,,,,,,,,,,,,,,,,,,,,,,,,,,,,,,,,,,,,0,0.0,0.0,0.0,0.0,0.0
2023,FOOTBALL_XFL_2023_4_15_VGS@HOU,VGS,7,HOU,2,outdoors,246,1681582210.0,51010,2023-04-15 18:10:10.000000,EventFootballKickoff,FROM VGS 30 (14:59) 38 S. Sloman kicks from VGS 30. 22 M. Borghi to HOU 28 for 27 yards (22 A. Sparks),,True,3,14,59,Half2,MaSourceTypeOfficialScoring,FOOTBALL_XFL_2023_4_15_VGS@HOU,,QBStat,79,2302033-VGS-at-HOU,899,1799,1799,14:59,2,,,1.0,HOU,VGS,0.0,3,3,3.0,3.0,Visitor,30,13,30.0,0,12,6,21462,22904,20149,StatusOfficial,ResultKickReturned,27.0,Home,28.0,,,,,,,,,,,,,,,,,,,,,,,,,,,,,,,,,,,,,,,0,0.0,0.0,0.0,0.0,0.0
2023,FOOTBALL_XFL_2023_4_15_VGS@HOU,VGS,7,HOU,2,outdoors,248,1681582254.0,51054,2023-04-15 18:10:54.000000,EventFootballRush,1-10-HOU 28 (14:49) 26 B. Alleyne rush to HOU 32 for 4 yards (97 L. Stokes),,True,3,14,49,Half2,MaSourceTypeOfficialScoring,FOOTBALL_XFL_2023_4_15_VGS@HOU,,QBStat,80,2302033-VGS-at-HOU,889,1789,1789,14:49,2,,,1.0,HOU,VGS,0.0,3,3,3.0,3.0,Home,28,13,72.0,0,12,6,21966,,,StatusOfficial,,,,,20033,1.0,10.0,4.0,Home,28.0,1.0,4.0,0:23, ,,,,,,,,,,,,,,,,,,,,,,,,,,,,,0,0.0,0.0,0.0,0.0,0.0
2023,FOOTBALL_XFL_2023_4_15_VGS@HOU,VGS,7,HOU,2,outdoors,250,1681582291.0,51091,2023-04-15 18:11:31.000000,EventFootballPenalty,"2-6-HOU 32 (14:14) PENALTY on (VGS) 26 M. Smith, 15 yards",,True,3,14,14,Half2,MaSourceTypeOfficialScoring,FOOTBALL_XFL_2023_4_15_VGS@HOU,,QBStat,81,2302033-VGS-at-HOU,854,1754,1754,14:14,2,,,1.0,HOU,VGS,0.0,3,3,3.0,3.0,Home,32,13,68.0,0,12,6,,,,StatusOfficial,,,,,,2.0,6.0,,Home,28.0,1.0,19.0,0:46, ,,,,,,,,,,,,,,,,7,21444,15.0,ResultPenaltyAuto1Stdown,NA,,,,,,,,,0,0.0,0.0,0.0,0.0,0.0
2023,FOOTBALL_XFL_2023_4_15_VGS@HOU,VGS,7,HOU,2,outdoors,252,1681582337.0,51137,2023-04-15 18:12:17.000000,EventFootballPass,1-10-HOU 47 (13:55) 12 B. Silvers pass to 26 B. Alleyne to VGS 46 for 7 yards (48 D. Calhoun),,True,3,13,55,Half2,MaSourceTypeOfficialScoring,FOOTBALL_XFL_2023_4_15_VGS@HOU,,QBStat,82,2302033-VGS-at-HOU,835,1735,1735,13:55,2,,,1.0,HOU,VGS,0.0,3,3,3.0,3.0,Home,47,13,53.0,0,12,6,21744,,,StatusOfficial,ResultPassComplete,,,,,1.0,10.0,7.0,Home,28.0,2.0,26.0,1:21, ,21984,20033,,,,,,,,,,,,,,,,,,,,,,,,,,,0,0.0,0.0,0.0,0.0,0.0
2023,FOOTBALL_XFL_2023_4_15_VGS@HOU,VGS,7,HOU,2,outdoors,254,1681582370.0,51170,2023-04-15 18:12:50.000000,EventFootballRush,2-3-VGS 46 (13:22) 26 B. Alleyne rush to VGS 43 for 3 yards (90 J. Martin),,True,3,13,22,Half2,MaSourceTypeOfficialScoring,FOOTBALL_XFL_2023_4_15_VGS@HOU,,QBStat,83,2302033-VGS-at-HOU,802,1702,1702,13:22,2,,,1.0,HOU,VGS,0.0,3,3,3.0,3.0,Visitor,46,13,46.0,0,12,6,21948,,,StatusOfficial,,,,,20033,2.0,3.0,3.0,Home,28.0,3.0,29.0,1:55, ,,,,,,,,,,,,,,,,,,,,,,,,,,,,,0,0.0,0.0,0.0,0.0,0.0
2023,FOOTBALL_XFL_2023_4_15_VGS@HOU,VGS,7,HOU,2,outdoors,256,1681582408.0,51208,2023-04-15 18:13:28.000000,EventFootballPass,1-10-VGS 43 (12:44) 12 B. Silvers pass to 22 M. Borghi to VGS 45 for -2 yards (26 M. Smith),,True,3,12,44,Half2,MaSourceTypeOfficialScoring,FOOTBALL_XFL_2023_4_15_VGS@HOU,,QBStat,84,2302033-VGS-at-HOU,764,1664,1664,12:44,2,,,1.0,HOU,VGS,0.0,3,3,3.0,3.0,Visitor,43,13,43.0,0,12,6,21444,,,StatusOfficial,ResultPassComplete,,,,,1.0,10.0,-2.0,Home,28.0,4.0,27.0,2:30, ,21984,20149,,,,,,,,,,,,,,,,,,,,,,,,,,,0,0.0,0.0,0.0,0.0,0.0
2023,FOOTBALL_XFL_2023_4_15_VGS@HOU,VGS,7,HOU,2,outdoors,261,1681582441.0,51241,2023-04-15 18:14:01.000000,EventFootballRush,2-12-VGS 45 (12:11) 12 B. Silvers rush to VGS 39 for 6 yards (31 J. Summers),,True,3,12,11,Half2,MaSourceTypeOfficialScoring,FOOTBALL_XFL_2023_4_15_VGS@HOU,,QBStat,85,2302033-VGS-at-HOU,731,1631,1631,12:11,2,,,1.0,HOU,VGS,0.0,3,3,3.0,3.0,Visitor,45,13,45.0,0,12,6,22754,,,StatusOfficial,,,,,21984,2.0,12.0,6.0,Home,28.0,5.0,33.0,3:23, ,,,,,,,,,,,,,,,,,,,,,,,,,,,,,0,0.0,0.0,0.0,0.0,0.0
2023,FOOTBALL_XFL_2023_4_15_VGS@HOU,VGS,7,HOU,2,outdoors,260,1681582480.0,51280,2023-04-15 18:14:40.000000,EventFootballPass,3-6-VGS 39 (11:32) 12 B. Silvers pass to 21 G. Owens to VGS 32 for 7 yards (31 J. Summers),,True,3,11,32,Half2,MaSourceTypeOfficialScoring,FOOTBALL_XFL_2023_4_15_VGS@HOU,,QBStat,86,2302033-VGS-at-HOU,692,1592,1592,11:32,2,,,1.0,HOU,VGS,0.0,3,3,3.0,3.0,Visitor,39,13,39.0,0,12,6,22754,,,StatusOfficial,ResultPassComplete,,,,,3.0,6.0,7.0,Home,28.0,6.0,40.0,3:42, ,21984,21173,,,,,,,,,,,,,,,,,,,,,,,,,,,0,0.0,0.0,0.0,0.0,0.0
2023,FOOTBALL_XFL_2023_4_15_VGS@HOU,VGS,7,HOU,2,outdoors,263,1681582511.0,51311,2023-04-15 18:15:11.000000,EventFootballRush,1-10-VGS 32 (11:01) 22 M. Borghi rush to VGS 32 for 0 yards (97 L. Stokes),,True,3,11,1,Half2,MaSourceTypeOfficialScoring,FOOTBALL_XFL_2023_4_15_VGS@HOU,,QBStat,87,2302033-VGS-at-HOU,661,1561,1561,11:01,2,,,1.0,HOU,VGS,0.0,3,3,3.0,3.0,Visitor,32,13,32.0,0,12,6,21966,,,StatusOfficial,,,,,20149,1.0,10.0,0.0,Home,28.0,7.0,40.0,4:11, ,,,,,,,,,,,,,,,,,,,,,,,,,,,,,0,0.0,0.0,0.0,0.0,0.0
2023,FOOTBALL_XFL_2023_4_15_VGS@HOU,VGS,7,HOU,2,outdoors,265,1681582550.0,51350,2023-04-15 18:15:50.000000,EventFootballPass,2-10-VGS 32 (10:22) 12 B. Silvers pass to 21 G. Owens to VGS 31 for 1 yard QB Hit by 26 M. Smith (25 M. Evans),,True,3,10,22,Half2,MaSourceTypeOfficialScoring,FOOTBALL_XFL_2023_4_15_VGS@HOU,,QBStat,88,2302033-VGS-at-HOU,622,1522,1522,10:22,2,,,1.0,HOU,VGS,0.0,3,3,3.0,3.0,Visitor,32,13,32.0,0,12,6,20461,,,StatusOfficial,ResultPassComplete,,,,,2.0,10.0,1.0,Home,28.0,8.0,41.0,5:11, ,21984,21173,,,,,,,,,,,,,,,,,,,,,,,,,,21444,0,0.0,0.0,0.0,0.0,0.0
2023,FOOTBALL_XFL_2023_4_15_VGS@HOU,VGS,7,HOU,2,outdoors,267,1681582593.0,51393,2023-04-15 18:16:33.000000,EventFootballPass,3-9-VGS 31 (9:39) 12 B. Silvers pass intended for 1 D. Burnett INTERCEPTED by 6 K. Kennedy returned 9 yards to VGS 13,,True,3,9,39,Half2,MaSourceTypeOfficialScoring,FOOTBALL_XFL_2023_4_15_VGS@HOU,,QBStat,89,2302033-VGS-at-HOU,579,1479,1479,9:39,2,,,1.0,HOU,VGS,0.0,3,3,3.0,3.0,Visitor,31,13,31.0,0,12,6,,,,StatusOfficial,ResultPassInterception,,Visitor,13.0,,3.0,9.0,,Home,28.0,9.0,41.0,5:21,INT,21984,20229,,,,,,21943,,,,,,,,,,,,,,,,,,,,,0,0.0,0.0,0.0,0.0,0.0
