season,game_id,away_team_abv,away_team_id,home_team_abv,home_team_id,MarkerId,MarkerUTC,MarkerLTC,play_date_time,play_type,desc,comments,IsOfficial,qtr,ClockMinutes,ClockSeconds,game_half,SourceType,EventId,SituationCode,SourceId,SourceNativeMarkerId,OfficialCode,quarter_seconds_remaining,half_seconds_remaining,game_seconds_remaining,time,VisTimeouts,HomeTimeouts,BallOn_Side,BallOn_YardNum,DriveNum,pos_team_ID,PossTeamAbv,LastPlaySummary,LastPlayStatus,home_team_has_pos,yardline_100,VisScore,HomeScore,Down,Distance,MapRoleTackler1,MapRoleKicker,MapRoleKickreturner,FootballStatus,FootballPlayResult,FootballKickRetYards,FootballSetBallOn_VisOrHome,FootballSetBallOn_YardNum,MapRoleRusher,FootballYards,FootballFumble_TeamFumbled,FootballFumble_PlayerFumbled,FootballFumble_TeamRecovered,FootballFumble_PlayerRecovered,FootballFumble_PlayerForcedFumble,Drive_Start_VisOrHome,Drive_Start_YardNum,Drive_Plays,Drive_Yards,Drive_TOP,Result,FootballPenalty_TeamId,FootballPenalty_PlayerId,FootballPenalty_Yards,FootballPenalty_PenaltyResult,FootballPenalty_Description,FootballMainScoringPlay,MapRolePasser,MapRoleReceiver,FootballConvAttPts,MapRoleSacker1,MapRolePassDefender,FootballTimeoutTeamId,MapRolePunter,MapRolePuntreturner,FootballPuntYards,FootballPuntRetYards,MapRoleInterceptor,MapRoleQbHitter,MapRoleSacker2,MapRoleTackler2
2023,FOOTBALL_XFL_2023_3_12_VGS@DC,VGS,7,DC,8,1,1678662269.394205,,2023-03-12 19:04:29.394205,EventStart,Game Start Marker,,True,1,15,0,Half1,MaSourceTypeOfficialScoring,FOOTBALL_XFL_2023_3_12_VGS@DC,,QBStat,10005, ,900,1800,3600,15:00,3,3,Home,30,1,7,,,,0.0,30,0,0,,,,,,,,,,,,,,,,,,,,,,,,,,,,,,,,,,,,,,,,,,,
2023,FOOTBALL_XFL_2023_3_12_VGS@DC,VGS,7,DC,8,420,1678665878.0,68678,2023-03-12 20:04:38.000000,EventFootballKickoff,34 M. McCrane kicks from DC 30. 5 D. Torrey to VGS 30 for 23 yards (27 F. Gardner),,True,1,14,54,Half1,MaSourceTypeOfficialScoring,FOOTBALL_XFL_2023_3_12_VGS@DC,,QBStat,1,2302016-VGS-at-DC,894,1794,3594,14:54,3,3,Home,30,1,7,,,,0.0,30,0,0,,,21935,34,21148,StatusOfficial,ResultKickReturned,23.0,Visitor,30.0,,,,,,,,,,,,,,,,,,,,,,,,,,,,,,,,,
2023,FOOTBALL_XFL_2023_3_12_VGS@DC,VGS,7,DC,8,421,1678665931.0,68731,2023-03-12 20:05:31.000000,EventFootballRush,"1-10-VGS 30 (14:46) 2 B. Hundley rush to VGS 27 for -3 yards Fumbled by 2 B. Hundley,  Recovered by 17 D. Bellamy",,True,1,14,46,Half1,MaSourceTypeOfficialScoring,FOOTBALL_XFL_2023_3_12_VGS@DC,,QBStat,2,2302016-VGS-at-DC,886,1786,3586,14:46,3,3,Visitor,30,1,7,,,,0.0,70,0,0,1.0,10.0,,,,StatusOfficial,,,Visitor,21.0,22876,-3.0,7,22876,8,22416,,Visitor,30.0,1.0,-9.0,0:14,FUMBLE,,,,,,,,,,,,,,,,,,,,
2023,FOOTBALL_XFL_2023_3_12_VGS@DC,VGS,7,DC,8,422,1678665972.0,68772,2023-03-12 20:06:12.000000,EventFootballRush,1-10-VGS 21 (14:44) 4 A. Smith rush to VGS 17 for 4 yards (88 R. Windsor),,True,1,14,44,Half1,MaSourceTypeOfficialScoring,FOOTBALL_XFL_2023_3_12_VGS@DC,,QBStat,3,2302016-VGS-at-DC,884,1784,3584,14:44,3,3,Visitor,21,2,8,,,,1.0,21,0,0,1.0,10.0,21975,,,StatusOfficial,,,,,21427,4.0,,,,,,Visitor,21.0,1.0,4.0,0:21, ,,,,,,,,,,,,,,,,,,,,
2023,FOOTBALL_XFL_2023_3_12_VGS@DC,VGS,7,DC,8,423,1678666009.0,68809,2023-03-12 20:06:49.000000,EventFootballRush,2-6-VGS 17 (14:10) 10 J. Ta'amu rush to VGS 10 for 7 yards (25 M. Evans),,True,1,14,10,Half1,MaSourceTypeOfficialScoring,FOOTBALL_XFL_2023_3_12_VGS@DC,,QBStat,4,2302016-VGS-at-DC,850,1750,3550,14:10,3,3,Visitor,17,2,8,,,,1.0,17,0,0,2.0,6.0,20461,,,StatusOfficial,,,,,22296,7.0,,,,,,Visitor,21.0,2.0,11.0,1:04, ,,,,,,,,,,,,,,,,,,,,
2023,FOOTBALL_XFL_2023_3_12_VGS@DC,VGS,7,DC,8,424,1678666082.0,68882,2023-03-12 20:08:02.000000,EventFootballPenalty,"1-10-VGS 10 (13:39) PENALTY on 25 M. Evans, 4 yards",,True,1,13,39,Half1,MaSourceTypeOfficialScoring,FOOTBALL_XFL_2023_3_12_VGS@DC,,QBStat,5,2302016-VGS-at-DC,819,1719,3519,13:39,3,3,Visitor,10,2,8,,,,1.0,10,0,0,1.0,10.0,,,,StatusOfficial,,,,,,,,,,,,Visitor,21.0,2.0,15.0,1:14, ,7,20461,4.0,ResultPenaltyAuto1Stdown,NA,,,,,,,,,,,,,,,
2023,FOOTBALL_XFL_2023_3_12_VGS@DC,VGS,7,DC,8,595,1678666090.0,68890,2023-03-12 20:08:10.000000,EventFootballRush,"1-6-VGS 6 (13:32) 10 J. Ta'amu rush to VGS 5 for 1 yard (9 D. Anderson, 88 R. Windsor)",,True,1,13,32,Half1,MaSourceTypeOfficialScoring,FOOTBALL_XFL_2023_3_12_VGS@DC,,QBStat,6,2302016-VGS-at-DC,812,1712,3512,13:32,3,3,Visitor,6,2,8,,,,1.0,6,0,0,1.0,6.0,20039,,,StatusOfficial,,,,,22296,1.0,,,,,,Visitor,21.0,3.0,16.0,1:26, ,,,,,,,,,,,,,,,,,,,,21975
2023,FOOTBALL_XFL_2023_3_12_VGS@DC,VGS,7,DC,8,426,1678666116.0,68916,2023-03-12 20:08:36.000000,EventFootballRush,"2-5-VGS 5 (13:11) 3 D. King rush for 5 yards, TOUCHDOWN",,True,1,13,11,Half1,MaSourceTypeOfficialScoring,FOOTBALL_XFL_2023_3_12_VGS@DC,,QBStat,7,2302016-VGS-at-DC,791,1691,3491,13:11,3,3,Visitor,5,2,8,,,,1.0,5,0,0,2.0,5.0,,,,StatusOfficial,,,,,21981,5.0,,,,,,Visitor,21.0,4.0,21.0,1:35,TD,,,,,,ScoreTypeTd,,,,,,,,,,,,,,
2023,FOOTBALL_XFL_2023_3_12_VGS@DC,VGS,7,DC,8,427,1678666148.0,68948,2023-03-12 20:09:08.000000,EventFootballPat2PtPass,10 J. Ta'amu 2-pt conversion pass to 0 J. Hammond NO GOOD,,True,1,13,11,Half1,MaSourceTypeOfficialScoring,FOOTBALL_XFL_2023_3_12_VGS@DC,,QBStat,8,2302016-VGS-at-DC,791,1691,3491,13:11,3,3,Visitor,5,2,8,,,,1.0,5,0,6,,,,,,StatusOfficial,ResultPassComplete,,,,,1.0,,,,,,,,,,,,,,,,,,22296,20618,2.0,,,,,,,,,,,
2023,FOOTBALL_XFL_2023_3_12_VGS@DC,VGS,7,DC,8,428,1678666237.0,69037,2023-03-12 20:10:37.000000,EventFootballKickoff,34 M. McCrane kicks from DC 30. 5 D. Torrey to VGS 27 for 19 yards (24 A. Kelly),,True,1,13,6,Half1,MaSourceTypeOfficialScoring,FOOTBALL_XFL_2023_3_12_VGS@DC,,QBStat,9,2302016-VGS-at-DC,786,1686,3486,13:06,3,3,Home,30,3,7,,,,0.0,30,0,6,,,20873,34,21148,StatusOfficial,ResultKickReturned,19.0,Visitor,27.0,,,,,,,,,,,,,,,,,,,,,,,,,,,,,,,,,
2023,FOOTBALL_XFL_2023_3_12_VGS@DC,VGS,7,DC,8,429,1678666282.0,69082,2023-03-12 20:11:22.000000,EventFootballRush,1-10-VGS 27 (12:58) 15 R. Smith rush to VGS 42 for 15 yards (95 J. Owens),,True,1,12,58,Half1,MaSourceTypeOfficialScoring,FOOTBALL_XFL_2023_3_12_VGS@DC,,QBStat,10,2302016-VGS-at-DC,778,1678,3478,12:58,3,3,Visitor,27,3,7,,,,0.0,73,0,6,1.0,10.0,21174,,,StatusOfficial,,,,,21447,15.0,,,,,,Visitor,27.0,1.0,15.0,0:26, ,,,,,,,,,,,,,,,,,,,,
2023,FOOTBALL_XFL_2023_3_12_VGS@DC,VGS,7,DC,8,430,1678666313.0,69113,2023-03-12 20:11:53.000000,EventFootballPass,"1-10-VGS 42 (12:27) 2 B. Hundley pass to 15 R. Smith to Midfield for 8 yards (24 A. Kelly) PENALTY on 15 R. Smith, 15 yards",,True,1,12,27,Half1,MaSourceTypeOfficialScoring,FOOTBALL_XFL_2023_3_12_VGS@DC,,QBStat,11,2302016-VGS-at-DC,747,1647,3447,12:27,3,3,Visitor,42,3,7,,,,0.0,58,0,6,1.0,10.0,20873,,,StatusOfficial,ResultPassComplete,,,,,8.0,,,,,,Visitor,27.0,2.0,38.0,1:42, ,7,21447,15.0,ResultPenaltyRepeatdown,NA,,22876,21447,,,,,,,,,,,,
2023,FOOTBALL_XFL_2023_3_12_VGS@DC,VGS,7,DC,8,431,1678666409.0,69209,2023-03-12 20:13:29.000000,EventFootballPass,1-10-VGS 35 (11:27) 2 B. Hundley pass incomplete to 8 J. Lovett,,True,1,11,27,Half1,MaSourceTypeOfficialScoring,FOOTBALL_XFL_2023_3_12_VGS@DC,,QBStat,12,2302016-VGS-at-DC,687,1587,3387,11:27,3,3,Visitor,35,3,7,,,,0.0,65,0,6,1.0,10.0,,,,StatusOfficial,ResultPassIncomplete,,,,,,,,,,,Visitor,27.0,3.0,38.0,1:49, ,,,,,,,22876,21872,,,,,,,,,,,,
2023,FOOTBALL_XFL_2023_3_12_VGS@DC,VGS,7,DC,8,596,1678666423.0,69223,2023-03-12 20:13:43.000000,EventFootballPass,"2-10-VGS 35 (11:14) 2 B. Hundley pass to 4 M. Bryant to VGS 39 for 4 yards (24 A. Kelly, 17 D. Bellamy)",,True,1,11,14,Half1,MaSourceTypeOfficialScoring,FOOTBALL_XFL_2023_3_12_VGS@DC,,QBStat,13,2302016-VGS-at-DC,674,1574,3374,11:14,3,3,Visitor,35,3,7,,,,0.0,65,0,6,2.0,10.0,20873,,,StatusOfficial,ResultPassComplete,,,,,4.0,,,,,,Visitor,27.0,4.0,42.0,2:19, ,,,,,,,22876,20218,,,,,,,,,,,,22416
2023,FOOTBALL_XFL_2023_3_12_VGS@DC,VGS,7,DC,8,433,1678666486.0,69286,2023-03-12 20:14:46.000000,EventFootballPass,3-6-VGS 39 (10:13) 2 B. Hundley pass to 4 M. Bryant to DC 38 for 23 yards (29 K. Brice),,True,1,10,13,Half1,MaSourceTypeOfficialScoring,FOOTBALL_XFL_2023_3_12_VGS@DC,,QBStat,14,2302016-VGS-at-DC,613,1513,3313,10:13,3,3,Visitor,39,3,7,,,,0.0,61,0,6,3.0,6.0,20180,,,StatusOfficial,ResultPassComplete,,,,,23.0,,,,,,Visitor,27.0,5.0,35.0,5:57, ,,,,,,,22876,20218,,,,,,,,,,,,
2023,FOOTBALL_XFL_2023_3_12_VGS@DC,VGS,7,DC,8,434,1678666791.0,69591,2023-03-12 20:19:51.000000,EventFootballRush,1-10-DC 38 (10:07) 8 J. Lovett rush to DC 28 for 10 yards (24 A. Kelly),,True,1,10,7,Half1,MaSourceTypeOfficialScoring,FOOTBALL_XFL_2023_3_12_VGS@DC,,QBStat,15,2302016-VGS-at-DC,607,1507,3307,10:07,3,3,Home,38,3,7,,,,0.0,38,0,6,1.0,10.0,20873,,,StatusOfficial,,,,,21872,10.0,,,,,,Visitor,27.0,6.0,45.0,7:13, ,,,,,,,,,,,,,,,,,,,,
2023,FOOTBALL_XFL_2023_3_12_VGS@DC,VGS,7,DC,8,435,1678666833.0,69633,2023-03-12 20:20:33.000000,EventFootballRush,1-10-DC 28 (9:38) 8 J. Lovett rush to DC 28 for 0 yards (96 J. Panasiuk),,True,1,9,38,Half1,MaSourceTypeOfficialScoring,FOOTBALL_XFL_2023_3_12_VGS@DC,,QBStat,16,2302016-VGS-at-DC,578,1478,3278,9:38,3,3,Home,28,3,7,,,,0.0,28,0,6,1.0,10.0,21182,,,StatusOfficial,,,,,21872,0.0,,,,,,Visitor,27.0,7.0,45.0,7:13, ,,,,,,,,,,,,,,,,,,,,
2023,FOOTBALL_XFL_2023_3_12_VGS@DC,VGS,7,DC,8,436,1678666869.0,69669,2023-03-12 20:21:09.000000,EventFootballRush,2-10-DC 28 (9:05) 13 J. Badet rush to DC 23 for 5 yards (15 M. Joseph),,True,1,9,5,Half1,MaSourceTypeOfficialScoring,FOOTBALL_XFL_2023_3_12_VGS@DC,,QBStat,17,2302016-VGS-at-DC,545,1445,3245,9:05,3,3,Home,28,3,7,,,,0.0,28,0,6,2.0,10.0,22862,,,StatusOfficial,,,,,20072,5.0,,,,,,Visitor,27.0,8.0,50.0,7:13, ,,,,,,,,,,,,,,,,,,,,
2023,FOOTBALL_XFL_2023_3_12_VGS@DC,VGS,7,DC,8,437,1678666912.0,69712,2023-03-12 20:21:52.000000,EventFootballPass,3-5-DC 23 (8:23) 2 B. Hundley pass to 86 B. Dillon to DC 8 for 15 yards (39 S. Ramirez),,True,1,8,23,Half1,MaSourceTypeOfficialScoring,FOOTBALL_XFL_2023_3_12_VGS@DC,,QBStat,18,2302016-VGS-at-DC,503,1403,3203,8:23,3,3,Home,23,3,7,,,,0.0,23,0,6,3.0,5.0,21278,,,StatusOfficial,ResultPassComplete,,,,,15.0,,,,,,Visitor,27.0,9.0,65.0,7:13, ,,,,,,,22876,20392,,,,,,,,,,,,
2023,FOOTBALL_XFL_2023_3_12_VGS@DC,VGS,7,DC,8,438,1678666941.0,69741,2023-03-12 20:22:21.000000,EventFootballRush,1-8-DC 8 (7:49) 15 R. Smith rush to DC 9 for -1 yards (5 R. Northrup),,True,1,7,49,Half1,MaSourceTypeOfficialScoring,FOOTBALL_XFL_2023_3_12_VGS@DC,,QBStat,19,2302016-VGS-at-DC,469,1369,3169,7:49,3,3,Home,8,3,7,,,,0.0,8,0,6,1.0,8.0,21148,,,StatusOfficial,,,,,21447,-1.0,,,,,,Visitor,27.0,10.0,64.0,7:13, ,,,,,,,,,,,,,,,,,,,,
2023,FOOTBALL_XFL_2023_3_12_VGS@DC,VGS,7,DC,8,597,1678666964.0,69764,2023-03-12 20:22:44.000000,EventFootballRush,"2-9-DC 9 (7:08) 2 B. Hundley rush to DC 6 for 3 yards (95 J. Owens, 5 R. Northrup)",,True,1,7,8,Half1,MaSourceTypeOfficialScoring,FOOTBALL_XFL_2023_3_12_VGS@DC,,QBStat,20,2302016-VGS-at-DC,428,1328,3128,7:08,3,3,Home,9,3,7,,,,0.0,9,0,6,2.0,9.0,21174,,,StatusOfficial,,,,,22876,3.0,,,,,,Visitor,27.0,11.0,67.0,7:17, ,,,,,,,,,,,,,,,,,,,,21148
2023,FOOTBALL_XFL_2023_3_12_VGS@DC,VGS,7,DC,8,440,1678666981.0,69781,2023-03-12 20:23:01.000000,EventFootballSack,3-6-DC 6 (6:31) 2 B. Hundley sacked at DC 12 for -6 yards (6 F. Brown),,True,1,6,31,Half1,MaSourceTypeOfficialScoring,FOOTBALL_XFL_2023_3_12_VGS@DC,,QBStat,21,2302016-VGS-at-DC,391,1291,3091,6:31,3,3,Home,6,3,7,,,,0.0,6,0,6,3.0,6.0,,,,StatusOfficial,,,,,,-6.0,,,,,,Visitor,27.0,12.0,61.0,7:39, ,,,,,,,22876,,,20201,,,,,,,,,,
2023,FOOTBALL_XFL_2023_3_12_VGS@DC,VGS,7,DC,8,441,1678667007.0,69807,2023-03-12 20:23:27.000000,EventFootballFg,4-12-DC 12 (5:58) 47 B. Giffen 33 yard field goal is NO GOOD,,True,1,5,58,Half1,MaSourceTypeOfficialScoring,FOOTBALL_XFL_2023_3_12_VGS@DC,,QBStat,22,2302016-VGS-at-DC,358,1258,3058,5:58,3,3,Home,12,3,7,,,,0.0,12,0,6,4.0,12.0,,20076,,StatusOfficial,ResultKickMissed,,,,,33.0,,,,,,Visitor,27.0,13.0,61.0,7:13,MISSED FG,,,,,,,,,,,,,,,,,,,,
2023,FOOTBALL_XFL_2023_3_12_VGS@DC,VGS,7,DC,8,598,1678667100.0,69900,2023-03-12 20:25:00.000000,EventFootballPass,1-10-DC 23 (5:58) 10 J. Ta'amu pass to 11 L. Jackson to DC 31 for 8 yards (6 K. Kennedy),,True,1,5,58,Half1,MaSourceTypeOfficialScoring,FOOTBALL_XFL_2023_3_12_VGS@DC,,QBStat,23,2302016-VGS-at-DC,358,1258,3058,5:58,3,3,Home,23,4,8,,,,1.0,77,0,6,1.0,10.0,21943,,,StatusOfficial,ResultPassComplete,,,,,8.0,,,,,,Home,23.0,1.0,8.0,0:44, ,,,,,,,22296,20766,,,,,,,,,,,,
2023,FOOTBALL_XFL_2023_3_12_VGS@DC,VGS,7,DC,8,599,1678667123.0,69923,2023-03-12 20:25:23.000000,EventFootballPass,"2-2-DC 31 (5:36) 10 J. Ta'amu pass to 11 L. Jackson to VGS 33 for 36 yards (22 A. Sparks, 97 L. Stokes)",,True,1,5,36,Half1,MaSourceTypeOfficialScoring,FOOTBALL_XFL_2023_3_12_VGS@DC,,QBStat,24,2302016-VGS-at-DC,336,1236,3036,5:36,3,3,Home,31,4,8,,,,1.0,69,0,6,2.0,2.0,21462,,,StatusOfficial,ResultPassComplete,,,,,36.0,,,,,,Home,23.0,2.0,44.0,0:47, ,,,,,,,22296,20766,,,,,,,,,,,,21966
2023,FOOTBALL_XFL_2023_3_12_VGS@DC,VGS,7,DC,8,444,1678667152.0,69952,2023-03-12 20:25:52.000000,EventFootballPass,1-10-VGS 33 (5:15) 10 J. Ta'amu pass to 11 L. Jackson to VGS 31 for 2 yards (28 C. Avery),,True,1,5,15,Half1,MaSourceTypeOfficialScoring,FOOTBALL_XFL_2023_3_12_VGS@DC,,QBStat,25,2302016-VGS-at-DC,315,1215,3015,5:15,3,3,Visitor,33,4,8,,,,1.0,33,0,6,1.0,10.0,20066,,,StatusOfficial,ResultPassComplete,,,,,2.0,,,,,,Home,23.0,3.0,46.0,0:47, ,,,,,,,22296,20766,,,,,,,,,,,,
2023,FOOTBALL_XFL_2023_3_12_VGS@DC,VGS,7,DC,8,445,1678667172.0,69972,2023-03-12 20:26:12.000000,EventFootballRush,2-8-VGS 31 (4:45) 4 A. Smith rush to VGS 28 for 3 yards (25 M. Evans),,True,1,4,45,Half1,MaSourceTypeOfficialScoring,FOOTBALL_XFL_2023_3_12_VGS@DC,,QBStat,26,2302016-VGS-at-DC,285,1185,2985,4:45,3,3,Visitor,31,4,8,,,,1.0,31,0,6,2.0,8.0,20461,,,StatusOfficial,,,,,21427,3.0,,,,,,Home,23.0,4.0,49.0,0:47, ,,,,,,,,,,,,,,,,,,,,
2023,FOOTBALL_XFL_2023_3_12_VGS@DC,VGS,7,DC,8,446,1678667194.0,69994,2023-03-12 20:26:34.000000,EventFootballPass,3-5-VGS 28 (4:16) 10 J. Ta'amu pass incomplete to 11 L. Jackson,,True,1,4,16,Half1,MaSourceTypeOfficialScoring,FOOTBALL_XFL_2023_3_12_VGS@DC,,QBStat,27,2302016-VGS-at-DC,256,1156,2956,4:16,3,3,Visitor,28,4,8,,,,1.0,28,0,6,3.0,5.0,,,,StatusOfficial,ResultPassIncomplete,,,,,,,,,,,Home,23.0,5.0,49.0,0:47, ,,,,,,,22296,20766,,,,,,,,,,,,
2023,FOOTBALL_XFL_2023_3_12_VGS@DC,VGS,7,DC,8,591,1678667228.0,70028,2023-03-12 20:27:08.000000,EventFootballFg,4-5-VGS 28 (3:42) 34 M. McCrane 47 yard field goal is NO GOOD,,True,1,3,42,Half1,MaSourceTypeOfficialScoring,FOOTBALL_XFL_2023_3_12_VGS@DC,,QBStat,28,2302016-VGS-at-DC,222,1122,2922,3:42,3,3,Visitor,28,4,8,,,,1.0,28,0,6,4.0,5.0,,21028,,StatusOfficial,ResultKickMissed,,,,,47.0,,,,,,Home,23.0,6.0,49.0,2:16,MISSED FG,,,,,,,,,,,,,,,,,,,,
2023,FOOTBALL_XFL_2023_3_12_VGS@DC,VGS,7,DC,8,448,1678667345.0,70145,2023-03-12 20:29:05.000000,EventFootballPass,1-10-VGS 37 (3:35) 12 L. Perez pass to 13 J. Badet to DC 42 for 21 yards,,True,1,3,35,Half1,MaSourceTypeOfficialScoring,FOOTBALL_XFL_2023_3_12_VGS@DC,,QBStat,29,2302016-VGS-at-DC,215,1115,2915,3:35,3,3,Visitor,37,5,7,,,,0.0,63,0,6,1.0,10.0,,,,StatusOfficial,ResultPassComplete,,,,,21.0,,,,,,Visitor,37.0,1.0,21.0,0:27, ,,,,,,,21207,20072,,,,,,,,,,,,
2023,FOOTBALL_XFL_2023_3_12_VGS@DC,VGS,7,DC,8,449,1678667380.0,70180,2023-03-12 20:29:40.000000,EventFootballRush,1-10-DC 42 (3:03) 8 J. Lovett rush to DC 25 for 17 yards (29 K. Brice),,True,1,3,3,Half1,MaSourceTypeOfficialScoring,FOOTBALL_XFL_2023_3_12_VGS@DC,,QBStat,30,2302016-VGS-at-DC,183,1083,2883,3:03,3,3,Home,42,5,7,,,,0.0,42,0,6,1.0,10.0,20180,,,StatusOfficial,,,,,21872,17.0,,,,,,Visitor,37.0,2.0,38.0,0:52, ,,,,,,,,,,,,,,,,,,,,
2023,FOOTBALL_XFL_2023_3_12_VGS@DC,VGS,7,DC,8,450,1678667407.0,70207,2023-03-12 20:30:07.000000,EventFootballRush,1-10-DC 25 (2:35) 8 J. Lovett rush to DC 26 for -1 yards (39 S. Ramirez),,True,1,2,35,Half1,MaSourceTypeOfficialScoring,FOOTBALL_XFL_2023_3_12_VGS@DC,,QBStat,31,2302016-VGS-at-DC,155,1055,2855,2:35,3,3,Home,25,5,7,,,,0.0,25,0,6,1.0,10.0,21278,,,StatusOfficial,,,,,21872,-1.0,,,,,,Visitor,37.0,3.0,37.0,1:12, ,,,,,,,,,,,,,,,,,,,,
2023,FOOTBALL_XFL_2023_3_12_VGS@DC,VGS,7,DC,8,600,1678667447.0,70247,2023-03-12 20:30:47.000000,EventFootballPass,"2-11-DC 26 (1:58) 12 L. Perez pass to 13 J. Badet to DC 19 for 7 yards (24 A. Kelly, 20 J. Brooks)",,True,1,1,58,Half1,MaSourceTypeOfficialScoring,FOOTBALL_XFL_2023_3_12_VGS@DC,,QBStat,32,2302016-VGS-at-DC,118,1018,2818,1:58,3,3,Home,26,5,7,,,,0.0,26,0,6,2.0,11.0,20873,,,StatusOfficial,ResultPassComplete,,,,,7.0,,,,,,Visitor,37.0,4.0,44.0,2:05, ,,,,,,,21207,20072,,,,,,,,,,,,20189
2023,FOOTBALL_XFL_2023_3_12_VGS@DC,VGS,7,DC,8,452,1678667488.0,70288,2023-03-12 20:31:28.000000,EventFootballPass,3-4-DC 19 (1:20) 12 L. Perez pass incomplete to 4 M. Bryant Pass Defended by 26 D. Neal,,True,1,1,20,Half1,MaSourceTypeOfficialScoring,FOOTBALL_XFL_2023_3_12_VGS@DC,,QBStat,33,2302016-VGS-at-DC,80,980,2780,1:20,3,3,Home,19,5,7,,,,0.0,19,0,6,3.0,4.0,,,,StatusOfficial,ResultPassIncomplete,,,,,,,,,,,Visitor,37.0,5.0,44.0,2:24, ,,,,,,,21207,20218,,,21133,,,,,,,,,
2023,FOOTBALL_XFL_2023_3_12_VGS@DC,VGS,7,DC,8,453,1678667524.0,70324,2023-03-12 20:32:04.000000,EventFootballFg,4-4-DC 19 (0:50) 47 B. Giffen 37 yard field goal is GOOD,,True,1,0,50,Half1,MaSourceTypeOfficialScoring,FOOTBALL_XFL_2023_3_12_VGS@DC,,QBStat,34,2302016-VGS-at-DC,50,950,2750,0:50,3,3,Home,19,5,7,,,,0.0,19,0,6,4.0,4.0,,20076,,StatusOfficial,ResultKickMade,,,,,37.0,,,,,,Visitor,37.0,6.0,44.0,2:49,FG,,,,,,ScoreTypeFg,,,,,,,,,,,,,,
2023,FOOTBALL_XFL_2023_3_12_VGS@DC,VGS,7,DC,8,454,1678667614.0,70414,2023-03-12 20:33:34.000000,EventFootballKickoff,47 B. Giffen kicks from VGS 30. 12 J. Ezzard to DC 28 for 17 yards (11 P. Dawson),,True,1,0,49,Half1,MaSourceTypeOfficialScoring,FOOTBALL_XFL_2023_3_12_VGS@DC,,QBStat,35,2302016-VGS-at-DC,49,949,2749,0:49,3,3,Visitor,30,6,8,,,,1.0,30,3,6,,,20374,47,21207,StatusOfficial,ResultKickReturned,17.0,Home,28.0,,,,,,,,,,,,,,,,,,,,,,,,,,,,,,,,,
2023,FOOTBALL_XFL_2023_3_12_VGS@DC,VGS,7,DC,8,601,1678667645.0,70445,2023-03-12 20:34:05.000000,EventFootballPass,"1-10-DC 28 (0:49) 10 J. Ta'amu pass to 11 L. Jackson to DC 47 for 19 yards (20 J. Johnson, 6 K. Kennedy)",,True,1,0,49,Half1,MaSourceTypeOfficialScoring,FOOTBALL_XFL_2023_3_12_VGS@DC,,QBStat,36,2302016-VGS-at-DC,49,949,2749,0:49,3,3,Home,28,6,8,,,,1.0,72,3,6,1.0,10.0,20811,,,StatusOfficial,ResultPassComplete,,,,,19.0,,,,,,Home,28.0,1.0,19.0,0:01, ,,,,,,,22296,20766,,,,,,,,,,,,21943
2023,FOOTBALL_XFL_2023_3_12_VGS@DC,VGS,7,DC,8,602,1678667662.0,70462,2023-03-12 20:34:22.000000,EventFootballPass,"1-10-DC 47 (0:49) 10 J. Ta'amu pass to 18 A. Ellis to VGS 42 for 11 yards (22 A. Sparks, 6 K. Kennedy)",,True,1,0,49,Half1,MaSourceTypeOfficialScoring,FOOTBALL_XFL_2023_3_12_VGS@DC,,QBStat,37,2302016-VGS-at-DC,49,949,2749,0:49,3,3,Home,47,6,8,,,,1.0,53,3,6,1.0,10.0,21462,,,StatusOfficial,ResultPassComplete,,,,,11.0,,,,,,Home,28.0,2.0,30.0,0:01, ,,,,,,,22296,20448,,,,,,,,,,,,21943
2023,FOOTBALL_XFL_2023_3_12_VGS@DC,VGS,7,DC,8,603,1678667886.0,70686,2023-03-12 20:38:06.000000,EventFootballRush,"1-10-VGS 42 (14:56) 4 A. Smith rush to VGS 39 for 3 yards (44 V. Beasley, 25 M. Evans)",,True,2,14,56,Half1,MaSourceTypeOfficialScoring,FOOTBALL_XFL_2023_3_12_VGS@DC,,QBStat,38,2302016-VGS-at-DC,896,896,2696,14:56,3,3,Visitor,42,6,8,,,,1.0,42,3,6,1.0,10.0,21739,,,StatusOfficial,,,,,21427,3.0,,,,,,Home,28.0,3.0,33.0,1:06, ,,,,,,,,,,,,,,,,,,,,20461
2023,FOOTBALL_XFL_2023_3_12_VGS@DC,VGS,7,DC,8,458,1678667921.0,70721,2023-03-12 20:38:41.000000,EventFootballRush,2-7-VGS 39 (14:23) 4 A. Smith rush to VGS 28 for 11 yards (25 M. Evans),,True,2,14,23,Half1,MaSourceTypeOfficialScoring,FOOTBALL_XFL_2023_3_12_VGS@DC,,QBStat,39,2302016-VGS-at-DC,863,863,2663,14:23,3,3,Visitor,39,6,8,,,,1.0,39,3,6,2.0,7.0,20461,,,StatusOfficial,,,,,21427,11.0,,,,,,Home,28.0,4.0,44.0,1:44, ,,,,,,,,,,,,,,,,,,,,
2023,FOOTBALL_XFL_2023_3_12_VGS@DC,VGS,7,DC,8,459,1678667958.0,70758,2023-03-12 20:39:18.000000,EventFootballRush,1-10-VGS 28 (13:46) 10 J. Ta'amu rush to VGS 20 for 8 yards (25 M. Evans),,True,2,13,46,Half1,MaSourceTypeOfficialScoring,FOOTBALL_XFL_2023_3_12_VGS@DC,,QBStat,40,2302016-VGS-at-DC,826,826,2626,13:46,3,3,Visitor,28,6,8,,,,1.0,28,3,6,1.0,10.0,20461,,,StatusOfficial,,,,,22296,8.0,,,,,,Home,28.0,5.0,52.0,2:15, ,,,,,,,,,,,,,,,,,,,,
2023,FOOTBALL_XFL_2023_3_12_VGS@DC,VGS,7,DC,8,604,1678667984.0,70784,2023-03-12 20:39:44.000000,EventFootballPass,"2-2-VGS 20 (13:20) 10 J. Ta'amu pass to 0 J. Hammond to VGS 13 for 7 yards (23 M. Roberts, 9 D. Anderson)",,True,2,13,20,Half1,MaSourceTypeOfficialScoring,FOOTBALL_XFL_2023_3_12_VGS@DC,,QBStat,41,2302016-VGS-at-DC,800,800,2600,13:20,3,3,Visitor,20,6,8,,,,1.0,20,3,6,2.0,2.0,21960,,,StatusOfficial,ResultPassComplete,,,,,7.0,,,,,,Home,28.0,6.0,59.0,2:48, ,,,,,,,22296,20618,,,,,,,,,,,,20039
2023,FOOTBALL_XFL_2023_3_12_VGS@DC,VGS,7,DC,8,461,1678668023.0,70823,2023-03-12 20:40:23.000000,EventFootballRush,1-10-VGS 13 (12:42) 4 A. Smith rush to VGS 20 for -7 yards (44 V. Beasley),,True,2,12,42,Half1,MaSourceTypeOfficialScoring,FOOTBALL_XFL_2023_3_12_VGS@DC,,QBStat,42,2302016-VGS-at-DC,762,762,2562,12:42,3,3,Visitor,13,6,8,,,,1.0,13,3,6,1.0,10.0,21739,,,StatusOfficial,,,,,21427,-7.0,,,,,,Home,28.0,7.0,52.0,3:22, ,,,,,,,,,,,,,,,,,,,,
2023,FOOTBALL_XFL_2023_3_12_VGS@DC,VGS,7,DC,8,462,1678668056.0,70856,2023-03-12 20:40:56.000000,EventFootballPass,2-17-VGS 20 (12:08) 10 J. Ta'amu pass to 1 C. Blair to VGS 3 for 17 yards (22 A. Sparks),,True,2,12,8,Half1,MaSourceTypeOfficialScoring,FOOTBALL_XFL_2023_3_12_VGS@DC,,QBStat,43,2302016-VGS-at-DC,728,728,2528,12:08,3,3,Visitor,20,6,8,,,,1.0,20,3,6,2.0,17.0,21462,,,StatusOfficial,ResultPassComplete,,,,,17.0,,,,,,Home,28.0,8.0,69.0,4:00, ,,,,,,,22296,20133,,,,,,,,,,,,
2023,FOOTBALL_XFL_2023_3_12_VGS@DC,VGS,7,DC,8,463,1678668086.0,70886,2023-03-12 20:41:26.000000,EventFootballTimeout,Timeout by Vegas Vipers at 11:50,,True,2,11,50,Half1,MaSourceTypeOfficialScoring,FOOTBALL_XFL_2023_3_12_VGS@DC,,QBStat,44,2302016-VGS-at-DC,710,710,2510,11:50,3,3,Visitor,3,6,8,,,,1.0,3,3,6,1.0,3.0,,,,StatusOfficial,,,,,,,,,,,,Home,28.0,8.0,69.0,4:00, ,,,,,,,,,,,,7,,,,,,,,
2023,FOOTBALL_XFL_2023_3_12_VGS@DC,VGS,7,DC,8,464,1678668297.0,71097,2023-03-12 20:44:57.000000,EventFootballSack,1-3-VGS 3 (11:41) 3 D. King sacked at VGS 8 for -5 yards (23 M. Roberts),,True,2,11,41,Half1,MaSourceTypeOfficialScoring,FOOTBALL_XFL_2023_3_12_VGS@DC,,QBStat,45,2302016-VGS-at-DC,701,701,2501,11:41,2,3,Visitor,3,6,8,,,,1.0,3,3,6,1.0,3.0,,,,StatusOfficial,,,,,,-5.0,,,,,,Home,28.0,9.0,64.0,4:23, ,,,,,,,21981,,,21960,,,,,,,,,,
2023,FOOTBALL_XFL_2023_3_12_VGS@DC,VGS,7,DC,8,465,1678668323.0,71123,2023-03-12 20:45:23.000000,EventFootballPass,2-8-VGS 8 (11:15) 3 D. King pass to 4 A. Smith to VGS 2 for 6 yards (48 D. Calhoun),,True,2,11,15,Half1,MaSourceTypeOfficialScoring,FOOTBALL_XFL_2023_3_12_VGS@DC,,QBStat,46,2302016-VGS-at-DC,675,675,2475,11:15,2,3,Visitor,8,6,8,,,,1.0,8,3,6,2.0,8.0,21744,,,StatusOfficial,ResultPassComplete,,,,,6.0,,,,,,Home,28.0,10.0,70.0,4:55, ,,,,,,,21981,21427,,,,,,,,,,,,
2023,FOOTBALL_XFL_2023_3_12_VGS@DC,VGS,7,DC,8,466,1678668361.0,71161,2023-03-12 20:46:01.000000,EventFootballRush,"3-2-VGS 2 (10:42) 3 D. King rush for 2 yards, TOUCHDOWN",,True,2,10,42,Half1,MaSourceTypeOfficialScoring,FOOTBALL_XFL_2023_3_12_VGS@DC,,QBStat,47,2302016-VGS-at-DC,642,642,2442,10:42,2,3,Visitor,2,6,8,,,,1.0,2,3,6,3.0,2.0,,,,StatusOfficial,,,,,21981,2.0,,,,,,Home,28.0,11.0,72.0,5:08,TD,,,,,,ScoreTypeTd,,,,,,,,,,,,,,
2023,FOOTBALL_XFL_2023_3_12_VGS@DC,VGS,7,DC,8,467,1678668386.0,71186,2023-03-12 20:46:26.000000,EventFootballPat2PtPass,10 J. Ta'amu 2-pt conversion pass to 1 C. Blair GOOD,,True,2,10,42,Half1,MaSourceTypeOfficialScoring,FOOTBALL_XFL_2023_3_12_VGS@DC,,QBStat,48,2302016-VGS-at-DC,642,642,2442,10:42,2,3,Visitor,5,6,8,,,,1.0,5,3,12,,,,,,StatusOfficial,ResultPassComplete,,,,,5.0,,,,,,,,,,,,,,,,,ScoreTypeConv,22296,20133,2.0,,,,,,,,,,,
2023,FOOTBALL_XFL_2023_3_12_VGS@DC,VGS,7,DC,8,468,1678668451.0,71251,2023-03-12 20:47:31.000000,EventFootballKickoff,34 M. McCrane kicks from DC 30. 5 D. Torrey to VGS 35 for 22 yards (22 T. Fuller),,True,2,10,42,Half1,MaSourceTypeOfficialScoring,FOOTBALL_XFL_2023_3_12_VGS@DC,,QBStat,49,2302016-VGS-at-DC,642,642,2442,10:42,2,3,Home,30,7,7,,,,0.0,30,3,14,,,21751,34,21148,StatusOfficial,ResultKickReturned,22.0,Visitor,35.0,,,,,,,,,,,,,,,,,,,,,,,,,,,,,,,,,
2023,FOOTBALL_XFL_2023_3_12_VGS@DC,VGS,7,DC,8,469,1678668535.0,71335,2023-03-12 20:48:55.000000,EventFootballPass,1-10-VGS 35 (10:33) 12 L. Perez pass to 13 J. Badet to VGS 49 for 14 yards (57 A. Hines),,True,2,10,33,Half1,MaSourceTypeOfficialScoring,FOOTBALL_XFL_2023_3_12_VGS@DC,,QBStat,50,2302016-VGS-at-DC,633,633,2433,10:33,2,3,Visitor,35,7,7,,,,0.0,65,3,14,1.0,10.0,20699,,,StatusOfficial,ResultPassComplete,,,,,14.0,,,,,,Visitor,35.0,1.0,14.0,0:26, ,,,,,,,21207,20072,,,,,,,,,,,,
2023,FOOTBALL_XFL_2023_3_12_VGS@DC,VGS,7,DC,8,470,1678668567.0,71367,2023-03-12 20:49:27.000000,EventFootballRush,1-10-VGS 49 (10:01) 15 R. Smith rush to DC 49 for 2 yards (5 R. Northrup),,True,2,10,1,Half1,MaSourceTypeOfficialScoring,FOOTBALL_XFL_2023_3_12_VGS@DC,,QBStat,51,2302016-VGS-at-DC,601,601,2401,10:01,2,3,Visitor,49,7,7,,,,0.0,51,3,14,1.0,10.0,21148,,,StatusOfficial,,,,,21447,2.0,,,,,,Visitor,35.0,2.0,16.0,0:52, ,,,,,,,,,,,,,,,,,,,,
2023,FOOTBALL_XFL_2023_3_12_VGS@DC,VGS,7,DC,8,471,1678668602.0,71402,2023-03-12 20:50:02.000000,EventFootballPass,2-8-DC 49 (9:30) 12 L. Perez pass incomplete to 14 C. Sweeting Pass Defended by 15 M. Joseph,,True,2,9,30,Half1,MaSourceTypeOfficialScoring,FOOTBALL_XFL_2023_3_12_VGS@DC,,QBStat,52,2302016-VGS-at-DC,570,570,2370,9:30,2,3,Home,49,7,7,,,,0.0,49,3,14,2.0,8.0,,,,StatusOfficial,ResultPassIncomplete,,,,,,,,,,,Visitor,35.0,3.0,16.0,1:18, ,,,,,,,21207,21507,,,22862,,,,,,,,,
2023,FOOTBALL_XFL_2023_3_12_VGS@DC,VGS,7,DC,8,605,1678668635.0,71435,2023-03-12 20:50:35.000000,EventFootballPass,"3-8-DC 49 (8:57) 12 L. Perez pass to 10 M. Sexton to DC 42 for 7 yards (57 A. Hines, 26 D. Neal)",,True,2,8,57,Half1,MaSourceTypeOfficialScoring,FOOTBALL_XFL_2023_3_12_VGS@DC,,QBStat,53,2302016-VGS-at-DC,537,537,2337,8:57,2,3,Home,49,7,7,,,,0.0,49,3,14,3.0,8.0,20699,,,StatusOfficial,ResultPassComplete,,,,,7.0,,,,,,Visitor,35.0,4.0,23.0,2:18, ,,,,,,,21207,21882,,,,,,,,,,,,21133
2023,FOOTBALL_XFL_2023_3_12_VGS@DC,VGS,7,DC,8,473,1678668675.0,71475,2023-03-12 20:51:15.000000,EventFootballRush,4-1-DC 42 (8:17) 5 D. Torrey rush to DC 36 for 6 yards (39 S. Ramirez),,True,2,8,17,Half1,MaSourceTypeOfficialScoring,FOOTBALL_XFL_2023_3_12_VGS@DC,,QBStat,54,2302016-VGS-at-DC,497,497,2297,8:17,2,3,Home,42,7,7,,,,0.0,42,3,14,4.0,1.0,21278,,,StatusOfficial,,,,,21570,6.0,,,,,,Visitor,35.0,5.0,29.0,2:40, ,,,,,,,,,,,,,,,,,,,,
2023,FOOTBALL_XFL_2023_3_12_VGS@DC,VGS,7,DC,8,474,1678668716.0,71516,2023-03-12 20:51:56.000000,EventFootballPass,1-10-DC 36 (7:36) 12 L. Perez pass to 5 D. Torrey to DC 29 for 7 yards (39 S. Ramirez),,True,2,7,36,Half1,MaSourceTypeOfficialScoring,FOOTBALL_XFL_2023_3_12_VGS@DC,,QBStat,55,2302016-VGS-at-DC,456,456,2256,7:36,2,3,Home,36,7,7,,,,0.0,36,3,14,1.0,10.0,21278,,,StatusOfficial,ResultPassComplete,,,,,7.0,,,,,,Visitor,35.0,6.0,36.0,3:16, ,,,,,,,21207,21570,,,,,,,,,,,,
2023,FOOTBALL_XFL_2023_3_12_VGS@DC,VGS,7,DC,8,606,1678668755.0,71555,2023-03-12 20:52:35.000000,EventFootballPass,"2-3-DC 29 (6:58) 12 L. Perez pass to 10 M. Sexton to DC 17 for 12 yards (15 M. Joseph, 17 D. Bellamy)",,True,2,6,58,Half1,MaSourceTypeOfficialScoring,FOOTBALL_XFL_2023_3_12_VGS@DC,,QBStat,56,2302016-VGS-at-DC,418,418,2218,6:58,2,3,Home,29,7,7,,,,0.0,29,3,14,2.0,3.0,22862,,,StatusOfficial,ResultPassComplete,,,,,12.0,,,,,,Visitor,35.0,7.0,48.0,3:59, ,,,,,,,21207,21882,,,,,,,,,,,,22416
2023,FOOTBALL_XFL_2023_3_12_VGS@DC,VGS,7,DC,8,476,1678668797.0,71597,2023-03-12 20:53:17.000000,EventFootballPass,1-10-DC 17 (6:21) 12 L. Perez pass incomplete to 13 J. Badet,,True,2,6,21,Half1,MaSourceTypeOfficialScoring,FOOTBALL_XFL_2023_3_12_VGS@DC,,QBStat,57,2302016-VGS-at-DC,381,381,2181,6:21,2,3,Home,17,7,7,,,,0.0,17,3,14,1.0,10.0,,,,StatusOfficial,ResultPassIncomplete,,,,,,,,,,,Visitor,35.0,8.0,48.0,4:24, ,,,,,,,21207,20072,,,,,,,,,,,,
2023,FOOTBALL_XFL_2023_3_12_VGS@DC,VGS,7,DC,8,477,1678668832.0,71632,2023-03-12 20:53:52.000000,EventFootballRush,2-10-DC 17 (5:47) 13 J. Badet rush to DC 15 for 2 yards (15 M. Joseph),,True,2,5,47,Half1,MaSourceTypeOfficialScoring,FOOTBALL_XFL_2023_3_12_VGS@DC,,QBStat,58,2302016-VGS-at-DC,347,347,2147,5:47,2,3,Home,17,7,7,,,,0.0,17,3,14,2.0,10.0,22862,,,StatusOfficial,,,,,20072,2.0,,,,,,Visitor,35.0,9.0,50.0,5:01, ,,,,,,,,,,,,,,,,,,,,
2023,FOOTBALL_XFL_2023_3_12_VGS@DC,VGS,7,DC,8,478,1678669073.0,71873,2023-03-12 20:57:53.000000,EventFootballPass,3-8-DC 15 (5:25) 12 L. Perez pass incomplete to 14 C. Sweeting Pass Defended by 29 K. Brice,,True,2,5,25,Half1,MaSourceTypeOfficialScoring,FOOTBALL_XFL_2023_3_12_VGS@DC,,QBStat,59,2302016-VGS-at-DC,325,325,2125,5:25,2,3,Home,15,7,7,,,,0.0,15,3,14,3.0,8.0,,,,StatusOfficial,ResultPassIncomplete,,,,,,,,,,,Visitor,35.0,10.0,50.0,5:21, ,,,,,,,21207,21507,,,20180,,,,,,,,,
2023,FOOTBALL_XFL_2023_3_12_VGS@DC,VGS,7,DC,8,479,1678669088.0,71888,2023-03-12 20:58:08.000000,EventFootballFg,4-8-DC 15 (5:15) 47 B. Giffen 33 yard field goal is GOOD,,True,2,5,15,Half1,MaSourceTypeOfficialScoring,FOOTBALL_XFL_2023_3_12_VGS@DC,,QBStat,60,2302016-VGS-at-DC,315,315,2115,5:15,2,3,Home,15,7,7,,,,0.0,15,3,14,4.0,8.0,,20076,,StatusOfficial,ResultKickMade,,,,,33.0,,,,,,Visitor,35.0,11.0,50.0,5:27,FG,,,,,,ScoreTypeFg,,,,,,,,,,,,,,
2023,FOOTBALL_XFL_2023_3_12_VGS@DC,VGS,7,DC,8,480,1678669147.0,71947,2023-03-12 20:59:07.000000,EventFootballKickoff,47 B. Giffen kicks from VGS 30. 12 J. Ezzard to DC 29 for 14 yards (8 J. Lovett),,True,2,4,58,Half1,MaSourceTypeOfficialScoring,FOOTBALL_XFL_2023_3_12_VGS@DC,,QBStat,61,2302016-VGS-at-DC,298,298,2098,4:58,2,3,Visitor,30,8,8,,,,1.0,30,6,14,,,21872,47,21207,StatusOfficial,ResultKickReturned,14.0,Home,29.0,,,,,,,,,,,,,,,,,,,,,,,,,,,,,,,,,
2023,FOOTBALL_XFL_2023_3_12_VGS@DC,VGS,7,DC,8,607,1678669223.0,72023,2023-03-12 21:00:23.000000,EventFootballRush,"1-10-DC 29 (4:50) 23 R. Armstead rush to DC 27 for -2 yards (97 L. Stokes, 48 D. Calhoun)",,True,2,4,50,Half1,MaSourceTypeOfficialScoring,FOOTBALL_XFL_2023_3_12_VGS@DC,,QBStat,62,2302016-VGS-at-DC,290,290,2090,4:50,2,3,Home,29,8,8,,,,1.0,71,6,14,1.0,10.0,21966,,,StatusOfficial,,,,,20053,-2.0,,,,,,Home,29.0,1.0,-2.0,0:41, ,,,,,,,,,,,,,,,,,,,,21744
2023,FOOTBALL_XFL_2023_3_12_VGS@DC,VGS,7,DC,8,482,1678669259.0,72059,2023-03-12 21:00:59.000000,EventFootballRush,2-12-DC 27 (4:15) 23 R. Armstead rush to DC 32 for 5 yards (97 L. Stokes),,True,2,4,15,Half1,MaSourceTypeOfficialScoring,FOOTBALL_XFL_2023_3_12_VGS@DC,,QBStat,63,2302016-VGS-at-DC,255,255,2055,4:15,2,3,Home,27,8,8,,,,1.0,73,6,14,2.0,12.0,21966,,,StatusOfficial,,,,,20053,5.0,,,,,,Home,29.0,2.0,3.0,1:03, ,,,,,,,,,,,,,,,,,,,,
2023,FOOTBALL_XFL_2023_3_12_VGS@DC,VGS,7,DC,8,483,1678669286.0,72086,2023-03-12 21:01:26.000000,EventFootballPass,3-7-DC 32 (3:50) 10 J. Ta'amu pass incomplete to 81 J. Malone,,True,2,3,50,Half1,MaSourceTypeOfficialScoring,FOOTBALL_XFL_2023_3_12_VGS@DC,,QBStat,64,2302016-VGS-at-DC,230,230,2030,3:50,2,3,Home,32,8,8,,,,1.0,68,6,14,3.0,7.0,,,,StatusOfficial,ResultPassIncomplete,,,,,,,,,,,Home,29.0,3.0,3.0,1:18, ,,,,,,,22296,22880,,,,,,,,,,,,
2023,FOOTBALL_XFL_2023_3_12_VGS@DC,VGS,7,DC,8,484,1678669338.0,72138,2023-03-12 21:02:18.000000,EventFootballTimeout,Timeout by Vegas Vipers at 3:24,,True,2,3,24,Half1,MaSourceTypeOfficialScoring,FOOTBALL_XFL_2023_3_12_VGS@DC,,QBStat,65,2302016-VGS-at-DC,204,204,2004,3:24,2,3,Home,32,8,8,,,,1.0,68,6,14,4.0,7.0,,,,StatusOfficial,,,,,,,,,,,,Home,29.0,3.0,3.0,1:34, ,,,,,,,,,,,,7,,,,,,,,
2023,FOOTBALL_XFL_2023_3_12_VGS@DC,VGS,7,DC,8,485,1678669382.0,72182,2023-03-12 21:03:02.000000,EventFootballPunt,4-7-DC 32 (3:15) 19 D. Whelan punts 45 yards from DC 32 to VGS 23. 14 C. Sweeting to VGS 28 for 5 yards (9 K. Sails),,True,2,3,15,Half1,MaSourceTypeOfficialScoring,FOOTBALL_XFL_2023_3_12_VGS@DC,,QBStat,66,2302016-VGS-at-DC,195,195,1995,3:15,1,3,Home,32,8,8,,,,1.0,68,6,14,4.0,7.0,20039,,,StatusOfficial,ResultKickReturned,,Visitor,28.0,,,,,,,,Home,29.0,3.0,3.0,2:00,PUNT,,,,,,,,,,,,,21835,21507,45.0,5.0,,,,
2023,FOOTBALL_XFL_2023_3_12_VGS@DC,VGS,7,DC,8,486,1678669441.0,72241,2023-03-12 21:04:01.000000,EventFootballRush,1-10-VGS 28 (3:10) 8 J. Lovett rush to VGS 35 for 7 yards (57 A. Hines),,True,2,3,10,Half1,MaSourceTypeOfficialScoring,FOOTBALL_XFL_2023_3_12_VGS@DC,,QBStat,67,2302016-VGS-at-DC,190,190,1990,3:10,1,3,Visitor,28,9,7,,,,0.0,72,6,14,1.0,10.0,20699,,,StatusOfficial,,,,,21872,7.0,,,,,,Visitor,28.0,1.0,7.0,0:14, ,,,,,,,,,,,,,,,,,,,,
2023,FOOTBALL_XFL_2023_3_12_VGS@DC,VGS,7,DC,8,487,1678669474.0,72274,2023-03-12 21:04:34.000000,EventFootballRush,2-3-VGS 35 (2:36) 13 J. Badet rush to VGS 30 for -5 yards (5 R. Northrup),,True,2,2,36,Half1,MaSourceTypeOfficialScoring,FOOTBALL_XFL_2023_3_12_VGS@DC,,QBStat,68,2302016-VGS-at-DC,156,156,1956,2:36,1,3,Visitor,35,9,7,,,,0.0,65,6,14,2.0,3.0,21148,,,StatusOfficial,,,,,20072,-5.0,,,,,,Visitor,28.0,2.0,2.0,0:52, ,,,,,,,,,,,,,,,,,,,,
2023,FOOTBALL_XFL_2023_3_12_VGS@DC,VGS,7,DC,8,488,1678669514.0,72314,2023-03-12 21:05:14.000000,EventFootballPenalty,"3-8-VGS 30 (2:03) PENALTY on Vegas Vipers, 5 yards",,True,2,2,3,Half1,MaSourceTypeOfficialScoring,FOOTBALL_XFL_2023_3_12_VGS@DC,,QBStat,69,2302016-VGS-at-DC,123,123,1923,2:03,1,3,Visitor,30,9,7,,,,0.0,70,6,14,3.0,8.0,,,,StatusOfficial,,,,,,,,,,,,Visitor,28.0,2.0,-3.0,1:12, ,7,TM,5.0,ResultPenaltyRepeatdown,NA,,,,,,,,,,,,,,,
2023,FOOTBALL_XFL_2023_3_12_VGS@DC,VGS,7,DC,8,489,1678669745.0,72545,2023-03-12 21:09:05.000000,EventFootballPass,3-13-VGS 25 (1:50) 12 L. Perez pass to 8 J. Lovett to VGS 36 for 11 yards (24 A. Kelly),,True,2,1,50,Half1,MaSourceTypeOfficialScoring,FOOTBALL_XFL_2023_3_12_VGS@DC,,QBStat,70,2302016-VGS-at-DC,110,110,1910,1:50,1,3,Visitor,25,9,7,,,,0.0,75,6,14,3.0,13.0,20873,,,StatusOfficial,ResultPassComplete,,,,,11.0,,,,,,Visitor,28.0,3.0,8.0,1:41, ,,,,,,,21207,21872,,,,,,,,,,,,
2023,FOOTBALL_XFL_2023_3_12_VGS@DC,VGS,7,DC,8,490,1678669790.0,72590,2023-03-12 21:09:50.000000,EventFootballRush,4-2-VGS 36 (1:11) 8 J. Lovett rush to VGS 39 for 3 yards (92 M. Fisher),,True,2,1,11,Half1,MaSourceTypeOfficialScoring,FOOTBALL_XFL_2023_3_12_VGS@DC,,QBStat,71,2302016-VGS-at-DC,71,71,1871,1:11,1,3,Visitor,36,9,7,,,,0.0,64,6,14,4.0,2.0,20480,,,StatusOfficial,,,,,21872,3.0,,,,,,Visitor,28.0,4.0,11.0,2:10, ,,,,,,,,,,,,,,,,,,,,
2023,FOOTBALL_XFL_2023_3_12_VGS@DC,VGS,7,DC,8,491,1678669826.0,72626,2023-03-12 21:10:26.000000,EventFootballPass,1-10-VGS 39 (0:49) 12 L. Perez pass to 4 M. Bryant to DC 45 for 16 yards (20 J. Brooks),,True,2,0,49,Half1,MaSourceTypeOfficialScoring,FOOTBALL_XFL_2023_3_12_VGS@DC,,QBStat,72,2302016-VGS-at-DC,49,49,1849,0:49,1,3,Visitor,39,9,7,,,,0.0,61,6,14,1.0,10.0,20189,,,StatusOfficial,ResultPassComplete,,,,,16.0,,,,,,Visitor,28.0,5.0,27.0,2:33, ,,,,,,,21207,20218,,,,,,,,,,,,
2023,FOOTBALL_XFL_2023_3_12_VGS@DC,VGS,7,DC,8,492,1678669850.0,72650,2023-03-12 21:10:50.000000,EventFootballPass,1-10-DC 45 (0:36) 12 L. Perez pass to 86 B. Dillon to DC 21 for 24 yards (48 A. Mintze),,True,2,0,36,Half1,MaSourceTypeOfficialScoring,FOOTBALL_XFL_2023_3_12_VGS@DC,,QBStat,73,2302016-VGS-at-DC,36,36,1836,0:36,1,3,Home,45,9,7,,,,0.0,45,6,14,1.0,10.0,21080,,,StatusOfficial,ResultPassComplete,,,,,24.0,,,,,,Visitor,28.0,6.0,51.0,2:45, ,,,,,,,21207,20392,,,,,,,,,,,,
2023,FOOTBALL_XFL_2023_3_12_VGS@DC,VGS,7,DC,8,493,1678669871.0,72671,2023-03-12 21:11:11.000000,EventFootballTimeout,Timeout by Vegas Vipers at 0:30,,True,2,0,30,Half1,MaSourceTypeOfficialScoring,FOOTBALL_XFL_2023_3_12_VGS@DC,,QBStat,74,2302016-VGS-at-DC,30,30,1830,0:30,1,3,Home,21,9,7,,,,0.0,21,6,14,1.0,10.0,,,,StatusOfficial,,,,,,,,,,,,Visitor,28.0,6.0,51.0,2:45, ,,,,,,,,,,,,7,,,,,,,,
2023,FOOTBALL_XFL_2023_3_12_VGS@DC,VGS,7,DC,8,494,1678669939.0,72739,2023-03-12 21:12:19.000000,EventFootballPass,1-10-DC 21 (0:25) 12 L. Perez pass to 86 B. Dillon to DC 13 for 8 yards (9 K. Sails),,True,2,0,25,Half1,MaSourceTypeOfficialScoring,FOOTBALL_XFL_2023_3_12_VGS@DC,,QBStat,75,2302016-VGS-at-DC,25,25,1825,0:25,0,3,Home,21,9,7,,,,0.0,21,6,14,1.0,10.0,21360,,,StatusOfficial,ResultPassComplete,,,,,8.0,,,,,,Visitor,28.0,7.0,56.0,2:59, ,,,,,,,21207,20392,,,,,,,,,,,,
2023,FOOTBALL_XFL_2023_3_12_VGS@DC,VGS,7,DC,8,495,1678669955.0,72755,2023-03-12 21:12:35.000000,EventFootballPass,2-5-DC 16 (0:16) 12 L. Perez pass incomplete,,True,2,0,16,Half1,MaSourceTypeOfficialScoring,FOOTBALL_XFL_2023_3_12_VGS@DC,,QBStat,76,2302016-VGS-at-DC,16,16,1816,0:16,0,3,Home,16,9,7,,,,0.0,16,6,14,2.0,5.0,,,,StatusOfficial,ResultPassIncomplete,,,,,,,,,,,Visitor,28.0,8.0,56.0,2:59, ,,,,,,,21207,,,,,,,,,,,,,
2023,FOOTBALL_XFL_2023_3_12_VGS@DC,VGS,7,DC,8,496,1678670030.0,72830,2023-03-12 21:13:50.000000,EventFootballPass,3-2-DC 13 (0:11) 12 L. Perez pass to 13 J. Badet to DC 5 for 8 yards (26 D. Neal),,True,2,0,11,Half1,MaSourceTypeOfficialScoring,FOOTBALL_XFL_2023_3_12_VGS@DC,,QBStat,77,2302016-VGS-at-DC,11,11,1811,0:11,0,3,Home,13,9,7,,,,0.0,13,6,14,3.0,2.0,21133,,,StatusOfficial,ResultPassComplete,,,,,8.0,,,,,,Visitor,28.0,9.0,67.0,3:10, ,,,,,,,21207,20072,,,,,,,,,,,,
2023,FOOTBALL_XFL_2023_3_12_VGS@DC,VGS,7,DC,8,497,1678670079.0,72879,2023-03-12 21:14:39.000000,EventFootballRush,1-5-DC 5 (0:05) 12 L. Perez rush to DC 1 for 4 yards (9 K. Sails),,True,2,0,5,Half1,MaSourceTypeOfficialScoring,FOOTBALL_XFL_2023_3_12_VGS@DC,,QBStat,78,2302016-VGS-at-DC,5,5,1805,0:05,0,3,Home,5,9,7,,,,0.0,5,6,14,1.0,5.0,21360,,,StatusOfficial,,,,,21207,4.0,,,,,,Visitor,28.0,10.0,71.0,3:15, ,,,,,,,,,,,,,,,,,,,,
2023,FOOTBALL_XFL_2023_3_12_VGS@DC,VGS,7,DC,8,608,1678670905.0,73705,2023-03-12 21:28:25.000000,EventFootballKickoff,"47 B. Giffen kicks from VGS 30. 12 J. Ezzard to DC 24 for 6 yards Fumbled by 12 J. Ezzard,  Forced by 95 B. Jones Recovered by 16 T. Koontz",,True,3,14,54,Half2,MaSourceTypeOfficialScoring,FOOTBALL_XFL_2023_3_12_VGS@DC,,QBStat,79,2302016-VGS-at-DC,894,1794,1794,14:54,3,3,Visitor,30,11,8,,,,1.0,30,6,14,,,,47,21207,StatusOfficial,ResultKickReturned,6.0,Home,24.0,,,8,21933,7,20903,20832,,,,,,,,,,,,,,,,,,,,,,,,,,
2023,FOOTBALL_XFL_2023_3_12_VGS@DC,VGS,7,DC,8,609,1678670952.0,73752,2023-03-12 21:29:12.000000,EventFootballRush,"1-10-DC 24 (14:32) 15 R. Smith rush to DC 23 for 1 yard (99 J. Wallace, 5 R. Northrup)",,True,3,14,32,Half2,MaSourceTypeOfficialScoring,FOOTBALL_XFL_2023_3_12_VGS@DC,,QBStat,80,2302016-VGS-at-DC,872,1772,1772,14:32,3,3,Home,24,12,7,,,,0.0,24,6,14,1.0,10.0,21623,,,StatusOfficial,,,,,21447,1.0,,,,,,Home,24.0,1.0,1.0,0:16, ,,,,,,,,,,,,,,,,,,,,21148
2023,FOOTBALL_XFL_2023_3_12_VGS@DC,VGS,7,DC,8,500,1678670965.0,73765,2023-03-12 21:29:25.000000,EventFootballRush,2-9-DC 23 (14:19) 15 R. Smith rush to DC 17 for 6 yards (24 A. Kelly),,True,3,14,19,Half2,MaSourceTypeOfficialScoring,FOOTBALL_XFL_2023_3_12_VGS@DC,,QBStat,81,2302016-VGS-at-DC,859,1759,1759,14:19,3,3,Home,23,12,7,,,,0.0,23,6,14,2.0,9.0,20873,,,StatusOfficial,,,,,21447,6.0,,,,,,Home,24.0,2.0,7.0,0:39, ,,,,,,,,,,,,,,,,,,,,
2023,FOOTBALL_XFL_2023_3_12_VGS@DC,VGS,7,DC,8,501,1678671009.0,73809,2023-03-12 21:30:09.000000,EventFootballPass,3-3-DC 17 (13:36) 12 L. Perez pass to 13 J. Badet to DC 15 for 2 yards (24 A. Kelly),,True,3,13,36,Half2,MaSourceTypeOfficialScoring,FOOTBALL_XFL_2023_3_12_VGS@DC,,QBStat,82,2302016-VGS-at-DC,816,1716,1716,13:36,3,3,Home,17,12,7,,,,0.0,17,6,14,3.0,3.0,20873,,,StatusOfficial,ResultPassComplete,,,,,2.0,,,,,,Home,24.0,3.0,9.0,1:17, ,,,,,,,21207,20072,,,,,,,,,,,,
2023,FOOTBALL_XFL_2023_3_12_VGS@DC,VGS,7,DC,8,502,1678671058.0,73858,2023-03-12 21:30:58.000000,EventFootballRush,4-1-DC 15 (12:58) 5 D. Torrey rush to DC 18 for -3 yards (6 F. Brown),,True,3,12,58,Half2,MaSourceTypeOfficialScoring,FOOTBALL_XFL_2023_3_12_VGS@DC,,QBStat,83,2302016-VGS-at-DC,778,1678,1678,12:58,3,3,Home,15,12,7,,,,0.0,15,6,14,4.0,1.0,20201,,,StatusOfficial,,,,,21570,-3.0,,,,,,Home,24.0,4.0,6.0,1:56,DOWNS,,,,,,,,,,,,,,,,,,,,
2023,FOOTBALL_XFL_2023_3_12_VGS@DC,VGS,7,DC,8,503,1678671104.0,73904,2023-03-12 21:31:44.000000,EventFootballRush,1-10-DC 18 (12:46) 10 J. Ta'amu rush to VGS 33 for 49 yards (22 A. Sparks),,True,3,12,46,Half2,MaSourceTypeOfficialScoring,FOOTBALL_XFL_2023_3_12_VGS@DC,,QBStat,84,2302016-VGS-at-DC,766,1666,1666,12:46,3,3,Home,18,13,8,,,,1.0,82,6,14,1.0,10.0,21462,,,StatusOfficial,,,,,22296,49.0,,,,,,Home,18.0,1.0,49.0,0:34, ,,,,,,,,,,,,,,,,,,,,
2023,FOOTBALL_XFL_2023_3_12_VGS@DC,VGS,7,DC,8,504,1678671133.0,73933,2023-03-12 21:32:13.000000,EventFootballPass,1-10-VGS 33 (12:18) 10 J. Ta'amu pass incomplete to 11 L. Jackson,,True,3,12,18,Half2,MaSourceTypeOfficialScoring,FOOTBALL_XFL_2023_3_12_VGS@DC,,QBStat,85,2302016-VGS-at-DC,738,1638,1638,12:18,3,3,Visitor,33,13,8,,,,1.0,33,6,14,1.0,10.0,,,,StatusOfficial,ResultPassIncomplete,,,,,,,,,,,Home,18.0,2.0,49.0,0:40, ,,,,,,,22296,20766,,,,,,,,,,,,
2023,FOOTBALL_XFL_2023_3_12_VGS@DC,VGS,7,DC,8,505,1678671164.0,73964,2023-03-12 21:32:44.000000,EventFootballPass,2-10-VGS 33 (11:58) 10 J. Ta'amu pass dropped by 4 A. Smith,,True,3,11,58,Half2,MaSourceTypeOfficialScoring,FOOTBALL_XFL_2023_3_12_VGS@DC,,QBStat,86,2302016-VGS-at-DC,718,1618,1618,11:58,3,3,Visitor,33,13,8,,,,1.0,33,6,14,2.0,10.0,,,,StatusOfficial,ResultPassDropped,,,,,,,,,,,Home,18.0,3.0,49.0,1:05, ,,,,,,,22296,21427,,,,,,,,,,,,
2023,FOOTBALL_XFL_2023_3_12_VGS@DC,VGS,7,DC,8,506,1678671196.0,73996,2023-03-12 21:33:16.000000,EventFootballPass,3-10-VGS 33 (11:28) 10 J. Ta'amu pass to 1 C. Blair to VGS 20 for 13 yards (22 A. Sparks),,True,3,11,28,Half2,MaSourceTypeOfficialScoring,FOOTBALL_XFL_2023_3_12_VGS@DC,,QBStat,87,2302016-VGS-at-DC,688,1588,1588,11:28,3,3,Visitor,33,13,8,,,,1.0,33,6,14,3.0,10.0,21462,,,StatusOfficial,ResultPassComplete,,,,,13.0,,,,,,Home,18.0,4.0,62.0,1:41, ,,,,,,,22296,20133,,,,,,,,,,,,
2023,FOOTBALL_XFL_2023_3_12_VGS@DC,VGS,7,DC,8,507,1678671225.0,74025,2023-03-12 21:33:45.000000,EventFootballPass,1-10-VGS 20 (10:59) 10 J. Ta'amu pass to 0 J. Hammond to VGS 17 for 3 yards (11 P. Dawson),,True,3,10,59,Half2,MaSourceTypeOfficialScoring,FOOTBALL_XFL_2023_3_12_VGS@DC,,QBStat,88,2302016-VGS-at-DC,659,1559,1559,10:59,3,3,Visitor,20,13,8,,,,1.0,20,6,14,1.0,10.0,20374,,,StatusOfficial,ResultPassComplete,,,,,3.0,,,,,,Home,18.0,5.0,65.0,2:11, ,,,,,,,22296,20618,,,,,,,,,,,,
2023,FOOTBALL_XFL_2023_3_12_VGS@DC,VGS,7,DC,8,610,1678671254.0,74054,2023-03-12 21:34:14.000000,EventFootballRush,"2-7-VGS 17 (10:31) 10 J. Ta'amu rush to VGS 11 for 6 yards (25 M. Evans, 90 J. Martin)",,True,3,10,31,Half2,MaSourceTypeOfficialScoring,FOOTBALL_XFL_2023_3_12_VGS@DC,,QBStat,89,2302016-VGS-at-DC,631,1531,1531,10:31,3,3,Visitor,17,13,8,,,,1.0,17,6,14,2.0,7.0,20461,,,StatusOfficial,,,,,22296,6.0,,,,,,Home,18.0,6.0,71.0,2:44, ,,,,,,,,,,,,,,,,,,,,21948
2023,FOOTBALL_XFL_2023_3_12_VGS@DC,VGS,7,DC,8,509,1678671295.0,74095,2023-03-12 21:34:55.000000,EventFootballRush,3-1-VGS 11 (9:50) 4 A. Smith rush to VGS 11 for 0 yards (0 P. Taumoepenu),,True,3,9,50,Half2,MaSourceTypeOfficialScoring,FOOTBALL_XFL_2023_3_12_VGS@DC,,QBStat,90,2302016-VGS-at-DC,590,1490,1490,9:50,3,3,Visitor,11,13,8,,,,1.0,11,6,14,3.0,1.0,21968,,,StatusOfficial,,,,,21427,0.0,,,,,,Home,18.0,7.0,71.0,3:21, ,,,,,,,,,,,,,,,,,,,,
2023,FOOTBALL_XFL_2023_3_12_VGS@DC,VGS,7,DC,8,611,1678671326.0,74126,2023-03-12 21:35:26.000000,EventFootballRush,"4-1-VGS 11 (9:19) 4 A. Smith rush to VGS 6 for 5 yards (23 M. Roberts, 90 J. Martin)",,True,3,9,19,Half2,MaSourceTypeOfficialScoring,FOOTBALL_XFL_2023_3_12_VGS@DC,,QBStat,91,2302016-VGS-at-DC,559,1459,1459,9:19,3,3,Visitor,11,13,8,,,,1.0,11,6,14,4.0,1.0,21960,,,StatusOfficial,,,,,21427,5.0,,,,,,Home,18.0,8.0,76.0,3:51, ,,,,,,,,,,,,,,,,,,,,21948
2023,FOOTBALL_XFL_2023_3_12_VGS@DC,VGS,7,DC,8,511,1678671422.0,74222,2023-03-12 21:37:02.000000,EventFootballRush,1-6-VGS 6 (8:39) 3 D. King rush to VGS 5 for 1 yard (0 P. Taumoepenu),,True,3,8,39,Half2,MaSourceTypeOfficialScoring,FOOTBALL_XFL_2023_3_12_VGS@DC,,QBStat,92,2302016-VGS-at-DC,519,1419,1419,8:39,3,3,Visitor,6,13,8,,,,1.0,6,6,14,1.0,6.0,21968,,,StatusOfficial,,,,,21981,1.0,,,,,,Home,18.0,9.0,77.0,4:29, ,,,,,,,,,,,,,,,,,,,,
2023,FOOTBALL_XFL_2023_3_12_VGS@DC,VGS,7,DC,8,512,1678671459.0,74259,2023-03-12 21:37:39.000000,EventFootballRush,2-5-VGS 5 (8:02) 23 R. Armstead rush to VGS 2 for 3 yards (28 C. Avery),,True,3,8,2,Half2,MaSourceTypeOfficialScoring,FOOTBALL_XFL_2023_3_12_VGS@DC,,QBStat,93,2302016-VGS-at-DC,482,1382,1382,8:02,3,3,Visitor,5,13,8,,,,1.0,5,6,14,2.0,5.0,20066,,,StatusOfficial,,,,,20053,3.0,,,,,,Home,18.0,10.0,80.0,5:07, ,,,,,,,,,,,,,,,,,,,,
2023,FOOTBALL_XFL_2023_3_12_VGS@DC,VGS,7,DC,8,513,1678671500.0,74300,2023-03-12 21:38:20.000000,EventFootballTimeout,Timeout by D.C. Defenders at 7:29,,True,3,7,29,Half2,MaSourceTypeOfficialScoring,FOOTBALL_XFL_2023_3_12_VGS@DC,,QBStat,94,2302016-VGS-at-DC,449,1349,1349,7:29,3,3,Visitor,2,13,8,,,,1.0,2,6,14,3.0,2.0,,,,StatusOfficial,,,,,,,,,,,,Home,18.0,10.0,80.0,5:29, ,,,,,,,,,,,,8,,,,,,,,
2023,FOOTBALL_XFL_2023_3_12_VGS@DC,VGS,7,DC,8,514,1678671699.0,74499,2023-03-12 21:41:39.000000,EventFootballRush,3-2-VGS 2 (7:21) 3 D. King rush to VGS 2 for 0 yards (88 R. Windsor),,True,3,7,21,Half2,MaSourceTypeOfficialScoring,FOOTBALL_XFL_2023_3_12_VGS@DC,,QBStat,95,2302016-VGS-at-DC,441,1341,1341,7:21,3,2,Visitor,2,13,8,,,,1.0,2,6,14,3.0,2.0,21975,,,StatusOfficial,,,,,21981,0.0,,,,,,Home,18.0,11.0,80.0,5:52, ,,,,,,,,,,,,,,,,,,,,
2023,FOOTBALL_XFL_2023_3_12_VGS@DC,VGS,7,DC,8,515,1678671732.0,74532,2023-03-12 21:42:12.000000,EventFootballFg,4-2-VGS 2 (6:48) 34 M. McCrane 20 yard field goal is GOOD,,True,3,6,48,Half2,MaSourceTypeOfficialScoring,FOOTBALL_XFL_2023_3_12_VGS@DC,,QBStat,96,2302016-VGS-at-DC,408,1308,1308,6:48,3,2,Visitor,2,13,8,,,,1.0,2,6,14,4.0,2.0,,21028,,StatusOfficial,ResultKickMade,,,,,20.0,,,,,,Home,18.0,12.0,80.0,6:10,FG,,,,,,ScoreTypeFg,,,,,,,,,,,,,,
2023,FOOTBALL_XFL_2023_3_12_VGS@DC,VGS,7,DC,8,516,1678671794.0,74594,2023-03-12 21:43:14.000000,EventFootballKickoff,"34 M. McCrane kicks from DC 30. 5 D. Torrey to VGS 15 for 7 yards (37 T. Hanks) PENALTY on 15 R. Smith, 10 yards",,True,3,6,46,Half2,MaSourceTypeOfficialScoring,FOOTBALL_XFL_2023_3_12_VGS@DC,,QBStat,97,2302016-VGS-at-DC,406,1306,1306,6:46,3,2,Home,30,14,7,,,,0.0,30,6,17,,,22534,34,21148,StatusOfficial,ResultKickReturned,7.0,Visitor,15.0,,,,,,,,,,,,,,7,21447,10.0,ResultPenaltyOnkickoffpat,NA,,,,,,,,,,,,,,,
2023,FOOTBALL_XFL_2023_3_12_VGS@DC,VGS,7,DC,8,517,1678671876.0,74676,2023-03-12 21:44:36.000000,EventFootballPass,1-10-VGS 15 (6:33) 12 L. Perez pass incomplete to 13 J. Badet Pass Defended by 26 D. Neal,,True,3,6,33,Half2,MaSourceTypeOfficialScoring,FOOTBALL_XFL_2023_3_12_VGS@DC,,QBStat,98,2302016-VGS-at-DC,393,1293,1293,6:33,3,2,Visitor,15,14,7,,,,0.0,85,6,17,1.0,10.0,,,,StatusOfficial,ResultPassIncomplete,,,,,,,,,,,Visitor,15.0,1.0,,0:18, ,,,,,,,21207,20072,,,21133,,,,,,,,,
2023,FOOTBALL_XFL_2023_3_12_VGS@DC,VGS,7,DC,8,612,1678671910.0,74710,2023-03-12 21:45:10.000000,EventFootballRush,"2-10-VGS 15 (5:59) 8 J. Lovett rush to VGS 18 for 3 yards (6 F. Brown, 5 R. Northrup)",,True,3,5,59,Half2,MaSourceTypeOfficialScoring,FOOTBALL_XFL_2023_3_12_VGS@DC,,QBStat,99,2302016-VGS-at-DC,359,1259,1259,5:59,3,2,Visitor,15,14,7,,,,0.0,85,6,17,2.0,10.0,20201,,,StatusOfficial,,,,,21872,3.0,,,,,,Visitor,15.0,2.0,3.0,1:04, ,,,,,,,,,,,,,,,,,,,,21148
2023,FOOTBALL_XFL_2023_3_12_VGS@DC,VGS,7,DC,8,519,1678671946.0,74746,2023-03-12 21:45:46.000000,EventFootballPenalty,"3-7-VGS 18 (5:27) PENALTY on 77 Q. Eatmon, 5 yards",,True,3,5,27,Half2,MaSourceTypeOfficialScoring,FOOTBALL_XFL_2023_3_12_VGS@DC,,QBStat,100,2302016-VGS-at-DC,327,1227,1227,5:27,3,2,Visitor,18,14,7,,,,0.0,82,6,17,3.0,7.0,,,,StatusOfficial,,,,,,,,,,,,Visitor,15.0,2.0,-2.0,1:19, ,7,20434,5.0,ResultPenaltyRepeatdown,NA,,,,,,,,,,,,,,,
2023,FOOTBALL_XFL_2023_3_12_VGS@DC,VGS,7,DC,8,613,1678671989.0,74789,2023-03-12 21:46:29.000000,EventFootballPass,"3-12-VGS 13 (5:03) 12 L. Perez pass to 8 J. Lovett to VGS 24 for 11 yards QB Hit by 97 C. Reid (20 J. Brooks, 15 M. Joseph)",,True,3,5,3,Half2,MaSourceTypeOfficialScoring,FOOTBALL_XFL_2023_3_12_VGS@DC,,QBStat,101,2302016-VGS-at-DC,303,1203,1203,5:03,3,2,Visitor,13,14,7,,,,0.0,87,6,17,3.0,12.0,20189,,,StatusOfficial,ResultPassComplete,,,,,11.0,,,,,,Visitor,15.0,3.0,10.0,2:14, ,,,,,,,21207,21872,,,,,,,,,,22356,,22862
2023,FOOTBALL_XFL_2023_3_12_VGS@DC,VGS,7,DC,8,521,1678672035.0,74835,2023-03-12 21:47:15.000000,EventFootballPunt,4-1-VGS 24 (4:20) 17 M. Carrizosa punts 48 yards from VGS 24 to DC 28. 12 J. Ezzard to DC 40 for 13 yards (28 C. Avery),,True,3,4,20,Half2,MaSourceTypeOfficialScoring,FOOTBALL_XFL_2023_3_12_VGS@DC,,QBStat,102,2302016-VGS-at-DC,260,1160,1160,4:20,3,2,Visitor,24,14,7,,,,0.0,76,6,17,4.0,1.0,21229,,,StatusOfficial,ResultKickReturned,,Home,40.0,,,,,,,,Visitor,15.0,3.0,9.0,2:28,PUNT,,,,,,,,,,,,,21784,21933,48.0,13.0,,,,
2023,FOOTBALL_XFL_2023_3_12_VGS@DC,VGS,7,DC,8,522,1678672263.0,75063,2023-03-12 21:51:03.000000,EventFootballPass,1-10-DC 40 (4:14) 10 J. Ta'amu pass to 1 C. Blair to VGS 22 for 38 yards (22 A. Sparks),,True,3,4,14,Half2,MaSourceTypeOfficialScoring,FOOTBALL_XFL_2023_3_12_VGS@DC,,QBStat,103,2302016-VGS-at-DC,254,1154,1154,4:14,3,2,Home,40,15,8,,,,1.0,60,6,17,1.0,10.0,21462,,,StatusOfficial,ResultPassComplete,,,,,38.0,,,,,,Home,40.0,1.0,38.0,0:06, ,,,,,,,22296,20133,,,,,,,,,,,,
2023,FOOTBALL_XFL_2023_3_12_VGS@DC,VGS,7,DC,8,523,1678672300.0,75100,2023-03-12 21:51:40.000000,EventFootballPenalty,"1-10-VGS 22 (4:02) PENALTY on 78 D. Hayes, 5 yards",,True,3,4,2,Half2,MaSourceTypeOfficialScoring,FOOTBALL_XFL_2023_3_12_VGS@DC,,QBStat,104,2302016-VGS-at-DC,242,1142,1142,4:02,3,2,Visitor,22,15,8,,,,1.0,22,6,17,1.0,10.0,,,,StatusOfficial,,,,,,,,,,,,Home,40.0,1.0,33.0,0:12, ,8,21980,5.0,ResultPenaltyRepeatdown,NA,,,,,,,,,,,,,,,
2023,FOOTBALL_XFL_2023_3_12_VGS@DC,VGS,7,DC,8,614,1678672337.0,75137,2023-03-12 21:52:17.000000,EventFootballRush,"1-15-VGS 27 (3:45) 4 A. Smith rush to VGS 29 for -2 yards (25 M. Evans, 28 C. Avery)",,True,3,3,45,Half2,MaSourceTypeOfficialScoring,FOOTBALL_XFL_2023_3_12_VGS@DC,,QBStat,105,2302016-VGS-at-DC,225,1125,1125,3:45,3,2,Visitor,27,15,8,,,,1.0,27,6,17,1.0,15.0,20461,,,StatusOfficial,,,,,21427,-2.0,,,,,,Home,40.0,2.0,31.0,0:54, ,,,,,,,,,,,,,,,,,,,,20066
2023,FOOTBALL_XFL_2023_3_12_VGS@DC,VGS,7,DC,8,525,1678672382.0,75182,2023-03-12 21:53:02.000000,EventFootballPass,2-17-VGS 29 (3:03) 10 J. Ta'amu pass dropped by 23 R. Armstead,,True,3,3,3,Half2,MaSourceTypeOfficialScoring,FOOTBALL_XFL_2023_3_12_VGS@DC,,QBStat,106,2302016-VGS-at-DC,183,1083,1083,3:03,3,2,Visitor,29,15,8,,,,1.0,29,6,17,2.0,17.0,,,,StatusOfficial,ResultPassDropped,,,,,,,,,,,Home,40.0,3.0,31.0,1:31, ,,,,,,,22296,20053,,,,,,,,,,,,
2023,FOOTBALL_XFL_2023_3_12_VGS@DC,VGS,7,DC,8,526,1678672426.0,75226,2023-03-12 21:53:46.000000,EventFootballPenalty,"3-17-VGS 29 (2:43) PENALTY on 23 M. Roberts, 5 yards",,True,3,2,43,Half2,MaSourceTypeOfficialScoring,FOOTBALL_XFL_2023_3_12_VGS@DC,,QBStat,107,2302016-VGS-at-DC,163,1063,1063,2:43,3,2,Visitor,29,15,8,,,,1.0,29,6,17,3.0,17.0,,,,StatusOfficial,,,,,,,,,,,,Home,40.0,3.0,36.0,1:31, ,7,21960,5.0,ResultPenaltyRepeatdown,NA,,,,,,,,,,,,,,,
2023,FOOTBALL_XFL_2023_3_12_VGS@DC,VGS,7,DC,8,615,1678672461.0,75261,2023-03-12 21:54:21.000000,EventFootballRush,"3-12-VGS 24 (2:18) 10 J. Ta'amu rush to VGS 17 for 7 yards (5 D. Torrey, 20 J. Johnson)",,True,3,2,18,Half2,MaSourceTypeOfficialScoring,FOOTBALL_XFL_2023_3_12_VGS@DC,,QBStat,108,2302016-VGS-at-DC,138,1038,1038,2:18,3,2,Visitor,24,15,8,,,,1.0,24,6,17,3.0,12.0,21570,,,StatusOfficial,,,,,22296,7.0,,,,,,Home,40.0,4.0,43.0,2:11, ,,,,,,,,,,,,,,,,,,,,20811
2023,FOOTBALL_XFL_2023_3_12_VGS@DC,VGS,7,DC,8,528,1678672511.0,75311,2023-03-12 21:55:11.000000,EventFootballFg,4-5-VGS 17 (1:44) 34 M. McCrane 35 yard field goal is GOOD,,True,3,1,44,Half2,MaSourceTypeOfficialScoring,FOOTBALL_XFL_2023_3_12_VGS@DC,,QBStat,109,2302016-VGS-at-DC,104,1004,1004,1:44,3,2,Visitor,17,15,8,,,,1.0,17,6,17,4.0,5.0,,21028,,StatusOfficial,ResultKickMade,,,,,35.0,,,,,,Home,40.0,5.0,43.0,2:36,FG,,,,,,ScoreTypeFg,,,,,,,,,,,,,,
2023,FOOTBALL_XFL_2023_3_12_VGS@DC,VGS,7,DC,8,529,1678672572.0,75372,2023-03-12 21:56:12.000000,EventFootballKickoff,34 M. McCrane kicks from DC 30. 5 D. Torrey to VGS 26 for 21 yards (24 A. Kelly),,True,3,1,38,Half2,MaSourceTypeOfficialScoring,FOOTBALL_XFL_2023_3_12_VGS@DC,,QBStat,110,2302016-VGS-at-DC,98,998,998,1:38,3,2,Home,30,16,7,,,,0.0,30,6,20,,,20873,34,21148,StatusOfficial,ResultKickReturned,21.0,Visitor,26.0,,,,,,,,,,,,,,,,,,,,,,,,,,,,,,,,,
2023,FOOTBALL_XFL_2023_3_12_VGS@DC,VGS,7,DC,8,530,1678672618.0,75418,2023-03-12 21:56:58.000000,EventFootballPass,1-10-VGS 26 (1:31) 12 L. Perez pass to 13 J. Badet to VGS 41 for 15 yards (24 A. Kelly),,True,3,1,31,Half2,MaSourceTypeOfficialScoring,FOOTBALL_XFL_2023_3_12_VGS@DC,,QBStat,111,2302016-VGS-at-DC,91,991,991,1:31,3,2,Visitor,26,16,7,,,,0.0,74,6,20,1.0,10.0,20873,,,StatusOfficial,ResultPassComplete,,,,,15.0,,,,,,Visitor,26.0,1.0,15.0,0:23, ,,,,,,,21207,20072,,,,,,,,,,,,
2023,FOOTBALL_XFL_2023_3_12_VGS@DC,VGS,7,DC,8,531,1678672661.0,75461,2023-03-12 21:57:41.000000,EventFootballPass,1-10-VGS 41 (0:47) 12 L. Perez pass to 10 M. Sexton to VGS 47 for 6 yards (39 S. Ramirez),,True,3,0,47,Half2,MaSourceTypeOfficialScoring,FOOTBALL_XFL_2023_3_12_VGS@DC,,QBStat,112,2302016-VGS-at-DC,47,947,947,0:47,3,2,Visitor,41,16,7,,,,0.0,59,6,20,1.0,10.0,21278,,,StatusOfficial,ResultPassComplete,,,,,6.0,,,,,,Visitor,26.0,2.0,21.0,1:16, ,,,,,,,21207,21882,,,,,,,,,,,,
2023,FOOTBALL_XFL_2023_3_12_VGS@DC,VGS,7,DC,8,532,1678672686.0,75486,2023-03-12 21:58:06.000000,EventFootballPass,2-4-VGS 47 (0:23) 12 L. Perez pass to 13 J. Badet to DC 40 for 13 yards (29 K. Brice),,True,3,0,23,Half2,MaSourceTypeOfficialScoring,FOOTBALL_XFL_2023_3_12_VGS@DC,,QBStat,113,2302016-VGS-at-DC,23,923,923,0:23,3,2,Visitor,47,16,7,,,,0.0,53,6,20,2.0,4.0,20180,,,StatusOfficial,ResultPassComplete,,,,,13.0,,,,,,Visitor,26.0,3.0,34.0,1:39, ,,,,,,,21207,20072,,,,,,,,,,,,
2023,FOOTBALL_XFL_2023_3_12_VGS@DC,VGS,7,DC,8,533,1678672920.0,75720,2023-03-12 22:02:00.000000,EventFootballPass,1-10-DC 40 (14:55) 12 L. Perez pass to 14 C. Sweeting to DC 26 for 14 yards,,True,4,14,55,Half2,MaSourceTypeOfficialScoring,FOOTBALL_XFL_2023_3_12_VGS@DC,,QBStat,114,2302016-VGS-at-DC,895,895,895,14:55,3,2,Home,40,16,7,,,,0.0,40,6,20,1.0,10.0,,,,StatusOfficial,ResultPassComplete,,,,,14.0,,,,,,Visitor,26.0,4.0,48.0,2:06, ,,,,,,,21207,21507,,,,,,,,,,,,
2023,FOOTBALL_XFL_2023_3_12_VGS@DC,VGS,7,DC,8,534,1678672958.0,75758,2023-03-12 22:02:38.000000,EventFootballPass,"1-10-DC 26 (14:22) 12 L. Perez pass to 14 C. Sweeting for 26 yards, TOUCHDOWN",,True,4,14,22,Half2,MaSourceTypeOfficialScoring,FOOTBALL_XFL_2023_3_12_VGS@DC,,QBStat,115,2302016-VGS-at-DC,862,862,862,14:22,3,2,Home,26,16,7,,,,0.0,26,6,20,1.0,10.0,,,,StatusOfficial,ResultPassComplete,,,,,26.0,,,,,,Visitor,26.0,5.0,74.0,2:22,TD,,,,,,ScoreTypeTd,21207,21507,,,,,,,,,,,,
2023,FOOTBALL_XFL_2023_3_12_VGS@DC,VGS,7,DC,8,535,1678673023.0,75823,2023-03-12 22:03:43.000000,EventFootballPat2PtPass,12 L. Perez 2-pt conversion pass to  NO GOOD,,True,4,14,22,Half2,MaSourceTypeOfficialScoring,FOOTBALL_XFL_2023_3_12_VGS@DC,,QBStat,116,2302016-VGS-at-DC,862,862,862,14:22,3,2,Home,5,16,7,,,,0.0,5,12,20,,,,,,StatusOfficial,ResultPassIncomplete,,,,,,,,,,,,,,,,,,,,,,,21207,,2.0,,,,,,,,,,,
2023,FOOTBALL_XFL_2023_3_12_VGS@DC,VGS,7,DC,8,536,1678673075.0,75875,2023-03-12 22:04:35.000000,EventFootballKickoff,47 B. Giffen kicks from VGS 30. 9 K. Sails to DC 16 for 10 yards (23 M. Roberts),,True,4,14,22,Half2,MaSourceTypeOfficialScoring,FOOTBALL_XFL_2023_3_12_VGS@DC,,QBStat,117,2302016-VGS-at-DC,862,862,862,14:22,3,2,Visitor,30,17,8,,,,1.0,30,12,20,,,21960,47,20039,StatusOfficial,ResultKickReturned,10.0,Home,16.0,,,,,,,,,,,,,,,,,,,,,,,,,,,,,,,,,
2023,FOOTBALL_XFL_2023_3_12_VGS@DC,VGS,7,DC,8,616,1678673167.0,75967,2023-03-12 22:06:07.000000,EventFootballPass,1-10-DC 16 (13:49) 10 J. Ta'amu pass to 0 J. Hammond to DC 21 for 5 yards (11 P. Dawson),,True,4,13,49,Half2,MaSourceTypeOfficialScoring,FOOTBALL_XFL_2023_3_12_VGS@DC,,QBStat,118,2302016-VGS-at-DC,829,829,829,13:49,3,2,Home,16,17,8,,,,1.0,84,12,20,1.0,10.0,20374,,,StatusOfficial,ResultPassComplete,,,,,5.0,,,,,,Home,16.0,1.0,5.0,0:37, ,,,,,,,22296,20618,,,,,,,,,,,,
2023,FOOTBALL_XFL_2023_3_12_VGS@DC,VGS,7,DC,8,538,1678673215.0,76015,2023-03-12 22:06:55.000000,EventFootballPass,"2-5-DC 21 (13:45) 10 J. Ta'amu pass to 0 J. Hammond to DC 25 for 4 yards (22 A. Sparks) PENALTY on 18 A. Ellis, 10 yards",,True,4,13,45,Half2,MaSourceTypeOfficialScoring,FOOTBALL_XFL_2023_3_12_VGS@DC,,QBStat,119,2302016-VGS-at-DC,825,825,825,13:45,3,2,Home,21,17,8,,,,1.0,79,12,20,2.0,5.0,21462,,,StatusOfficial,ResultPassComplete,,,,,4.0,,,,,,Home,16.0,2.0,-1.0,0:37, ,8,20448,10.0,ResultPenaltyRepeatdown,NA,,22296,20618,,,,,,,,,,,,
2023,FOOTBALL_XFL_2023_3_12_VGS@DC,VGS,7,DC,8,406,1678673259.5423825,,2023-03-12 22:07:39.542382,EventEnd,Game End Marker,,True,4,0,0,Half2,MaSourceTypeOfficialScoring,FOOTBALL_XFL_2023_3_12_VGS@DC,,QBStat,10020, ,0,0,0,0:00,1,0,Home,24,23,7,,,,0.0,24,18,32,2.0,2.0,,,,,,,,,,,,,,,,,,,,,,,,,,,,,,,,,,,,,,,,,
2023,FOOTBALL_XFL_2023_3_12_VGS@DC,VGS,7,DC,8,539,1678673440.0,76240,2023-03-12 22:10:40.000000,EventFootballPenalty,"2-11-DC 15 (13:16) PENALTY on 6 K. Kennedy, 5 yards",,True,4,13,16,Half2,MaSourceTypeOfficialScoring,FOOTBALL_XFL_2023_3_12_VGS@DC,,QBStat,120,2302016-VGS-at-DC,796,796,796,13:16,3,2,Home,15,17,8,,,,1.0,85,12,20,2.0,11.0,,,,StatusOfficial,,,,,,,,,,,,Home,16.0,2.0,4.0,1:06, ,7,21943,5.0,ResultPenaltyAuto1Stdown,NA,,,,,,,,,,,,,,,
2023,FOOTBALL_XFL_2023_3_12_VGS@DC,VGS,7,DC,8,540,1678673505.0,76305,2023-03-12 22:11:45.000000,EventFootballRush,1-10-DC 20 (13:02) 4 A. Smith rush to DC 20 for 0 yards (11 P. Dawson),,True,4,13,2,Half2,MaSourceTypeOfficialScoring,FOOTBALL_XFL_2023_3_12_VGS@DC,,QBStat,121,2302016-VGS-at-DC,782,782,782,13:02,3,2,Home,20,17,8,,,,1.0,80,12,20,1.0,10.0,20374,,,StatusOfficial,,,,,21427,0.0,,,,,,Home,16.0,3.0,4.0,1:38, ,,,,,,,,,,,,,,,,,,,,
2023,FOOTBALL_XFL_2023_3_12_VGS@DC,VGS,7,DC,8,541,1678673536.0,76336,2023-03-12 22:12:16.000000,EventFootballPass,2-10-DC 20 (12:33) 10 J. Ta'amu pass to 1 C. Blair to DC 36 for 16 yards,,True,4,12,33,Half2,MaSourceTypeOfficialScoring,FOOTBALL_XFL_2023_3_12_VGS@DC,,QBStat,122,2302016-VGS-at-DC,753,753,753,12:33,3,2,Home,20,17,8,,,,1.0,80,12,20,2.0,10.0,,,,StatusOfficial,ResultPassComplete,,,,,16.0,,,,,,Home,16.0,4.0,20.0,1:55, ,,,,,,,22296,20133,,,,,,,,,,,,
2023,FOOTBALL_XFL_2023_3_12_VGS@DC,VGS,7,DC,8,542,1678673574.0,76374,2023-03-12 22:12:54.000000,EventFootballPenalty,"1-10-DC 36 (12:19) PENALTY on Vegas Vipers, 5 yards",,True,4,12,19,Half2,MaSourceTypeOfficialScoring,FOOTBALL_XFL_2023_3_12_VGS@DC,,QBStat,123,2302016-VGS-at-DC,739,739,739,12:19,3,2,Home,36,17,8,,,,1.0,64,12,20,1.0,10.0,,,,StatusOfficial,,,,,,,,,,,,Home,16.0,4.0,25.0,2:03, ,7,TM,5.0,ResultPenaltyRepeatdown,NA,,,,,,,,,,,,,,,
2023,FOOTBALL_XFL_2023_3_12_VGS@DC,VGS,7,DC,8,543,1678673605.0,76405,2023-03-12 22:13:25.000000,EventFootballPass,1-5-DC 41 (12:03) 10 J. Ta'amu pass to 0 J. Hammond to DC 39 for -2 yards (9 D. Anderson),,True,4,12,3,Half2,MaSourceTypeOfficialScoring,FOOTBALL_XFL_2023_3_12_VGS@DC,,QBStat,124,2302016-VGS-at-DC,723,723,723,12:03,3,2,Home,41,17,8,,,,1.0,59,12,20,1.0,5.0,20039,,,StatusOfficial,ResultPassComplete,,,,,-2.0,,,,,,Home,16.0,5.0,23.0,2:38, ,,,,,,,22296,20618,,,,,,,,,,,,
2023,FOOTBALL_XFL_2023_3_12_VGS@DC,VGS,7,DC,8,544,1678673630.0,76430,2023-03-12 22:13:50.000000,EventFootballRush,2-7-DC 39 (11:38) 10 J. Ta'amu rush to DC 44 for 5 yards (9 D. Anderson),,True,4,11,38,Half2,MaSourceTypeOfficialScoring,FOOTBALL_XFL_2023_3_12_VGS@DC,,QBStat,125,2302016-VGS-at-DC,698,698,698,11:38,3,2,Home,39,17,8,,,,1.0,61,12,20,2.0,7.0,20039,,,StatusOfficial,,,,,22296,5.0,,,,,,Home,16.0,6.0,28.0,3:00, ,,,,,,,,,,,,,,,,,,,,
2023,FOOTBALL_XFL_2023_3_12_VGS@DC,VGS,7,DC,8,617,1678673670.0,76470,2023-03-12 22:14:30.000000,EventFootballRush,3-2-DC 44 (10:59) 10 J. Ta'amu rush to VGS 49 for 7 yards (25 M. Evans),,True,4,10,59,Half2,MaSourceTypeOfficialScoring,FOOTBALL_XFL_2023_3_12_VGS@DC,,QBStat,126,2302016-VGS-at-DC,659,659,659,10:59,3,2,Home,44,17,8,,,,1.0,56,12,20,3.0,2.0,20461,,,StatusOfficial,,,,,22296,7.0,,,,,,Home,16.0,7.0,35.0,3:24, ,,,,,,,,,,,,,,,,,,,,
2023,FOOTBALL_XFL_2023_3_12_VGS@DC,VGS,7,DC,8,546,1678673699.0,76499,2023-03-12 22:14:59.000000,EventFootballPenalty,"1-10-VGS 49 (10:58) PENALTY on 44 V. Beasley, 15 yards",,True,4,10,58,Half2,MaSourceTypeOfficialScoring,FOOTBALL_XFL_2023_3_12_VGS@DC,,QBStat,127,2302016-VGS-at-DC,658,658,658,10:58,3,2,Visitor,49,17,8,,,,1.0,49,12,20,1.0,10.0,,,,StatusOfficial,,,,,,,,,,,,Home,16.0,7.0,50.0,3:24, ,7,21739,15.0,ResultPenaltyAuto1Stdown,NA,,,,,,,,,,,,,,,
2023,FOOTBALL_XFL_2023_3_12_VGS@DC,VGS,7,DC,8,547,1678673733.0,76533,2023-03-12 22:15:33.000000,EventFootballRush,1-10-VGS 34 (10:31) 4 A. Smith rush to VGS 29 for 5 yards (0 P. Taumoepenu),,True,4,10,31,Half2,MaSourceTypeOfficialScoring,FOOTBALL_XFL_2023_3_12_VGS@DC,,QBStat,128,2302016-VGS-at-DC,631,631,631,10:31,3,2,Visitor,34,17,8,,,,1.0,34,12,20,1.0,10.0,21968,,,StatusOfficial,,,,,21427,5.0,,,,,,Home,16.0,8.0,55.0,4:01, ,,,,,,,,,,,,,,,,,,,,
2023,FOOTBALL_XFL_2023_3_12_VGS@DC,VGS,7,DC,8,618,1678673774.0,76574,2023-03-12 22:16:14.000000,EventFootballRush,"2-5-VGS 29 (9:49) 4 A. Smith rush to VGS 21 for 8 yards (9 D. Anderson, 90 J. Martin)",,True,4,9,49,Half2,MaSourceTypeOfficialScoring,FOOTBALL_XFL_2023_3_12_VGS@DC,,QBStat,129,2302016-VGS-at-DC,589,589,589,9:49,3,2,Visitor,29,17,8,,,,1.0,29,12,20,2.0,5.0,20039,,,StatusOfficial,,,,,21427,8.0,,,,,,Home,16.0,9.0,63.0,4:47, ,,,,,,,,,,,,,,,,,,,,21948
2023,FOOTBALL_XFL_2023_3_12_VGS@DC,VGS,7,DC,8,549,1678673810.0,76610,2023-03-12 22:16:50.000000,EventFootballTimeout,Timeout by D.C. Defenders at 9:19,,True,4,9,19,Half2,MaSourceTypeOfficialScoring,FOOTBALL_XFL_2023_3_12_VGS@DC,,QBStat,130,2302016-VGS-at-DC,559,559,559,9:19,3,2,Visitor,21,17,8,,,,1.0,21,12,20,1.0,10.0,,,,StatusOfficial,,,,,,,,,,,,Home,16.0,9.0,63.0,5:03, ,,,,,,,,,,,,8,,,,,,,,
2023,FOOTBALL_XFL_2023_3_12_VGS@DC,VGS,7,DC,8,550,1678674017.0,76817,2023-03-12 22:20:17.000000,EventFootballRush,1-10-VGS 21 (9:13) 23 R. Armstead rush to VGS 9 for 12 yards (9 D. Anderson),,True,4,9,13,Half2,MaSourceTypeOfficialScoring,FOOTBALL_XFL_2023_3_12_VGS@DC,,QBStat,131,2302016-VGS-at-DC,553,553,553,9:13,3,1,Visitor,21,17,8,,,,1.0,21,12,20,1.0,10.0,20039,,,StatusOfficial,,,,,20053,12.0,,,,,,Home,16.0,10.0,75.0,5:33, ,,,,,,,,,,,,,,,,,,,,
2023,FOOTBALL_XFL_2023_3_12_VGS@DC,VGS,7,DC,8,551,1678674053.0,76853,2023-03-12 22:20:53.000000,EventFootballRush,1-9-VGS 9 (8:37) 4 A. Smith rush to VGS 9 for 0 yards (28 C. Avery),,True,4,8,37,Half2,MaSourceTypeOfficialScoring,FOOTBALL_XFL_2023_3_12_VGS@DC,,QBStat,132,2302016-VGS-at-DC,517,517,517,8:37,3,1,Visitor,9,17,8,,,,1.0,9,12,20,1.0,9.0,20066,,,StatusOfficial,,,,,21427,0.0,,,,,,Home,16.0,11.0,75.0,5:50, ,,,,,,,,,,,,,,,,,,,,
2023,FOOTBALL_XFL_2023_3_12_VGS@DC,VGS,7,DC,8,619,1678674094.0,76894,2023-03-12 22:21:34.000000,EventFootballRush,"2-9-VGS 9 (7:55) 10 J. Ta'amu rush to VGS 10 for -1 yards (25 M. Evans, 0 P. Taumoepenu)",,True,4,7,55,Half2,MaSourceTypeOfficialScoring,FOOTBALL_XFL_2023_3_12_VGS@DC,,QBStat,133,2302016-VGS-at-DC,475,475,475,7:55,3,1,Visitor,9,17,8,,,,1.0,9,12,20,2.0,9.0,20461,,,StatusOfficial,,,,,22296,-1.0,,,,,,Home,16.0,12.0,74.0,6:32, ,,,,,,,,,,,,,,,,,,,,21968
2023,FOOTBALL_XFL_2023_3_12_VGS@DC,VGS,7,DC,8,553,1678674135.0,76935,2023-03-12 22:22:15.000000,EventFootballRush,3-10-VGS 10 (7:14) 4 A. Smith rush to VGS 8 for 2 yards (9 D. Anderson),,True,4,7,14,Half2,MaSourceTypeOfficialScoring,FOOTBALL_XFL_2023_3_12_VGS@DC,,QBStat,134,2302016-VGS-at-DC,434,434,434,7:14,3,1,Visitor,10,17,8,,,,1.0,10,12,20,3.0,10.0,20039,,,StatusOfficial,,,,,21427,2.0,,,,,,Home,16.0,13.0,76.0,7:23, ,,,,,,,,,,,,,,,,,,,,
2023,FOOTBALL_XFL_2023_3_12_VGS@DC,VGS,7,DC,8,554,1678674157.0,76957,2023-03-12 22:22:37.000000,EventFootballFg,4-8-VGS 8 (6:53) 34 M. McCrane 26 yard field goal is GOOD,,True,4,6,53,Half2,MaSourceTypeOfficialScoring,FOOTBALL_XFL_2023_3_12_VGS@DC,,QBStat,135,2302016-VGS-at-DC,413,413,413,6:53,3,1,Visitor,8,17,8,,,,1.0,8,12,20,4.0,8.0,,21028,,StatusOfficial,ResultKickMade,,,,,26.0,,,,,,Home,16.0,14.0,76.0,7:29,FG,,,,,,ScoreTypeFg,,,,,,,,,,,,,,
2023,FOOTBALL_XFL_2023_3_12_VGS@DC,VGS,7,DC,8,555,1678674195.0,76995,2023-03-12 22:23:15.000000,EventFootballKickoff,"34 M. McCrane kicks from DC 30. 14 C. Sweeting to VGS 16 for 13 yards (2 E. Dungey) PENALTY on 8 J. Lovett, 15 yards",,True,4,6,42,Half2,MaSourceTypeOfficialScoring,FOOTBALL_XFL_2023_3_12_VGS@DC,,QBStat,136,2302016-VGS-at-DC,402,402,402,6:42,3,1,Home,30,18,7,,,,0.0,30,12,23,,,20419,34,14,StatusOfficial,ResultKickReturned,13.0,Visitor,16.0,,,,,,,,,,,,,,7,21872,15.0,ResultPenaltyOnkickoffpat,NA,,,,,,,,,,,,,,,
2023,FOOTBALL_XFL_2023_3_12_VGS@DC,VGS,7,DC,8,556,1678674338.0,77138,2023-03-12 22:25:38.000000,EventFootballPass,1-10-VGS 16 (6:31) 12 L. Perez pass to 18 B. Burt to VGS 22 for 6 yards (20 J. Brooks),,True,4,6,31,Half2,MaSourceTypeOfficialScoring,FOOTBALL_XFL_2023_3_12_VGS@DC,,QBStat,137,2302016-VGS-at-DC,391,391,391,6:31,3,1,Visitor,16,18,7,,,,0.0,84,12,23,1.0,10.0,20189,,,StatusOfficial,ResultPassComplete,,,,,6.0,,,,,,Visitor,16.0,1.0,6.0,0:23, ,,,,,,,21207,20232,,,,,,,,,,,,
2023,FOOTBALL_XFL_2023_3_12_VGS@DC,VGS,7,DC,8,620,1678674366.0,77166,2023-03-12 22:26:06.000000,EventFootballPass,"2-4-VGS 22 (6:03) 12 L. Perez pass to 10 M. Sexton to VGS 30 for 8 yards (9 K. Sails, 27 F. Gardner)",,True,4,6,3,Half2,MaSourceTypeOfficialScoring,FOOTBALL_XFL_2023_3_12_VGS@DC,,QBStat,138,2302016-VGS-at-DC,363,363,363,6:03,3,1,Visitor,22,18,7,,,,0.0,78,12,23,2.0,4.0,21360,,,StatusOfficial,ResultPassComplete,,,,,8.0,,,,,,Visitor,16.0,2.0,14.0,0:49, ,,,,,,,21207,21882,,,,,,,,,,,,21935
2023,FOOTBALL_XFL_2023_3_12_VGS@DC,VGS,7,DC,8,558,1678674402.0,77202,2023-03-12 22:26:42.000000,EventFootballPass,"1-10-VGS 30 (5:29) 12 L. Perez pass intended for 14 C. Sweeting INTERCEPTED by 39 S. Ramirez returned 7 yards to DC 48 PENALTY on 26 D. Neal, 15 yards",,True,4,5,29,Half2,MaSourceTypeOfficialScoring,FOOTBALL_XFL_2023_3_12_VGS@DC,,QBStat,139,2302016-VGS-at-DC,329,329,329,5:29,3,1,Visitor,30,18,7,,,,0.0,70,12,23,1.0,10.0,,,,StatusOfficial,ResultPassInterception,,Home,48.0,,,,,,,,Visitor,16.0,3.0,14.0,1:24,INT,8,21133,15.0,ResultPenaltyOnkickoffpat,NA,,21207,21507,,,,,,,,,21278,,,
2023,FOOTBALL_XFL_2023_3_12_VGS@DC,VGS,7,DC,8,559,1678674480.0,77280,2023-03-12 22:28:00.000000,EventFootballRush,1-10-DC 48 (5:23) 4 A. Smith rush to VGS 43 for 9 yards (9 D. Anderson),,True,4,5,23,Half2,MaSourceTypeOfficialScoring,FOOTBALL_XFL_2023_3_12_VGS@DC,,QBStat,140,2302016-VGS-at-DC,323,323,323,5:23,3,1,Home,48,19,8,,,,1.0,52,12,23,1.0,10.0,20039,,,StatusOfficial,,,,,21427,9.0,,,,,,Home,48.0,1.0,9.0,0:20, ,,,,,,,,,,,,,,,,,,,,
2023,FOOTBALL_XFL_2023_3_12_VGS@DC,VGS,7,DC,8,560,1678674520.0,77320,2023-03-12 22:28:40.000000,EventFootballRush,2-1-VGS 43 (4:43) 4 A. Smith rush to VGS 40 for 3 yards (28 C. Avery),,True,4,4,43,Half2,MaSourceTypeOfficialScoring,FOOTBALL_XFL_2023_3_12_VGS@DC,,QBStat,141,2302016-VGS-at-DC,283,283,283,4:43,3,1,Visitor,43,19,8,,,,1.0,43,12,23,2.0,1.0,20066,,,StatusOfficial,,,,,21427,3.0,,,,,,Home,48.0,2.0,12.0,0:53, ,,,,,,,,,,,,,,,,,,,,
2023,FOOTBALL_XFL_2023_3_12_VGS@DC,VGS,7,DC,8,621,1678674559.0,77359,2023-03-12 22:29:19.000000,EventFootballRush,"1-10-VGS 40 (4:04) 4 A. Smith rush to VGS 31 for 9 yards (97 L. Stokes, 48 D. Calhoun)",,True,4,4,4,Half2,MaSourceTypeOfficialScoring,FOOTBALL_XFL_2023_3_12_VGS@DC,,QBStat,142,2302016-VGS-at-DC,244,244,244,4:04,3,1,Visitor,40,19,8,,,,1.0,40,12,23,1.0,10.0,21966,,,StatusOfficial,,,,,21427,9.0,,,,,,Home,48.0,3.0,21.0,1:36, ,,,,,,,,,,,,,,,,,,,,21744
2023,FOOTBALL_XFL_2023_3_12_VGS@DC,VGS,7,DC,8,622,1678674601.0,77401,2023-03-12 22:30:01.000000,EventFootballRush,"2-1-VGS 31 (3:22) 4 A. Smith rush to VGS 31 for 0 yards (90 J. Martin, 88 R. Windsor)",,True,4,3,22,Half2,MaSourceTypeOfficialScoring,FOOTBALL_XFL_2023_3_12_VGS@DC,,QBStat,143,2302016-VGS-at-DC,202,202,202,3:22,3,1,Visitor,31,19,8,,,,1.0,31,12,23,2.0,1.0,21948,,,StatusOfficial,,,,,21427,0.0,,,,,,Home,48.0,4.0,21.0,2:37, ,,,,,,,,,,,,,,,,,,,,21975
2023,FOOTBALL_XFL_2023_3_12_VGS@DC,VGS,7,DC,8,623,1678674644.0,77444,2023-03-12 22:30:44.000000,EventFootballRush,"3-1-VGS 31 (2:45) 4 A. Smith rush to VGS 32 for -1 yards (28 C. Avery, 97 L. Stokes)",,True,4,2,45,Half2,MaSourceTypeOfficialScoring,FOOTBALL_XFL_2023_3_12_VGS@DC,,QBStat,144,2302016-VGS-at-DC,165,165,165,2:45,3,1,Visitor,31,19,8,,,,1.0,31,12,23,3.0,1.0,20066,,,StatusOfficial,,,,,21427,-1.0,,,,,,Home,48.0,5.0,20.0,2:44, ,,,,,,,,,,,,,,,,,,,,21966
2023,FOOTBALL_XFL_2023_3_12_VGS@DC,VGS,7,DC,8,564,1678674655.0,77455,2023-03-12 22:30:55.000000,EventFootballTimeout,Timeout by Vegas Vipers at 2:45,,True,4,2,45,Half2,MaSourceTypeOfficialScoring,FOOTBALL_XFL_2023_3_12_VGS@DC,,QBStat,145,2302016-VGS-at-DC,165,165,165,2:45,3,1,Visitor,32,19,8,,,,1.0,32,12,23,4.0,2.0,,,,StatusOfficial,,,,,,,,,,,,Home,48.0,5.0,20.0,2:44, ,,,,,,,,,,,,7,,,,,,,,
2023,FOOTBALL_XFL_2023_3_12_VGS@DC,VGS,7,DC,8,565,1678674726.0,77526,2023-03-12 22:32:06.000000,EventFootballPass,"4-2-VGS 32 (2:40) 3 D. King pass to 12 J. Ezzard for 32 yards, TOUCHDOWN",,True,4,2,40,Half2,MaSourceTypeOfficialScoring,FOOTBALL_XFL_2023_3_12_VGS@DC,,QBStat,146,2302016-VGS-at-DC,160,160,160,2:40,2,1,Visitor,32,19,8,,,,1.0,32,12,23,4.0,2.0,,,,StatusOfficial,ResultPassComplete,,,,,32.0,,,,,,Home,48.0,6.0,52.0,2:49,TD,,,,,,ScoreTypeTd,21981,21933,,,,,,,,,,,,
2023,FOOTBALL_XFL_2023_3_12_VGS@DC,VGS,7,DC,8,566,1678674787.0,77587,2023-03-12 22:33:07.000000,EventFootballPat2PtPass,10 J. Ta'amu 2-pt conversion pass to 18 A. Ellis NO GOOD,,True,4,2,40,Half2,MaSourceTypeOfficialScoring,FOOTBALL_XFL_2023_3_12_VGS@DC,,QBStat,147,2302016-VGS-at-DC,160,160,160,2:40,2,1,Visitor,5,19,8,,,,1.0,5,12,29,,,,,,StatusOfficial,ResultPassIncomplete,,,,,,,,,,,,,,,,,,,,,,,22296,20448,2.0,,,,,,,,,,,
2023,FOOTBALL_XFL_2023_3_12_VGS@DC,VGS,7,DC,8,567,1678674833.0,77633,2023-03-12 22:33:53.000000,EventFootballPenalty,"PENALTY on 78 D. Hayes, 15 yards",,True,4,2,40,Half2,MaSourceTypeOfficialScoring,FOOTBALL_XFL_2023_3_12_VGS@DC,,QBStat,148,2302016-VGS-at-DC,160,160,160,2:40,2,1,Home,30,20,7,,,,0.0,30,12,29,,,,,,StatusOfficial,,,,,,,,,,,,Home,30.0,,15.0,0:00, ,8,21980,15.0,ResultPenaltyOnkickoffpat,NA,,,,,,,,,,,,,,,
2023,FOOTBALL_XFL_2023_3_12_VGS@DC,VGS,7,DC,8,568,1678674887.0,77687,2023-03-12 22:34:47.000000,EventFootballKickoff,34 M. McCrane kicks the kickoff short of 20 yd line,,True,4,2,40,Half2,MaSourceTypeOfficialScoring,FOOTBALL_XFL_2023_3_12_VGS@DC,,QBStat,149,2302016-VGS-at-DC,160,160,160,2:40,2,1,Home,15,20,7,,,,0.0,15,12,29,1.0,10.0,,34,,StatusOfficial,ResultKickShortof20,,Home,30.0,,,,,,,,,,,,,,,,,,,,,,,,,,,,,,,,,
2023,FOOTBALL_XFL_2023_3_12_VGS@DC,VGS,7,DC,8,569,1678674968.0,77768,2023-03-12 22:36:08.000000,EventFootballPenalty,"1-10-DC 30 (2:34) PENALTY on 48 A. Mintze, 5 yards",,True,4,2,34,Half2,MaSourceTypeOfficialScoring,FOOTBALL_XFL_2023_3_12_VGS@DC,,QBStat,150,2302016-VGS-at-DC,154,154,154,2:34,2,1,Home,30,20,7,,,,0.0,30,12,29,1.0,10.0,,,,StatusOfficial,,,,,,,,,,,,Home,30.0,,5.0,0:06, ,8,21080,5.0,ResultPenaltyRepeatdown,NA,,,,,,,,,,,,,,,
2023,FOOTBALL_XFL_2023_3_12_VGS@DC,VGS,7,DC,8,570,1678675015.0,77815,2023-03-12 22:36:55.000000,EventFootballPass,1-5-DC 25 (2:08) 12 L. Perez pass incomplete to 10 M. Sexton QB Hit by 96 J. Panasiuk,,True,4,2,8,Half2,MaSourceTypeOfficialScoring,FOOTBALL_XFL_2023_3_12_VGS@DC,,QBStat,151,2302016-VGS-at-DC,128,128,128,2:08,2,1,Home,25,20,7,,,,0.0,25,12,29,1.0,5.0,,,,StatusOfficial,ResultPassIncomplete,,,,,,,,,,,Home,30.0,1.0,5.0,0:40, ,,,,,,,21207,21882,,,,,,,,,,21182,,
2023,FOOTBALL_XFL_2023_3_12_VGS@DC,VGS,7,DC,8,571,1678675240.0,78040,2023-03-12 22:40:40.000000,EventFootballPass,"2-5-DC 25 (1:55) 12 L. Perez pass to 14 C. Sweeting for 25 yards, TOUCHDOWN",,True,4,1,55,Half2,MaSourceTypeOfficialScoring,FOOTBALL_XFL_2023_3_12_VGS@DC,,QBStat,152,2302016-VGS-at-DC,115,115,115,1:55,2,1,Home,25,20,7,,,,0.0,25,12,29,2.0,5.0,,,,StatusOfficial,ResultPassComplete,,,,,25.0,,,,,,Home,30.0,2.0,30.0,0:45,TD,,,,,,ScoreTypeTd,21207,21507,,,,,,,,,,,,
2023,FOOTBALL_XFL_2023_3_12_VGS@DC,VGS,7,DC,8,572,1678675319.0,78119,2023-03-12 22:41:59.000000,EventFootballPenalty,"PENALTY on D.C. Defenders, 5 yards",,True,4,1,55,Half2,MaSourceTypeOfficialScoring,FOOTBALL_XFL_2023_3_12_VGS@DC,,QBStat,153,2302016-VGS-at-DC,115,115,115,1:55,2,1,Home,10,20,7,,,,0.0,10,18,29,,,,,,StatusOfficial,,,,,,,,,,,,Home,30.0,2.0,25.0,0:45,TD,8,TM,5.0,ResultPenaltyRepeatdown,NA,,,,,,,,,,,,,,,
2023,FOOTBALL_XFL_2023_3_12_VGS@DC,VGS,7,DC,8,573,1678675388.0,78188,2023-03-12 22:43:08.000000,EventFootballPat3PtPass,12 L. Perez 3-pt conversion pass to 16 T. Koontz NO GOOD,,True,4,1,55,Half2,MaSourceTypeOfficialScoring,FOOTBALL_XFL_2023_3_12_VGS@DC,,QBStat,154,2302016-VGS-at-DC,115,115,115,1:55,2,1,Home,5,20,7,,,,0.0,5,18,29,,,,,,StatusOfficial,ResultPassIncomplete,,,,,,,,,,,,,,,,,,,,,,,21207,20903,3.0,,,,,,,,,,,
2023,FOOTBALL_XFL_2023_3_12_VGS@DC,VGS,7,DC,8,574,1678675439.0,78239,2023-03-12 22:43:59.000000,EventFootballKickoff,Preparing for Onside 4th Down attempt,,True,4,1,55,Half2,MaSourceTypeOfficialScoring,FOOTBALL_XFL_2023_3_12_VGS@DC,,QBStat,155,2302016-VGS-at-DC,115,115,115,1:55,2,1,Visitor,30,21,7,,,,0.0,70,18,29,,,,,,StatusOfficial,ResultKickOnside4Thdown,,Visitor,25.0,,,,,,,,,,,,,,,,,,,,,,,,,,,,,,,,,
2023,FOOTBALL_XFL_2023_3_12_VGS@DC,VGS,7,DC,8,575,1678675482.0,78282,2023-03-12 22:44:42.000000,EventFootballSack,"4-15-VGS 25 (1:49) 12 L. Perez sacked at VGS 21 for -4 yards (17 D. Bellamy, 96 J. Panasiuk)",,True,4,1,49,Half2,MaSourceTypeOfficialScoring,FOOTBALL_XFL_2023_3_12_VGS@DC,,QBStat,156,2302016-VGS-at-DC,109,109,109,1:49,2,1,Visitor,25,21,7,,,,0.0,75,18,29,4.0,15.0,,,,StatusOfficial,,,,,,-4.0,,,,,,Visitor,25.0,1.0,-4.0,0:06,DOWNS,,,,,,,21207,,,22416,,,,,,,,,21182,
2023,FOOTBALL_XFL_2023_3_12_VGS@DC,VGS,7,DC,8,624,1678675515.0,78315,2023-03-12 22:45:15.000000,EventFootballRush,"1-10-VGS 21 (1:43) 4 A. Smith rush to VGS 21 for 0 yards (23 M. Roberts, 97 L. Stokes)",,True,4,1,43,Half2,MaSourceTypeOfficialScoring,FOOTBALL_XFL_2023_3_12_VGS@DC,,QBStat,157,2302016-VGS-at-DC,103,103,103,1:43,2,1,Visitor,21,22,8,,,,1.0,21,18,29,1.0,10.0,21960,,,StatusOfficial,,,,,21427,0.0,,,,,,Visitor,21.0,1.0,,0:06, ,,,,,,,,,,,,,,,,,,,,21966
2023,FOOTBALL_XFL_2023_3_12_VGS@DC,VGS,7,DC,8,577,1678675543.0,78343,2023-03-12 22:45:43.000000,EventFootballPenalty,"2-10-VGS 21 (1:43) PENALTY on 23 M. Roberts, 10 yards",,True,4,1,43,Half2,MaSourceTypeOfficialScoring,FOOTBALL_XFL_2023_3_12_VGS@DC,,QBStat,158,2302016-VGS-at-DC,103,103,103,1:43,2,1,Visitor,21,22,8,,,,1.0,21,18,29,2.0,10.0,,,,StatusOfficial,,,,,,,,,,,,Visitor,21.0,1.0,10.0,0:09, ,7,21960,10.0,ResultPenaltyAuto1Stdown,NA,,,,,,,,,,,,,,,
2023,FOOTBALL_XFL_2023_3_12_VGS@DC,VGS,7,DC,8,625,1678675586.0,78386,2023-03-12 22:46:26.000000,EventFootballRush,1-10-VGS 11 (1:35) 4 A. Smith rush to VGS 6 for 5 yards (0 P. Taumoepenu),,True,4,1,35,Half2,MaSourceTypeOfficialScoring,FOOTBALL_XFL_2023_3_12_VGS@DC,,QBStat,159,2302016-VGS-at-DC,95,95,95,1:35,2,1,Visitor,11,22,8,,,,1.0,11,18,29,1.0,10.0,21968,,,StatusOfficial,,,,,21427,5.0,,,,,,Visitor,21.0,2.0,15.0,0:23, ,,,,,,,,,,,,,,,,,,,,
2023,FOOTBALL_XFL_2023_3_12_VGS@DC,VGS,7,DC,8,579,1678675607.0,78407,2023-03-12 22:46:47.000000,EventFootballTimeout,Timeout by Vegas Vipers at 1:26,,True,4,1,26,Half2,MaSourceTypeOfficialScoring,FOOTBALL_XFL_2023_3_12_VGS@DC,,QBStat,160,2302016-VGS-at-DC,86,86,86,1:26,2,1,Visitor,6,22,8,,,,1.0,6,18,29,2.0,5.0,,,,StatusOfficial,,,,,,,,,,,,Visitor,21.0,2.0,15.0,0:23, ,,,,,,,,,,,,7,,,,,,,,
2023,FOOTBALL_XFL_2023_3_12_VGS@DC,VGS,7,DC,8,626,1678675659.0,78459,2023-03-12 22:47:39.000000,EventFootballRush,2-5-VGS 6 (1:26) 4 A. Smith rush to VGS 3 for 3 yards (11 P. Dawson),,True,4,1,26,Half2,MaSourceTypeOfficialScoring,FOOTBALL_XFL_2023_3_12_VGS@DC,,QBStat,161,2302016-VGS-at-DC,86,86,86,1:26,1,1,Visitor,6,22,8,,,,1.0,6,18,29,2.0,5.0,20374,,,StatusOfficial,,,,,21427,3.0,,,,,,Visitor,21.0,3.0,18.0,0:23, ,,,,,,,,,,,,,,,,,,,,
2023,FOOTBALL_XFL_2023_3_12_VGS@DC,VGS,7,DC,8,581,1678675705.0,78505,2023-03-12 22:48:25.000000,EventFootballRush,3-2-VGS 3 (1:18) 4 A. Smith rush to VGS 5 for -2 yards (90 J. Martin),,True,4,1,18,Half2,MaSourceTypeOfficialScoring,FOOTBALL_XFL_2023_3_12_VGS@DC,,QBStat,162,2302016-VGS-at-DC,78,78,78,1:18,1,1,Visitor,3,22,8,,,,1.0,3,18,29,3.0,2.0,21948,,,StatusOfficial,,,,,21427,-2.0,,,,,,Visitor,21.0,4.0,16.0,0:39, ,,,,,,,,,,,,,,,,,,,,
2023,FOOTBALL_XFL_2023_3_12_VGS@DC,VGS,7,DC,8,582,1678675742.0,78542,2023-03-12 22:49:02.000000,EventFootballTimeout,Timeout by D.C. Defenders at 0:47,,True,4,0,47,Half2,MaSourceTypeOfficialScoring,FOOTBALL_XFL_2023_3_12_VGS@DC,,QBStat,163,2302016-VGS-at-DC,47,47,47,0:47,1,1,Visitor,5,22,8,,,,1.0,5,18,29,4.0,4.0,,,,StatusOfficial,,,,,,,,,,,,Visitor,21.0,4.0,16.0,1:02, ,,,,,,,,,,,,8,,,,,,,,
2023,FOOTBALL_XFL_2023_3_12_VGS@DC,VGS,7,DC,8,583,1678675772.0,78572,2023-03-12 22:49:32.000000,EventFootballFg,4-4-VGS 5 (0:47) 34 M. McCrane 23 yard field goal is GOOD,,True,4,0,47,Half2,MaSourceTypeOfficialScoring,FOOTBALL_XFL_2023_3_12_VGS@DC,,QBStat,164,2302016-VGS-at-DC,47,47,47,0:47,1,0,Visitor,5,22,8,,,,1.0,5,18,29,4.0,4.0,,21028,,StatusOfficial,ResultKickMade,,,,,23.0,,,,,,Visitor,21.0,5.0,16.0,1:02,FG,,,,,,ScoreTypeFg,,,,,,,,,,,,,,
2023,FOOTBALL_XFL_2023_3_12_VGS@DC,VGS,7,DC,8,584,1678675826.0,78626,2023-03-12 22:50:26.000000,EventFootballKickoff,34 M. McCrane kicks from DC 30. 14 C. Sweeting to DC 46 for 44 yards,,True,4,0,45,Half2,MaSourceTypeOfficialScoring,FOOTBALL_XFL_2023_3_12_VGS@DC,,QBStat,165,2302016-VGS-at-DC,45,45,45,0:45,1,0,Home,30,23,7,,,,0.0,30,18,32,,,,34,14,StatusOfficial,ResultKickReturned,44.0,Home,46.0,,,,,,,,,,,,,,,,,,,,,,,,,,,,,,,,,
2023,FOOTBALL_XFL_2023_3_12_VGS@DC,VGS,7,DC,8,585,1678675979.0,78779,2023-03-12 22:52:59.000000,EventFootballPass,1-10-DC 46 (0:30) 12 L. Perez pass dropped by 23 M. Roberts,,True,4,0,30,Half2,MaSourceTypeOfficialScoring,FOOTBALL_XFL_2023_3_12_VGS@DC,,QBStat,166,2302016-VGS-at-DC,30,30,30,0:30,1,0,Home,46,23,7,,,,0.0,46,18,32,1.0,10.0,,,,StatusOfficial,ResultPassDropped,,,,,,,,,,,Home,46.0,1.0,,0:21, ,,,,,,,21207,21960,,,,,,,,,,,,
2023,FOOTBALL_XFL_2023_3_12_VGS@DC,VGS,7,DC,8,586,1678676012.0,78812,2023-03-12 22:53:32.000000,EventFootballPass,2-10-DC 46 (0:22) 12 L. Perez pass to 15 R. Smith to DC 32 for 14 yards (20 J. Brooks),,True,4,0,22,Half2,MaSourceTypeOfficialScoring,FOOTBALL_XFL_2023_3_12_VGS@DC,,QBStat,167,2302016-VGS-at-DC,22,22,22,0:22,1,0,Home,46,23,7,,,,0.0,46,18,32,2.0,10.0,20189,,,StatusOfficial,ResultPassComplete,,,,,14.0,,,,,,Home,46.0,2.0,14.0,0:30, ,,,,,,,21207,21447,,,,,,,,,,,,
2023,FOOTBALL_XFL_2023_3_12_VGS@DC,VGS,7,DC,8,593,1678676038.0,78838,2023-03-12 22:53:58.000000,EventFootballPass,1-10-DC 32 (0:04) 12 L. Perez pass to 15 R. Smith to DC 24 for 8 yards (20 J. Brooks),,True,4,0,4,Half2,MaSourceTypeOfficialScoring,FOOTBALL_XFL_2023_3_12_VGS@DC,,QBStat,168,2302016-VGS-at-DC,4,4,4,0:04,1,0,Home,32,23,7,,,,0.0,32,18,32,1.0,10.0,20189,,,StatusOfficial,ResultPassComplete,,,,,8.0,,,,,,Home,46.0,3.0,22.0,0:45,HALF,,,,,,,21207,21447,,,,,,,,,,,,
2023,FOOTBALL_XFL_2023_3_12_VGS@DC,VGS,7,DC,8,627,1678985541.4048977,,2023-03-16 12:52:21.404898,EventOfficial,Game Official Marker,,True,4,0,0,Half2,MaSourceTypeOfficialScoring,FOOTBALL_XFL_2023_3_12_VGS@DC,,QBStat,10025,2302016-VGS-at-DC,0,0,0,0:00,1,0,Home,24,23,7,,,,0.0,24,18,32,2.0,2.0,,,,,,,,,,,,,,,,,,,,,,,,,,,,,,,,,,,,,,,,,
