season,game_id,away_team_abv,away_team,home_team_abv,home_team,roof,MarkerId,MarkerUTC,MarkerLTC,play_date_time,play_type,desc,comments,IsOfficial,qtr,ClockMinutes,ClockSeconds,game_half,SourceType,EventId,SituationCode,SourceId,SourceNativeMarkerId,OfficialCode,quarter_seconds_remaining,half_seconds_remaining,game_seconds_remaining,time,posteam,LastPlaySummary,LastPlayStatus,home_team_has_pos,posteam_abv,defteam_abv,receive_2h_ko_team,VisTimeouts,HomeTimeouts,posteam_timeouts_remaining,defteam_timeouts_remaining,BallOn_Side,BallOn_YardNum,DriveNum,yardline_100,spread_line,VisScore,HomeScore,MapRoleTackler1,MapRoleKicker,MapRoleKickreturner,FootballStatus,FootballPlayResult,FootballKickRetYards,FootballSetBallOn_VisOrHome,FootballSetBallOn_YardNum,MapRoleRusher,MapRoleTackler2,down,ydstogo,FootballYards,Drive_Start_VisOrHome,Drive_Start_YardNum,Drive_Plays,Drive_Yards,Drive_TOP,Result,MapRolePasser,MapRoleReceiver,FootballMainScoringPlay,FootballConvAttPts,MapRolePassDefender,FootballPenalty_TeamId,FootballPenalty_PlayerId,FootballPenalty_Yards,FootballPenalty_PenaltyResult,FootballPenalty_Description,MapRoleSacker1,MapRoleSacker2,MapRolePunter,MapRolePuntreturner,FootballPuntYards,FootballPuntRetYards,MapRoleQbHitter,FootballTimeoutTeamId,MapRoleInterceptor,FootballFumble_TeamFumbled,FootballFumble_PlayerFumbled,FootballFumble_TeamRecovered,FootballFumble_PlayerRecovered,FootballFumble_PlayerForcedFumble,punt_attempt,pass_touchdown,rush_touchdown,field_goal_attempt,field_goal_made,touchdown
2023,FOOTBALL_XFL_2023_4_22_DC@SA,DC,8,SA,3,outdoors,1,1682190250.2344604,,2023-04-22 19:04:10.234460,EventStart,Game Start Marker,,True,1,15,0,Half1,MaSourceTypeOfficialScoring,FOOTBALL_XFL_2023_4_22_DC@SA,,QBStat,10005,2302038-DC-at-SA,900,1800,3600,15:00,8,,,0.0,DC,SA,0.0,3,3,3.0,3.0,Home,30,1,30.0,0,0,0,,,,,,,,,,,,,,,,,,,,,,,,,,,,,,,,,,,,,,,,,,,,0,0.0,0.0,0.0,0.0,0.0
2023,FOOTBALL_XFL_2023_4_22_DC@SA,DC,8,SA,3,outdoors,3,1682190266.0,50666,2023-04-22 19:04:26.000000,EventFootballKickoff,FROM SA 30 (15:00) 23 P. Romo kicks from SA 30. 13 P. Williams to DC 32 for 25 yards (23 P. Romo),,True,1,15,0,Half1,MaSourceTypeOfficialScoring,FOOTBALL_XFL_2023_4_22_DC@SA,,QBStat,1,2302038-DC-at-SA,900,1800,3600,15:00,8,,,0.0,DC,SA,0.0,3,3,3.0,3.0,Home,30,1,30.0,0,0,0,21775,21775,21685,StatusOfficial,ResultKickReturned,25.0,Visitor,32.0,,,,,,,,,,,,,,,,,,,,,,,,,,,,,,,,,,,,0,0.0,0.0,0.0,0.0,0.0
2023,FOOTBALL_XFL_2023_4_22_DC@SA,DC,8,SA,3,outdoors,5,1682190328.0,50728,2023-04-22 19:05:28.000000,EventFootballRush,"1-10-DC 32 (14:54) 4 A. Smith rush to DC 34 for 2 yards (21 S. Williams, 90 M. Gotel)",,True,1,14,54,Half1,MaSourceTypeOfficialScoring,FOOTBALL_XFL_2023_4_22_DC@SA,,QBStat,2,2302038-DC-at-SA,894,1794,3594,14:54,8,,,0.0,DC,SA,0.0,3,3,3.0,3.0,Visitor,32,1,68.0,0,0,0,22819,,,StatusOfficial,,,,,21427,20567,1.0,10.0,2.0,Visitor,32.0,1.0,2.0,0:17, ,,,,,,,,,,,,,,,,,,,,,,,,,0,0.0,0.0,0.0,0.0,0.0
2023,FOOTBALL_XFL_2023_4_22_DC@SA,DC,8,SA,3,outdoors,7,1682190347.0,50747,2023-04-22 19:05:47.000000,EventFootballRush,"2-8-DC 34 (14:35) 10 J. Ta'amu rush to DC 40 for 6 yards (45 D. Scott, 40 R. Jeffers)",,True,1,14,35,Half1,MaSourceTypeOfficialScoring,FOOTBALL_XFL_2023_4_22_DC@SA,,QBStat,3,2302038-DC-at-SA,875,1775,3575,14:35,8,,,0.0,DC,SA,0.0,3,3,3.0,3.0,Visitor,34,1,66.0,0,0,0,22844,,,StatusOfficial,,,,,22296,20785,2.0,8.0,6.0,Visitor,32.0,2.0,8.0,0:42, ,,,,,,,,,,,,,,,,,,,,,,,,,0,0.0,0.0,0.0,0.0,0.0
2023,FOOTBALL_XFL_2023_4_22_DC@SA,DC,8,SA,3,outdoors,9,1682190377.0,50777,2023-04-22 19:06:17.000000,EventFootballPass,3-2-DC 40 (14:05) 10 J. Ta'amu pass to 82 E. Wolf to DC 43 for 3 yards (40 R. Jeffers),,True,1,14,5,Half1,MaSourceTypeOfficialScoring,FOOTBALL_XFL_2023_4_22_DC@SA,,QBStat,4,2302038-DC-at-SA,845,1745,3545,14:05,8,,,0.0,DC,SA,0.0,3,3,3.0,3.0,Visitor,40,1,60.0,0,0,0,20785,,,StatusOfficial,ResultPassComplete,,,,,,3.0,2.0,3.0,Visitor,32.0,3.0,11.0,1:16, ,22296,21711,,,,,,,,,,,,,,,,,,,,,,,0,0.0,0.0,0.0,0.0,0.0
2023,FOOTBALL_XFL_2023_4_22_DC@SA,DC,8,SA,3,outdoors,11,1682190410.0,50810,2023-04-22 19:06:50.000000,EventFootballPass,"1-10-DC 43 (13:32) 10 J. Ta'amu pass to 11 L. Jackson to SA 5 for 52 yards (8 K. Kelly, 22 R. Texada)",,True,1,13,32,Half1,MaSourceTypeOfficialScoring,FOOTBALL_XFL_2023_4_22_DC@SA,,QBStat,5,2302038-DC-at-SA,812,1712,3512,13:32,8,,,0.0,DC,SA,0.0,3,3,3.0,3.0,Visitor,43,1,57.0,0,0,0,22884,,,StatusOfficial,ResultPassComplete,,,,,22376,1.0,10.0,52.0,Visitor,32.0,4.0,63.0,1:50, ,22296,20766,,,,,,,,,,,,,,,,,,,,,,,0,0.0,0.0,0.0,0.0,0.0
2023,FOOTBALL_XFL_2023_4_22_DC@SA,DC,8,SA,3,outdoors,13,1682190464.0,50864,2023-04-22 19:07:44.000000,EventFootballPass,"1-5-SA 5 (12:41) 10 J. Ta'amu pass to 18 A. Ellis for 5 yards, TOUCHDOWN",,True,1,12,41,Half1,MaSourceTypeOfficialScoring,FOOTBALL_XFL_2023_4_22_DC@SA,,QBStat,6,2302038-DC-at-SA,761,1661,3461,12:41,8,,,0.0,DC,SA,0.0,3,3,3.0,3.0,Home,5,1,5.0,0,0,0,,,,StatusOfficial,ResultPassComplete,,,,,,1.0,5.0,5.0,Visitor,32.0,5.0,68.0,2:19,TD,22296,20448,ScoreTypeTd,,,,,,,,,,,,,,,,,,,,,,0,1.0,0.0,0.0,0.0,1.0
2023,FOOTBALL_XFL_2023_4_22_DC@SA,DC,8,SA,3,outdoors,15,1682190505.0,50905,2023-04-22 19:08:25.000000,EventFootballPat2PtPass,FROM SA 5 (12:41) 10 J. Ta'amu 2-pt conversion pass to 0 J. Hammond GOOD,,True,1,12,41,Half1,MaSourceTypeOfficialScoring,FOOTBALL_XFL_2023_4_22_DC@SA,,QBStat,7,2302038-DC-at-SA,761,1661,3461,12:41,8,,,0.0,DC,SA,0.0,3,3,3.0,3.0,Home,5,1,5.0,0,6,0,,,,StatusOfficial,ResultPassComplete,,,,,,,,5.0,,,,,,,22296,20618,ScoreTypeConv,2.0,,,,,,,,,,,,,,,,,,,,,0,0.0,0.0,0.0,0.0,0.0
2023,FOOTBALL_XFL_2023_4_22_DC@SA,DC,8,SA,3,outdoors,17,1682190588.0,50988,2023-04-22 19:09:48.000000,EventFootballKickoff,"FROM DC 30 (12:41) 34 M. McCrane kicks from DC 30. 6 F. Brown to SA 28 for 23 yards (92 M. Fisher, 27 F. Gardner)",,True,1,12,41,Half1,MaSourceTypeOfficialScoring,FOOTBALL_XFL_2023_4_22_DC@SA,,QBStat,8,2302038-DC-at-SA,761,1661,3461,12:41,3,,,1.0,SA,DC,0.0,3,3,3.0,3.0,Visitor,30,2,30.0,0,8,0,20480,21028,20203,StatusOfficial,ResultKickReturned,23.0,Home,28.0,,21935,,,,,,,,,,,,,,,,,,,,,,,,,,,,,,,,,,0,0.0,0.0,0.0,0.0,0.0
2023,FOOTBALL_XFL_2023_4_22_DC@SA,DC,8,SA,3,outdoors,19,1682190624.0,51024,2023-04-22 19:10:24.000000,EventFootballRush,1-10-SA 28 (12:32) 9 J. Patrick rush to SA 29 for 1 yard (36 D. Swearinger),,True,1,12,32,Half1,MaSourceTypeOfficialScoring,FOOTBALL_XFL_2023_4_22_DC@SA,,QBStat,9,2302038-DC-at-SA,752,1652,3452,12:32,3,,,1.0,SA,DC,0.0,3,3,3.0,3.0,Home,28,2,72.0,0,8,0,22902,,,StatusOfficial,,,,,21196,,1.0,10.0,1.0,Home,28.0,1.0,1.0,0:16, ,,,,,,,,,,,,,,,,,,,,,,,,,0,0.0,0.0,0.0,0.0,0.0
2023,FOOTBALL_XFL_2023_4_22_DC@SA,DC,8,SA,3,outdoors,21,1682190654.0,51054,2023-04-22 19:10:54.000000,EventFootballPass,2-9-SA 29 (12:02) 16 J. Coan pass to 9 J. Patrick to SA 36 for 7 yards (43 F. Bernard),,True,1,12,2,Half1,MaSourceTypeOfficialScoring,FOOTBALL_XFL_2023_4_22_DC@SA,,QBStat,10,2302038-DC-at-SA,722,1622,3422,12:02,3,,,1.0,SA,DC,0.0,3,3,3.0,3.0,Home,29,2,71.0,0,8,0,22329,,,StatusOfficial,ResultPassComplete,,,,,,2.0,9.0,7.0,Home,28.0,2.0,8.0,0:46, ,20301,21196,,,,,,,,,,,,,,,,,,,,,,,0,0.0,0.0,0.0,0.0,0.0
2023,FOOTBALL_XFL_2023_4_22_DC@SA,DC,8,SA,3,outdoors,23,1682190687.0,51087,2023-04-22 19:11:27.000000,EventFootballRush,"3-2-SA 36 (11:34) 9 J. Patrick rush to SA 38 for 2 yards (48 A. Mintze, 99 J. Wallace)",,True,1,11,34,Half1,MaSourceTypeOfficialScoring,FOOTBALL_XFL_2023_4_22_DC@SA,,QBStat,11,2302038-DC-at-SA,694,1594,3394,11:34,3,,,1.0,SA,DC,0.0,3,3,3.0,3.0,Home,36,2,64.0,0,8,0,21080,,,StatusOfficial,,,,,21196,21623,3.0,2.0,2.0,Home,28.0,3.0,10.0,1:25, ,,,,,,,,,,,,,,,,,,,,,,,,,0,0.0,0.0,0.0,0.0,0.0
2023,FOOTBALL_XFL_2023_4_22_DC@SA,DC,8,SA,3,outdoors,25,1682190726.0,51126,2023-04-22 19:12:06.000000,EventFootballPass,"1-10-SA 38 (10:55) 16 J. Coan pass to 88 A. Mack to SA 44 for 6 yards (33 I. Johnson, 5 R. Northrup)",,True,1,10,55,Half1,MaSourceTypeOfficialScoring,FOOTBALL_XFL_2023_4_22_DC@SA,,QBStat,12,2302038-DC-at-SA,655,1555,3355,10:55,3,,,1.0,SA,DC,0.0,3,3,3.0,3.0,Home,38,2,62.0,0,8,0,20807,,,StatusOfficial,ResultPassComplete,,,,,21148,1.0,10.0,6.0,Home,28.0,4.0,16.0,1:58, ,20301,21765,,,,,,,,,,,,,,,,,,,,,,,0,0.0,0.0,0.0,0.0,0.0
2023,FOOTBALL_XFL_2023_4_22_DC@SA,DC,8,SA,3,outdoors,27,1682190756.0,51156,2023-04-22 19:12:36.000000,EventFootballPass,2-4-SA 44 (10:25) 16 J. Coan pass to 82 L. Akers to SA 45 for 1 yard (43 F. Bernard),,True,1,10,25,Half1,MaSourceTypeOfficialScoring,FOOTBALL_XFL_2023_4_22_DC@SA,,QBStat,13,2302038-DC-at-SA,625,1525,3325,10:25,3,,,1.0,SA,DC,0.0,3,3,3.0,3.0,Home,44,2,56.0,0,8,0,22329,,,StatusOfficial,ResultPassComplete,,,,,,2.0,4.0,1.0,Home,28.0,5.0,17.0,2:30, ,20301,20016,,,,,,,,,,,,,,,,,,,,,,,0,0.0,0.0,0.0,0.0,0.0
2023,FOOTBALL_XFL_2023_4_22_DC@SA,DC,8,SA,3,outdoors,29,1682190799.0,51199,2023-04-22 19:13:19.000000,EventFootballPass,3-3-SA 45 (9:42) 16 J. Coan pass to 82 L. Akers to DC 46 for 9 yards (31 C. Lewis),,True,1,9,42,Half1,MaSourceTypeOfficialScoring,FOOTBALL_XFL_2023_4_22_DC@SA,,QBStat,14,2302038-DC-at-SA,582,1482,3282,9:42,3,,,1.0,SA,DC,0.0,3,3,3.0,3.0,Home,45,2,55.0,0,8,0,20951,,,StatusOfficial,ResultPassComplete,,,,,,3.0,3.0,9.0,Home,28.0,6.0,26.0,3:11, ,20301,20016,,,,,,,,,,,,,,,,,,,,,,,0,0.0,0.0,0.0,0.0,0.0
2023,FOOTBALL_XFL_2023_4_22_DC@SA,DC,8,SA,3,outdoors,31,1682190829.0,51229,2023-04-22 19:13:49.000000,EventFootballRush,1-10-DC 46 (9:18) 9 J. Patrick rush to DC 35 for 11 yards (33 I. Johnson),,True,1,9,18,Half1,MaSourceTypeOfficialScoring,FOOTBALL_XFL_2023_4_22_DC@SA,,QBStat,15,2302038-DC-at-SA,558,1458,3258,9:18,3,,,1.0,SA,DC,0.0,3,3,3.0,3.0,Visitor,46,2,46.0,0,8,0,20807,,,StatusOfficial,,,,,21196,,1.0,10.0,11.0,Home,28.0,7.0,37.0,3:43, ,,,,,,,,,,,,,,,,,,,,,,,,,0,0.0,0.0,0.0,0.0,0.0
2023,FOOTBALL_XFL_2023_4_22_DC@SA,DC,8,SA,3,outdoors,33,1682190870.0,51270,2023-04-22 19:14:30.000000,EventFootballPass,"1-10-DC 35 (8:38) 16 J. Coan pass to 10 T. Jonsen to DC 27 for 8 yards (17 D. Bellamy, 43 F. Bernard)",,True,1,8,38,Half1,MaSourceTypeOfficialScoring,FOOTBALL_XFL_2023_4_22_DC@SA,,QBStat,16,2302038-DC-at-SA,518,1418,3218,8:38,3,,,1.0,SA,DC,0.0,3,3,3.0,3.0,Visitor,35,2,35.0,0,8,0,22416,,,StatusOfficial,ResultPassComplete,,,,,22329,1.0,10.0,8.0,Home,28.0,8.0,45.0,4:19, ,20301,20856,,,,,,,,,,,,,,,,,,,,,,,0,0.0,0.0,0.0,0.0,0.0
2023,FOOTBALL_XFL_2023_4_22_DC@SA,DC,8,SA,3,outdoors,35,1682190902.0,51302,2023-04-22 19:15:02.000000,EventFootballRush,"2-2-DC 27 (8:05) 9 J. Patrick rush to DC 26 for 1 yard (17 D. Bellamy, 39 S. Ramirez)",,True,1,8,5,Half1,MaSourceTypeOfficialScoring,FOOTBALL_XFL_2023_4_22_DC@SA,,QBStat,17,2302038-DC-at-SA,485,1385,3185,8:05,3,,,1.0,SA,DC,0.0,3,3,3.0,3.0,Visitor,27,2,27.0,0,8,0,22416,,,StatusOfficial,,,,,21196,21278,2.0,2.0,1.0,Home,28.0,9.0,46.0,4:47, ,,,,,,,,,,,,,,,,,,,,,,,,,0,0.0,0.0,0.0,0.0,0.0
2023,FOOTBALL_XFL_2023_4_22_DC@SA,DC,8,SA,3,outdoors,37,1682190939.0,51339,2023-04-22 19:15:39.000000,EventFootballRush,"3-1-DC 26 (7:29) 31 J. Hilliman rush to DC 24 for 2 yards (48 A. Mintze, 39 S. Ramirez)",,True,1,7,29,Half1,MaSourceTypeOfficialScoring,FOOTBALL_XFL_2023_4_22_DC@SA,,QBStat,18,2302038-DC-at-SA,449,1349,3149,7:29,3,,,1.0,SA,DC,0.0,3,3,3.0,3.0,Visitor,26,2,26.0,0,8,0,21080,,,StatusOfficial,,,,,20697,21278,3.0,1.0,2.0,Home,28.0,10.0,48.0,5:24, ,,,,,,,,,,,,,,,,,,,,,,,,,0,0.0,0.0,0.0,0.0,0.0
2023,FOOTBALL_XFL_2023_4_22_DC@SA,DC,8,SA,3,outdoors,39,1682190977.0,51377,2023-04-22 19:16:17.000000,EventFootballPass,"1-10-DC 24 (6:50) 16 J. Coan pass to 31 J. Hilliman to DC 16 for 8 yards (98 G. Wright, 6 F. Brown)",,True,1,6,50,Half1,MaSourceTypeOfficialScoring,FOOTBALL_XFL_2023_4_22_DC@SA,,QBStat,19,2302038-DC-at-SA,410,1310,3110,6:50,3,,,1.0,SA,DC,0.0,3,3,3.0,3.0,Visitor,24,2,24.0,0,8,0,21720,,,StatusOfficial,ResultPassComplete,,,,,20201,1.0,10.0,8.0,Home,28.0,11.0,56.0,6:02, ,20301,20697,,,,,,,,,,,,,,,,,,,,,,,0,0.0,0.0,0.0,0.0,0.0
2023,FOOTBALL_XFL_2023_4_22_DC@SA,DC,8,SA,3,outdoors,41,1682191012.0,51412,2023-04-22 19:16:52.000000,EventFootballRush,"2-2-DC 16 (6:16) 9 J. Patrick rush to DC 12 for 4 yards (98 G. Wright, 97 C. Reid)",,True,1,6,16,Half1,MaSourceTypeOfficialScoring,FOOTBALL_XFL_2023_4_22_DC@SA,,QBStat,20,2302038-DC-at-SA,376,1276,3076,6:16,3,,,1.0,SA,DC,0.0,3,3,3.0,3.0,Visitor,16,2,16.0,0,8,0,21720,,,StatusOfficial,,,,,21196,22356,2.0,2.0,4.0,Home,28.0,12.0,60.0,6:47, ,,,,,,,,,,,,,,,,,,,,,,,,,0,0.0,0.0,0.0,0.0,0.0
2023,FOOTBALL_XFL_2023_4_22_DC@SA,DC,8,SA,3,outdoors,43,1682191049.0,51449,2023-04-22 19:17:29.000000,EventFootballPass,1-10-DC 12 (5:41) 16 J. Coan pass incomplete,,True,1,5,41,Half1,MaSourceTypeOfficialScoring,FOOTBALL_XFL_2023_4_22_DC@SA,,QBStat,21,2302038-DC-at-SA,341,1241,3041,5:41,3,,,1.0,SA,DC,0.0,3,3,3.0,3.0,Visitor,12,2,12.0,0,8,0,,,,StatusOfficial,ResultPassIncomplete,,,,,,1.0,10.0,,Home,28.0,13.0,60.0,7:03, ,20301,,,,,,,,,,,,,,,,,,,,,,,,0,0.0,0.0,0.0,0.0,0.0
2023,FOOTBALL_XFL_2023_4_22_DC@SA,DC,8,SA,3,outdoors,45,1682191083.0,51483,2023-04-22 19:18:03.000000,EventFootballPass,"2-10-DC 12 (5:13) 16 J. Coan pass to 82 L. Akers to DC 8 for 4 yards (36 D. Swearinger, 31 C. Lewis)",,True,1,5,13,Half1,MaSourceTypeOfficialScoring,FOOTBALL_XFL_2023_4_22_DC@SA,,QBStat,22,2302038-DC-at-SA,313,1213,3013,5:13,3,,,1.0,SA,DC,0.0,3,3,3.0,3.0,Visitor,12,2,12.0,0,8,0,22902,,,StatusOfficial,ResultPassComplete,,,,,20951,2.0,10.0,4.0,Home,28.0,14.0,64.0,7:47, ,20301,20016,,,,,,,,,,,,,,,,,,,,,,,0,0.0,0.0,0.0,0.0,0.0
2023,FOOTBALL_XFL_2023_4_22_DC@SA,DC,8,SA,3,outdoors,47,1682191123.0,51523,2023-04-22 19:18:43.000000,EventFootballPass,3-6-DC 8 (4:33) 16 J. Coan pass incomplete to 82 L. Akers,,True,1,4,33,Half1,MaSourceTypeOfficialScoring,FOOTBALL_XFL_2023_4_22_DC@SA,,QBStat,23,2302038-DC-at-SA,273,1173,2973,4:33,3,,,1.0,SA,DC,0.0,3,3,3.0,3.0,Visitor,8,2,8.0,0,8,0,,,,StatusOfficial,ResultPassIncomplete,,,,,,3.0,6.0,,Home,28.0,15.0,64.0,8:08, ,20301,20016,,,,,,,,,,,,,,,,,,,,,,,0,0.0,0.0,0.0,0.0,0.0
2023,FOOTBALL_XFL_2023_4_22_DC@SA,DC,8,SA,3,outdoors,49,1682191160.0,51560,2023-04-22 19:19:20.000000,EventFootballFg,4-6-DC 8 (4:06) 23 P. Romo 26 yard field goal is GOOD,,True,1,4,6,Half1,MaSourceTypeOfficialScoring,FOOTBALL_XFL_2023_4_22_DC@SA,,QBStat,24,2302038-DC-at-SA,246,1146,2946,4:06,3,,,1.0,SA,DC,0.0,3,3,3.0,3.0,Visitor,8,2,8.0,0,8,0,,21775,,StatusOfficial,ResultKickMade,,,,,,4.0,6.0,26.0,Home,28.0,16.0,64.0,8:35,FG,,,ScoreTypeFg,,,,,,,,,,,,,,,,,,,,,,0,0.0,0.0,1.0,1.0,0.0
2023,FOOTBALL_XFL_2023_4_22_DC@SA,DC,8,SA,3,outdoors,52,1682191334.0,51734,2023-04-22 19:22:14.000000,EventFootballKickoff,FROM SA 30 (4:06) 23 P. Romo kicks from SA 30. 13 P. Williams to SA 7 for 79 yards (20 K. Siverand),,True,1,4,6,Half1,MaSourceTypeOfficialScoring,FOOTBALL_XFL_2023_4_22_DC@SA,,QBStat,25,2302038-DC-at-SA,246,1146,2946,4:06,8,,,0.0,DC,SA,0.0,3,3,3.0,3.0,Home,30,3,30.0,0,8,3,21419,21775,21685,StatusOfficial,ResultKickReturned,79.0,Home,7.0,,,,,,,,,,,,,,,,,,,,,,,,,,,,,,,,,,,,0,0.0,0.0,0.0,0.0,0.0
2023,FOOTBALL_XFL_2023_4_22_DC@SA,DC,8,SA,3,outdoors,54,1682191394.0,51794,2023-04-22 19:23:14.000000,EventFootballRush,"1-7-SA 7 (3:46) 4 A. Smith rush to SA 7 for 0 yards (33 D. Beesley, 92 S. Soto)",,True,1,3,46,Half1,MaSourceTypeOfficialScoring,FOOTBALL_XFL_2023_4_22_DC@SA,,QBStat,26,2302038-DC-at-SA,226,1126,2926,3:46,8,,,0.0,DC,SA,0.0,3,3,3.0,3.0,Home,7,3,7.0,0,8,3,21740,,,StatusOfficial,,,,,21427,22744,1.0,7.0,0.0,Home,7.0,1.0,,0:30, ,,,,,,,,,,,,,,,,,,,,,,,,,0,0.0,0.0,0.0,0.0,0.0
2023,FOOTBALL_XFL_2023_4_22_DC@SA,DC,8,SA,3,outdoors,56,1682191424.0,51824,2023-04-22 19:23:44.000000,EventFootballRush,"2-7-SA 7 (3:16) 4 A. Smith rush to SA 2 for 5 yards (40 R. Jeffers, 45 D. Scott)",,True,1,3,16,Half1,MaSourceTypeOfficialScoring,FOOTBALL_XFL_2023_4_22_DC@SA,,QBStat,27,2302038-DC-at-SA,196,1096,2896,3:16,8,,,0.0,DC,SA,0.0,3,3,3.0,3.0,Home,7,3,7.0,0,8,3,20785,,,StatusOfficial,,,,,21427,22844,2.0,7.0,5.0,Home,7.0,2.0,5.0,1:18, ,,,,,,,,,,,,,,,,,,,,,,,,,0,0.0,0.0,0.0,0.0,0.0
2023,FOOTBALL_XFL_2023_4_22_DC@SA,DC,8,SA,3,outdoors,58,1682191455.0,51855,2023-04-22 19:24:15.000000,EventFootballPass,3-2-SA 2 (2:45) 10 J. Ta'amu pass incomplete to 1 C. Blair,,True,1,2,45,Half1,MaSourceTypeOfficialScoring,FOOTBALL_XFL_2023_4_22_DC@SA,,QBStat,28,2302038-DC-at-SA,165,1065,2865,2:45,8,,,0.0,DC,SA,0.0,3,3,3.0,3.0,Home,2,3,2.0,0,8,3,,,,StatusOfficial,ResultPassIncomplete,,,,,,3.0,2.0,,Home,7.0,3.0,5.0,1:22, ,22296,20133,,,,,,,,,,,,,,,,,,,,,,,0,0.0,0.0,0.0,0.0,0.0
2023,FOOTBALL_XFL_2023_4_22_DC@SA,DC,8,SA,3,outdoors,60,1682191494.0,51894,2023-04-22 19:24:54.000000,EventFootballFg,4-2-SA 2 (2:31) 34 M. McCrane 21 yard field goal is GOOD,,True,1,2,31,Half1,MaSourceTypeOfficialScoring,FOOTBALL_XFL_2023_4_22_DC@SA,,QBStat,29,2302038-DC-at-SA,151,1051,2851,2:31,8,,,0.0,DC,SA,0.0,3,3,3.0,3.0,Home,2,3,2.0,0,8,3,,21028,,StatusOfficial,ResultKickMade,,,,,,4.0,2.0,21.0,Home,7.0,4.0,5.0,1:35,FG,,,ScoreTypeFg,,,,,,,,,,,,,,,,,,,,,,0,0.0,0.0,1.0,1.0,0.0
2023,FOOTBALL_XFL_2023_4_22_DC@SA,DC,8,SA,3,outdoors,62,1682191714.0,52114,2023-04-22 19:28:34.000000,EventFootballKickoff,FROM DC 30 (2:29) 34 M. McCrane kicks from DC 30. 10 T. Jonsen to SA 27 for 23 yards (36 D. Swearinger),,True,1,2,29,Half1,MaSourceTypeOfficialScoring,FOOTBALL_XFL_2023_4_22_DC@SA,,QBStat,30,2302038-DC-at-SA,149,1049,2849,2:29,3,,,1.0,SA,DC,0.0,3,3,3.0,3.0,Visitor,30,4,30.0,0,11,3,22902,21028,20856,StatusOfficial,ResultKickReturned,23.0,Home,27.0,,,,,,,,,,,,,,,,,,,,,,,,,,,,,,,,,,,,0,0.0,0.0,0.0,0.0,0.0
2023,FOOTBALL_XFL_2023_4_22_DC@SA,DC,8,SA,3,outdoors,69,1682191754.0,52154,2023-04-22 19:29:14.000000,EventFootballPass,1-10-SA 27 (2:23) 16 J. Coan pass incomplete to 6 F. Brown Pass Defended by 99 J. Wallace,,True,1,2,23,Half1,MaSourceTypeOfficialScoring,FOOTBALL_XFL_2023_4_22_DC@SA,,QBStat,31,2302038-DC-at-SA,143,1043,2843,2:23,3,,,1.0,SA,DC,0.0,3,3,3.0,3.0,Home,27,4,73.0,0,11,3,,,,StatusOfficial,ResultPassIncomplete,,,,,,1.0,10.0,,Home,27.0,1.0,,0:26, ,20301,20203,,,21623,,,,,,,,,,,,,,,,,,,,0,0.0,0.0,0.0,0.0,0.0
2023,FOOTBALL_XFL_2023_4_22_DC@SA,DC,8,SA,3,outdoors,66,1682191788.0,52188,2023-04-22 19:29:48.000000,EventFootballPass,2-10-SA 27 (1:52) 16 J. Coan pass to 9 J. Patrick to SA 33 for 6 yards (43 F. Bernard),,True,1,1,52,Half1,MaSourceTypeOfficialScoring,FOOTBALL_XFL_2023_4_22_DC@SA,,QBStat,32,2302038-DC-at-SA,112,1012,2812,1:52,3,,,1.0,SA,DC,0.0,3,3,3.0,3.0,Home,27,4,73.0,0,11,3,22329,,,StatusOfficial,ResultPassComplete,,,,,,2.0,10.0,6.0,Home,27.0,2.0,6.0,0:46, ,20301,21196,,,,,,,,,,,,,,,,,,,,,,,0,0.0,0.0,0.0,0.0,0.0
2023,FOOTBALL_XFL_2023_4_22_DC@SA,DC,8,SA,3,outdoors,68,1682191825.0,52225,2023-04-22 19:30:25.000000,EventFootballPass,"3-4-SA 33 (1:19) 16 J. Coan pass to 82 L. Akers to SA 47 for 14 yards (33 I. Johnson, 22 T. Fuller)",,True,1,1,19,Half1,MaSourceTypeOfficialScoring,FOOTBALL_XFL_2023_4_22_DC@SA,,QBStat,33,2302038-DC-at-SA,79,979,2779,1:19,3,,,1.0,SA,DC,0.0,3,3,3.0,3.0,Home,33,4,67.0,0,11,3,20807,,,StatusOfficial,ResultPassComplete,,,,,21751,3.0,4.0,14.0,Home,27.0,3.0,20.0,1:25, ,20301,20016,,,,,,,,,,,,,,,,,,,,,,,0,0.0,0.0,0.0,0.0,0.0
2023,FOOTBALL_XFL_2023_4_22_DC@SA,DC,8,SA,3,outdoors,71,1682191864.0,52264,2023-04-22 19:31:04.000000,EventFootballRush,1-10-SA 47 (0:40) 9 J. Patrick rush to SA 46 for -1 yards (43 F. Bernard),,True,1,0,40,Half1,MaSourceTypeOfficialScoring,FOOTBALL_XFL_2023_4_22_DC@SA,,QBStat,34,2302038-DC-at-SA,40,940,2740,0:40,3,,,1.0,SA,DC,0.0,3,3,3.0,3.0,Home,47,4,53.0,0,11,3,22329,,,StatusOfficial,,,,,21196,,1.0,10.0,-1.0,Home,27.0,4.0,19.0,1:57, ,,,,,,,,,,,,,,,,,,,,,,,,,0,0.0,0.0,0.0,0.0,0.0
2023,FOOTBALL_XFL_2023_4_22_DC@SA,DC,8,SA,3,outdoors,73,1682191886.0,52286,2023-04-22 19:31:26.000000,EventFootballRush,"2-11-SA 46 (0:17) 9 J. Patrick rush to SA 46 for 0 yards (39 S. Ramirez, 6 F. Brown)",,True,1,0,17,Half1,MaSourceTypeOfficialScoring,FOOTBALL_XFL_2023_4_22_DC@SA,,QBStat,35,2302038-DC-at-SA,17,917,2717,0:17,3,,,1.0,SA,DC,0.0,3,3,3.0,3.0,Home,46,4,54.0,0,11,3,21278,,,StatusOfficial,,,,,21196,20201,2.0,11.0,0.0,Home,27.0,5.0,19.0,2:31, ,,,,,,,,,,,,,,,,,,,,,,,,,0,0.0,0.0,0.0,0.0,0.0
2023,FOOTBALL_XFL_2023_4_22_DC@SA,DC,8,SA,3,outdoors,76,1682192159.0,52559,2023-04-22 19:35:59.000000,EventFootballPenalty,"3-11-SA 46 (14:52) PENALTY on (SA) 62 D. Wallace, 10 yards",,True,2,14,52,Half1,MaSourceTypeOfficialScoring,FOOTBALL_XFL_2023_4_22_DC@SA,,QBStat,36,2302038-DC-at-SA,892,892,2692,14:52,3,,,1.0,SA,DC,0.0,3,3,3.0,3.0,Home,46,4,54.0,0,11,3,,,,StatusOfficial,,,,,,,3.0,11.0,,Home,27.0,5.0,9.0,3:04, ,,,,,,3,21621,10.0,ResultPenaltyRepeatdown,NA,,,,,,,,,,,,,,,0,0.0,0.0,0.0,0.0,0.0
2023,FOOTBALL_XFL_2023_4_22_DC@SA,DC,8,SA,3,outdoors,78,1682192199.0,52599,2023-04-22 19:36:39.000000,EventFootballSack,"3-21-SA 36 (14:22) 16 J. Coan sacked at SA 33 for -3 yards (48 A. Mintze, 96 J. Panasiuk)",,True,2,14,22,Half1,MaSourceTypeOfficialScoring,FOOTBALL_XFL_2023_4_22_DC@SA,,QBStat,37,2302038-DC-at-SA,862,862,2662,14:22,3,,,1.0,SA,DC,0.0,3,3,3.0,3.0,Home,36,4,64.0,0,11,3,,,,StatusOfficial,,,,,,,3.0,21.0,-3.0,Home,27.0,6.0,6.0,3:21, ,20301,,,,,,,,,,21080,21182,,,,,,,,,,,,,0,0.0,0.0,0.0,0.0,0.0
2023,FOOTBALL_XFL_2023_4_22_DC@SA,DC,8,SA,3,outdoors,80,1682192232.0,52632,2023-04-22 19:37:12.000000,EventFootballPunt,"4-24-SA 33 (13:50) 0 B. Wing punts 63 yards from SA 33 to DC 4. 13 P. Williams to DC 14 for 10 yards (47 R. Sunahara, 40 R. Jeffers)",,True,2,13,50,Half1,MaSourceTypeOfficialScoring,FOOTBALL_XFL_2023_4_22_DC@SA,,QBStat,38,2302038-DC-at-SA,830,830,2630,13:50,3,,,1.0,SA,DC,0.0,3,3,3.0,3.0,Home,33,4,67.0,0,11,3,21499,,,StatusOfficial,ResultKickReturned,,Visitor,14.0,,20785,4.0,24.0,,Home,27.0,6.0,6.0,3:41,PUNT,,,,,,,,,,,,,21706,21685,63.0,10.0,,,,,,,,,1,0.0,0.0,0.0,0.0,0.0
2023,FOOTBALL_XFL_2023_4_22_DC@SA,DC,8,SA,3,outdoors,82,1682192275.0,52675,2023-04-22 19:37:55.000000,EventFootballRush,1-10-DC 14 (13:44) 10 J. Ta'amu rush to DC 21 for 7 yards (21 S. Williams),,True,2,13,44,Half1,MaSourceTypeOfficialScoring,FOOTBALL_XFL_2023_4_22_DC@SA,,QBStat,39,2302038-DC-at-SA,824,824,2624,13:44,8,,,0.0,DC,SA,0.0,3,3,3.0,3.0,Visitor,14,5,86.0,0,11,3,22819,,,StatusOfficial,,,,,22296,,1.0,10.0,7.0,Visitor,14.0,1.0,7.0,0:07, ,,,,,,,,,,,,,,,,,,,,,,,,,0,0.0,0.0,0.0,0.0,0.0
2023,FOOTBALL_XFL_2023_4_22_DC@SA,DC,8,SA,3,outdoors,84,1682192329.0,52729,2023-04-22 19:38:49.000000,EventFootballPass,2-3-DC 21 (13:31) 10 J. Ta'amu pass to 18 A. Ellis to DC 28 for 7 yards (5 T. Adewusi),,True,2,13,31,Half1,MaSourceTypeOfficialScoring,FOOTBALL_XFL_2023_4_22_DC@SA,,QBStat,40,2302038-DC-at-SA,811,811,2611,13:31,8,,,0.0,DC,SA,0.0,3,3,3.0,3.0,Visitor,21,5,79.0,0,11,3,20008,,,StatusOfficial,ResultPassComplete,,,,,,2.0,3.0,7.0,Visitor,14.0,2.0,14.0,0:33, ,22296,20448,,,,,,,,,,,,,,,,,,,,,,,0,0.0,0.0,0.0,0.0,0.0
2023,FOOTBALL_XFL_2023_4_22_DC@SA,DC,8,SA,3,outdoors,86,1682192360.0,52760,2023-04-22 19:39:20.000000,EventFootballPass,1-10-DC 28 (13:00) 10 J. Ta'amu pass to 1 C. Blair to SA 2 for 70 yards (15 J. Williams),,True,2,13,0,Half1,MaSourceTypeOfficialScoring,FOOTBALL_XFL_2023_4_22_DC@SA,,QBStat,41,2302038-DC-at-SA,780,780,2580,13:00,8,,,0.0,DC,SA,0.0,3,3,3.0,3.0,Visitor,28,5,72.0,0,11,3,21974,,,StatusOfficial,ResultPassComplete,,,,,,1.0,10.0,70.0,Visitor,14.0,3.0,84.0,1:07, ,22296,20133,,,,,,,,,,,,,,,,,,,,,,,0,0.0,0.0,0.0,0.0,0.0
2023,FOOTBALL_XFL_2023_4_22_DC@SA,DC,8,SA,3,outdoors,88,1682192458.0,52858,2023-04-22 19:40:58.000000,EventFootballRush,"1-2-SA 2 (12:15) 4 A. Smith rush to SA 1 for 1 yard (40 R. Jeffers, 27 T. Hanks)",,True,2,12,15,Half1,MaSourceTypeOfficialScoring,FOOTBALL_XFL_2023_4_22_DC@SA,,QBStat,42,2302038-DC-at-SA,735,735,2535,12:15,8,,,0.0,DC,SA,0.0,3,3,3.0,3.0,Home,2,5,2.0,0,11,3,20785,,,StatusOfficial,,,,,21427,22534,1.0,2.0,1.0,Visitor,14.0,4.0,85.0,1:43, ,,,,,,,,,,,,,,,,,,,,,,,,,0,0.0,0.0,0.0,0.0,0.0
2023,FOOTBALL_XFL_2023_4_22_DC@SA,DC,8,SA,3,outdoors,90,1682192488.0,52888,2023-04-22 19:41:28.000000,EventFootballPass,"2-1-SA 1 (11:44) 10 J. Ta'amu pass to 18 A. Ellis for 1 yard, TOUCHDOWN",,True,2,11,44,Half1,MaSourceTypeOfficialScoring,FOOTBALL_XFL_2023_4_22_DC@SA,,QBStat,43,2302038-DC-at-SA,704,704,2504,11:44,8,,,0.0,DC,SA,0.0,3,3,3.0,3.0,Home,1,5,1.0,0,11,3,,,,StatusOfficial,ResultPassComplete,,,,,,2.0,1.0,1.0,Visitor,14.0,5.0,86.0,2:03,TD,22296,20448,ScoreTypeTd,,,,,,,,,,,,,,,,,,,,,,0,1.0,0.0,0.0,0.0,1.0
2023,FOOTBALL_XFL_2023_4_22_DC@SA,DC,8,SA,3,outdoors,92,1682192507.0,52907,2023-04-22 19:41:47.000000,EventFootballPat2PtPass,FROM SA 5 (11:44) 10 J. Ta'amu 2-pt conversion pass to 16 B. Smith GOOD,,True,2,11,44,Half1,MaSourceTypeOfficialScoring,FOOTBALL_XFL_2023_4_22_DC@SA,,QBStat,44,2302038-DC-at-SA,704,704,2504,11:44,8,,,0.0,DC,SA,0.0,3,3,3.0,3.0,Home,5,5,5.0,0,17,3,,,,StatusOfficial,ResultPassComplete,,,,,,,,5.0,,,,,,,22296,22889,ScoreTypeConv,2.0,,,,,,,,,,,,,,,,,,,,,0,0.0,0.0,0.0,0.0,0.0
2023,FOOTBALL_XFL_2023_4_22_DC@SA,DC,8,SA,3,outdoors,94,1682192727.0,53127,2023-04-22 19:45:27.000000,EventFootballKickoff,FROM DC 30 (11:43) 34 M. McCrane kicks from DC 30. 6 F. Brown to SA 19 for 16 yards (18 A. Ellis),,True,2,11,43,Half1,MaSourceTypeOfficialScoring,FOOTBALL_XFL_2023_4_22_DC@SA,,QBStat,45,2302038-DC-at-SA,703,703,2503,11:43,3,,,1.0,SA,DC,0.0,3,3,3.0,3.0,Visitor,30,6,30.0,0,19,3,20448,21028,20203,StatusOfficial,ResultKickReturned,16.0,Home,19.0,,,,,,,,,,,,,,,,,,,,,,,,,,,,,,,,,,,,0,0.0,0.0,0.0,0.0,0.0
2023,FOOTBALL_XFL_2023_4_22_DC@SA,DC,8,SA,3,outdoors,96,1682192769.0,53169,2023-04-22 19:46:09.000000,EventFootballPass,1-10-SA 19 (11:34) 16 J. Coan pass to 6 F. Brown to SA 23 for 4 yards,,True,2,11,34,Half1,MaSourceTypeOfficialScoring,FOOTBALL_XFL_2023_4_22_DC@SA,,QBStat,46,2302038-DC-at-SA,694,694,2494,11:34,3,,,1.0,SA,DC,0.0,3,3,3.0,3.0,Home,19,6,81.0,0,19,3,,,,StatusOfficial,ResultPassComplete,,,,,,1.0,10.0,4.0,Home,19.0,1.0,4.0,0:18, ,20301,20203,,,,,,,,,,,,,,,,,,,,,,,0,0.0,0.0,0.0,0.0,0.0
2023,FOOTBALL_XFL_2023_4_22_DC@SA,DC,8,SA,3,outdoors,116,1682192795.0,53195,2023-04-22 19:46:35.000000,EventFootballRush,2-6-SA 23 (11:13) 31 J. Hilliman rush to SA 26 for 3 yards (99 J. Wallace),,True,2,11,13,Half1,MaSourceTypeOfficialScoring,FOOTBALL_XFL_2023_4_22_DC@SA,,QBStat,47,2302038-DC-at-SA,673,673,2473,11:13,3,,,1.0,SA,DC,0.0,3,3,3.0,3.0,Home,23,6,77.0,0,19,3,21623,,,StatusOfficial,,,,,20697,,2.0,6.0,3.0,Home,19.0,2.0,7.0,1:01, ,,,,,,,,,,,,,,,,,,,,,,,,,0,0.0,0.0,0.0,0.0,0.0
2023,FOOTBALL_XFL_2023_4_22_DC@SA,DC,8,SA,3,outdoors,267,1682192831.0,53231,2023-04-22 19:47:11.000000,EventFootballRush,3-3-SA 26 (10:37) 31 J. Hilliman rush to SA 28 for 2 yards (48 A. Mintze),,True,2,10,37,Half1,MaSourceTypeOfficialScoring,FOOTBALL_XFL_2023_4_22_DC@SA,,QBStat,48,2302038-DC-at-SA,637,637,2437,10:37,3,,,1.0,SA,DC,0.0,3,3,3.0,3.0,Home,26,6,74.0,0,19,3,21080,,,StatusOfficial,,,,,20697,,3.0,3.0,2.0,Home,19.0,3.0,9.0,1:31, ,,,,,,,,,,,,,,,,,,,,,,,,,0,0.0,0.0,0.0,0.0,0.0
2023,FOOTBALL_XFL_2023_4_22_DC@SA,DC,8,SA,3,outdoors,102,1682192871.0,53271,2023-04-22 19:47:51.000000,EventFootballRush,"4-1-SA 28 (9:57) 31 J. Hilliman rush to SA 30 for 2 yards (57 A. Hines, 99 J. Wallace)",,True,2,9,57,Half1,MaSourceTypeOfficialScoring,FOOTBALL_XFL_2023_4_22_DC@SA,,QBStat,49,2302038-DC-at-SA,597,597,2397,9:57,3,,,1.0,SA,DC,0.0,3,3,3.0,3.0,Home,28,6,72.0,0,19,3,20699,,,StatusOfficial,,,,,20697,21623,4.0,1.0,2.0,Home,19.0,4.0,11.0,1:56, ,,,,,,,,,,,,,,,,,,,,,,,,,0,0.0,0.0,0.0,0.0,0.0
2023,FOOTBALL_XFL_2023_4_22_DC@SA,DC,8,SA,3,outdoors,105,1682192903.0,53303,2023-04-22 19:48:23.000000,EventFootballPass,1-10-SA 30 (9:24) 16 J. Coan pass to 13 N. Holley to SA 46 for 16 yards (39 S. Ramirez),,True,2,9,24,Half1,MaSourceTypeOfficialScoring,FOOTBALL_XFL_2023_4_22_DC@SA,,QBStat,50,2302038-DC-at-SA,564,564,2364,9:24,3,,,1.0,SA,DC,0.0,3,3,3.0,3.0,Home,30,6,70.0,0,19,3,21278,,,StatusOfficial,ResultPassComplete,,,,,,1.0,10.0,16.0,Home,19.0,5.0,27.0,2:31, ,20301,20707,,,,,,,,,,,,,,,,,,,,,,,0,0.0,0.0,0.0,0.0,0.0
2023,FOOTBALL_XFL_2023_4_22_DC@SA,DC,8,SA,3,outdoors,107,1682192936.0,53336,2023-04-22 19:48:56.000000,EventFootballPass,1-10-SA 46 (8:51) 16 J. Coan pass to 9 J. Patrick to DC 49 for 5 yards (33 I. Johnson),,True,2,8,51,Half1,MaSourceTypeOfficialScoring,FOOTBALL_XFL_2023_4_22_DC@SA,,QBStat,51,2302038-DC-at-SA,531,531,2331,8:51,3,,,1.0,SA,DC,0.0,3,3,3.0,3.0,Home,46,6,54.0,0,19,3,20807,,,StatusOfficial,ResultPassComplete,,,,,,1.0,10.0,5.0,Home,19.0,6.0,32.0,3:01, ,20301,21196,,,,,,,,,,,,,,,,,,,,,,,0,0.0,0.0,0.0,0.0,0.0
2023,FOOTBALL_XFL_2023_4_22_DC@SA,DC,8,SA,3,outdoors,110,1682192972.0,53372,2023-04-22 19:49:32.000000,EventFootballPass,2-5-DC 49 (8:20) 16 J. Coan pass dropped by 82 L. Akers,,True,2,8,20,Half1,MaSourceTypeOfficialScoring,FOOTBALL_XFL_2023_4_22_DC@SA,,QBStat,52,2302038-DC-at-SA,500,500,2300,8:20,3,,,1.0,SA,DC,0.0,3,3,3.0,3.0,Visitor,49,6,49.0,0,19,3,,,,StatusOfficial,ResultPassDropped,,,,,,2.0,5.0,,Home,19.0,7.0,32.0,3:43, ,20301,20016,,,,,,,,,,,,,,,,,,,,,,,0,0.0,0.0,0.0,0.0,0.0
2023,FOOTBALL_XFL_2023_4_22_DC@SA,DC,8,SA,3,outdoors,119,1682193011.0,53411,2023-04-22 19:50:11.000000,EventFootballPass,3-5-DC 49 (7:49) 16 J. Coan pass incomplete QB Hit by 57 A. Hines,,True,2,7,49,Half1,MaSourceTypeOfficialScoring,FOOTBALL_XFL_2023_4_22_DC@SA,,QBStat,53,2302038-DC-at-SA,469,469,2269,7:49,3,,,1.0,SA,DC,0.0,3,3,3.0,3.0,Visitor,49,6,49.0,0,19,3,,,,StatusOfficial,ResultPassIncomplete,,,,,,3.0,5.0,,Home,19.0,8.0,32.0,3:59, ,20301,,,,,,,,,,,,,,,,20699,,,,,,,,0,0.0,0.0,0.0,0.0,0.0
2023,FOOTBALL_XFL_2023_4_22_DC@SA,DC,8,SA,3,outdoors,114,1682193051.0,53451,2023-04-22 19:50:51.000000,EventFootballPunt,"4-5-DC 49 (7:27) 0 B. Wing punts 39 yards from DC 49 to 13 P. Williams, Fair Catch at DC 10",,True,2,7,27,Half1,MaSourceTypeOfficialScoring,FOOTBALL_XFL_2023_4_22_DC@SA,,QBStat,54,2302038-DC-at-SA,447,447,2247,7:27,3,,,1.0,SA,DC,0.0,3,3,3.0,3.0,Visitor,49,6,49.0,0,19,3,,,,StatusOfficial,ResultKickFaircatch,,Visitor,10.0,,,4.0,5.0,,Home,19.0,8.0,32.0,4:17,PUNT,,,,,,,,,,,,,21706,21685,39.0,,,,,,,,,,1,0.0,0.0,0.0,0.0,0.0
2023,FOOTBALL_XFL_2023_4_22_DC@SA,DC,8,SA,3,outdoors,121,1682193264.0,53664,2023-04-22 19:54:24.000000,EventFootballRush,"1-10-DC 10 (7:19) 4 A. Smith rush to DC 13 for 3 yards (15 J. Williams, 40 R. Jeffers)",,True,2,7,19,Half1,MaSourceTypeOfficialScoring,FOOTBALL_XFL_2023_4_22_DC@SA,,QBStat,55,2302038-DC-at-SA,439,439,2239,7:19,8,,,0.0,DC,SA,0.0,3,3,3.0,3.0,Visitor,10,7,90.0,0,19,3,21974,,,StatusOfficial,,,,,21427,20785,1.0,10.0,3.0,Visitor,10.0,1.0,3.0,0:18, ,,,,,,,,,,,,,,,,,,,,,,,,,0,0.0,0.0,0.0,0.0,0.0
2023,FOOTBALL_XFL_2023_4_22_DC@SA,DC,8,SA,3,outdoors,123,1682193289.0,53689,2023-04-22 19:54:49.000000,EventFootballPass,2-7-DC 13 (6:54) 3 D. King pass to 0 J. Hammond to DC 30 for 17 yards (5 T. Adewusi),,True,2,6,54,Half1,MaSourceTypeOfficialScoring,FOOTBALL_XFL_2023_4_22_DC@SA,,QBStat,56,2302038-DC-at-SA,414,414,2214,6:54,8,,,0.0,DC,SA,0.0,3,3,3.0,3.0,Visitor,13,7,87.0,0,19,3,20008,,,StatusOfficial,ResultPassComplete,,,,,,2.0,7.0,17.0,Visitor,10.0,2.0,20.0,0:42, ,21981,20618,,,,,,,,,,,,,,,,,,,,,,,0,0.0,0.0,0.0,0.0,0.0
2023,FOOTBALL_XFL_2023_4_22_DC@SA,DC,8,SA,3,outdoors,125,1682193319.0,53719,2023-04-22 19:55:19.000000,EventFootballPass,"1-10-DC 30 (6:30) 3 D. King pass to 16 B. Smith to DC 39 for 9 yards (8 K. Kelly, 40 R. Jeffers)",,True,2,6,30,Half1,MaSourceTypeOfficialScoring,FOOTBALL_XFL_2023_4_22_DC@SA,,QBStat,57,2302038-DC-at-SA,390,390,2190,6:30,8,,,0.0,DC,SA,0.0,3,3,3.0,3.0,Visitor,30,7,70.0,0,19,3,22884,,,StatusOfficial,ResultPassComplete,,,,,20785,1.0,10.0,9.0,Visitor,10.0,3.0,29.0,1:07, ,21981,22889,,,,,,,,,,,,,,,,,,,,,,,0,0.0,0.0,0.0,0.0,0.0
2023,FOOTBALL_XFL_2023_4_22_DC@SA,DC,8,SA,3,outdoors,127,1682193345.0,53745,2023-04-22 19:55:45.000000,EventFootballRush,"2-1-DC 39 (6:03) 4 A. Smith rush to DC 43 for 4 yards (92 S. Soto, 98 J. Johnson)",,True,2,6,3,Half1,MaSourceTypeOfficialScoring,FOOTBALL_XFL_2023_4_22_DC@SA,,QBStat,58,2302038-DC-at-SA,363,363,2163,6:03,8,,,0.0,DC,SA,0.0,3,3,3.0,3.0,Visitor,39,7,61.0,0,19,3,22744,,,StatusOfficial,,,,,21427,20809,2.0,1.0,4.0,Visitor,10.0,4.0,33.0,1:36, ,,,,,,,,,,,,,,,,,,,,,,,,,0,0.0,0.0,0.0,0.0,0.0
2023,FOOTBALL_XFL_2023_4_22_DC@SA,DC,8,SA,3,outdoors,129,1682193374.0,53774,2023-04-22 19:56:14.000000,EventFootballPass,"1-10-DC 43 (5:34) 3 D. King pass to 82 E. Wolf to Midfield for 7 yards (40 R. Jeffers, 5 T. Adewusi)",,True,2,5,34,Half1,MaSourceTypeOfficialScoring,FOOTBALL_XFL_2023_4_22_DC@SA,,QBStat,59,2302038-DC-at-SA,334,334,2134,5:34,8,,,0.0,DC,SA,0.0,3,3,3.0,3.0,Visitor,43,7,57.0,0,19,3,20785,,,StatusOfficial,ResultPassComplete,,,,,20008,1.0,10.0,7.0,Visitor,10.0,5.0,40.0,2:10, ,21981,21711,,,,,,,,,,,,,,,,,,,,,,,0,0.0,0.0,0.0,0.0,0.0
2023,FOOTBALL_XFL_2023_4_22_DC@SA,DC,8,SA,3,outdoors,131,1682193398.0,53798,2023-04-22 19:56:38.000000,EventFootballRush,2-3-Midfield (5:10) 4 A. Smith rush to SA 45 for 5 yards (44 M. Scott),,True,2,5,10,Half1,MaSourceTypeOfficialScoring,FOOTBALL_XFL_2023_4_22_DC@SA,,QBStat,60,2302038-DC-at-SA,310,310,2110,5:10,8,,,0.0,DC,SA,0.0,3,3,3.0,3.0,Visitor,50,7,50.0,0,19,3,22726,,,StatusOfficial,,,,,21427,,2.0,3.0,5.0,Visitor,10.0,6.0,45.0,2:31, ,,,,,,,,,,,,,,,,,,,,,,,,,0,0.0,0.0,0.0,0.0,0.0
2023,FOOTBALL_XFL_2023_4_22_DC@SA,DC,8,SA,3,outdoors,133,1682193455.0,53855,2023-04-22 19:57:35.000000,EventFootballPenalty,"1-10-SA 45 (4:35) PENALTY on (DC) 78 D. Hayes, 10 yards",,True,2,4,35,Half1,MaSourceTypeOfficialScoring,FOOTBALL_XFL_2023_4_22_DC@SA,,QBStat,61,2302038-DC-at-SA,275,275,2075,4:35,8,,,0.0,DC,SA,0.0,3,3,3.0,3.0,Home,45,7,45.0,0,19,3,,,,StatusOfficial,,,,,,,1.0,10.0,,Visitor,10.0,6.0,35.0,2:51, ,,,,,,8,21980,10.0,ResultPenaltyRepeatdown,NA,,,,,,,,,,,,,,,0,0.0,0.0,0.0,0.0,0.0
2023,FOOTBALL_XFL_2023_4_22_DC@SA,DC,8,SA,3,outdoors,135,1682193486.0,53886,2023-04-22 19:58:06.000000,EventFootballPass,1-20-DC 45 (4:16) 3 D. King pass incomplete to 1 C. Blair QB Hit by 42 M. Tverdov,,True,2,4,16,Half1,MaSourceTypeOfficialScoring,FOOTBALL_XFL_2023_4_22_DC@SA,,QBStat,62,2302038-DC-at-SA,256,256,2056,4:16,8,,,0.0,DC,SA,0.0,3,3,3.0,3.0,Visitor,45,7,55.0,0,19,3,,,,StatusOfficial,ResultPassIncomplete,,,,,,1.0,20.0,,Visitor,10.0,7.0,35.0,3:14, ,21981,20133,,,,,,,,,,,,,,,21589,,,,,,,,0,0.0,0.0,0.0,0.0,0.0
2023,FOOTBALL_XFL_2023_4_22_DC@SA,DC,8,SA,3,outdoors,137,1682193575.0,53975,2023-04-22 19:59:35.000000,EventFootballSack,2-20-DC 45 (3:52) 3 D. King sacked at DC 43 for -2 yards (33 D. Beesley),,True,2,3,52,Half1,MaSourceTypeOfficialScoring,FOOTBALL_XFL_2023_4_22_DC@SA,,QBStat,63,2302038-DC-at-SA,232,232,2032,3:52,8,,,0.0,DC,SA,0.0,3,3,3.0,3.0,Visitor,45,7,55.0,0,19,3,,,,StatusOfficial,,,,,,,2.0,20.0,-2.0,Visitor,10.0,8.0,33.0,3:58, ,21981,,,,,,,,,,21740,,,,,,,,,,,,,,0,0.0,0.0,0.0,0.0,0.0
2023,FOOTBALL_XFL_2023_4_22_DC@SA,DC,8,SA,3,outdoors,139,1682193660.0,54060,2023-04-22 20:01:00.000000,EventFootballRush,"3-22-DC 43 (3:01) 3 D. King rush to DC 44 for 1 yard PENALTY on (DC) 3 D. King, 5 yards",,True,2,3,1,Half1,MaSourceTypeOfficialScoring,FOOTBALL_XFL_2023_4_22_DC@SA,,QBStat,64,2302038-DC-at-SA,181,181,1981,3:01,8,,,0.0,DC,SA,0.0,3,3,3.0,3.0,Visitor,43,7,57.0,0,19,3,,,,StatusOfficial,,,,,21981,,3.0,22.0,1.0,Visitor,10.0,9.0,29.0,4:36, ,,,,,,8,21981,5.0,ResultPenaltyLossdown,NA,,,,,,,,,,,,,,,0,0.0,0.0,0.0,0.0,0.0
2023,FOOTBALL_XFL_2023_4_22_DC@SA,DC,8,SA,3,outdoors,141,1682193681.0,54081,2023-04-22 20:01:21.000000,EventFootballPunt,4-26-DC 39 (2:47) 19 D. Whelan punts 42 yards from DC 39 to SA 19. 82 L. Akers to SA 24 for 5 yards (33 I. Johnson),,True,2,2,47,Half1,MaSourceTypeOfficialScoring,FOOTBALL_XFL_2023_4_22_DC@SA,,QBStat,65,2302038-DC-at-SA,167,167,1967,2:47,8,,,0.0,DC,SA,0.0,3,3,3.0,3.0,Visitor,39,7,61.0,0,19,3,20807,,,StatusOfficial,ResultKickReturned,,Home,24.0,,,4.0,26.0,,Visitor,10.0,9.0,29.0,4:40,PUNT,,,,,,,,,,,,,21835,20016,42.0,5.0,,,,,,,,,1,0.0,0.0,0.0,0.0,0.0
2023,FOOTBALL_XFL_2023_4_22_DC@SA,DC,8,SA,3,outdoors,143,1682193723.0,54123,2023-04-22 20:02:03.000000,EventFootballRush,"1-10-SA 24 (2:44) 9 J. Patrick rush to SA 37 for 13 yards (39 S. Ramirez, 5 R. Northrup)",,True,2,2,44,Half1,MaSourceTypeOfficialScoring,FOOTBALL_XFL_2023_4_22_DC@SA,,QBStat,66,2302038-DC-at-SA,164,164,1964,2:44,3,,,1.0,SA,DC,0.0,3,3,3.0,3.0,Home,24,8,76.0,0,19,3,21278,,,StatusOfficial,,,,,21196,21148,1.0,10.0,13.0,Home,24.0,1.0,13.0,0:24, ,,,,,,,,,,,,,,,,,,,,,,,,,0,0.0,0.0,0.0,0.0,0.0
2023,FOOTBALL_XFL_2023_4_22_DC@SA,DC,8,SA,3,outdoors,145,1682193759.0,54159,2023-04-22 20:02:39.000000,EventFootballPass,1-10-SA 37 (2:08) 16 J. Coan pass incomplete QB Hit by 43 F. Bernard,,True,2,2,8,Half1,MaSourceTypeOfficialScoring,FOOTBALL_XFL_2023_4_22_DC@SA,,QBStat,67,2302038-DC-at-SA,128,128,1928,2:08,3,,,1.0,SA,DC,0.0,3,3,3.0,3.0,Home,37,8,63.0,0,19,3,,,,StatusOfficial,ResultPassIncomplete,,,,,,1.0,10.0,,Home,24.0,2.0,13.0,0:40, ,20301,,,,,,,,,,,,,,,,22329,,,,,,,,0,0.0,0.0,0.0,0.0,0.0
2023,FOOTBALL_XFL_2023_4_22_DC@SA,DC,8,SA,3,outdoors,147,1682193965.0,54365,2023-04-22 20:06:05.000000,EventFootballPass,2-10-SA 37 (1:57) 16 J. Coan pass dropped by 18 T. Vasher,,True,2,1,57,Half1,MaSourceTypeOfficialScoring,FOOTBALL_XFL_2023_4_22_DC@SA,,QBStat,68,2302038-DC-at-SA,117,117,1917,1:57,3,,,1.0,SA,DC,0.0,3,3,3.0,3.0,Home,37,8,63.0,0,19,3,,,,StatusOfficial,ResultPassDropped,,,,,,2.0,10.0,,Home,24.0,3.0,13.0,0:50, ,20301,21898,,,,,,,,,,,,,,,,,,,,,,,0,0.0,0.0,0.0,0.0,0.0
2023,FOOTBALL_XFL_2023_4_22_DC@SA,DC,8,SA,3,outdoors,149,1682193990.0,54390,2023-04-22 20:06:30.000000,EventFootballPass,"3-10-SA 37 (1:52) 16 J. Coan pass to 9 J. Patrick to SA 40 for 3 yards (39 S. Ramirez, 43 F. Bernard)",,True,2,1,52,Half1,MaSourceTypeOfficialScoring,FOOTBALL_XFL_2023_4_22_DC@SA,,QBStat,69,2302038-DC-at-SA,112,112,1912,1:52,3,,,1.0,SA,DC,0.0,3,3,3.0,3.0,Home,37,8,63.0,0,19,3,21278,,,StatusOfficial,ResultPassComplete,,,,,22329,3.0,10.0,3.0,Home,24.0,4.0,16.0,1:02, ,20301,21196,,,,,,,,,,,,,,,,,,,,,,,0,0.0,0.0,0.0,0.0,0.0
2023,FOOTBALL_XFL_2023_4_22_DC@SA,DC,8,SA,3,outdoors,151,1682194033.0,54433,2023-04-22 20:07:13.000000,EventFootballPunt,"4-7-SA 40 (1:09) 0 B. Wing punts 45 yards from SA 40 to DC 15. 13 P. Williams to DC 18 for 3 yards (21 S. Williams, 40 R. Jeffers)",,True,2,1,9,Half1,MaSourceTypeOfficialScoring,FOOTBALL_XFL_2023_4_22_DC@SA,,QBStat,70,2302038-DC-at-SA,69,69,1869,1:09,3,,,1.0,SA,DC,0.0,3,3,3.0,3.0,Home,40,8,60.0,0,19,3,22819,,,StatusOfficial,ResultKickReturned,,Visitor,18.0,,20785,4.0,7.0,,Home,24.0,4.0,16.0,1:38,PUNT,,,,,,,,,,,,,21706,21685,45.0,3.0,,,,,,,,,1,0.0,0.0,0.0,0.0,0.0
2023,FOOTBALL_XFL_2023_4_22_DC@SA,DC,8,SA,3,outdoors,153,1682194078.0,54478,2023-04-22 20:07:58.000000,EventFootballRush,1-10-DC 18 (1:02) 10 J. Ta'amu rush to DC 24 for 6 yards (15 J. Williams),,True,2,1,2,Half1,MaSourceTypeOfficialScoring,FOOTBALL_XFL_2023_4_22_DC@SA,,QBStat,71,2302038-DC-at-SA,62,62,1862,1:02,8,,,0.0,DC,SA,0.0,3,3,3.0,3.0,Visitor,18,9,82.0,0,19,3,21974,,,StatusOfficial,,,,,22296,,1.0,10.0,6.0,Visitor,18.0,1.0,6.0,0:08, ,,,,,,,,,,,,,,,,,,,,,,,,,0,0.0,0.0,0.0,0.0,0.0
2023,FOOTBALL_XFL_2023_4_22_DC@SA,DC,8,SA,3,outdoors,155,1682194149.0,54549,2023-04-22 20:09:09.000000,EventFootballTimeout,2-4-DC 24 (0:58) Timeout by D.C. Defenders at 0:58,,True,2,0,58,Half1,MaSourceTypeOfficialScoring,FOOTBALL_XFL_2023_4_22_DC@SA,,QBStat,72,2302038-DC-at-SA,58,58,1858,0:58,8,,,0.0,DC,SA,0.0,3,3,3.0,3.0,Visitor,24,9,76.0,0,19,3,,,,StatusOfficial,,,,,,,2.0,4.0,,Visitor,18.0,1.0,6.0,0:08, ,,,,,,,,,,,,,,,,,,8,,,,,,,0,0.0,0.0,0.0,0.0,0.0
2023,FOOTBALL_XFL_2023_4_22_DC@SA,DC,8,SA,3,outdoors,157,1682194154.0,54554,2023-04-22 20:09:14.000000,EventFootballPass,"2-4-DC 24 (0:55) 10 J. Ta'amu pass to 0 J. Hammond to DC 49 for 25 yards (21 S. Williams, 5 T. Adewusi)",,True,2,0,55,Half1,MaSourceTypeOfficialScoring,FOOTBALL_XFL_2023_4_22_DC@SA,,QBStat,73,2302038-DC-at-SA,55,55,1855,0:55,8,,,0.0,DC,SA,0.0,2,3,2.0,2.0,Visitor,24,9,76.0,0,19,3,22819,,,StatusOfficial,ResultPassComplete,,,,,20008,2.0,4.0,25.0,Visitor,18.0,2.0,31.0,0:13, ,22296,20618,,,,,,,,,,,,,,,,,,,,,,,0,0.0,0.0,0.0,0.0,0.0
2023,FOOTBALL_XFL_2023_4_22_DC@SA,DC,8,SA,3,outdoors,159,1682194191.0,54591,2023-04-22 20:09:51.000000,EventFootballTimeout,1-10-DC 49 (0:53) Timeout by San Antonio Brahmas at 0:53,,True,2,0,53,Half1,MaSourceTypeOfficialScoring,FOOTBALL_XFL_2023_4_22_DC@SA,,QBStat,74,2302038-DC-at-SA,53,53,1853,0:53,8,,,0.0,DC,SA,0.0,2,3,2.0,2.0,Visitor,49,9,51.0,0,19,3,,,,StatusOfficial,,,,,,,1.0,10.0,,Visitor,18.0,2.0,31.0,0:13, ,,,,,,,,,,,,,,,,,,3,,,,,,,0,0.0,0.0,0.0,0.0,0.0
2023,FOOTBALL_XFL_2023_4_22_DC@SA,DC,8,SA,3,outdoors,161,1682194238.0,54638,2023-04-22 20:10:38.000000,EventFootballPass,1-10-DC 49 (0:48) 10 J. Ta'amu pass incomplete to 4 A. Smith Pass Defended by 33 D. Beesley,,True,2,0,48,Half1,MaSourceTypeOfficialScoring,FOOTBALL_XFL_2023_4_22_DC@SA,,QBStat,75,2302038-DC-at-SA,48,48,1848,0:48,8,,,0.0,DC,SA,0.0,2,2,2.0,2.0,Visitor,49,9,51.0,0,19,3,,,,StatusOfficial,ResultPassIncomplete,,,,,,1.0,10.0,,Visitor,18.0,3.0,31.0,0:18, ,22296,21427,,,21740,,,,,,,,,,,,,,,,,,,,0,0.0,0.0,0.0,0.0,0.0
2023,FOOTBALL_XFL_2023_4_22_DC@SA,DC,8,SA,3,outdoors,163,1682194262.0,54662,2023-04-22 20:11:02.000000,EventFootballPass,2-10-DC 49 (0:46) 10 J. Ta'amu pass to 11 L. Jackson to SA 23 for 28 yards (1 L. Barcoo),,True,2,0,46,Half1,MaSourceTypeOfficialScoring,FOOTBALL_XFL_2023_4_22_DC@SA,,QBStat,76,2302038-DC-at-SA,46,46,1846,0:46,8,,,0.0,DC,SA,0.0,2,2,2.0,2.0,Visitor,49,9,51.0,0,19,3,20087,,,StatusOfficial,ResultPassComplete,,,,,,2.0,10.0,28.0,Visitor,18.0,4.0,59.0,0:24, ,22296,20766,,,,,,,,,,,,,,,,,,,,,,,0,0.0,0.0,0.0,0.0,0.0
2023,FOOTBALL_XFL_2023_4_22_DC@SA,DC,8,SA,3,outdoors,165,1682194289.0,54689,2023-04-22 20:11:29.000000,EventFootballTimeout,1-10-SA 23 (0:42) Timeout by D.C. Defenders at 0:42,,True,2,0,42,Half1,MaSourceTypeOfficialScoring,FOOTBALL_XFL_2023_4_22_DC@SA,,QBStat,77,2302038-DC-at-SA,42,42,1842,0:42,8,,,0.0,DC,SA,0.0,2,2,2.0,2.0,Home,23,9,23.0,0,19,3,,,,StatusOfficial,,,,,,,1.0,10.0,,Visitor,18.0,4.0,59.0,0:24, ,,,,,,,,,,,,,,,,,,8,,,,,,,0,0.0,0.0,0.0,0.0,0.0
2023,FOOTBALL_XFL_2023_4_22_DC@SA,DC,8,SA,3,outdoors,167,1682194339.0,54739,2023-04-22 20:12:19.000000,EventFootballPass,1-10-SA 23 (0:38) 10 J. Ta'amu pass intended for 88 B. Moore-Mckinney INTERCEPTED by 15 J. Williams returned 34 yards to DC 44,,True,2,0,38,Half1,MaSourceTypeOfficialScoring,FOOTBALL_XFL_2023_4_22_DC@SA,,QBStat,78,2302038-DC-at-SA,38,38,1838,0:38,8,,,0.0,DC,SA,0.0,1,2,1.0,1.0,Home,23,9,23.0,0,19,3,,,,StatusOfficial,ResultPassInterception,,Visitor,44.0,,,1.0,10.0,,Visitor,18.0,5.0,59.0,0:31,INT,22296,21983,,,,,,,,,,,,,,,,,21974,,,,,,0,0.0,0.0,0.0,0.0,0.0
2023,FOOTBALL_XFL_2023_4_22_DC@SA,DC,8,SA,3,outdoors,191,1682194400.0,54800,2023-04-22 20:13:20.000000,EventFootballSack,1-10-DC 44 (0:26) 16 J. Coan sacked at SA 48 for -8 yards (95 J. Owens),,True,2,0,26,Half1,MaSourceTypeOfficialScoring,FOOTBALL_XFL_2023_4_22_DC@SA,,QBStat,79,2302038-DC-at-SA,26,26,1826,0:26,3,,,1.0,SA,DC,0.0,1,2,2.0,2.0,Visitor,44,10,44.0,0,19,3,,,,StatusOfficial,,,,,,,1.0,10.0,-8.0,Visitor,44.0,1.0,-8.0,0:09, ,20301,,,,,,,,,,21174,,,,,,,,,,,,,,0,0.0,0.0,0.0,0.0,0.0
2023,FOOTBALL_XFL_2023_4_22_DC@SA,DC,8,SA,3,outdoors,172,1682194515.0,54915,2023-04-22 20:15:15.000000,EventFootballPass,2-18-SA 48 (0:20) 16 J. Coan pass to 18 T. Vasher to DC 39 for 13 yards QB Hit by 43 F. Bernard (22 T. Fuller),,True,2,0,20,Half1,MaSourceTypeOfficialScoring,FOOTBALL_XFL_2023_4_22_DC@SA,,QBStat,80,2302038-DC-at-SA,20,20,1820,0:20,3,,,1.0,SA,DC,0.0,1,2,2.0,2.0,Home,48,10,52.0,0,19,3,21751,,,StatusOfficial,ResultPassComplete,,,,,,2.0,18.0,13.0,Visitor,44.0,2.0,5.0,0:18, ,20301,21898,,,,,,,,,,,,,,,22329,,,,,,,,0,0.0,0.0,0.0,0.0,0.0
2023,FOOTBALL_XFL_2023_4_22_DC@SA,DC,8,SA,3,outdoors,174,1682194547.0,54947,2023-04-22 20:15:47.000000,EventFootballTimeout,3-5-DC 39 (0:17) Timeout by San Antonio Brahmas at 0:17,,True,2,0,17,Half1,MaSourceTypeOfficialScoring,FOOTBALL_XFL_2023_4_22_DC@SA,,QBStat,81,2302038-DC-at-SA,17,17,1817,0:17,3,,,1.0,SA,DC,0.0,1,2,2.0,2.0,Visitor,39,10,39.0,0,19,3,,,,StatusOfficial,,,,,,,3.0,5.0,,Visitor,44.0,2.0,5.0,0:16, ,,,,,,,,,,,,,,,,,,3,,,,,,,0,0.0,0.0,0.0,0.0,0.0
2023,FOOTBALL_XFL_2023_4_22_DC@SA,DC,8,SA,3,outdoors,176,1682194585.0,54985,2023-04-22 20:16:25.000000,EventFootballPass,"3-5-DC 39 (0:11) 16 J. Coan pass to 82 L. Akers to DC 2 for 37 yards (31 C. Lewis, 39 S. Ramirez)",,True,2,0,11,Half1,MaSourceTypeOfficialScoring,FOOTBALL_XFL_2023_4_22_DC@SA,,QBStat,82,2302038-DC-at-SA,11,11,1811,0:11,3,,,1.0,SA,DC,0.0,1,1,1.0,1.0,Visitor,39,10,39.0,0,19,3,20951,,,StatusOfficial,ResultPassComplete,,,,,21278,3.0,5.0,37.0,Visitor,44.0,3.0,42.0,0:22, ,20301,20016,,,,,,,,,,,,,,,,,,,,,,,0,0.0,0.0,0.0,0.0,0.0
2023,FOOTBALL_XFL_2023_4_22_DC@SA,DC,8,SA,3,outdoors,178,1682194601.0,55001,2023-04-22 20:16:41.000000,EventFootballPass,1-2-DC 2 (0:11) 16 J. Coan pass incomplete,,True,2,0,11,Half1,MaSourceTypeOfficialScoring,FOOTBALL_XFL_2023_4_22_DC@SA,,QBStat,83,2302038-DC-at-SA,11,11,1811,0:11,3,,,1.0,SA,DC,0.0,1,1,1.0,1.0,Visitor,2,10,2.0,0,19,3,,,,StatusOfficial,ResultPassIncomplete,,,,,,1.0,2.0,,Visitor,44.0,4.0,42.0,0:22, ,20301,,,,,,,,,,,,,,,,,,,,,,,,0,0.0,0.0,0.0,0.0,0.0
2023,FOOTBALL_XFL_2023_4_22_DC@SA,DC,8,SA,3,outdoors,180,1682194662.0,55062,2023-04-22 20:17:42.000000,EventFootballRush,"2-2-DC 2 (0:05) 9 J. Patrick rush to DC 1 for 1 yard (17 D. Bellamy, 5 R. Northrup)",,True,2,0,5,Half1,MaSourceTypeOfficialScoring,FOOTBALL_XFL_2023_4_22_DC@SA,,QBStat,84,2302038-DC-at-SA,5,5,1805,0:05,3,,,1.0,SA,DC,0.0,1,1,1.0,1.0,Visitor,2,10,2.0,0,19,3,22416,,,StatusOfficial,,,,,21196,21148,2.0,2.0,1.0,Visitor,44.0,5.0,43.0,0:33, ,,,,,,,,,,,,,,,,,,,,,,,,,0,0.0,0.0,0.0,0.0,0.0
2023,FOOTBALL_XFL_2023_4_22_DC@SA,DC,8,SA,3,outdoors,182,1682194807.0,55207,2023-04-22 20:20:07.000000,EventFootballTimeout,3-1-DC 1 (0:05) Timeout by San Antonio Brahmas at 0:05,,True,2,0,5,Half1,MaSourceTypeOfficialScoring,FOOTBALL_XFL_2023_4_22_DC@SA,,QBStat,85,2302038-DC-at-SA,5,5,1805,0:05,3,,,1.0,SA,DC,0.0,1,1,1.0,1.0,Visitor,1,10,1.0,0,19,3,,,,StatusOfficial,,,,,,,3.0,1.0,,Visitor,44.0,5.0,43.0,0:28, ,,,,,,,,,,,,,,,,,,3,,,,,,,0,0.0,0.0,0.0,0.0,0.0
2023,FOOTBALL_XFL_2023_4_22_DC@SA,DC,8,SA,3,outdoors,184,1682194828.0,55228,2023-04-22 20:20:28.000000,EventFootballRush,"3-1-DC 1 (0:03) 9 J. Patrick rush for 1 yard, TOUCHDOWN",,True,2,0,3,Half1,MaSourceTypeOfficialScoring,FOOTBALL_XFL_2023_4_22_DC@SA,,QBStat,86,2302038-DC-at-SA,3,3,1803,0:03,3,,,1.0,SA,DC,0.0,1,0,0.0,0.0,Visitor,1,10,1.0,0,19,3,,,,StatusOfficial,,,,,21196,,3.0,1.0,1.0,Visitor,44.0,6.0,44.0,0:30,TD,,,ScoreTypeTd,,,,,,,,,,,,,,,,,,,,,,0,0.0,1.0,0.0,0.0,1.0
2023,FOOTBALL_XFL_2023_4_22_DC@SA,DC,8,SA,3,outdoors,186,1682194846.0,55246,2023-04-22 20:20:46.000000,EventFootballPat2PtPass,FROM DC 5 (0:03) 16 J. Coan 2-pt conversion pass to 18 T. Vasher GOOD,,True,2,0,3,Half1,MaSourceTypeOfficialScoring,FOOTBALL_XFL_2023_4_22_DC@SA,,QBStat,87,2302038-DC-at-SA,3,3,1803,0:03,3,,,1.0,SA,DC,0.0,1,0,0.0,0.0,Visitor,5,10,5.0,0,19,9,,,,StatusOfficial,ResultPassComplete,,,,,,,,5.0,,,,,,,20301,21898,ScoreTypeConv,2.0,,,,,,,,,,,,,,,,,,,,,0,0.0,0.0,0.0,0.0,0.0
2023,FOOTBALL_XFL_2023_4_22_DC@SA,DC,8,SA,3,outdoors,189,1682194960.0,55360,2023-04-22 20:22:40.000000,EventFootballKickoff,"FROM SA 30 (0:02) 23 P. Romo kicks from SA 30. 13 P. Williams to DC 25 for 18 yards (55 D. Downey, 27 T. Hanks)",,True,2,0,2,Half1,MaSourceTypeOfficialScoring,FOOTBALL_XFL_2023_4_22_DC@SA,,QBStat,88,2302038-DC-at-SA,2,2,1802,0:02,8,,,0.0,DC,SA,0.0,1,0,1.0,1.0,Home,30,11,30.0,0,19,11,20410,21775,21685,StatusOfficial,ResultKickReturned,18.0,Visitor,25.0,,22534,,,,,,,,,,,,,,,,,,,,,,,,,,,,,,,,,,0,0.0,0.0,0.0,0.0,0.0
2023,FOOTBALL_XFL_2023_4_22_DC@SA,DC,8,SA,3,outdoors,190,1682194982.0925672,,2023-04-22 20:23:02.092567,EventPeriodEnd,Halftime Marker,,True,2,0,0,Half1,MaSourceTypeOfficialScoring,FOOTBALL_XFL_2023_4_22_DC@SA,,QBStat,10010,2302038-DC-at-SA,0,0,1800,0:00,8,,,0.0,DC,SA,0.0,3,3,3.0,3.0,Visitor,25,11,75.0,0,19,11,,,,,,,,,,,1.0,10.0,,,,,,,,,,,,,,,,,,,,,,,,,,,,,,,,0,0.0,0.0,0.0,0.0,0.0
2023,FOOTBALL_XFL_2023_4_22_DC@SA,DC,8,SA,3,outdoors,193,1682195700.0,56100,2023-04-22 20:35:00.000000,EventFootballKickoff,"FROM DC 30 (15:00) 34 M. McCrane kicks from DC 30. 6 F. Brown to SA 29 for 19 yards (39 S. Ramirez, 8 J. Ferguson)",,True,3,15,0,Half2,MaSourceTypeOfficialScoring,FOOTBALL_XFL_2023_4_22_DC@SA,,QBStat,89,2302038-DC-at-SA,900,1800,1800,15:00,3,,,1.0,SA,DC,0.0,3,3,3.0,3.0,Visitor,30,12,30.0,0,19,11,21278,21028,20203,StatusOfficial,ResultKickReturned,19.0,Home,29.0,,20474,,,,,,,,,,,,,,,,,,,,,,,,,,,,,,,,,,0,0.0,0.0,0.0,0.0,0.0
2023,FOOTBALL_XFL_2023_4_22_DC@SA,DC,8,SA,3,outdoors,195,1682195745.0,56145,2023-04-22 20:35:45.000000,EventFootballRush,"1-10-SA 29 (14:52) 9 J. Patrick rush to SA 35 for 6 yards (97 C. Reid, 36 D. Swearinger)",,True,3,14,52,Half2,MaSourceTypeOfficialScoring,FOOTBALL_XFL_2023_4_22_DC@SA,,QBStat,90,2302038-DC-at-SA,892,1792,1792,14:52,3,,,1.0,SA,DC,0.0,3,3,3.0,3.0,Home,29,12,71.0,0,19,11,22356,,,StatusOfficial,,,,,21196,22902,1.0,10.0,6.0,Home,29.0,1.0,6.0,0:20, ,,,,,,,,,,,,,,,,,,,,,,,,,0,0.0,0.0,0.0,0.0,0.0
2023,FOOTBALL_XFL_2023_4_22_DC@SA,DC,8,SA,3,outdoors,197,1682195775.0,56175,2023-04-22 20:36:15.000000,EventFootballPass,"2-4-SA 35 (14:22) 16 J. Coan pass to 84 D. Yelder to SA 45 for 10 yards (5 R. Northrup, 22 T. Fuller)",,True,3,14,22,Half2,MaSourceTypeOfficialScoring,FOOTBALL_XFL_2023_4_22_DC@SA,,QBStat,91,2302038-DC-at-SA,862,1762,1762,14:22,3,,,1.0,SA,DC,0.0,3,3,3.0,3.0,Home,35,12,65.0,0,19,11,21148,,,StatusOfficial,ResultPassComplete,,,,,21751,2.0,4.0,10.0,Home,29.0,2.0,16.0,0:46, ,20301,22022,,,,,,,,,,,,,,,,,,,,,,,0,0.0,0.0,0.0,0.0,0.0
2023,FOOTBALL_XFL_2023_4_22_DC@SA,DC,8,SA,3,outdoors,199,1682195804.0,56204,2023-04-22 20:36:44.000000,EventFootballPass,1-10-SA 45 (13:53) 16 J. Coan pass to 9 J. Patrick to DC 43 for 12 yards (33 I. Johnson),,True,3,13,53,Half2,MaSourceTypeOfficialScoring,FOOTBALL_XFL_2023_4_22_DC@SA,,QBStat,92,2302038-DC-at-SA,833,1733,1733,13:53,3,,,1.0,SA,DC,0.0,3,3,3.0,3.0,Home,45,12,55.0,0,19,11,20807,,,StatusOfficial,ResultPassComplete,,,,,,1.0,10.0,12.0,Home,29.0,3.0,28.0,1:19, ,20301,21196,,,,,,,,,,,,,,,,,,,,,,,0,0.0,0.0,0.0,0.0,0.0
2023,FOOTBALL_XFL_2023_4_22_DC@SA,DC,8,SA,3,outdoors,353,1682195839.0,56239,2023-04-22 20:37:19.000000,EventFootballPass,"1-10-DC 43 (13:18) 16 J. Coan pass to 31 J. Hilliman to DC 34 for 9 yards (33 I. Johnson, 96 J. Panasiuk)",,True,3,13,18,Half2,MaSourceTypeOfficialScoring,FOOTBALL_XFL_2023_4_22_DC@SA,,QBStat,93,2302038-DC-at-SA,798,1698,1698,13:18,3,,,1.0,SA,DC,0.0,3,3,3.0,3.0,Visitor,43,12,43.0,0,19,11,20807,,,StatusOfficial,ResultPassComplete,,,,,21182,1.0,10.0,9.0,Home,29.0,4.0,37.0,1:52, ,20301,20697,,,,,,,,,,,,,,,,,,,,,,,0,0.0,0.0,0.0,0.0,0.0
2023,FOOTBALL_XFL_2023_4_22_DC@SA,DC,8,SA,3,outdoors,203,1682195867.0,56267,2023-04-22 20:37:47.000000,EventFootballPass,"2-1-DC 34 (12:50) 16 J. Coan pass to 82 L. Akers to DC 28 for 6 yards (99 J. Wallace, 36 D. Swearinger)",,True,3,12,50,Half2,MaSourceTypeOfficialScoring,FOOTBALL_XFL_2023_4_22_DC@SA,,QBStat,94,2302038-DC-at-SA,770,1670,1670,12:50,3,,,1.0,SA,DC,0.0,3,3,3.0,3.0,Visitor,34,12,34.0,0,19,11,21623,,,StatusOfficial,ResultPassComplete,,,,,22902,2.0,1.0,6.0,Home,29.0,5.0,43.0,2:21, ,20301,20016,,,,,,,,,,,,,,,,,,,,,,,0,0.0,0.0,0.0,0.0,0.0
2023,FOOTBALL_XFL_2023_4_22_DC@SA,DC,8,SA,3,outdoors,205,1682195905.0,56305,2023-04-22 20:38:25.000000,EventFootballPass,"1-10-DC 28 (12:12) 16 J. Coan pass to 13 N. Holley to DC 21 for 7 yards (5 R. Northrup, 31 C. Lewis)",,True,3,12,12,Half2,MaSourceTypeOfficialScoring,FOOTBALL_XFL_2023_4_22_DC@SA,,QBStat,95,2302038-DC-at-SA,732,1632,1632,12:12,3,,,1.0,SA,DC,0.0,3,3,3.0,3.0,Visitor,28,12,28.0,0,19,11,21148,,,StatusOfficial,ResultPassComplete,,,,,20951,1.0,10.0,7.0,Home,29.0,6.0,50.0,2:56, ,20301,20707,,,,,,,,,,,,,,,,,,,,,,,0,0.0,0.0,0.0,0.0,0.0
2023,FOOTBALL_XFL_2023_4_22_DC@SA,DC,8,SA,3,outdoors,207,1682195935.0,56335,2023-04-22 20:38:55.000000,EventFootballRush,"2-3-DC 21 (11:42) 9 J. Patrick rush to DC 22 for -1 yards (43 F. Bernard, 98 G. Wright)",,True,3,11,42,Half2,MaSourceTypeOfficialScoring,FOOTBALL_XFL_2023_4_22_DC@SA,,QBStat,96,2302038-DC-at-SA,702,1602,1602,11:42,3,,,1.0,SA,DC,0.0,3,3,3.0,3.0,Visitor,21,12,21.0,0,19,11,22329,,,StatusOfficial,,,,,21196,21720,2.0,3.0,-1.0,Home,29.0,7.0,49.0,3:32, ,,,,,,,,,,,,,,,,,,,,,,,,,0,0.0,0.0,0.0,0.0,0.0
2023,FOOTBALL_XFL_2023_4_22_DC@SA,DC,8,SA,3,outdoors,209,1682196008.0,56408,2023-04-22 20:40:08.000000,EventFootballPenalty,"3-4-DC 22 (11:02) PENALTY on (DC) 39 S. Ramirez, 11 yards",,True,3,11,2,Half2,MaSourceTypeOfficialScoring,FOOTBALL_XFL_2023_4_22_DC@SA,,QBStat,97,2302038-DC-at-SA,662,1562,1562,11:02,3,,,1.0,SA,DC,0.0,3,3,3.0,3.0,Visitor,22,12,22.0,0,19,11,,,,StatusOfficial,,,,,,,3.0,4.0,,Home,29.0,7.0,60.0,3:58, ,,,,,,8,21278,11.0,ResultPenaltyAuto1Stdown,NA,,,,,,,,,,,,,,,0,0.0,0.0,0.0,0.0,0.0
2023,FOOTBALL_XFL_2023_4_22_DC@SA,DC,8,SA,3,outdoors,211,1682196049.0,56449,2023-04-22 20:40:49.000000,EventFootballPass,1-10-DC 11 (10:42) 16 J. Coan pass incomplete,,True,3,10,42,Half2,MaSourceTypeOfficialScoring,FOOTBALL_XFL_2023_4_22_DC@SA,,QBStat,98,2302038-DC-at-SA,642,1542,1542,10:42,3,,,1.0,SA,DC,0.0,3,3,3.0,3.0,Visitor,11,12,11.0,0,19,11,,,,StatusOfficial,ResultPassIncomplete,,,,,,1.0,10.0,,Home,29.0,8.0,60.0,4:18, ,20301,,,,,,,,,,,,,,,,,,,,,,,,0,0.0,0.0,0.0,0.0,0.0
2023,FOOTBALL_XFL_2023_4_22_DC@SA,DC,8,SA,3,outdoors,213,1682196115.0,56515,2023-04-22 20:41:55.000000,EventFootballPenalty,"2-10-DC 11 (10:13) PENALTY on (DC) 6 F. Brown, 5 yards",,True,3,10,13,Half2,MaSourceTypeOfficialScoring,FOOTBALL_XFL_2023_4_22_DC@SA,,QBStat,99,2302038-DC-at-SA,613,1513,1513,10:13,3,,,1.0,SA,DC,0.0,3,3,3.0,3.0,Visitor,11,12,11.0,0,19,11,,,,StatusOfficial,,,,,,,2.0,10.0,,Home,29.0,8.0,65.0,4:47, ,,,,,,8,20201,5.0,ResultPenaltyRepeatdown,NA,,,,,,,,,,,,,,,0,0.0,0.0,0.0,0.0,0.0
2023,FOOTBALL_XFL_2023_4_22_DC@SA,DC,8,SA,3,outdoors,215,1682196162.0,56562,2023-04-22 20:42:42.000000,EventFootballPenalty,"2-5-DC 6 (9:47) PENALTY on (SA) 66 K. Levao, 10 yards",,True,3,9,47,Half2,MaSourceTypeOfficialScoring,FOOTBALL_XFL_2023_4_22_DC@SA,,QBStat,100,2302038-DC-at-SA,587,1487,1487,9:47,3,,,1.0,SA,DC,0.0,3,3,3.0,3.0,Visitor,6,12,6.0,0,19,11,,,,StatusOfficial,,,,,,,2.0,5.0,,Home,29.0,8.0,55.0,5:13, ,,,,,,3,20948,10.0,ResultPenaltyRepeatdown,NA,,,,,,,,,,,,,,,0,0.0,0.0,0.0,0.0,0.0
2023,FOOTBALL_XFL_2023_4_22_DC@SA,DC,8,SA,3,outdoors,217,1682196201.0,56601,2023-04-22 20:43:21.000000,EventFootballRush,2-15-DC 16 (9:22) 9 J. Patrick rush to DC 17 for -1 yards (97 C. Reid),,True,3,9,22,Half2,MaSourceTypeOfficialScoring,FOOTBALL_XFL_2023_4_22_DC@SA,,QBStat,101,2302038-DC-at-SA,562,1462,1462,9:22,3,,,1.0,SA,DC,0.0,3,3,3.0,3.0,Visitor,16,12,16.0,0,19,11,22356,,,StatusOfficial,,,,,21196,,2.0,15.0,-1.0,Home,29.0,9.0,54.0,5:54, ,,,,,,,,,,,,,,,,,,,,,,,,,0,0.0,0.0,0.0,0.0,0.0
2023,FOOTBALL_XFL_2023_4_22_DC@SA,DC,8,SA,3,outdoors,219,1682196234.0,56634,2023-04-22 20:43:54.000000,EventFootballPass,3-16-DC 17 (8:50) 16 J. Coan pass to 18 T. Vasher to DC 11 for 6 yards (22 T. Fuller),,True,3,8,50,Half2,MaSourceTypeOfficialScoring,FOOTBALL_XFL_2023_4_22_DC@SA,,QBStat,102,2302038-DC-at-SA,530,1430,1430,8:50,3,,,1.0,SA,DC,0.0,3,3,3.0,3.0,Visitor,17,12,17.0,0,19,11,21751,,,StatusOfficial,ResultPassComplete,,,,,,3.0,16.0,6.0,Home,29.0,10.0,60.0,6:25, ,20301,21898,,,,,,,,,,,,,,,,,,,,,,,0,0.0,0.0,0.0,0.0,0.0
2023,FOOTBALL_XFL_2023_4_22_DC@SA,DC,8,SA,3,outdoors,221,1682196273.0,56673,2023-04-22 20:44:33.000000,EventFootballFg,4-10-DC 11 (8:14) 23 P. Romo 28 yard field goal is GOOD,,True,3,8,14,Half2,MaSourceTypeOfficialScoring,FOOTBALL_XFL_2023_4_22_DC@SA,,QBStat,103,2302038-DC-at-SA,494,1394,1394,8:14,3,,,1.0,SA,DC,0.0,3,3,3.0,3.0,Visitor,11,12,11.0,0,19,11,,21775,,StatusOfficial,ResultKickMade,,,,,,4.0,10.0,28.0,Home,29.0,11.0,60.0,6:46,FG,,,ScoreTypeFg,,,,,,,,,,,,,,,,,,,,,,0,0.0,0.0,1.0,1.0,0.0
2023,FOOTBALL_XFL_2023_4_22_DC@SA,DC,8,SA,3,outdoors,223,1682196464.0,56864,2023-04-22 20:47:44.000000,EventFootballKickoff,FROM SA 30 (8:11) 23 P. Romo kicks from SA 30. 13 P. Williams to DC 24 for 17 yards (44 M. Scott),,True,3,8,11,Half2,MaSourceTypeOfficialScoring,FOOTBALL_XFL_2023_4_22_DC@SA,,QBStat,104,2302038-DC-at-SA,491,1391,1391,8:11,8,,,0.0,DC,SA,0.0,3,3,3.0,3.0,Home,30,13,30.0,0,19,14,22726,21775,21685,StatusOfficial,ResultKickReturned,17.0,Visitor,24.0,,,,,,,,,,,,,,,,,,,,,,,,,,,,,,,,,,,,0,0.0,0.0,0.0,0.0,0.0
2023,FOOTBALL_XFL_2023_4_22_DC@SA,DC,8,SA,3,outdoors,225,1682196502.0,56902,2023-04-22 20:48:22.000000,EventFootballPass,"1-10-DC 24 (8:07) 10 J. Ta'amu pass to 18 A. Ellis to DC 36 for 12 yards (33 D. Beesley, 1 L. Barcoo)",,True,3,8,7,Half2,MaSourceTypeOfficialScoring,FOOTBALL_XFL_2023_4_22_DC@SA,,QBStat,105,2302038-DC-at-SA,487,1387,1387,8:07,8,,,0.0,DC,SA,0.0,3,3,3.0,3.0,Visitor,24,13,76.0,0,19,14,21740,,,StatusOfficial,ResultPassComplete,,,,,20087,1.0,10.0,12.0,Visitor,24.0,1.0,12.0,0:18, ,22296,20448,,,,,,,,,,,,,,,,,,,,,,,0,0.0,0.0,0.0,0.0,0.0
2023,FOOTBALL_XFL_2023_4_22_DC@SA,DC,8,SA,3,outdoors,227,1682196530.0,56930,2023-04-22 20:48:50.000000,EventFootballPass,1-10-DC 36 (7:39) 10 J. Ta'amu pass to 0 J. Hammond to DC 49 for 13 yards (21 S. Williams),,True,3,7,39,Half2,MaSourceTypeOfficialScoring,FOOTBALL_XFL_2023_4_22_DC@SA,,QBStat,106,2302038-DC-at-SA,459,1359,1359,7:39,8,,,0.0,DC,SA,0.0,3,3,3.0,3.0,Visitor,36,13,64.0,0,19,14,22819,,,StatusOfficial,ResultPassComplete,,,,,,1.0,10.0,13.0,Visitor,24.0,2.0,25.0,0:46, ,22296,20618,,,,,,,,,,,,,,,,,,,,,,,0,0.0,0.0,0.0,0.0,0.0
2023,FOOTBALL_XFL_2023_4_22_DC@SA,DC,8,SA,3,outdoors,229,1682196558.0,56958,2023-04-22 20:49:18.000000,EventFootballPenalty,"1-10-DC 49 (7:14) PENALTY on (SA) 33 D. Beesley, 5 yards",,True,3,7,14,Half2,MaSourceTypeOfficialScoring,FOOTBALL_XFL_2023_4_22_DC@SA,,QBStat,107,2302038-DC-at-SA,434,1334,1334,7:14,8,,,0.0,DC,SA,0.0,3,3,3.0,3.0,Visitor,49,13,51.0,0,19,14,,,,StatusOfficial,,,,,,,1.0,10.0,,Visitor,24.0,2.0,30.0,1:00, ,,,,,,3,21740,5.0,ResultPenaltyRepeatdown,NA,,,,,,,,,,,,,,,0,0.0,0.0,0.0,0.0,0.0
2023,FOOTBALL_XFL_2023_4_22_DC@SA,DC,8,SA,3,outdoors,231,1682196592.0,56992,2023-04-22 20:49:52.000000,EventFootballRush,1-5-SA 46 (6:58) 4 A. Smith rush to SA 35 for 11 yards (21 S. Williams),,True,3,6,58,Half2,MaSourceTypeOfficialScoring,FOOTBALL_XFL_2023_4_22_DC@SA,,QBStat,108,2302038-DC-at-SA,418,1318,1318,6:58,8,,,0.0,DC,SA,0.0,3,3,3.0,3.0,Home,46,13,46.0,0,19,14,22819,,,StatusOfficial,,,,,21427,,1.0,5.0,11.0,Visitor,24.0,3.0,41.0,1:25, ,,,,,,,,,,,,,,,,,,,,,,,,,0,0.0,0.0,0.0,0.0,0.0
2023,FOOTBALL_XFL_2023_4_22_DC@SA,DC,8,SA,3,outdoors,233,1682196621.0,57021,2023-04-22 20:50:21.000000,EventFootballPass,1-10-SA 35 (6:30) 10 J. Ta'amu pass incomplete to 13 P. Williams,,True,3,6,30,Half2,MaSourceTypeOfficialScoring,FOOTBALL_XFL_2023_4_22_DC@SA,,QBStat,109,2302038-DC-at-SA,390,1290,1290,6:30,8,,,0.0,DC,SA,0.0,3,3,3.0,3.0,Home,35,13,35.0,0,19,14,,,,StatusOfficial,ResultPassIncomplete,,,,,,1.0,10.0,,Visitor,24.0,4.0,41.0,2:07, ,22296,21685,,,,,,,,,,,,,,,,,,,,,,,0,0.0,0.0,0.0,0.0,0.0
2023,FOOTBALL_XFL_2023_4_22_DC@SA,DC,8,SA,3,outdoors,236,1682196659.0,57059,2023-04-22 20:50:59.000000,EventFootballPass,2-10-SA 35 (5:56) 10 J. Ta'amu pass incomplete to 1 C. Blair,,True,3,5,56,Half2,MaSourceTypeOfficialScoring,FOOTBALL_XFL_2023_4_22_DC@SA,,QBStat,110,2302038-DC-at-SA,356,1256,1256,5:56,8,,,0.0,DC,SA,0.0,3,3,3.0,3.0,Home,35,13,35.0,0,19,14,,,,StatusOfficial,ResultPassIncomplete,,,,,,2.0,10.0,,Visitor,24.0,5.0,41.0,2:40, ,22296,20133,,,,,,,,,,,,,,,,,,,,,,,0,0.0,0.0,0.0,0.0,0.0
2023,FOOTBALL_XFL_2023_4_22_DC@SA,DC,8,SA,3,outdoors,238,1682196696.0,57096,2023-04-22 20:51:36.000000,EventFootballPass,3-10-SA 35 (5:21) 10 J. Ta'amu pass to 0 J. Hammond to SA 31 for 4 yards (22 R. Texada),,True,3,5,21,Half2,MaSourceTypeOfficialScoring,FOOTBALL_XFL_2023_4_22_DC@SA,,QBStat,111,2302038-DC-at-SA,321,1221,1221,5:21,8,,,0.0,DC,SA,0.0,3,3,3.0,3.0,Home,35,13,35.0,0,19,14,22376,,,StatusOfficial,ResultPassComplete,,,,,,3.0,10.0,4.0,Visitor,24.0,6.0,45.0,3:07, ,22296,20618,,,,,,,,,,,,,,,,,,,,,,,0,0.0,0.0,0.0,0.0,0.0
2023,FOOTBALL_XFL_2023_4_22_DC@SA,DC,8,SA,3,outdoors,240,1682196739.0,57139,2023-04-22 20:52:19.000000,EventFootballFg,4-6-SA 31 (4:43) 34 M. McCrane 49 yard field goal is GOOD,,True,3,4,43,Half2,MaSourceTypeOfficialScoring,FOOTBALL_XFL_2023_4_22_DC@SA,,QBStat,112,2302038-DC-at-SA,283,1183,1183,4:43,8,,,0.0,DC,SA,0.0,3,3,3.0,3.0,Home,31,13,31.0,0,19,14,,21028,,StatusOfficial,ResultKickMade,,,,,,4.0,6.0,49.0,Visitor,24.0,7.0,45.0,3:31,FG,,,ScoreTypeFg,,,,,,,,,,,,,,,,,,,,,,0,0.0,0.0,1.0,1.0,0.0
2023,FOOTBALL_XFL_2023_4_22_DC@SA,DC,8,SA,3,outdoors,242,1682196999.0,57399,2023-04-22 20:56:39.000000,EventFootballKickoff,FROM DC 30 (4:41) 34 M. McCrane kicks from DC 30. 6 F. Brown to SA 25 for 17 yards (92 M. Fisher),,True,3,4,41,Half2,MaSourceTypeOfficialScoring,FOOTBALL_XFL_2023_4_22_DC@SA,,QBStat,113,2302038-DC-at-SA,281,1181,1181,4:41,3,,,1.0,SA,DC,0.0,3,3,3.0,3.0,Visitor,30,14,30.0,0,22,14,20480,21028,20203,StatusOfficial,ResultKickReturned,17.0,Home,25.0,,,,,,,,,,,,,,,,,,,,,,,,,,,,,,,,,,,,0,0.0,0.0,0.0,0.0,0.0
2023,FOOTBALL_XFL_2023_4_22_DC@SA,DC,8,SA,3,outdoors,244,1682197033.0,57433,2023-04-22 20:57:13.000000,EventFootballRush,1-10-SA 25 (4:37) 31 J. Hilliman rush to SA 28 for 3 yards (27 F. Gardner),,True,3,4,37,Half2,MaSourceTypeOfficialScoring,FOOTBALL_XFL_2023_4_22_DC@SA,,QBStat,114,2302038-DC-at-SA,277,1177,1177,4:37,3,,,1.0,SA,DC,0.0,3,3,3.0,3.0,Home,25,14,75.0,0,22,14,21935,,,StatusOfficial,,,,,20697,,1.0,10.0,3.0,Home,25.0,1.0,3.0,0:15, ,,,,,,,,,,,,,,,,,,,,,,,,,0,0.0,0.0,0.0,0.0,0.0
2023,FOOTBALL_XFL_2023_4_22_DC@SA,DC,8,SA,3,outdoors,246,1682197069.0,57469,2023-04-22 20:57:49.000000,EventFootballPass,"2-7-SA 28 (4:00) 16 J. Coan pass to 82 L. Akers to SA 45 for 17 yards (39 S. Ramirez, 27 F. Gardner)",,True,3,4,0,Half2,MaSourceTypeOfficialScoring,FOOTBALL_XFL_2023_4_22_DC@SA,,QBStat,115,2302038-DC-at-SA,240,1140,1140,4:00,3,,,1.0,SA,DC,0.0,3,3,3.0,3.0,Home,28,14,72.0,0,22,14,21278,,,StatusOfficial,ResultPassComplete,,,,,21935,2.0,7.0,17.0,Home,25.0,2.0,20.0,0:55, ,20301,20016,,,,,,,,,,,,,,,,,,,,,,,0,0.0,0.0,0.0,0.0,0.0
2023,FOOTBALL_XFL_2023_4_22_DC@SA,DC,8,SA,3,outdoors,248,1682197106.0,57506,2023-04-22 20:58:26.000000,EventFootballPass,1-10-SA 45 (3:23) 16 J. Coan pass to 88 A. Mack to DC 44 for 11 yards (57 A. Hines),,True,3,3,23,Half2,MaSourceTypeOfficialScoring,FOOTBALL_XFL_2023_4_22_DC@SA,,QBStat,116,2302038-DC-at-SA,203,1103,1103,3:23,3,,,1.0,SA,DC,0.0,3,3,3.0,3.0,Home,45,14,55.0,0,22,14,20699,,,StatusOfficial,ResultPassComplete,,,,,,1.0,10.0,11.0,Home,25.0,3.0,31.0,1:25, ,20301,21765,,,,,,,,,,,,,,,,,,,,,,,0,0.0,0.0,0.0,0.0,0.0
2023,FOOTBALL_XFL_2023_4_22_DC@SA,DC,8,SA,3,outdoors,250,1682197139.0,57539,2023-04-22 20:58:59.000000,EventFootballPass,1-10-DC 44 (2:56) 16 J. Coan pass to 88 A. Mack to DC 32 for 12 yards (22 T. Fuller),,True,3,2,56,Half2,MaSourceTypeOfficialScoring,FOOTBALL_XFL_2023_4_22_DC@SA,,QBStat,117,2302038-DC-at-SA,176,1076,1076,2:56,3,,,1.0,SA,DC,0.0,3,3,3.0,3.0,Visitor,44,14,44.0,0,22,14,21751,,,StatusOfficial,ResultPassComplete,,,,,,1.0,10.0,12.0,Home,25.0,4.0,43.0,1:54, ,20301,21765,,,,,,,,,,,,,,,,,,,,,,,0,0.0,0.0,0.0,0.0,0.0
2023,FOOTBALL_XFL_2023_4_22_DC@SA,DC,8,SA,3,outdoors,252,1682197174.0,57574,2023-04-22 20:59:34.000000,EventFootballPass,"1-10-DC 32 (2:25) 16 J. Coan pass to 82 L. Akers to DC 30 for 2 yards (24 A. Kelly) PENALTY on (DC) 24 A. Kelly, 15 yards",,True,3,2,25,Half2,MaSourceTypeOfficialScoring,FOOTBALL_XFL_2023_4_22_DC@SA,,QBStat,118,2302038-DC-at-SA,145,1045,1045,2:25,3,,,1.0,SA,DC,0.0,3,3,3.0,3.0,Visitor,32,14,32.0,0,22,14,20873,,,StatusOfficial,ResultPassComplete,,,,,,1.0,10.0,2.0,Home,25.0,5.0,60.0,2:26, ,20301,20016,,,,8,20873,15.0,ResultPenaltyAuto1Stdown,NA,,,,,,,,,,,,,,,0,0.0,0.0,0.0,0.0,0.0
2023,FOOTBALL_XFL_2023_4_22_DC@SA,DC,8,SA,3,outdoors,254,1682197242.0,57642,2023-04-22 21:00:42.000000,EventFootballTimeout,1-10-DC 15 (1:59) Timeout by San Antonio Brahmas at 1:59,,True,3,1,59,Half2,MaSourceTypeOfficialScoring,FOOTBALL_XFL_2023_4_22_DC@SA,,QBStat,119,2302038-DC-at-SA,119,1019,1019,1:59,3,,,1.0,SA,DC,0.0,3,3,3.0,3.0,Visitor,15,14,15.0,0,22,14,,,,StatusOfficial,,,,,,,1.0,10.0,,Home,25.0,5.0,60.0,2:44, ,,,,,,,,,,,,,,,,,,3,,,,,,,0,0.0,0.0,0.0,0.0,0.0
2023,FOOTBALL_XFL_2023_4_22_DC@SA,DC,8,SA,3,outdoors,256,1682197321.0,57721,2023-04-22 21:02:01.000000,EventFootballRush,1-10-DC 15 (1:55) 16 J. Coan rush to DC 12 for 3 yards (99 J. Wallace),,True,3,1,55,Half2,MaSourceTypeOfficialScoring,FOOTBALL_XFL_2023_4_22_DC@SA,,QBStat,120,2302038-DC-at-SA,115,1015,1015,1:55,3,,,1.0,SA,DC,0.0,3,2,2.0,2.0,Visitor,15,14,15.0,0,22,14,21623,,,StatusOfficial,,,,,20301,,1.0,10.0,3.0,Home,25.0,6.0,63.0,2:56, ,,,,,,,,,,,,,,,,,,,,,,,,,0,0.0,0.0,0.0,0.0,0.0
2023,FOOTBALL_XFL_2023_4_22_DC@SA,DC,8,SA,3,outdoors,258,1682197357.0,57757,2023-04-22 21:02:37.000000,EventFootballPass,2-7-DC 12 (1:18) 16 J. Coan pass incomplete to 18 T. Vasher Pass Defended by 24 A. Kelly,,True,3,1,18,Half2,MaSourceTypeOfficialScoring,FOOTBALL_XFL_2023_4_22_DC@SA,,QBStat,121,2302038-DC-at-SA,78,978,978,1:18,3,,,1.0,SA,DC,0.0,3,2,2.0,2.0,Visitor,12,14,12.0,0,22,14,,,,StatusOfficial,ResultPassIncomplete,,,,,,2.0,7.0,,Home,25.0,7.0,63.0,3:35, ,20301,21898,,,20873,,,,,,,,,,,,,,,,,,,,0,0.0,0.0,0.0,0.0,0.0
2023,FOOTBALL_XFL_2023_4_22_DC@SA,DC,8,SA,3,outdoors,260,1682197404.0,57804,2023-04-22 21:03:24.000000,EventFootballPass,3-7-DC 12 (0:40) 16 J. Coan pass to 13 N. Holley to DC 1 for 11 yards (57 A. Hines),,True,3,0,40,Half2,MaSourceTypeOfficialScoring,FOOTBALL_XFL_2023_4_22_DC@SA,,QBStat,122,2302038-DC-at-SA,40,940,940,0:40,3,,,1.0,SA,DC,0.0,3,2,2.0,2.0,Visitor,12,14,12.0,0,22,14,20699,,,StatusOfficial,ResultPassComplete,,,,,,3.0,7.0,11.0,Home,25.0,8.0,74.0,4:11, ,20301,20707,,,,,,,,,,,,,,,,,,,,,,,0,0.0,0.0,0.0,0.0,0.0
2023,FOOTBALL_XFL_2023_4_22_DC@SA,DC,8,SA,3,outdoors,262,1682197439.0,57839,2023-04-22 21:03:59.000000,EventFootballRush,"1-1-DC 1 (0:06) 31 J. Hilliman rush for 1 yard, TOUCHDOWN",,True,3,0,6,Half2,MaSourceTypeOfficialScoring,FOOTBALL_XFL_2023_4_22_DC@SA,,QBStat,123,2302038-DC-at-SA,6,906,906,0:06,3,,,1.0,SA,DC,0.0,3,2,2.0,2.0,Visitor,1,14,1.0,0,22,14,,,,StatusOfficial,,,,,20697,,1.0,1.0,1.0,Home,25.0,9.0,75.0,4:37,TD,,,ScoreTypeTd,,,,,,,,,,,,,,,,,,,,,,0,0.0,1.0,0.0,0.0,1.0
2023,FOOTBALL_XFL_2023_4_22_DC@SA,DC,8,SA,3,outdoors,264,1682197477.0,57877,2023-04-22 21:04:37.000000,EventFootballPat2PtPass,FROM DC 5 (0:06) 16 J. Coan 2-pt conversion pass to 18 T. Vasher NO GOOD,,True,3,0,6,Half2,MaSourceTypeOfficialScoring,FOOTBALL_XFL_2023_4_22_DC@SA,,QBStat,124,2302038-DC-at-SA,6,906,906,0:06,3,,,1.0,SA,DC,0.0,3,2,2.0,2.0,Visitor,5,14,5.0,0,22,20,,,,StatusOfficial,ResultPassIncomplete,,,,,,,,,,,,,,,20301,21898,,2.0,,,,,,,,,,,,,,,,,,,,,0,0.0,0.0,0.0,0.0,0.0
2023,FOOTBALL_XFL_2023_4_22_DC@SA,DC,8,SA,3,outdoors,266,1682197566.0,57966,2023-04-22 21:06:06.000000,EventFootballKickoff,"FROM SA 30 (0:04) 23 P. Romo kicks from SA 30. 13 P. Williams to DC 33 for 30 yards (3 B. Davis, 44 M. Scott)",,True,3,0,4,Half2,MaSourceTypeOfficialScoring,FOOTBALL_XFL_2023_4_22_DC@SA,,QBStat,125,2302038-DC-at-SA,4,904,904,0:04,8,,,0.0,DC,SA,0.0,3,2,3.0,3.0,Home,30,15,30.0,0,22,20,20362,21775,21685,StatusOfficial,ResultKickReturned,30.0,Visitor,33.0,,22726,,,,,,,,,,,,,,,,,,,,,,,,,,,,,,,,,,0,0.0,0.0,0.0,0.0,0.0
2023,FOOTBALL_XFL_2023_4_22_DC@SA,DC,8,SA,3,outdoors,269,1682197805.0,58205,2023-04-22 21:10:05.000000,EventFootballPass,1-10-DC 33 (14:57) 10 J. Ta'amu pass incomplete to 1 C. Blair Pass Defended by 40 R. Jeffers,,True,4,14,57,Half2,MaSourceTypeOfficialScoring,FOOTBALL_XFL_2023_4_22_DC@SA,,QBStat,126,2302038-DC-at-SA,897,897,897,14:57,8,,,0.0,DC,SA,0.0,3,2,3.0,3.0,Visitor,33,15,67.0,0,22,20,,,,StatusOfficial,ResultPassIncomplete,,,,,,1.0,10.0,,Visitor,33.0,1.0,,0:19, ,22296,20133,,,20785,,,,,,,,,,,,,,,,,,,,0,0.0,0.0,0.0,0.0,0.0
2023,FOOTBALL_XFL_2023_4_22_DC@SA,DC,8,SA,3,outdoors,271,1682197835.0,58235,2023-04-22 21:10:35.000000,EventFootballPass,2-10-DC 33 (14:32) 10 J. Ta'amu pass incomplete to 82 E. Wolf,,True,4,14,32,Half2,MaSourceTypeOfficialScoring,FOOTBALL_XFL_2023_4_22_DC@SA,,QBStat,127,2302038-DC-at-SA,872,872,872,14:32,8,,,0.0,DC,SA,0.0,3,2,3.0,3.0,Visitor,33,15,67.0,0,22,20,,,,StatusOfficial,ResultPassIncomplete,,,,,,2.0,10.0,,Visitor,33.0,2.0,,0:35, ,22296,21711,,,,,,,,,,,,,,,,,,,,,,,0,0.0,0.0,0.0,0.0,0.0
2023,FOOTBALL_XFL_2023_4_22_DC@SA,DC,8,SA,3,outdoors,273,1682197867.0,58267,2023-04-22 21:11:07.000000,EventFootballRush,"3-10-DC 33 (14:04) 10 J. Ta'amu rush to DC 44 for 11 yards (33 D. Beesley, 15 J. Williams)",,True,4,14,4,Half2,MaSourceTypeOfficialScoring,FOOTBALL_XFL_2023_4_22_DC@SA,,QBStat,128,2302038-DC-at-SA,844,844,844,14:04,8,,,0.0,DC,SA,0.0,3,2,3.0,3.0,Visitor,33,15,67.0,0,22,20,21740,,,StatusOfficial,,,,,22296,21974,3.0,10.0,11.0,Visitor,33.0,3.0,11.0,1:13, ,,,,,,,,,,,,,,,,,,,,,,,,,0,0.0,0.0,0.0,0.0,0.0
2023,FOOTBALL_XFL_2023_4_22_DC@SA,DC,8,SA,3,outdoors,275,1682197903.0,58303,2023-04-22 21:11:43.000000,EventFootballRush,"1-10-DC 44 (13:28) 4 A. Smith rush to DC 47 for 3 yards (40 R. Jeffers, 15 J. Williams)",,True,4,13,28,Half2,MaSourceTypeOfficialScoring,FOOTBALL_XFL_2023_4_22_DC@SA,,QBStat,129,2302038-DC-at-SA,808,808,808,13:28,8,,,0.0,DC,SA,0.0,3,2,3.0,3.0,Visitor,44,15,56.0,0,22,20,20785,,,StatusOfficial,,,,,21427,21974,1.0,10.0,3.0,Visitor,33.0,4.0,14.0,1:46, ,,,,,,,,,,,,,,,,,,,,,,,,,0,0.0,0.0,0.0,0.0,0.0
2023,FOOTBALL_XFL_2023_4_22_DC@SA,DC,8,SA,3,outdoors,277,1682197929.0,58329,2023-04-22 21:12:09.000000,EventFootballRush,2-7-DC 47 (13:02) 4 A. Smith rush to SA 43 for 10 yards (21 S. Williams),,True,4,13,2,Half2,MaSourceTypeOfficialScoring,FOOTBALL_XFL_2023_4_22_DC@SA,,QBStat,130,2302038-DC-at-SA,782,782,782,13:02,8,,,0.0,DC,SA,0.0,3,2,3.0,3.0,Visitor,47,15,53.0,0,22,20,22819,,,StatusOfficial,,,,,21427,,2.0,7.0,10.0,Visitor,33.0,5.0,24.0,2:18, ,,,,,,,,,,,,,,,,,,,,,,,,,0,0.0,0.0,0.0,0.0,0.0
2023,FOOTBALL_XFL_2023_4_22_DC@SA,DC,8,SA,3,outdoors,279,1682197964.0,58364,2023-04-22 21:12:44.000000,EventFootballRush,"1-10-SA 43 (12:27) 10 J. Ta'amu rush to SA 44 for -1 yards (40 R. Jeffers, 44 M. Scott)",,True,4,12,27,Half2,MaSourceTypeOfficialScoring,FOOTBALL_XFL_2023_4_22_DC@SA,,QBStat,131,2302038-DC-at-SA,747,747,747,12:27,8,,,0.0,DC,SA,0.0,3,2,3.0,3.0,Home,43,15,43.0,0,22,20,20785,,,StatusOfficial,,,,,22296,22726,1.0,10.0,-1.0,Visitor,33.0,6.0,23.0,2:46, ,,,,,,,,,,,,,,,,,,,,,,,,,0,0.0,0.0,0.0,0.0,0.0
2023,FOOTBALL_XFL_2023_4_22_DC@SA,DC,8,SA,3,outdoors,281,1682198037.0,58437,2023-04-22 21:13:57.000000,EventFootballPass,"2-11-SA 44 (11:42) 10 J. Ta'amu pass to 11 L. Jackson to SA 40 for 4 yards Fumbled by 11 L. Jackson,  Forced by 1 L. Barcoo Recovered by 1 L. Barcoo Fumbled by 1 L. Barcoo,  Forced by 82 E. Wolf Recovered by 5 T. Adewusi",,True,4,11,42,Half2,MaSourceTypeOfficialScoring,FOOTBALL_XFL_2023_4_22_DC@SA,,QBStat,132,2302038-DC-at-SA,702,702,702,11:42,8,,,0.0,DC,SA,0.0,3,2,3.0,3.0,Home,44,15,44.0,0,22,20,,,,StatusOfficial,ResultPassComplete,,Home,37.0,,,2.0,11.0,4.0,Visitor,33.0,7.0,30.0,3:24,FUMBLE,22296,20766,,,,,,,,,,,,,,,,,,3,20087,3,20008,21711,0,0.0,0.0,0.0,0.0,0.0
2023,FOOTBALL_XFL_2023_4_22_DC@SA,DC,8,SA,3,outdoors,283,1682198217.0,58617,2023-04-22 21:16:57.000000,EventFootballPass,1-10-SA 37 (11:39) 16 J. Coan pass to 18 T. Vasher to Midfield for 13 yards (22 T. Fuller),,True,4,11,39,Half2,MaSourceTypeOfficialScoring,FOOTBALL_XFL_2023_4_22_DC@SA,,QBStat,133,2302038-DC-at-SA,699,699,699,11:39,3,,,1.0,SA,DC,0.0,3,2,2.0,2.0,Home,37,16,63.0,0,22,20,21751,,,StatusOfficial,ResultPassComplete,,,,,,1.0,10.0,13.0,Home,37.0,1.0,13.0,0:10, ,20301,21898,,,,,,,,,,,,,,,,,,,,,,,0,0.0,0.0,0.0,0.0,0.0
2023,FOOTBALL_XFL_2023_4_22_DC@SA,DC,8,SA,3,outdoors,285,1682198249.0,58649,2023-04-22 21:17:29.000000,EventFootballPass,1-10-Midfield (11:07) 16 J. Coan pass to 84 D. Yelder to DC 43 for 7 yards (5 R. Northrup),,True,4,11,7,Half2,MaSourceTypeOfficialScoring,FOOTBALL_XFL_2023_4_22_DC@SA,,QBStat,134,2302038-DC-at-SA,667,667,667,11:07,3,,,1.0,SA,DC,0.0,3,2,2.0,2.0,Home,50,16,50.0,0,22,20,21148,,,StatusOfficial,ResultPassComplete,,,,,,1.0,10.0,7.0,Home,37.0,2.0,20.0,0:45, ,20301,22022,,,,,,,,,,,,,,,,,,,,,,,0,0.0,0.0,0.0,0.0,0.0
2023,FOOTBALL_XFL_2023_4_22_DC@SA,DC,8,SA,3,outdoors,287,1682198281.0,58681,2023-04-22 21:18:01.000000,EventFootballPass,2-3-DC 43 (10:36) 16 J. Coan pass to 84 D. Yelder to DC 35 for 8 yards (5 R. Northrup),,True,4,10,36,Half2,MaSourceTypeOfficialScoring,FOOTBALL_XFL_2023_4_22_DC@SA,,QBStat,135,2302038-DC-at-SA,636,636,636,10:36,3,,,1.0,SA,DC,0.0,3,2,2.0,2.0,Visitor,43,16,43.0,0,22,20,21148,,,StatusOfficial,ResultPassComplete,,,,,,2.0,3.0,8.0,Home,37.0,3.0,28.0,1:17, ,20301,22022,,,,,,,,,,,,,,,,,,,,,,,0,0.0,0.0,0.0,0.0,0.0
2023,FOOTBALL_XFL_2023_4_22_DC@SA,DC,8,SA,3,outdoors,289,1682198318.0,58718,2023-04-22 21:18:38.000000,EventFootballPass,1-10-DC 35 (9:58) 16 J. Coan pass to 81 T. Toivonen to DC 30 for 5 yards (39 S. Ramirez),,True,4,9,58,Half2,MaSourceTypeOfficialScoring,FOOTBALL_XFL_2023_4_22_DC@SA,,QBStat,136,2302038-DC-at-SA,598,598,598,9:58,3,,,1.0,SA,DC,0.0,3,2,2.0,2.0,Visitor,35,16,35.0,0,22,20,21278,,,StatusOfficial,ResultPassComplete,,,,,,1.0,10.0,5.0,Home,37.0,4.0,33.0,1:53, ,20301,22891,,,,,,,,,,,,,,,,,,,,,,,0,0.0,0.0,0.0,0.0,0.0
2023,FOOTBALL_XFL_2023_4_22_DC@SA,DC,8,SA,3,outdoors,296,1682198353.0,58753,2023-04-22 21:19:13.000000,EventFootballPass,2-5-DC 30 (9:23) 16 J. Coan pass to 18 T. Vasher to DC 13 for 17 yards QB Hit by 48 A. Mintze (24 A. Kelly),,True,4,9,23,Half2,MaSourceTypeOfficialScoring,FOOTBALL_XFL_2023_4_22_DC@SA,,QBStat,137,2302038-DC-at-SA,563,563,563,9:23,3,,,1.0,SA,DC,0.0,3,2,2.0,2.0,Visitor,30,16,30.0,0,22,20,20873,,,StatusOfficial,ResultPassComplete,,,,,,2.0,5.0,17.0,Home,37.0,5.0,50.0,2:30, ,20301,21898,,,,,,,,,,,,,,,21080,,,,,,,,0,0.0,0.0,0.0,0.0,0.0
2023,FOOTBALL_XFL_2023_4_22_DC@SA,DC,8,SA,3,outdoors,293,1682198396.0,58796,2023-04-22 21:19:56.000000,EventFootballPass,1-10-DC 13 (8:42) 16 J. Coan pass incomplete to 9 J. Patrick,,True,4,8,42,Half2,MaSourceTypeOfficialScoring,FOOTBALL_XFL_2023_4_22_DC@SA,,QBStat,138,2302038-DC-at-SA,522,522,522,8:42,3,,,1.0,SA,DC,0.0,3,2,2.0,2.0,Visitor,13,16,13.0,0,22,20,,,,StatusOfficial,ResultPassIncomplete,,,,,,1.0,10.0,,Home,37.0,6.0,50.0,3:00, ,20301,21196,,,,,,,,,,,,,,,,,,,,,,,0,0.0,0.0,0.0,0.0,0.0
2023,FOOTBALL_XFL_2023_4_22_DC@SA,DC,8,SA,3,outdoors,354,1682198432.0,58832,2023-04-22 21:20:32.000000,EventFootballPass,2-10-DC 13 (8:09) 16 J. Coan pass to 13 N. Holley to DC 7 for 6 yards (24 A. Kelly),,True,4,8,9,Half2,MaSourceTypeOfficialScoring,FOOTBALL_XFL_2023_4_22_DC@SA,,QBStat,139,2302038-DC-at-SA,489,489,489,8:09,3,,,1.0,SA,DC,0.0,3,2,2.0,2.0,Visitor,13,16,13.0,0,22,20,20873,,,StatusOfficial,ResultPassComplete,,,,,,2.0,10.0,6.0,Home,37.0,7.0,56.0,3:50, ,20301,20707,,,,,,,,,,,,,,,,,,,,,,,0,0.0,0.0,0.0,0.0,0.0
2023,FOOTBALL_XFL_2023_4_22_DC@SA,DC,8,SA,3,outdoors,298,1682198572.0,58972,2023-04-22 21:22:52.000000,EventFootballPenalty,"3-4-DC 7 (7:12) PENALTY on (DC) 24 A. Kelly, 6 yards",,True,4,7,12,Half2,MaSourceTypeOfficialScoring,FOOTBALL_XFL_2023_4_22_DC@SA,,QBStat,140,2302038-DC-at-SA,432,432,432,7:12,3,,,1.0,SA,DC,0.0,3,2,2.0,2.0,Visitor,7,16,7.0,0,22,20,,,,StatusOfficial,,,,,,,3.0,4.0,,Home,37.0,7.0,62.0,4:30, ,,,,,,8,20873,6.0,ResultPenaltyAuto1Stdown,NA,,,,,,,,,,,,,,,0,0.0,0.0,0.0,0.0,0.0
2023,FOOTBALL_XFL_2023_4_22_DC@SA,DC,8,SA,3,outdoors,300,1682198630.0,59030,2023-04-22 21:23:50.000000,EventFootballRush,"1-1-DC 1 (6:57) 9 J. Patrick rush to DC 4 for -3 yards (99 J. Wallace, 17 D. Bellamy)",,True,4,6,57,Half2,MaSourceTypeOfficialScoring,FOOTBALL_XFL_2023_4_22_DC@SA,,QBStat,141,2302038-DC-at-SA,417,417,417,6:57,3,,,1.0,SA,DC,0.0,3,2,2.0,2.0,Visitor,1,16,1.0,0,22,20,21623,,,StatusOfficial,,,,,21196,22416,1.0,1.0,-3.0,Home,37.0,8.0,59.0,4:49, ,,,,,,,,,,,,,,,,,,,,,,,,,0,0.0,0.0,0.0,0.0,0.0
2023,FOOTBALL_XFL_2023_4_22_DC@SA,DC,8,SA,3,outdoors,302,1682198676.0,59076,2023-04-22 21:24:36.000000,EventFootballPass,2-4-DC 4 (6:12) 16 J. Coan pass incomplete to 18 T. Vasher,,True,4,6,12,Half2,MaSourceTypeOfficialScoring,FOOTBALL_XFL_2023_4_22_DC@SA,,QBStat,142,2302038-DC-at-SA,372,372,372,6:12,3,,,1.0,SA,DC,0.0,3,2,2.0,2.0,Visitor,4,16,4.0,0,22,20,,,,StatusOfficial,ResultPassIncomplete,,,,,,2.0,4.0,,Home,37.0,9.0,59.0,5:30, ,20301,21898,,,,,,,,,,,,,,,,,,,,,,,0,0.0,0.0,0.0,0.0,0.0
2023,FOOTBALL_XFL_2023_4_22_DC@SA,DC,8,SA,3,outdoors,304,1682198727.0,59127,2023-04-22 21:25:27.000000,EventFootballPenalty,"3-4-DC 4 (5:39) PENALTY on (DC) 17 D. Bellamy, 2 yards",,True,4,5,39,Half2,MaSourceTypeOfficialScoring,FOOTBALL_XFL_2023_4_22_DC@SA,,QBStat,143,2302038-DC-at-SA,339,339,339,5:39,3,,,1.0,SA,DC,0.0,3,2,2.0,2.0,Visitor,4,16,4.0,0,22,20,,,,StatusOfficial,,,,,,,3.0,4.0,,Home,37.0,9.0,61.0,6:03, ,,,,,,8,22416,2.0,ResultPenaltyRepeatdown,NA,,,,,,,,,,,,,,,0,0.0,0.0,0.0,0.0,0.0
2023,FOOTBALL_XFL_2023_4_22_DC@SA,DC,8,SA,3,outdoors,306,1682198763.0,59163,2023-04-22 21:26:03.000000,EventFootballRush,"3-2-DC 2 (5:16) 9 J. Patrick rush for 2 yards, TOUCHDOWN",,True,4,5,16,Half2,MaSourceTypeOfficialScoring,FOOTBALL_XFL_2023_4_22_DC@SA,,QBStat,144,2302038-DC-at-SA,316,316,316,5:16,3,,,1.0,SA,DC,0.0,3,2,2.0,2.0,Visitor,2,16,2.0,0,22,20,,,,StatusOfficial,,,,,21196,,3.0,2.0,2.0,Home,37.0,10.0,63.0,6:27,TD,,,ScoreTypeTd,,,,,,,,,,,,,,,,,,,,,,0,0.0,1.0,0.0,0.0,1.0
2023,FOOTBALL_XFL_2023_4_22_DC@SA,DC,8,SA,3,outdoors,308,1682198784.0,59184,2023-04-22 21:26:24.000000,EventFootballPat2PtPass,FROM DC 5 (5:15) 16 J. Coan 2-pt conversion pass to 31 J. Hilliman GOOD,,True,4,5,15,Half2,MaSourceTypeOfficialScoring,FOOTBALL_XFL_2023_4_22_DC@SA,,QBStat,145,2302038-DC-at-SA,315,315,315,5:15,3,,,1.0,SA,DC,0.0,3,2,2.0,2.0,Visitor,5,16,5.0,0,22,26,,,,StatusOfficial,ResultPassComplete,,,,,,,,5.0,,,,,,,20301,20697,ScoreTypeConv,2.0,,,,,,,,,,,,,,,,,,,,,0,0.0,0.0,0.0,0.0,0.0
2023,FOOTBALL_XFL_2023_4_22_DC@SA,DC,8,SA,3,outdoors,310,1682199053.0,59453,2023-04-22 21:30:53.000000,EventFootballKickoff,"FROM SA 30 (5:13) 23 P. Romo kicks from SA 30. 13 P. Williams to DC 31 for 13 yards (55 D. Downey, 27 T. Hanks)",,True,4,5,13,Half2,MaSourceTypeOfficialScoring,FOOTBALL_XFL_2023_4_22_DC@SA,,QBStat,146,2302038-DC-at-SA,313,313,313,5:13,8,,,0.0,DC,SA,0.0,3,2,3.0,3.0,Home,30,17,30.0,0,22,28,20410,21775,21685,StatusOfficial,ResultKickReturned,13.0,Visitor,31.0,,22534,,,,,,,,,,,,,,,,,,,,,,,,,,,,,,,,,,0,0.0,0.0,0.0,0.0,0.0
2023,FOOTBALL_XFL_2023_4_22_DC@SA,DC,8,SA,3,outdoors,312,1682199135.0,59535,2023-04-22 21:32:15.000000,EventFootballPass,1-10-DC 31 (5:10) 10 J. Ta'amu pass to 4 A. Smith to DC 31 for 0 yards (15 J. Williams),,True,4,5,10,Half2,MaSourceTypeOfficialScoring,FOOTBALL_XFL_2023_4_22_DC@SA,,QBStat,147,2302038-DC-at-SA,310,310,310,5:10,8,,,0.0,DC,SA,0.0,3,2,3.0,3.0,Visitor,31,17,69.0,0,22,28,21974,,,StatusOfficial,ResultPassComplete,,,,,,1.0,10.0,0.0,Visitor,31.0,1.0,,0:18, ,22296,21427,,,,,,,,,,,,,,,,,,,,,,,0,0.0,0.0,0.0,0.0,0.0
2023,FOOTBALL_XFL_2023_4_22_DC@SA,DC,8,SA,3,outdoors,314,1682199166.0,59566,2023-04-22 21:32:46.000000,EventFootballPass,"2-10-DC 31 (4:39) 10 J. Ta'amu pass to 16 B. Smith to SA 49 for 20 yards (21 S. Williams, 15 J. Williams)",,True,4,4,39,Half2,MaSourceTypeOfficialScoring,FOOTBALL_XFL_2023_4_22_DC@SA,,QBStat,148,2302038-DC-at-SA,279,279,279,4:39,8,,,0.0,DC,SA,0.0,3,2,3.0,3.0,Visitor,31,17,69.0,0,22,28,22819,,,StatusOfficial,ResultPassComplete,,,,,21974,2.0,10.0,20.0,Visitor,31.0,2.0,20.0,0:51, ,22296,22889,,,,,,,,,,,,,,,,,,,,,,,0,0.0,0.0,0.0,0.0,0.0
2023,FOOTBALL_XFL_2023_4_22_DC@SA,DC,8,SA,3,outdoors,316,1682199206.0,59606,2023-04-22 21:33:26.000000,EventFootballPenalty,"1-10-SA 49 (4:14) PENALTY on (SA) 90 M. Gotel, 5 yards",,True,4,4,14,Half2,MaSourceTypeOfficialScoring,FOOTBALL_XFL_2023_4_22_DC@SA,,QBStat,149,2302038-DC-at-SA,254,254,254,4:14,8,,,0.0,DC,SA,0.0,3,2,3.0,3.0,Home,49,17,49.0,0,22,28,,,,StatusOfficial,,,,,,,1.0,10.0,,Visitor,31.0,2.0,25.0,1:01, ,,,,,,3,20567,5.0,ResultPenaltyRepeatdown,NA,,,,,,,,,,,,,,,0,0.0,0.0,0.0,0.0,0.0
2023,FOOTBALL_XFL_2023_4_22_DC@SA,DC,8,SA,3,outdoors,318,1682199244.0,59644,2023-04-22 21:34:04.000000,EventFootballRush,"1-5-SA 44 (3:52) 10 J. Ta'amu rush to SA 31 for 13 yards (8 K. Kelly, 22 R. Texada)",,True,4,3,52,Half2,MaSourceTypeOfficialScoring,FOOTBALL_XFL_2023_4_22_DC@SA,,QBStat,150,2302038-DC-at-SA,232,232,232,3:52,8,,,0.0,DC,SA,0.0,3,2,3.0,3.0,Home,44,17,44.0,0,22,28,22884,,,StatusOfficial,,,,,22296,22376,1.0,5.0,13.0,Visitor,31.0,3.0,38.0,1:33, ,,,,,,,,,,,,,,,,,,,,,,,,,0,0.0,0.0,0.0,0.0,0.0
2023,FOOTBALL_XFL_2023_4_22_DC@SA,DC,8,SA,3,outdoors,320,1682199285.0,59685,2023-04-22 21:34:45.000000,EventFootballPass,1-10-SA 31 (3:11) 10 J. Ta'amu pass to 8 J. Ferguson to SA 4 for 27 yards (20 K. Siverand),,True,4,3,11,Half2,MaSourceTypeOfficialScoring,FOOTBALL_XFL_2023_4_22_DC@SA,,QBStat,151,2302038-DC-at-SA,191,191,191,3:11,8,,,0.0,DC,SA,0.0,3,2,3.0,3.0,Home,31,17,31.0,0,22,28,21419,,,StatusOfficial,ResultPassComplete,,,,,,1.0,10.0,27.0,Visitor,31.0,4.0,65.0,2:16, ,22296,20474,,,,,,,,,,,,,,,,,,,,,,,0,0.0,0.0,0.0,0.0,0.0
2023,FOOTBALL_XFL_2023_4_22_DC@SA,DC,8,SA,3,outdoors,322,1682199328.0,59728,2023-04-22 21:35:28.000000,EventFootballTimeout,1-4-SA 4 (2:35) Timeout by D.C. Defenders at 2:35,,True,4,2,35,Half2,MaSourceTypeOfficialScoring,FOOTBALL_XFL_2023_4_22_DC@SA,,QBStat,152,2302038-DC-at-SA,155,155,155,2:35,8,,,0.0,DC,SA,0.0,3,2,3.0,3.0,Home,4,17,4.0,0,22,28,,,,StatusOfficial,,,,,,,1.0,4.0,,Visitor,31.0,4.0,65.0,2:40, ,,,,,,,,,,,,,,,,,,8,,,,,,,0,0.0,0.0,0.0,0.0,0.0
2023,FOOTBALL_XFL_2023_4_22_DC@SA,DC,8,SA,3,outdoors,324,1682199398.0,59798,2023-04-22 21:36:38.000000,EventFootballRush,"1-4-SA 4 (2:32) 10 J. Ta'amu rush for 4 yards, TOUCHDOWN",,True,4,2,32,Half2,MaSourceTypeOfficialScoring,FOOTBALL_XFL_2023_4_22_DC@SA,,QBStat,153,2302038-DC-at-SA,152,152,152,2:32,8,,,0.0,DC,SA,0.0,2,2,2.0,2.0,Home,4,17,4.0,0,22,28,,,,StatusOfficial,,,,,22296,,1.0,4.0,4.0,Visitor,31.0,5.0,69.0,2:43,TD,,,ScoreTypeTd,,,,,,,,,,,,,,,,,,,,,,0,0.0,1.0,0.0,0.0,1.0
2023,FOOTBALL_XFL_2023_4_22_DC@SA,DC,8,SA,3,outdoors,326,1682199447.0,59847,2023-04-22 21:37:27.000000,EventFootballTimeout,FROM SA 5 (2:32) Timeout by D.C. Defenders at 2:32,,True,4,2,32,Half2,MaSourceTypeOfficialScoring,FOOTBALL_XFL_2023_4_22_DC@SA,,QBStat,154,2302038-DC-at-SA,152,152,152,2:32,8,,,0.0,DC,SA,0.0,2,2,2.0,2.0,Home,5,17,5.0,0,28,28,,,,StatusOfficial,,,,,,,,,,Visitor,31.0,5.0,64.0,2:43,TD,,,,,,,,,,,,,,,,,,8,,,,,,,0,0.0,0.0,0.0,0.0,0.0
2023,FOOTBALL_XFL_2023_4_22_DC@SA,DC,8,SA,3,outdoors,328,1682199497.0,59897,2023-04-22 21:38:17.000000,EventFootballPat1PtRush,FROM SA 2 (2:32) 10 J. Ta'amu 1-pt conversion rush attempt GOOD,,True,4,2,32,Half2,MaSourceTypeOfficialScoring,FOOTBALL_XFL_2023_4_22_DC@SA,,QBStat,155,2302038-DC-at-SA,152,152,152,2:32,8,,,0.0,DC,SA,0.0,1,2,1.0,1.0,Home,2,17,2.0,0,28,28,,,,StatusOfficial,,,,,22296,,,,2.0,,,,,,,,,ScoreTypeConv,1.0,,,,,,,,,,,,,,,,,,,,,0,0.0,0.0,0.0,0.0,0.0
2023,FOOTBALL_XFL_2023_4_22_DC@SA,DC,8,SA,3,outdoors,330,1682199652.0,60052,2023-04-22 21:40:52.000000,EventFootballKickoff,FROM DC 30 (2:30) 34 M. McCrane kicks from DC 30. 6 F. Brown to SA 48 for 41 yards (34 M. McCrane),,True,4,2,30,Half2,MaSourceTypeOfficialScoring,FOOTBALL_XFL_2023_4_22_DC@SA,,QBStat,156,2302038-DC-at-SA,150,150,150,2:30,3,,,1.0,SA,DC,0.0,1,2,2.0,2.0,Visitor,30,18,30.0,0,29,28,21028,21028,20203,StatusOfficial,ResultKickReturned,41.0,Home,48.0,,,,,,,,,,,,,,,,,,,,,,,,,,,,,,,,,,,,0,0.0,0.0,0.0,0.0,0.0
2023,FOOTBALL_XFL_2023_4_22_DC@SA,DC,8,SA,3,outdoors,333,1682199696.0,60096,2023-04-22 21:41:36.000000,EventFootballPass,1-10-SA 48 (2:24) 16 J. Coan pass to 18 T. Vasher to DC 44 for 8 yards (24 A. Kelly),,True,4,2,24,Half2,MaSourceTypeOfficialScoring,FOOTBALL_XFL_2023_4_22_DC@SA,,QBStat,157,2302038-DC-at-SA,144,144,144,2:24,3,,,1.0,SA,DC,0.0,1,2,2.0,2.0,Home,48,18,52.0,0,29,28,20873,,,StatusOfficial,ResultPassComplete,,,,,,1.0,10.0,8.0,Home,48.0,1.0,8.0,0:23, ,20301,21898,,,,,,,,,,,,,,,,,,,,,,,0,0.0,0.0,0.0,0.0,0.0
2023,FOOTBALL_XFL_2023_4_22_DC@SA,DC,8,SA,3,outdoors,335,1682199917.0,60317,2023-04-22 21:45:17.000000,EventFootballRush,"2-2-DC 44 (1:57) 9 J. Patrick rush to DC 39 for 5 yards (48 A. Mintze, 6 F. Brown)",,True,4,1,57,Half2,MaSourceTypeOfficialScoring,FOOTBALL_XFL_2023_4_22_DC@SA,,QBStat,158,2302038-DC-at-SA,117,117,117,1:57,3,,,1.0,SA,DC,0.0,1,2,2.0,2.0,Visitor,44,18,44.0,0,29,28,21080,,,StatusOfficial,,,,,21196,20201,2.0,2.0,5.0,Home,48.0,2.0,13.0,0:38, ,,,,,,,,,,,,,,,,,,,,,,,,,0,0.0,0.0,0.0,0.0,0.0
2023,FOOTBALL_XFL_2023_4_22_DC@SA,DC,8,SA,3,outdoors,337,1682199957.0,60357,2023-04-22 21:45:57.000000,EventFootballPass,1-10-DC 39 (1:25) 16 J. Coan pass incomplete to 9 J. Patrick,,True,4,1,25,Half2,MaSourceTypeOfficialScoring,FOOTBALL_XFL_2023_4_22_DC@SA,,QBStat,159,2302038-DC-at-SA,85,85,85,1:25,3,,,1.0,SA,DC,0.0,1,2,2.0,2.0,Visitor,39,18,39.0,0,29,28,,,,StatusOfficial,ResultPassIncomplete,,,,,,1.0,10.0,,Home,48.0,3.0,13.0,1:07, ,20301,21196,,,,,,,,,,,,,,,,,,,,,,,0,0.0,0.0,0.0,0.0,0.0
2023,FOOTBALL_XFL_2023_4_22_DC@SA,DC,8,SA,3,outdoors,339,1682199995.0,60395,2023-04-22 21:46:35.000000,EventFootballPass,"2-10-DC 39 (1:23) 16 J. Coan pass to 9 J. Patrick to DC 35 for 4 yards (39 S. Ramirez, 57 A. Hines)",,True,4,1,23,Half2,MaSourceTypeOfficialScoring,FOOTBALL_XFL_2023_4_22_DC@SA,,QBStat,160,2302038-DC-at-SA,83,83,83,1:23,3,,,1.0,SA,DC,0.0,1,2,2.0,2.0,Visitor,39,18,39.0,0,29,28,21278,,,StatusOfficial,ResultPassComplete,,,,,20699,2.0,10.0,4.0,Home,48.0,4.0,17.0,1:17, ,20301,21196,,,,,,,,,,,,,,,,,,,,,,,0,0.0,0.0,0.0,0.0,0.0
2023,FOOTBALL_XFL_2023_4_22_DC@SA,DC,8,SA,3,outdoors,341,1682200039.0,60439,2023-04-22 21:47:19.000000,EventFootballTimeout,3-6-DC 35 (0:44) Timeout by San Antonio Brahmas at 0:44,,True,4,0,44,Half2,MaSourceTypeOfficialScoring,FOOTBALL_XFL_2023_4_22_DC@SA,,QBStat,161,2302038-DC-at-SA,44,44,44,0:44,3,,,1.0,SA,DC,0.0,1,2,2.0,2.0,Visitor,35,18,35.0,0,29,28,,,,StatusOfficial,,,,,,,3.0,6.0,,Home,48.0,4.0,17.0,1:48, ,,,,,,,,,,,,,,,,,,3,,,,,,,0,0.0,0.0,0.0,0.0,0.0
2023,FOOTBALL_XFL_2023_4_22_DC@SA,DC,8,SA,3,outdoors,344,1682200110.0,60510,2023-04-22 21:48:30.000000,EventFootballPass,3-6-DC 35 (0:37) 16 J. Coan pass incomplete to 18 T. Vasher QB Hit by 48 A. Mintze,,True,4,0,37,Half2,MaSourceTypeOfficialScoring,FOOTBALL_XFL_2023_4_22_DC@SA,,QBStat,162,2302038-DC-at-SA,37,37,37,0:37,3,,,1.0,SA,DC,0.0,1,1,1.0,1.0,Visitor,35,18,35.0,0,29,28,,,,StatusOfficial,ResultPassIncomplete,,,,,,3.0,6.0,,Home,48.0,5.0,17.0,1:55, ,20301,21898,,,,,,,,,,,,,,,21080,,,,,,,,0,0.0,0.0,0.0,0.0,0.0
2023,FOOTBALL_XFL_2023_4_22_DC@SA,DC,8,SA,3,outdoors,346,1682200157.0,60557,2023-04-22 21:49:17.000000,EventFootballTimeout,4-6-DC 35 (0:37) Timeout by D.C. Defenders at 0:37,,True,4,0,37,Half2,MaSourceTypeOfficialScoring,FOOTBALL_XFL_2023_4_22_DC@SA,,QBStat,163,2302038-DC-at-SA,37,37,37,0:37,3,,,1.0,SA,DC,0.0,1,1,1.0,1.0,Visitor,35,18,35.0,0,29,28,,,,StatusOfficial,,,,,,,4.0,6.0,,Home,48.0,5.0,17.0,1:55, ,,,,,,,,,,,,,,,,,,8,,,,,,,0,0.0,0.0,0.0,0.0,0.0
2023,FOOTBALL_XFL_2023_4_22_DC@SA,DC,8,SA,3,outdoors,348,1682200223.0,60623,2023-04-22 21:50:23.000000,EventFootballFg,4-6-DC 35 (0:32) 23 P. Romo 53 yard field goal is NO GOOD,,True,4,0,32,Half2,MaSourceTypeOfficialScoring,FOOTBALL_XFL_2023_4_22_DC@SA,,QBStat,164,2302038-DC-at-SA,32,32,32,0:32,3,,,1.0,SA,DC,0.0,0,1,1.0,1.0,Visitor,35,18,35.0,0,29,28,,21775,,StatusOfficial,ResultKickMissed,,,,,,4.0,6.0,53.0,Home,48.0,6.0,17.0,2:00,MISSED FG,,,,,,,,,,,,,,,,,,,,,,,,,0,0.0,0.0,0.0,0.0,0.0
2023,FOOTBALL_XFL_2023_4_22_DC@SA,DC,8,SA,3,outdoors,351,1682200264.0,60664,2023-04-22 21:51:04.000000,EventFootballRush,1-10-DC 43 (0:32) 10 J. Ta'amu rush to DC 42 for -1 yards,,True,4,0,32,Half2,MaSourceTypeOfficialScoring,FOOTBALL_XFL_2023_4_22_DC@SA,,QBStat,165,2302038-DC-at-SA,32,32,32,0:32,8,,,0.0,DC,SA,0.0,0,1,0.0,0.0,Visitor,43,19,57.0,0,29,28,,,,StatusOfficial,,,,,22296,,1.0,10.0,-1.0,Visitor,43.0,1.0,-1.0,0:32,HALF,,,,,,,,,,,,,,,,,,,,,,,,,0,0.0,0.0,0.0,0.0,0.0
2023,FOOTBALL_XFL_2023_4_22_DC@SA,DC,8,SA,3,outdoors,352,1682200354.5454593,,2023-04-22 21:52:34.545459,EventEnd,Game End Marker,,True,4,0,0,Half2,MaSourceTypeOfficialScoring,FOOTBALL_XFL_2023_4_22_DC@SA,,QBStat,10020,2302038-DC-at-SA,0,0,0,0:00,8,,,0.0,DC,SA,0.0,0,1,0.0,0.0,Visitor,42,19,58.0,0,29,28,,,,,,,,,,,2.0,11.0,,,,,,,,,,,,,,,,,,,,,,,,,,,,,,,,0,0.0,0.0,0.0,0.0,0.0
2023,FOOTBALL_XFL_2023_4_22_DC@SA,DC,8,SA,3,outdoors,355,1682200728.2545204,,2023-04-22 21:58:48.254520,EventOfficial,Game Official Marker,,True,4,0,0,Half2,MaSourceTypeOfficialScoring,FOOTBALL_XFL_2023_4_22_DC@SA,,QBStat,10025,2302038-DC-at-SA,0,0,0,0:00,8,,,0.0,DC,SA,0.0,0,1,0.0,0.0,Visitor,42,19,58.0,0,29,28,,,,,,,,,,,2.0,11.0,,,,,,,,,,,,,,,,,,,,,,,,,,,,,,,,0,0.0,0.0,0.0,0.0,0.0
