season,game_id,away_team_abv,away_team,home_team_abv,home_team,roof,MarkerId,MarkerUTC,MarkerLTC,play_date_time,play_type,desc,comments,IsOfficial,qtr,ClockMinutes,ClockSeconds,game_half,SourceType,EventId,SituationCode,SourceId,SourceNativeMarkerId,OfficialCode,quarter_seconds_remaining,half_seconds_remaining,game_seconds_remaining,time,posteam,PossTeamAbv,LastPlaySummary,LastPlayStatus,home_team_has_pos,VisTimeouts,HomeTimeouts,posteam_timeouts_remaining,defteam_timeouts_remaining,BallOn_Side,BallOn_YardNum,DriveNum,yardline_100,VisScore,HomeScore,MapRolePasser,MapRoleReceiver,MapRoleTackler1,down,ydstogo,FootballStatus,FootballPlayResult,FootballYards,Drive_Start_VisOrHome,Drive_Start_YardNum,Drive_Plays,Drive_Yards,Drive_TOP,Result,MapRoleKicker,MapRoleKickreturner,FootballKickRetYards,FootballSetBallOn_VisOrHome,FootballSetBallOn_YardNum,MapRoleTackler2,FootballPenalty_TeamId,FootballPenalty_PlayerId,FootballPenalty_Yards,FootballPenalty_PenaltyResult,FootballPenalty_Description,FootballMainScoringPlay,FootballKickYards,MapRoleRusher,FootballFumble_TeamFumbled,FootballFumble_PlayerFumbled,FootballFumble_TeamRecovered,FootballFumble_PlayerRecovered,FootballFumble_PlayerForcedFumble,FootballMiscScore_MiscScoreType,FootballMiscScore_TeamId,FootballMiscScore_PlayerId,FootballConvAttPts,MapRoleSacker1,MapRolePunter,MapRolePuntreturner,FootballPuntYards,FootballPuntRetYards,MapRoleQbHitter,MapRoleSacker2,FootballTimeoutTeamId,MapRolePassDefender,punt_attempt,pass_touchdown,rush_touchdown,field_goal_attempt,field_goal_made,touchdown
2023,FOOTBALL_XFL_2023_3_11_HOU@ORL,HOU,2,ORL,4,outdoors,1,1678579476.8623273,,2023-03-12 00:04:36.862327,EventStart,Game Start Marker,,True,1,15,0,Half1,MaSourceTypeOfficialScoring,FOOTBALL_XFL_2023_3_11_HOU@ORL,,QBStat,10005, ,900,1800,3600,15:00,2,,,,0.0,3,3,3,3,Home,30,1,30,0,0,,,,,,,,,,,,,,,,,,,,,,,,,,,,,,,,,,,,,,,,,,,,,,,0,0.0,0.0,0.0,0.0,0.0
2023,FOOTBALL_XFL_2023_3_11_HOU@ORL,HOU,2,ORL,4,outdoors,13,1678579488.0,68688,2023-03-12 00:04:48.000000,EventFootballKickoff,0 J. Borregales kicks from ORL 30. 20 D. Lee to HOU 48 for 41 yards (46 T. Scales),,True,1,14,59,Half1,MaSourceTypeOfficialScoring,FOOTBALL_XFL_2023_3_11_HOU@ORL,,QBStat,1, ,899,1799,3599,14:59,2,,,,0.0,3,3,3,3,Home,30,1,30,0,0,,,22319,,,StatusOfficial,ResultKickReturned,,,,,,,,21609,20221,41.0,Visitor,48.0,,,,,,,,,,,,,,,,,,,,,,,,,,,,0,0.0,0.0,0.0,0.0,0.0
2023,FOOTBALL_XFL_2023_3_11_HOU@ORL,HOU,2,ORL,4,outdoors,14,1678579533.0,68733,2023-03-12 00:05:33.000000,EventFootballPass,"1-10-HOU 49 (14:47) 12 B. Silvers pass to 26 B. Alleyne to ORL 49 for 2 yards (13 M. Lee, 44 T. Plummer)",,True,1,14,47,Half1,MaSourceTypeOfficialScoring,FOOTBALL_XFL_2023_3_11_HOU@ORL,,QBStat,2, ,887,1787,3587,14:47,2,,,,0.0,3,3,3,3,Visitor,49,1,51,0,0,21984,20033,20942,1.0,10.0,StatusOfficial,ResultPassComplete,2.0,Visitor,49.0,1.0,3.0,0:29, ,,,,,,21244,,,,,,,,,,,,,,,,,,,,,,,,,,,0,0.0,0.0,0.0,0.0,0.0
2023,FOOTBALL_XFL_2023_3_11_HOU@ORL,HOU,2,ORL,4,outdoors,8,1678579567.0,68767,2023-03-12 00:06:07.000000,EventFootballPass,2-7-ORL 48 (14:13) 12 B. Silvers pass to 2 C. Byrd to ORL 41 for 7 yards (44 T. Plummer),,True,1,14,13,Half1,MaSourceTypeOfficialScoring,FOOTBALL_XFL_2023_3_11_HOU@ORL,,QBStat,3, ,853,1753,3553,14:13,2,,,,0.0,3,3,3,3,Home,48,1,48,0,0,21984,20241,21244,2.0,7.0,StatusOfficial,ResultPassComplete,7.0,Visitor,49.0,2.0,10.0,0:58, ,,,,,,,,,,,,,,,,,,,,,,,,,,,,,,,,,0,0.0,0.0,0.0,0.0,0.0
2023,FOOTBALL_XFL_2023_3_11_HOU@ORL,HOU,2,ORL,4,outdoors,10,1678579595.0,68795,2023-03-12 00:06:35.000000,EventFootballPass,1-10-ORL 41 (13:45) 12 B. Silvers pass to 1 D. Burnett to ORL 37 for 4 yards (21 S. Wiggins),,True,1,13,45,Half1,MaSourceTypeOfficialScoring,FOOTBALL_XFL_2023_3_11_HOU@ORL,,QBStat,4, ,825,1725,3525,13:45,2,,,,0.0,3,3,3,3,Home,41,1,41,0,0,21984,20229,21664,1.0,10.0,StatusOfficial,ResultPassComplete,4.0,Visitor,49.0,3.0,14.0,1:28, ,,,,,,,,,,,,,,,,,,,,,,,,,,,,,,,,,0,0.0,0.0,0.0,0.0,0.0
2023,FOOTBALL_XFL_2023_3_11_HOU@ORL,HOU,2,ORL,4,outdoors,12,1678579629.0,68829,2023-03-12 00:07:09.000000,EventFootballPass,2-6-ORL 37 (13:19) 12 B. Silvers pass dropped by 13 J. Kirklin,,True,1,13,19,Half1,MaSourceTypeOfficialScoring,FOOTBALL_XFL_2023_3_11_HOU@ORL,,QBStat,5, ,799,1699,3499,13:19,2,,,,0.0,3,3,3,3,Home,37,1,37,0,0,21984,20896,,2.0,6.0,StatusOfficial,ResultPassDropped,,Visitor,49.0,4.0,14.0,1:41, ,,,,,,,,,,,,,,,,,,,,,,,,,,,,,,,,,0,0.0,0.0,0.0,0.0,0.0
2023,FOOTBALL_XFL_2023_3_11_HOU@ORL,HOU,2,ORL,4,outdoors,17,1678579666.0,68866,2023-03-12 00:07:46.000000,EventFootballPass,"3-6-ORL 37 (12:49) 12 B. Silvers pass to 2 C. Byrd to ORL 29 for 8 yards (38 M. Murphy, 8 T. Smith)",,True,1,12,49,Half1,MaSourceTypeOfficialScoring,FOOTBALL_XFL_2023_3_11_HOU@ORL,,QBStat,6, ,769,1669,3469,12:49,2,,,,0.0,3,3,3,3,Home,37,1,37,0,0,21984,20241,21121,3.0,6.0,StatusOfficial,ResultPassComplete,8.0,Visitor,48.0,5.0,23.0,2:32, ,,,,,,21448,,,,,,,,,,,,,,,,,,,,,,,,,,,0,0.0,0.0,0.0,0.0,0.0
2023,FOOTBALL_XFL_2023_3_11_HOU@ORL,HOU,2,ORL,4,outdoors,19,1678579722.0,68922,2023-03-12 00:08:42.000000,EventFootballPenalty,"1-10-ORL 29 (12:06) PENALTY on 36 J. Jones, 5 yards",,True,1,12,6,Half1,MaSourceTypeOfficialScoring,FOOTBALL_XFL_2023_3_11_HOU@ORL,,QBStat,7, ,726,1626,3426,12:06,2,,,,0.0,3,3,3,3,Home,29,1,29,0,0,,,,1.0,10.0,StatusOfficial,,,Visitor,48.0,5.0,28.0,2:58, ,,,,,,,4,20841,5.0,ResultPenaltyRepeatdown,NA,,,,,,,,,,,,,,,,,,,,,,0,0.0,0.0,0.0,0.0,0.0
2023,FOOTBALL_XFL_2023_3_11_HOU@ORL,HOU,2,ORL,4,outdoors,21,1678579745.0,68945,2023-03-12 00:09:05.000000,EventFootballPass,1-5-ORL 24 (11:48) 12 B. Silvers pass to 26 B. Alleyne to ORL 21 for 3 yards (34 N. Coe),,True,1,11,48,Half1,MaSourceTypeOfficialScoring,FOOTBALL_XFL_2023_3_11_HOU@ORL,,QBStat,8, ,708,1608,3408,11:48,2,,,,0.0,3,3,3,3,Home,24,1,24,0,0,21984,20033,20308,1.0,5.0,StatusOfficial,ResultPassComplete,3.0,Visitor,48.0,6.0,31.0,3:30, ,,,,,,,,,,,,,,,,,,,,,,,,,,,,,,,,,0,0.0,0.0,0.0,0.0,0.0
2023,FOOTBALL_XFL_2023_3_11_HOU@ORL,HOU,2,ORL,4,outdoors,23,1678579784.0,68984,2023-03-12 00:09:44.000000,EventFootballPass,"2-2-ORL 21 (11:10) 12 B. Silvers pass to 6 T. Harris for 21 yards, TOUCHDOWN",,True,1,11,10,Half1,MaSourceTypeOfficialScoring,FOOTBALL_XFL_2023_3_11_HOU@ORL,,QBStat,9, ,670,1570,3370,11:10,2,,,,0.0,3,3,3,3,Home,21,1,21,0,0,21984,20642,,2.0,2.0,StatusOfficial,ResultPassComplete,21.0,Visitor,48.0,7.0,52.0,3:50,TD,,,,,,,,,,,,ScoreTypeTd,,,,,,,,,,,,,,,,,,,,,0,1.0,0.0,0.0,0.0,1.0
2023,FOOTBALL_XFL_2023_3_11_HOU@ORL,HOU,2,ORL,4,outdoors,360,1678579807.0,69007,2023-03-12 00:10:07.000000,EventFootballPat2PtPass,14 C. McDonald 2-pt conversion pass to 13 J. Kirklin NO GOOD,,True,1,11,10,Half1,MaSourceTypeOfficialScoring,FOOTBALL_XFL_2023_3_11_HOU@ORL,,QBStat,10, ,670,1570,3370,11:10,2,,,,0.0,3,3,3,3,Home,5,1,5,6,0,21982,20896,,,,StatusOfficial,ResultPassComplete,4.0,,,,,,,,,,,,,,,,,,,,,,,,,,,,,2.0,,,,,,,,,,0,0.0,0.0,0.0,0.0,0.0
2023,FOOTBALL_XFL_2023_3_11_HOU@ORL,HOU,2,ORL,4,outdoors,27,1678580016.0,69216,2023-03-12 00:13:36.000000,EventFootballKickoff,"8 H. Duplessis kicks 65 yards from HOU 30 to end zone, Touchback",,True,1,11,10,Half1,MaSourceTypeOfficialScoring,FOOTBALL_XFL_2023_3_11_HOU@ORL,,QBStat,11, ,670,1570,3370,11:10,4,,,,1.0,3,3,3,3,Visitor,30,2,30,6,0,,,,,,StatusOfficial,ResultKickTouchback,,,,,,,,21448,,,Home,15.0,,,,,,,,65.0,,,,,,,,,,,,,,,,,,,,0,0.0,0.0,0.0,0.0,0.0
2023,FOOTBALL_XFL_2023_3_11_HOU@ORL,HOU,2,ORL,4,outdoors,29,1678580063.0,69263,2023-03-12 00:14:23.000000,EventFootballPass,1-10-ORL 15 (11:05) 6 P. Lynch pass to 11 C. Latimer to ORL 36 for 21 yards (23 S. Davis),,True,1,11,5,Half1,MaSourceTypeOfficialScoring,FOOTBALL_XFL_2023_3_11_HOU@ORL,,QBStat,12, ,665,1565,3365,11:05,4,,,,1.0,3,3,3,3,Home,15,2,85,6,0,22605,20929,20368,1.0,10.0,StatusOfficial,ResultPassComplete,21.0,Home,15.0,1.0,21.0,0:19, ,,,,,,,,,,,,,,,,,,,,,,,,,,,,,,,,,0,0.0,0.0,0.0,0.0,0.0
2023,FOOTBALL_XFL_2023_3_11_HOU@ORL,HOU,2,ORL,4,outdoors,31,1678580095.0,69295,2023-03-12 00:14:55.000000,EventFootballRush,1-10-ORL 36 (10:33) 30 J. Martin rush to ORL 42 for 6 yards (52 E. Ellerbee),,True,1,10,33,Half1,MaSourceTypeOfficialScoring,FOOTBALL_XFL_2023_3_11_HOU@ORL,,QBStat,13, ,633,1533,3333,10:33,4,,,,1.0,3,3,3,3,Home,36,2,64,6,0,,,21857,1.0,10.0,StatusOfficial,,6.0,Home,15.0,2.0,27.0,0:46, ,,,,,,,,,,,,,,20997,,,,,,,,,,,,,,,,,,,0,0.0,0.0,0.0,0.0,0.0
2023,FOOTBALL_XFL_2023_3_11_HOU@ORL,HOU,2,ORL,4,outdoors,33,1678580148.0,69348,2023-03-12 00:15:48.000000,EventFootballRush,"2-4-ORL 42 (9:53) 6 P. Lynch rush to ORL 42 for 0 yards Fumbled by 6 P. Lynch,  Recovered by 4 W. Likely , FUM REC TD scored by 4 W. Likely",,True,1,9,53,Half1,MaSourceTypeOfficialScoring,FOOTBALL_XFL_2023_3_11_HOU@ORL,,QBStat,14, ,593,1493,3293,9:53,4,,,,1.0,3,3,3,3,Home,42,2,58,6,0,,,,2.0,4.0,StatusOfficial,,0.0,Home,15.0,3.0,27.0,1:17,FUMBLE,,,,Home,2.0,,,,,,,,,22605,4,22605,2,22601,,ScoreTypeFumrectd,2,22601,,,,,,,,,,,0,0.0,0.0,0.0,0.0,0.0
2023,FOOTBALL_XFL_2023_3_11_HOU@ORL,HOU,2,ORL,4,outdoors,35,1678580275.0,69475,2023-03-12 00:17:55.000000,EventFootballPat2PtPass,12 B. Silvers 2-pt conversion pass to 13 J. Kirklin GOOD,,True,1,9,53,Half1,MaSourceTypeOfficialScoring,FOOTBALL_XFL_2023_3_11_HOU@ORL,,QBStat,15, ,593,1493,3293,9:53,2,,,,0.0,3,2,3,3,Home,5,3,5,12,0,21984,20896,,,,StatusOfficial,ResultPassComplete,5.0,,,,,,,,,,,,,,,,,,ScoreTypeConv,,,,,,,,,,,2.0,,,,,,,,,,0,0.0,0.0,0.0,0.0,0.0
2023,FOOTBALL_XFL_2023_3_11_HOU@ORL,HOU,2,ORL,4,outdoors,38,1678580347.0,69547,2023-03-12 00:19:07.000000,EventFootballKickoff,8 H. Duplessis kicks from HOU 30. 32 J. Rogers to ORL 27 for 21 yards (47 C. Rivers),,True,1,9,52,Half1,MaSourceTypeOfficialScoring,FOOTBALL_XFL_2023_3_11_HOU@ORL,,QBStat,16, ,592,1492,3292,9:52,4,,,,1.0,3,2,2,2,Visitor,30,4,30,14,0,,,21820,,,StatusOfficial,ResultKickReturned,,,,,,,,21448,32,21.0,Home,27.0,,,,,,,,,,,,,,,,,,,,,,,,,,,,0,0.0,0.0,0.0,0.0,0.0
2023,FOOTBALL_XFL_2023_3_11_HOU@ORL,HOU,2,ORL,4,outdoors,45,1678580388.0,69588,2023-03-12 00:19:48.000000,EventFootballRush,1-10-ORL 27 (9:45) 30 J. Martin rush to ORL 28 for 1 yard (11 T. Beckett),,True,1,9,45,Half1,MaSourceTypeOfficialScoring,FOOTBALL_XFL_2023_3_11_HOU@ORL,,QBStat,17, ,585,1485,3285,9:45,4,,,,1.0,3,2,2,2,Home,27,4,73,14,0,,,20107,1.0,10.0,StatusOfficial,,1.0,Home,27.0,1.0,1.0,0:34, ,,,,,,,,,,,,,,20997,,,,,,,,,,,,,,,,,,,0,0.0,0.0,0.0,0.0,0.0
2023,FOOTBALL_XFL_2023_3_11_HOU@ORL,HOU,2,ORL,4,outdoors,43,1678580530.0,69730,2023-03-12 00:22:10.000000,EventFootballPenalty,"2-9-ORL 28 (8:46) PENALTY on Orlando Guardians, 5 yards",,True,1,8,46,Half1,MaSourceTypeOfficialScoring,FOOTBALL_XFL_2023_3_11_HOU@ORL,,QBStat,18, ,526,1426,3226,8:46,4,,,,1.0,3,2,2,2,Home,28,4,72,14,0,,,,2.0,9.0,StatusOfficial,,,Home,27.0,1.0,-4.0,1:10, ,,,,,,,4,TM,5.0,ResultPenaltyRepeatdown,NA,,,,,,,,,,,,,,,,,,,,,,0,0.0,0.0,0.0,0.0,0.0
2023,FOOTBALL_XFL_2023_3_11_HOU@ORL,HOU,2,ORL,4,outdoors,50,1678580648.0,69848,2023-03-12 00:24:08.000000,EventFootballPenalty,"2-14-ORL 23 (8:12) PENALTY on 59 Z. Furcron, 12 yards",,True,1,8,12,Half1,MaSourceTypeOfficialScoring,FOOTBALL_XFL_2023_3_11_HOU@ORL,,QBStat,19, ,492,1392,3192,8:12,4,,,,1.0,3,2,2,2,Home,23,4,77,14,0,,,,2.0,14.0,StatusOfficial,,,Home,27.0,1.0,-16.0,1:57, ,,,,,,,4,20527,12.0,ResultPenaltyLossdown,NA,,,,,,,,,,,,,,,,,,,,,,0,0.0,0.0,0.0,0.0,0.0
2023,FOOTBALL_XFL_2023_3_11_HOU@ORL,HOU,2,ORL,4,outdoors,51,1678580678.0,69878,2023-03-12 00:24:38.000000,EventFootballPass,3-26-ORL 11 (7:49) 6 P. Lynch pass to 26 D. Darrington to ORL 16 for 5 yards (16 R. Texada),,True,1,7,49,Half1,MaSourceTypeOfficialScoring,FOOTBALL_XFL_2023_3_11_HOU@ORL,,QBStat,20, ,469,1369,3169,7:49,4,,,,1.0,3,2,2,2,Home,11,4,89,14,0,22605,20357,21536,3.0,26.0,StatusOfficial,ResultPassComplete,5.0,Home,27.0,2.0,-11.0,2:38, ,,,,,,,,,,,,,,,,,,,,,,,,,,,,,,,,,0,0.0,0.0,0.0,0.0,0.0
2023,FOOTBALL_XFL_2023_3_11_HOU@ORL,HOU,2,ORL,4,outdoors,62,1678580723.0,69923,2023-03-12 00:25:23.000000,EventFootballPunt,"4-21-ORL 16 (7:04) 19 M. Brown punts 44 yards from ORL 16 to HOU 40. 4 W. Likely to HOU 34 for 16 yards (80 R. Becker) PENALTY on 25 J. Brannon, 10 yards",,True,1,7,4,Half1,MaSourceTypeOfficialScoring,FOOTBALL_XFL_2023_3_11_HOU@ORL,,QBStat,21, ,424,1324,3124,7:04,4,,,,1.0,3,2,2,2,Home,16,4,84,14,0,,,21266,4.0,21.0,StatusOfficial,ResultKickReturned,,Home,27.0,2.0,-11.0,2:49,PUNT,,,,Visitor,34.0,,2,21848,10.0,ResultPenaltyAuto1Stdown,NA,,,,,,,,,,,,,,20208,22601,44.0,16.0,,,,,1,0.0,0.0,0.0,0.0,0.0
2023,FOOTBALL_XFL_2023_3_11_HOU@ORL,HOU,2,ORL,4,outdoors,55,1678580817.0,70017,2023-03-12 00:26:57.000000,EventFootballPenalty,"1-10-HOU 34 (6:59) PENALTY on Orlando Guardians, 5 yards",,True,1,6,59,Half1,MaSourceTypeOfficialScoring,FOOTBALL_XFL_2023_3_11_HOU@ORL,,QBStat,22, ,419,1319,3119,6:59,2,,,,0.0,3,2,3,3,Visitor,34,5,66,14,0,,,,1.0,10.0,StatusOfficial,,,Visitor,34.0,,5.0,0:00, ,,,,,,,4,TM,5.0,ResultPenaltyRepeatdown,NA,,,,,,,,,,,,,,,,,,,,,,0,0.0,0.0,0.0,0.0,0.0
2023,FOOTBALL_XFL_2023_3_11_HOU@ORL,HOU,2,ORL,4,outdoors,57,1678580840.0,70040,2023-03-12 00:27:20.000000,EventFootballSack,1-5-HOU 39 (6:51) 12 B. Silvers sacked at HOU 32 for -7 yards (46 T. Scales),,True,1,6,51,Half1,MaSourceTypeOfficialScoring,FOOTBALL_XFL_2023_3_11_HOU@ORL,,QBStat,23, ,411,1311,3111,6:51,2,,,,0.0,3,2,3,3,Visitor,39,5,61,14,0,21984,,,1.0,5.0,StatusOfficial,,-7.0,Visitor,34.0,1.0,-2.0,0:22, ,,,,,,,,,,,,,,,,,,,,,,,,22319,,,,,,,,,0,0.0,0.0,0.0,0.0,0.0
2023,FOOTBALL_XFL_2023_3_11_HOU@ORL,HOU,2,ORL,4,outdoors,59,1678580874.0,70074,2023-03-12 00:27:54.000000,EventFootballPass,2-12-HOU 32 (6:17) 12 B. Silvers pass to 6 T. Harris to HOU 35 for 3 yards (29 T. Washington),,True,1,6,17,Half1,MaSourceTypeOfficialScoring,FOOTBALL_XFL_2023_3_11_HOU@ORL,,QBStat,24, ,377,1277,3077,6:17,2,,,,0.0,3,2,3,3,Visitor,32,5,68,14,0,21984,20642,22888,2.0,12.0,StatusOfficial,ResultPassComplete,3.0,Visitor,34.0,2.0,1.0,0:53, ,,,,,,,,,,,,,,,,,,,,,,,,,,,,,,,,,0,0.0,0.0,0.0,0.0,0.0
2023,FOOTBALL_XFL_2023_3_11_HOU@ORL,HOU,2,ORL,4,outdoors,61,1678580915.0,70115,2023-03-12 00:28:35.000000,EventFootballPass,3-9-HOU 35 (5:36) 12 B. Silvers pass to 1 D. Burnett to HOU 44 for 9 yards (21 S. Wiggins),,True,1,5,36,Half1,MaSourceTypeOfficialScoring,FOOTBALL_XFL_2023_3_11_HOU@ORL,,QBStat,25, ,336,1236,3036,5:36,2,,,,0.0,3,2,3,3,Visitor,35,5,65,14,0,21984,20229,21664,3.0,9.0,StatusOfficial,ResultPassComplete,9.0,Visitor,34.0,3.0,10.0,1:49, ,,,,,,,,,,,,,,,,,,,,,,,,,,,,,,,,,0,0.0,0.0,0.0,0.0,0.0
2023,FOOTBALL_XFL_2023_3_11_HOU@ORL,HOU,2,ORL,4,outdoors,64,1678580957.0,70157,2023-03-12 00:29:17.000000,EventFootballPass,1-10-HOU 44 (4:54) 12 B. Silvers pass to 13 J. Kirklin to ORL 49 for 7 yards (1 C. Holmes),,True,1,4,54,Half1,MaSourceTypeOfficialScoring,FOOTBALL_XFL_2023_3_11_HOU@ORL,,QBStat,26, ,294,1194,2994,4:54,2,,,,0.0,3,2,3,3,Visitor,44,5,56,14,0,21984,20896,20713,1.0,10.0,StatusOfficial,ResultPassComplete,7.0,Visitor,34.0,4.0,17.0,2:19, ,,,,,,,,,,,,,,,,,,,,,,,,,,,,,,,,,0,0.0,0.0,0.0,0.0,0.0
2023,FOOTBALL_XFL_2023_3_11_HOU@ORL,HOU,2,ORL,4,outdoors,66,1678580996.0,70196,2023-03-12 00:29:56.000000,EventFootballPass,"2-3-ORL 49 (4:15) 13 J. Kirklin pass to 1 D. Burnett for 49 yards, TOUCHDOWN",,True,1,4,15,Half1,MaSourceTypeOfficialScoring,FOOTBALL_XFL_2023_3_11_HOU@ORL,,QBStat,27, ,255,1155,2955,4:15,2,,,,0.0,3,2,3,3,Home,49,5,49,14,0,20896,20229,,2.0,3.0,StatusOfficial,ResultPassComplete,49.0,Visitor,34.0,5.0,66.0,2:44,TD,,,,,,,,,,,,ScoreTypeTd,,,,,,,,,,,,,,,,,,,,,0,1.0,0.0,0.0,0.0,1.0
2023,FOOTBALL_XFL_2023_3_11_HOU@ORL,HOU,2,ORL,4,outdoors,68,1678581035.0,70235,2023-03-12 00:30:35.000000,EventFootballPat2PtPass,14 C. McDonald 2-pt conversion pass to 1 D. Burnett NO GOOD,,True,1,4,15,Half1,MaSourceTypeOfficialScoring,FOOTBALL_XFL_2023_3_11_HOU@ORL,,QBStat,28, ,255,1155,2955,4:15,2,,,,0.0,3,2,3,3,Home,5,5,5,20,0,21982,20229,,,,StatusOfficial,ResultPassIncomplete,,,,,,,,,,,,,,,,,,,,,,,,,,,,,,2.0,,,,,,,,,,0,0.0,0.0,0.0,0.0,0.0
2023,FOOTBALL_XFL_2023_3_11_HOU@ORL,HOU,2,ORL,4,outdoors,70,1678581286.0,70486,2023-03-12 00:34:46.000000,EventFootballKickoff,8 H. Duplessis kicks from HOU 30. 32 J. Rogers to ORL 19 for 17 yards (45 J. Daka),,True,1,4,14,Half1,MaSourceTypeOfficialScoring,FOOTBALL_XFL_2023_3_11_HOU@ORL,,QBStat,29, ,254,1154,2954,4:14,4,,,,1.0,3,2,2,2,Visitor,30,6,30,20,0,,,20350,,,StatusOfficial,ResultKickReturned,,,,,,,,21448,32,17.0,Home,19.0,,,,,,,,,,,,,,,,,,,,,,,,,,,,0,0.0,0.0,0.0,0.0,0.0
2023,FOOTBALL_XFL_2023_3_11_HOU@ORL,HOU,2,ORL,4,outdoors,72,1678581332.0,70532,2023-03-12 00:35:32.000000,EventFootballPass,1-10-ORL 19 (4:03) 6 P. Lynch pass to 17 E. Rogers to ORL 37 for 18 yards (29 A. Hendy),,True,1,4,3,Half1,MaSourceTypeOfficialScoring,FOOTBALL_XFL_2023_3_11_HOU@ORL,,QBStat,30, ,243,1143,2943,4:03,4,,,,1.0,3,2,2,2,Home,19,6,81,20,0,22605,22708,20675,1.0,10.0,StatusOfficial,ResultPassComplete,18.0,Home,19.0,1.0,18.0,0:33, ,,,,,,,,,,,,,,,,,,,,,,,,,,,,,,,,,0,0.0,0.0,0.0,0.0,0.0
2023,FOOTBALL_XFL_2023_3_11_HOU@ORL,HOU,2,ORL,4,outdoors,74,1678581371.0,70571,2023-03-12 00:36:11.000000,EventFootballPass,"1-10-ORL 37 (3:24) 6 P. Lynch pass to 10 D. Thomas to ORL 47 for 10 yards (52 E. Ellerbee, 18 J. Mosley)",,True,1,3,24,Half1,MaSourceTypeOfficialScoring,FOOTBALL_XFL_2023_3_11_HOU@ORL,,QBStat,31, ,204,1104,2904,3:24,4,,,,1.0,3,2,2,2,Home,37,6,63,20,0,22605,21891,21857,1.0,10.0,StatusOfficial,ResultPassComplete,10.0,Home,19.0,2.0,28.0,1:14, ,,,,,,21108,,,,,,,,,,,,,,,,,,,,,,,22364,,,,0,0.0,0.0,0.0,0.0,0.0
2023,FOOTBALL_XFL_2023_3_11_HOU@ORL,HOU,2,ORL,4,outdoors,76,1678581410.0,70610,2023-03-12 00:36:50.000000,EventFootballPass,1-10-ORL 47 (2:46) 6 P. Lynch pass dropped by 10 D. Thomas,,True,1,2,46,Half1,MaSourceTypeOfficialScoring,FOOTBALL_XFL_2023_3_11_HOU@ORL,,QBStat,32, ,166,1066,2866,2:46,4,,,,1.0,3,2,2,2,Home,47,6,53,20,0,22605,21891,,1.0,10.0,StatusOfficial,ResultPassDropped,,Home,19.0,3.0,28.0,1:29, ,,,,,,,,,,,,,,,,,,,,,,,,,,,,,,,,,0,0.0,0.0,0.0,0.0,0.0
2023,FOOTBALL_XFL_2023_3_11_HOU@ORL,HOU,2,ORL,4,outdoors,78,1678581451.0,70651,2023-03-12 00:37:31.000000,EventFootballRush,2-10-ORL 47 (2:12) 30 J. Martin rush to HOU 45 for 8 yards (52 E. Ellerbee),,True,1,2,12,Half1,MaSourceTypeOfficialScoring,FOOTBALL_XFL_2023_3_11_HOU@ORL,,QBStat,33, ,132,1032,2832,2:12,4,,,,1.0,3,2,2,2,Home,47,6,53,20,0,,,21857,2.0,10.0,StatusOfficial,,8.0,Home,19.0,4.0,36.0,2:14, ,,,,,,,,,,,,,,20997,,,,,,,,,,,,,,,,,,,0,0.0,0.0,0.0,0.0,0.0
2023,FOOTBALL_XFL_2023_3_11_HOU@ORL,HOU,2,ORL,4,outdoors,80,1678581487.0,70687,2023-03-12 00:38:07.000000,EventFootballSack,3-2-HOU 45 (1:35) 6 P. Lynch sacked at ORL 49 for -6 yards (99 T. Mason),,True,1,1,35,Half1,MaSourceTypeOfficialScoring,FOOTBALL_XFL_2023_3_11_HOU@ORL,,QBStat,34, ,95,995,2795,1:35,4,,,,1.0,3,2,2,2,Visitor,45,6,45,20,0,22605,,,3.0,2.0,StatusOfficial,,-6.0,Home,19.0,5.0,30.0,2:56, ,,,,,,,,,,,,,,,,,,,,,,,,21004,,,,,,,,,0,0.0,0.0,0.0,0.0,0.0
2023,FOOTBALL_XFL_2023_3_11_HOU@ORL,HOU,2,ORL,4,outdoors,82,1678581528.0,70728,2023-03-12 00:38:48.000000,EventFootballPunt,"4-8-ORL 49 (0:55) 19 M. Brown punts 44 yards from ORL 49 to 4 W. Likely, Fair Catch at HOU 7",,True,1,0,55,Half1,MaSourceTypeOfficialScoring,FOOTBALL_XFL_2023_3_11_HOU@ORL,,QBStat,35, ,55,955,2755,0:55,4,,,,1.0,3,2,2,2,Home,49,6,51,20,0,,,,4.0,8.0,StatusOfficial,ResultKickFaircatch,,Home,19.0,5.0,30.0,3:20,PUNT,,,,Visitor,7.0,,,,,,,,,,,,,,,,,,,,20208,22601,44.0,,,,,,1,0.0,0.0,0.0,0.0,0.0
2023,FOOTBALL_XFL_2023_3_11_HOU@ORL,HOU,2,ORL,4,outdoors,84,1678581585.0,70785,2023-03-12 00:39:45.000000,EventFootballPass,1-10-HOU 7 (0:51) 12 B. Silvers pass to 2 C. Byrd to HOU 7 for 0 yards (29 T. Washington),,True,1,0,51,Half1,MaSourceTypeOfficialScoring,FOOTBALL_XFL_2023_3_11_HOU@ORL,,QBStat,36, ,51,951,2751,0:51,2,,,,0.0,3,2,3,3,Visitor,7,7,93,20,0,21984,20241,22888,1.0,10.0,StatusOfficial,ResultPassComplete,0.0,Visitor,7.0,1.0,,0:24, ,,,,,,,,,,,,,,,,,,,,,,,,,,,,,,,,,0,0.0,0.0,0.0,0.0,0.0
2023,FOOTBALL_XFL_2023_3_11_HOU@ORL,HOU,2,ORL,4,outdoors,86,1678581623.0,70823,2023-03-12 00:40:23.000000,EventFootballPass,2-10-HOU 7 (0:12) 12 B. Silvers pass to 20 D. Lee to HOU 7 for 0 yards (29 T. Washington),,True,1,0,12,Half1,MaSourceTypeOfficialScoring,FOOTBALL_XFL_2023_3_11_HOU@ORL,,QBStat,37, ,12,912,2712,0:12,2,,,,0.0,3,2,3,3,Visitor,7,7,93,20,0,21984,20940,22888,2.0,10.0,StatusOfficial,ResultPassComplete,0.0,Visitor,7.0,2.0,,0:55, ,,,,,,,,,,,,,,,,,,,,,,,,,,,,,,,,,0,0.0,0.0,0.0,0.0,0.0
2023,FOOTBALL_XFL_2023_3_11_HOU@ORL,HOU,2,ORL,4,outdoors,88,1678581917.0,71117,2023-03-12 00:45:17.000000,EventFootballPass,3-10-HOU 7 (14:53) 12 B. Silvers pass to 20 D. Lee to HOU 16 for 9 yards (46 T. Scales),,True,2,14,53,Half1,MaSourceTypeOfficialScoring,FOOTBALL_XFL_2023_3_11_HOU@ORL,,QBStat,38, ,893,893,2693,14:53,2,,,,0.0,3,2,3,3,Visitor,7,7,93,20,0,21984,20940,22319,3.0,10.0,StatusOfficial,ResultPassComplete,9.0,Visitor,7.0,3.0,9.0,1:02, ,,,,,,,,,,,,,,,,,,,,,,,,,,,,,,,,,0,0.0,0.0,0.0,0.0,0.0
2023,FOOTBALL_XFL_2023_3_11_HOU@ORL,HOU,2,ORL,4,outdoors,90,1678581980.0,71180,2023-03-12 00:46:20.000000,EventFootballPunt,4-1-HOU 16 (14:36) 46 R. Porter punts 45 yards from HOU 16 to ORL 39. 32 J. Rogers to ORL 49 for 10 yards (80 B. Putman),,True,2,14,36,Half1,MaSourceTypeOfficialScoring,FOOTBALL_XFL_2023_3_11_HOU@ORL,,QBStat,39, ,876,876,2676,14:36,2,,,,0.0,3,2,3,3,Visitor,16,7,84,20,0,,,20105,4.0,1.0,StatusOfficial,ResultKickReturned,,Visitor,7.0,3.0,9.0,1:19,PUNT,,,,Home,49.0,,,,,,,,,,,,,,,,,,,,21248,21333,45.0,10.0,,,,,1,0.0,0.0,0.0,0.0,0.0
2023,FOOTBALL_XFL_2023_3_11_HOU@ORL,HOU,2,ORL,4,outdoors,92,1678582021.0,71221,2023-03-12 00:47:01.000000,EventFootballRush,1-10-ORL 49 (14:32) 3 D. Francois rush to HOU 45 for 6 yards,,True,2,14,32,Half1,MaSourceTypeOfficialScoring,FOOTBALL_XFL_2023_3_11_HOU@ORL,,QBStat,40, ,872,872,2672,14:32,4,,,,1.0,3,2,2,2,Home,49,8,51,20,0,,,,1.0,10.0,StatusOfficial,,6.0,Home,49.0,1.0,6.0,0:17, ,,,,,,,,,,,,,,20512,,,,,,,,,,,,,,,,,,,0,0.0,0.0,0.0,0.0,0.0
2023,FOOTBALL_XFL_2023_3_11_HOU@ORL,HOU,2,ORL,4,outdoors,94,1678582059.0,71259,2023-03-12 00:47:39.000000,EventFootballRush,"2-4-HOU 45 (13:59) 26 D. Darrington rush to HOU 42 for 3 yards (52 E. Ellerbee, 53 A. Donkor)",,True,2,13,59,Half1,MaSourceTypeOfficialScoring,FOOTBALL_XFL_2023_3_11_HOU@ORL,,QBStat,41, ,839,839,2639,13:59,4,,,,1.0,3,2,2,2,Visitor,45,8,45,20,0,,,21857,2.0,4.0,StatusOfficial,,3.0,Home,49.0,2.0,9.0,0:49, ,,,,,,22890,,,,,,,,20357,,,,,,,,,,,,,,,,,,,0,0.0,0.0,0.0,0.0,0.0
2023,FOOTBALL_XFL_2023_3_11_HOU@ORL,HOU,2,ORL,4,outdoors,96,1678582094.0,71294,2023-03-12 00:48:14.000000,EventFootballRush,3-1-HOU 42 (13:23) 26 D. Darrington rush to HOU 39 for 3 yards (52 E. Ellerbee),,True,2,13,23,Half1,MaSourceTypeOfficialScoring,FOOTBALL_XFL_2023_3_11_HOU@ORL,,QBStat,42, ,803,803,2603,13:23,4,,,,1.0,3,2,2,2,Visitor,42,8,42,20,0,,,21857,3.0,1.0,StatusOfficial,,3.0,Home,49.0,3.0,12.0,1:34, ,,,,,,,,,,,,,,20357,,,,,,,,,,,,,,,,,,,0,0.0,0.0,0.0,0.0,0.0
2023,FOOTBALL_XFL_2023_3_11_HOU@ORL,HOU,2,ORL,4,outdoors,99,1678582130.0,71330,2023-03-12 00:48:50.000000,EventFootballPass,1-10-HOU 39 (12:48) 3 D. Francois pass incomplete,,True,2,12,48,Half1,MaSourceTypeOfficialScoring,FOOTBALL_XFL_2023_3_11_HOU@ORL,,QBStat,43, ,768,768,2568,12:48,4,,,,1.0,3,2,2,2,Visitor,39,8,39,20,0,20512,,,1.0,10.0,StatusOfficial,ResultPassIncomplete,,Home,49.0,4.0,12.0,1:55, ,,,,,,,,,,,,,,,,,,,,,,,,,,,,,21989,,,,0,0.0,0.0,0.0,0.0,0.0
2023,FOOTBALL_XFL_2023_3_11_HOU@ORL,HOU,2,ORL,4,outdoors,101,1678582167.0,71367,2023-03-12 00:49:27.000000,EventFootballRush,"2-10-HOU 39 (12:17) 26 D. Darrington rush to HOU 37 for 2 yards (33 T. Harris, 98 C. Brewer)",,True,2,12,17,Half1,MaSourceTypeOfficialScoring,FOOTBALL_XFL_2023_3_11_HOU@ORL,,QBStat,44, ,737,737,2537,12:17,4,,,,1.0,3,2,2,2,Visitor,39,8,39,20,0,,,22857,2.0,10.0,StatusOfficial,,2.0,Home,49.0,5.0,14.0,2:39, ,,,,,,21989,,,,,,,,20357,,,,,,,,,,,,,,,,,,,0,0.0,0.0,0.0,0.0,0.0
2023,FOOTBALL_XFL_2023_3_11_HOU@ORL,HOU,2,ORL,4,outdoors,103,1678582208.0,71408,2023-03-12 00:50:08.000000,EventFootballPass,3-8-HOU 37 (11:36) 3 D. Francois pass to 11 C. Latimer to HOU 18 for 19 yards (23 S. Davis),,True,2,11,36,Half1,MaSourceTypeOfficialScoring,FOOTBALL_XFL_2023_3_11_HOU@ORL,,QBStat,45, ,696,696,2496,11:36,4,,,,1.0,3,2,2,2,Visitor,37,8,37,20,0,20512,20929,20368,3.0,8.0,StatusOfficial,ResultPassComplete,19.0,Home,49.0,6.0,33.0,3:21, ,,,,,,,,,,,,,,,,,,,,,,,,,,,,,21628,,,,0,0.0,0.0,0.0,0.0,0.0
2023,FOOTBALL_XFL_2023_3_11_HOU@ORL,HOU,2,ORL,4,outdoors,105,1678582247.0,71447,2023-03-12 00:50:47.000000,EventFootballRush,"1-10-HOU 18 (10:57) 26 D. Darrington rush to HOU 16 for 2 yards (16 R. Texada, 89 T. Ward)",,True,2,10,57,Half1,MaSourceTypeOfficialScoring,FOOTBALL_XFL_2023_3_11_HOU@ORL,,QBStat,46, ,657,657,2457,10:57,4,,,,1.0,3,2,2,2,Visitor,18,8,18,20,0,,,21536,1.0,10.0,StatusOfficial,,2.0,Home,49.0,7.0,35.0,3:58, ,,,,,,21628,,,,,,,,20357,,,,,,,,,,,,,,,,,,,0,0.0,0.0,0.0,0.0,0.0
2023,FOOTBALL_XFL_2023_3_11_HOU@ORL,HOU,2,ORL,4,outdoors,107,1678582291.0,71491,2023-03-12 00:51:31.000000,EventFootballPass,2-8-HOU 16 (10:14) 3 D. Francois pass incomplete,,True,2,10,14,Half1,MaSourceTypeOfficialScoring,FOOTBALL_XFL_2023_3_11_HOU@ORL,,QBStat,47, ,614,614,2414,10:14,4,,,,1.0,3,2,2,2,Visitor,16,8,16,20,0,20512,,,2.0,8.0,StatusOfficial,ResultPassIncomplete,,Home,49.0,8.0,35.0,4:21, ,,,,,,,,,,,,,,,,,,,,,,,,,,,,,21004,,,,0,0.0,0.0,0.0,0.0,0.0
2023,FOOTBALL_XFL_2023_3_11_HOU@ORL,HOU,2,ORL,4,outdoors,109,1678582335.0,71535,2023-03-12 00:52:15.000000,EventFootballPass,3-8-HOU 16 (9:45) 3 D. Francois pass incomplete to 4 L. Lenoir,,True,2,9,45,Half1,MaSourceTypeOfficialScoring,FOOTBALL_XFL_2023_3_11_HOU@ORL,,QBStat,48, ,585,585,2385,9:45,4,,,,1.0,3,2,2,2,Visitor,16,8,16,20,0,20512,21799,,3.0,8.0,StatusOfficial,ResultPassIncomplete,,Home,49.0,9.0,35.0,4:52, ,,,,,,,,,,,,,,,,,,,,,,,,,,,,,,,,,0,0.0,0.0,0.0,0.0,0.0
2023,FOOTBALL_XFL_2023_3_11_HOU@ORL,HOU,2,ORL,4,outdoors,111,1678582370.0,71570,2023-03-12 00:52:50.000000,EventFootballFg,4-8-HOU 16 (9:16) 0 J. Borregales 33 yard field goal is GOOD,,True,2,9,16,Half1,MaSourceTypeOfficialScoring,FOOTBALL_XFL_2023_3_11_HOU@ORL,,QBStat,49, ,556,556,2356,9:16,4,,,,1.0,3,2,2,2,Visitor,16,8,16,20,0,,,,4.0,8.0,StatusOfficial,ResultKickMade,33.0,Home,49.0,10.0,35.0,5:20,FG,21741,,,,,,,,,,,ScoreTypeFg,,,,,,,,,,,,,,,,,,,,,0,0.0,0.0,1.0,1.0,0.0
2023,FOOTBALL_XFL_2023_3_11_HOU@ORL,HOU,2,ORL,4,outdoors,113,1678582551.0,71751,2023-03-12 00:55:51.000000,EventFootballKickoff,0 J. Borregales kicks from ORL 30. 20 D. Lee to HOU 32 for 24 yards (25 J. Harvey-Clemons),,True,2,9,15,Half1,MaSourceTypeOfficialScoring,FOOTBALL_XFL_2023_3_11_HOU@ORL,,QBStat,50, ,555,555,2355,9:15,2,,,,0.0,3,2,3,3,Home,30,9,30,20,3,,,20649,,,StatusOfficial,ResultKickReturned,,,,,,,,21609,20221,24.0,Visitor,32.0,,,,,,,,,,,,,,,,,,,,,,,,,,,,0,0.0,0.0,0.0,0.0,0.0
2023,FOOTBALL_XFL_2023_3_11_HOU@ORL,HOU,2,ORL,4,outdoors,115,1678582598.0,71798,2023-03-12 00:56:38.000000,EventFootballPass,1-10-HOU 32 (9:05) 12 B. Silvers pass dropped by 21 G. Owens,,True,2,9,5,Half1,MaSourceTypeOfficialScoring,FOOTBALL_XFL_2023_3_11_HOU@ORL,,QBStat,51, ,545,545,2345,9:05,2,,,,0.0,3,2,3,3,Visitor,32,9,68,20,3,21984,21173,,1.0,10.0,StatusOfficial,ResultPassDropped,,Visitor,32.0,1.0,,0:11, ,,,,,,,,,,,,,,,,,,,,,,,,,,,,,,,,,0,0.0,0.0,0.0,0.0,0.0
2023,FOOTBALL_XFL_2023_3_11_HOU@ORL,HOU,2,ORL,4,outdoors,117,1678582634.0,71834,2023-03-12 00:57:14.000000,EventFootballPass,2-10-HOU 32 (8:36) 12 B. Silvers pass dropped by 10 J. Smith,,True,2,8,36,Half1,MaSourceTypeOfficialScoring,FOOTBALL_XFL_2023_3_11_HOU@ORL,,QBStat,52, ,516,516,2316,8:36,2,,,,0.0,3,2,3,3,Visitor,32,9,68,20,3,21984,21441,,2.0,10.0,StatusOfficial,ResultPassDropped,,Visitor,32.0,2.0,,0:40, ,,,,,,,,,,,,,,,,,,,,,,,,,,,,,,,,,0,0.0,0.0,0.0,0.0,0.0
2023,FOOTBALL_XFL_2023_3_11_HOU@ORL,HOU,2,ORL,4,outdoors,119,1678582676.0,71876,2023-03-12 00:57:56.000000,EventFootballPass,3-10-HOU 32 (8:06) 12 B. Silvers pass to 26 B. Alleyne to HOU 35 for 3 yards (44 T. Plummer),,True,2,8,6,Half1,MaSourceTypeOfficialScoring,FOOTBALL_XFL_2023_3_11_HOU@ORL,,QBStat,53, ,486,486,2286,8:06,2,,,,0.0,3,2,3,3,Visitor,32,9,68,20,3,21984,20033,21244,3.0,10.0,StatusOfficial,ResultPassComplete,3.0,Visitor,32.0,3.0,3.0,1:27, ,,,,,,,,,,,,,,,,,,,,,,,,,,,,,,,,,0,0.0,0.0,0.0,0.0,0.0
2023,FOOTBALL_XFL_2023_3_11_HOU@ORL,HOU,2,ORL,4,outdoors,123,1678582713.0,71913,2023-03-12 00:58:33.000000,EventFootballPunt,"4-7-HOU 35 (7:30) 46 R. Porter punts 48 yards from HOU 35 to ORL 17. 32 J. Rogers to ORL 30 for 13 yards (10 J. Smith, 29 A. Hendy)",,True,2,7,30,Half1,MaSourceTypeOfficialScoring,FOOTBALL_XFL_2023_3_11_HOU@ORL,,QBStat,54, ,450,450,2250,7:30,2,,,,0.0,3,2,3,3,Visitor,35,9,65,20,3,,,21891,4.0,7.0,StatusOfficial,ResultKickReturned,,Visitor,32.0,3.0,3.0,1:46,PUNT,,,,Home,30.0,22888,,,,,,,,,,,,,,,,,,,21248,21333,48.0,13.0,,,,,1,0.0,0.0,0.0,0.0,0.0
2023,FOOTBALL_XFL_2023_3_11_HOU@ORL,HOU,2,ORL,4,outdoors,137,1678582787.0,71987,2023-03-12 00:59:47.000000,EventFootballSack,"1-10-ORL 30 (7:16) 6 P. Lynch sacked at ORL 22 for -8 yards (52 E. Ellerbee, 33 T. Harris)",,True,2,7,16,Half1,MaSourceTypeOfficialScoring,FOOTBALL_XFL_2023_3_11_HOU@ORL,,QBStat,55, ,436,436,2236,7:16,4,,,,1.0,3,2,2,2,Home,30,10,70,20,3,22605,,,1.0,10.0,StatusOfficial,,-8.0,Home,30.0,1.0,-8.0,0:26, ,,,,,,,,,,,,,,,,,,,,,,,,21857,,,,,,22857,,,0,0.0,0.0,0.0,0.0,0.0
2023,FOOTBALL_XFL_2023_3_11_HOU@ORL,HOU,2,ORL,4,outdoors,136,1678582869.0,72069,2023-03-12 01:01:09.000000,EventFootballPass,2-18-ORL 22 (6:39) 6 P. Lynch pass incomplete to 30 J. Martin,,True,2,6,39,Half1,MaSourceTypeOfficialScoring,FOOTBALL_XFL_2023_3_11_HOU@ORL,,QBStat,56, ,399,399,2199,6:39,4,,,,1.0,3,2,2,2,Home,22,10,78,20,3,22605,20997,,2.0,18.0,StatusOfficial,ResultPassIncomplete,,Home,30.0,2.0,-8.0,1:01, ,,,,,,,,,,,,,,,,,,,,,,,,,,,,,20350,,,,0,0.0,0.0,0.0,0.0,0.0
2023,FOOTBALL_XFL_2023_3_11_HOU@ORL,HOU,2,ORL,4,outdoors,135,1678582889.0,72089,2023-03-12 01:01:29.000000,EventFootballPass,3-18-ORL 22 (6:20) 6 P. Lynch pass to 26 D. Darrington to ORL 34 for 12 yards (11 T. Beckett),,True,2,6,20,Half1,MaSourceTypeOfficialScoring,FOOTBALL_XFL_2023_3_11_HOU@ORL,,QBStat,57, ,380,380,2180,6:20,4,,,,1.0,3,2,2,2,Home,22,10,78,20,3,22605,20357,20107,3.0,18.0,StatusOfficial,ResultPassComplete,12.0,Home,30.0,3.0,4.0,1:33, ,,,,,,,,,,,,,,,,,,,,,,,,,,,,,,,,,0,0.0,0.0,0.0,0.0,0.0
2023,FOOTBALL_XFL_2023_3_11_HOU@ORL,HOU,2,ORL,4,outdoors,134,1678582927.0,72127,2023-03-12 01:02:07.000000,EventFootballPunt,4-6-ORL 34 (5:41) 19 M. Brown punts 58 yards from ORL 34 to HOU 8. 4 W. Likely to HOU 18 for 10 yards (31 L. Henry),,True,2,5,41,Half1,MaSourceTypeOfficialScoring,FOOTBALL_XFL_2023_3_11_HOU@ORL,,QBStat,58, ,341,341,2141,5:41,4,,,,1.0,3,2,2,2,Home,34,10,66,20,3,,,21566,4.0,6.0,StatusOfficial,ResultKickReturned,,Home,30.0,3.0,4.0,1:49,PUNT,,,,Visitor,18.0,,,,,,,,,,,,,,,,,,,,20208,22601,58.0,10.0,,,,,1,0.0,0.0,0.0,0.0,0.0
2023,FOOTBALL_XFL_2023_3_11_HOU@ORL,HOU,2,ORL,4,outdoors,139,1678583147.0,72347,2023-03-12 01:05:47.000000,EventFootballPass,1-10-HOU 18 (5:32) 12 B. Silvers pass to 9 N. Holley to HOU 31 for 13 yards (29 T. Washington),,True,2,5,32,Half1,MaSourceTypeOfficialScoring,FOOTBALL_XFL_2023_3_11_HOU@ORL,,QBStat,59, ,332,332,2132,5:32,2,,,,0.0,3,2,3,3,Visitor,18,11,82,20,3,21984,20707,22888,1.0,10.0,StatusOfficial,ResultPassComplete,13.0,Visitor,18.0,1.0,13.0,0:22, ,,,,,,,,,,,,,,,,,,,,,,,,,,,,,,,,,0,0.0,0.0,0.0,0.0,0.0
2023,FOOTBALL_XFL_2023_3_11_HOU@ORL,HOU,2,ORL,4,outdoors,141,1678583184.0,72384,2023-03-12 01:06:24.000000,EventFootballPass,1-10-HOU 31 (4:55) 12 B. Silvers pass to 9 N. Holley to HOU 42 for 11 yards (27 T. Smith),,True,2,4,55,Half1,MaSourceTypeOfficialScoring,FOOTBALL_XFL_2023_3_11_HOU@ORL,,QBStat,60, ,295,295,2095,4:55,2,,,,0.0,3,2,3,3,Visitor,31,11,69,20,3,21984,20707,21825,1.0,10.0,StatusOfficial,ResultPassComplete,11.0,Visitor,18.0,2.0,24.0,0:56, ,,,,,,,,,,,,,,,,,,,,,,,,,,,,,,,,,0,0.0,0.0,0.0,0.0,0.0
2023,FOOTBALL_XFL_2023_3_11_HOU@ORL,HOU,2,ORL,4,outdoors,143,1678583227.0,72427,2023-03-12 01:07:07.000000,EventFootballPass,1-10-HOU 42 (4:21) 12 B. Silvers pass to 10 J. Smith to HOU 49 for 7 yards (38 M. Murphy),,True,2,4,21,Half1,MaSourceTypeOfficialScoring,FOOTBALL_XFL_2023_3_11_HOU@ORL,,QBStat,61, ,261,261,2061,4:21,2,,,,0.0,3,2,3,3,Visitor,42,11,58,20,3,21984,21441,21121,1.0,10.0,StatusOfficial,ResultPassComplete,7.0,Visitor,18.0,3.0,31.0,1:32, ,,,,,,,,,,,,,,,,,,,,,,,,,,,,,,,,,0,0.0,0.0,0.0,0.0,0.0
2023,FOOTBALL_XFL_2023_3_11_HOU@ORL,HOU,2,ORL,4,outdoors,145,1678583270.0,72470,2023-03-12 01:07:50.000000,EventFootballRush,2-3-HOU 49 (3:40) 20 D. Lee rush to HOU 49 for 0 yards (44 T. Plummer),,True,2,3,40,Half1,MaSourceTypeOfficialScoring,FOOTBALL_XFL_2023_3_11_HOU@ORL,,QBStat,62, ,220,220,2020,3:40,2,,,,0.0,3,2,3,3,Visitor,49,11,51,20,3,,,21244,2.0,3.0,StatusOfficial,,0.0,Visitor,18.0,4.0,31.0,2:07, ,,,,,,,,,,,,,,20940,,,,,,,,,,,,,,,,,,,0,0.0,0.0,0.0,0.0,0.0
2023,FOOTBALL_XFL_2023_3_11_HOU@ORL,HOU,2,ORL,4,outdoors,147,1678583307.0,72507,2023-03-12 01:08:27.000000,EventFootballPass,3-3-HOU 49 (3:03) 12 B. Silvers pass dropped by 13 J. Kirklin,,True,2,3,3,Half1,MaSourceTypeOfficialScoring,FOOTBALL_XFL_2023_3_11_HOU@ORL,,QBStat,63, ,183,183,1983,3:03,2,,,,0.0,3,2,3,3,Visitor,49,11,51,20,3,21984,20896,,3.0,3.0,StatusOfficial,ResultPassDropped,,Visitor,18.0,5.0,31.0,2:34, ,,,,,,,,,,,,,,,,,,,,,,,,,,,,,,,,,0,0.0,0.0,0.0,0.0,0.0
2023,FOOTBALL_XFL_2023_3_11_HOU@ORL,HOU,2,ORL,4,outdoors,149,1678583347.0,72547,2023-03-12 01:09:07.000000,EventFootballPunt,"4-3-HOU 49 (2:34) 46 R. Porter punts 40 yards from HOU 49 to ORL 11. 32 J. Rogers to ORL 14 for 24 yards (21 G. Owens) PENALTY on 9 G. Willis, 15 yards",,True,2,2,34,Half1,MaSourceTypeOfficialScoring,FOOTBALL_XFL_2023_3_11_HOU@ORL,,QBStat,64, ,154,154,1954,2:34,2,,,,0.0,3,2,3,3,Visitor,49,11,51,20,3,,,21664,4.0,3.0,StatusOfficial,ResultKickReturned,,Visitor,18.0,5.0,31.0,3:07,PUNT,,,,Home,14.0,,4,21696,15.0,ResultPenaltyRepeatdown,NA,,,,,,,,,,,,,,21248,21333,40.0,24.0,,,,,1,0.0,0.0,0.0,0.0,0.0
2023,FOOTBALL_XFL_2023_3_11_HOU@ORL,HOU,2,ORL,4,outdoors,151,1678583445.0,72645,2023-03-12 01:10:45.000000,EventFootballPass,1-10-ORL 14 (2:25) 6 P. Lynch pass to 4 L. Lenoir to ORL 22 for 8 yards (16 R. Texada),,True,2,2,25,Half1,MaSourceTypeOfficialScoring,FOOTBALL_XFL_2023_3_11_HOU@ORL,,QBStat,65, ,145,145,1945,2:25,4,,,,1.0,3,2,2,2,Home,14,12,86,20,3,22605,21799,21536,1.0,10.0,StatusOfficial,ResultPassComplete,8.0,Home,14.0,1.0,8.0,0:21, ,,,,,,,,,,,,,,,,,,,,,,,,,,,,,,,,,0,0.0,0.0,0.0,0.0,0.0
2023,FOOTBALL_XFL_2023_3_11_HOU@ORL,HOU,2,ORL,4,outdoors,153,1678583479.0,72679,2023-03-12 01:11:19.000000,EventFootballRush,"2-2-ORL 22 (2:02) 30 J. Martin rush to ORL 27 for 5 yards (96 J. Heflin, 11 T. Beckett)",,True,2,2,2,Half1,MaSourceTypeOfficialScoring,FOOTBALL_XFL_2023_3_11_HOU@ORL,,QBStat,66, ,122,122,1922,2:02,4,,,,1.0,3,2,2,2,Home,22,12,78,20,3,,,22875,2.0,2.0,StatusOfficial,,5.0,Home,14.0,2.0,13.0,0:30, ,,,,,,20107,,,,,,,,20997,,,,,,,,,,,,,,,,,,,0,0.0,0.0,0.0,0.0,0.0
2023,FOOTBALL_XFL_2023_3_11_HOU@ORL,HOU,2,ORL,4,outdoors,155,1678583663.0,72863,2023-03-12 01:14:23.000000,EventFootballPass,1-10-ORL 27 (1:55) 6 P. Lynch pass to 11 C. Latimer to ORL 38 for 11 yards (18 J. Mosley),,True,2,1,55,Half1,MaSourceTypeOfficialScoring,FOOTBALL_XFL_2023_3_11_HOU@ORL,,QBStat,67, ,115,115,1915,1:55,4,,,,1.0,3,2,2,2,Home,27,12,73,20,3,22605,20929,21108,1.0,10.0,StatusOfficial,ResultPassComplete,11.0,Home,14.0,3.0,24.0,0:49, ,,,,,,,,,,,,,,,,,,,,,,,,,,,,,,,,,0,0.0,0.0,0.0,0.0,0.0
2023,FOOTBALL_XFL_2023_3_11_HOU@ORL,HOU,2,ORL,4,outdoors,157,1678583683.0,72883,2023-03-12 01:14:43.000000,EventFootballSack,1-10-ORL 38 (1:38) 6 P. Lynch sacked at ORL 34 for -4 yards (89 T. Ward),,True,2,1,38,Half1,MaSourceTypeOfficialScoring,FOOTBALL_XFL_2023_3_11_HOU@ORL,,QBStat,68, ,98,98,1898,1:38,4,,,,1.0,3,2,2,2,Home,38,12,62,20,3,22605,,,1.0,10.0,StatusOfficial,,-4.0,Home,14.0,4.0,20.0,1:03, ,,,,,,,,,,,,,,,,,,,,,,,,21628,,,,,,,,,0,0.0,0.0,0.0,0.0,0.0
2023,FOOTBALL_XFL_2023_3_11_HOU@ORL,HOU,2,ORL,4,outdoors,159,1678583711.0,72911,2023-03-12 01:15:11.000000,EventFootballPass,"2-14-ORL 34 (1:11) 6 P. Lynch pass to 14 C. Rambo to ORL 42 for 8 yards Fumbled by 14 C. Rambo,  Forced by 18 J. Mosley Recovered by 23 S. Davis (18 J. Mosley)",,True,2,1,11,Half1,MaSourceTypeOfficialScoring,FOOTBALL_XFL_2023_3_11_HOU@ORL,,QBStat,69, ,71,71,1871,1:11,4,,,,1.0,3,2,2,2,Home,34,12,66,20,3,22605,22018,21108,2.0,14.0,StatusOfficial,ResultPassComplete,8.0,Home,14.0,5.0,28.0,1:23,FUMBLE,,,,Home,42.0,,,,,,,,,,4,22018,2,20368,21108,,,,,,,,,,,,,,0,0.0,0.0,0.0,0.0,0.0
2023,FOOTBALL_XFL_2023_3_11_HOU@ORL,HOU,2,ORL,4,outdoors,161,1678583778.0,72978,2023-03-12 01:16:18.000000,EventFootballPass,"1-10-ORL 42 (1:01) 12 B. Silvers pass to 13 J. Kirklin for 42 yards, TOUCHDOWN",,True,2,1,1,Half1,MaSourceTypeOfficialScoring,FOOTBALL_XFL_2023_3_11_HOU@ORL,,QBStat,70, ,61,61,1861,1:01,2,,,,0.0,3,2,3,3,Home,42,13,42,20,3,21984,20896,,1.0,10.0,StatusOfficial,ResultPassComplete,42.0,Home,42.0,1.0,42.0,0:07,TD,,,,,,,,,,,,ScoreTypeTd,,,,,,,,,,,,,,,,,,,,,0,1.0,0.0,0.0,0.0,1.0
2023,FOOTBALL_XFL_2023_3_11_HOU@ORL,HOU,2,ORL,4,outdoors,163,1678583875.0,73075,2023-03-12 01:17:55.000000,EventFootballPenalty,"PENALTY on 1 C. Holmes, 2 yards",,True,2,1,1,Half1,MaSourceTypeOfficialScoring,FOOTBALL_XFL_2023_3_11_HOU@ORL,,QBStat,71, ,61,61,1861,1:01,2,,,,0.0,3,2,3,3,Home,5,13,5,26,3,,,,,,StatusOfficial,,,Home,42.0,1.0,39.0,0:07,TD,,,,,,,4,20713,2.0,ResultPenaltyOnkickoffpat,NA,,,,,,,,,,,,,,,,,,,,,,0,0.0,0.0,0.0,0.0,0.0
2023,FOOTBALL_XFL_2023_3_11_HOU@ORL,HOU,2,ORL,4,outdoors,236,1678583888.0,73088,2023-03-12 01:18:08.000000,EventFootballPat2PtPass,14 C. McDonald 2-pt conversion pass to 1 D. Burnett NO GOOD,,True,2,1,1,Half1,MaSourceTypeOfficialScoring,FOOTBALL_XFL_2023_3_11_HOU@ORL,,QBStat,72, ,61,61,1861,1:01,2,,,,0.0,3,2,3,3,Home,3,13,3,26,3,21982,20229,,,,StatusOfficial,ResultPassIncomplete,,,,,,,,,,,,,,,,,,,,,,,,,,,,,,2.0,,,,,,,,,,0,0.0,0.0,0.0,0.0,0.0
2023,FOOTBALL_XFL_2023_3_11_HOU@ORL,HOU,2,ORL,4,outdoors,168,1678583992.0,73192,2023-03-12 01:19:52.000000,EventFootballPenalty,"PENALTY on Houston Roughnecks, 5 yards",,True,2,1,1,Half1,MaSourceTypeOfficialScoring,FOOTBALL_XFL_2023_3_11_HOU@ORL,,QBStat,73, ,61,61,1861,1:01,4,,,,1.0,3,2,2,2,Visitor,30,14,30,26,3,,,,,,StatusOfficial,,,Visitor,30.0,,5.0,0:00, ,,,,,,,2,TM,5.0,ResultPenaltyOnkickoffpat,NA,,,,,,,,,,,,,,,,,,,,,,0,0.0,0.0,0.0,0.0,0.0
2023,FOOTBALL_XFL_2023_3_11_HOU@ORL,HOU,2,ORL,4,outdoors,175,1678584023.0,73223,2023-03-12 01:20:23.000000,EventFootballKickoff,"8 H. Duplessis kicks 65 yards from HOU 25 to end zone, Touchback",,True,2,1,1,Half1,MaSourceTypeOfficialScoring,FOOTBALL_XFL_2023_3_11_HOU@ORL,,QBStat,74, ,61,61,1861,1:01,4,,,,1.0,3,2,2,2,Visitor,25,14,25,26,3,,,,1.0,10.0,StatusOfficial,ResultKickTouchback,,,,,,,,21448,,,Visitor,45.0,,,,,,,,65.0,,,,,,,,,,,,,,,,,,,,0,0.0,0.0,0.0,0.0,0.0
2023,FOOTBALL_XFL_2023_3_11_HOU@ORL,HOU,2,ORL,4,outdoors,172,1678584035.0,73235,2023-03-12 01:20:35.000000,EventFootballPass,1-10-HOU 45 (0:54) 6 P. Lynch pass to 4 L. Lenoir to HOU 31 for 14 yards (16 R. Texada),,True,2,0,54,Half1,MaSourceTypeOfficialScoring,FOOTBALL_XFL_2023_3_11_HOU@ORL,,QBStat,75, ,54,54,1854,0:54,4,,,,1.0,3,2,2,2,Visitor,45,14,45,26,3,22605,21799,21536,1.0,10.0,StatusOfficial,ResultPassComplete,14.0,Visitor,30.0,1.0,-1.0,0:14, ,,,,,,,,,,,,,,,,,,,,,,,,,,,,,,,,,0,0.0,0.0,0.0,0.0,0.0
2023,FOOTBALL_XFL_2023_3_11_HOU@ORL,HOU,2,ORL,4,outdoors,174,1678584061.0,73261,2023-03-12 01:21:01.000000,EventFootballPass,"1-10-HOU 31 (0:39) 6 P. Lynch pass to 39 J. Smith for 31 yards, TOUCHDOWN",,True,2,0,39,Half1,MaSourceTypeOfficialScoring,FOOTBALL_XFL_2023_3_11_HOU@ORL,,QBStat,76, ,39,39,1839,0:39,4,,,,1.0,3,2,2,2,Visitor,31,14,31,26,3,22605,21439,,1.0,10.0,StatusOfficial,ResultPassComplete,31.0,Visitor,30.0,2.0,30.0,0:22,TD,,,,,,,,,,,,ScoreTypeTd,,,,,,,,,,,,,,,,,,,,,0,1.0,0.0,0.0,0.0,1.0
2023,FOOTBALL_XFL_2023_3_11_HOU@ORL,HOU,2,ORL,4,outdoors,177,1678584143.0,73343,2023-03-12 01:22:23.000000,EventFootballTimeout,Timeout by Orlando Guardians at 0:39,,True,2,0,39,Half1,MaSourceTypeOfficialScoring,FOOTBALL_XFL_2023_3_11_HOU@ORL,,QBStat,77, ,39,39,1839,0:39,4,,,,1.0,3,2,2,2,Visitor,2,14,2,26,9,,,,,,StatusOfficial,,,Visitor,30.0,2.0,28.0,0:22,TD,,,,,,,,,,,,,,,,,,,,,,,,,,,,,,,4,,0,0.0,0.0,0.0,0.0,0.0
2023,FOOTBALL_XFL_2023_3_11_HOU@ORL,HOU,2,ORL,4,outdoors,179,1678584193.0,73393,2023-03-12 01:23:13.000000,EventFootballPat1PtPass,3 D. Francois 1-pt conversion pass to 14 C. Rambo GOOD,,True,2,0,39,Half1,MaSourceTypeOfficialScoring,FOOTBALL_XFL_2023_3_11_HOU@ORL,,QBStat,78, ,39,39,1839,0:39,4,,,,1.0,3,1,1,1,Visitor,2,14,2,26,9,20512,22018,,,,StatusOfficial,ResultPassComplete,2.0,,,,,,,,,,,,,,,,,,ScoreTypeConv,,,,,,,,,,,1.0,,,,,,,,,,0,0.0,0.0,0.0,0.0,0.0
2023,FOOTBALL_XFL_2023_3_11_HOU@ORL,HOU,2,ORL,4,outdoors,181,1678584271.0,73471,2023-03-12 01:24:31.000000,EventFootballKickoff,0 J. Borregales kicks from ORL 30. 20 D. Lee to HOU 29 for 21 yards (87 L. Carter),,True,2,0,39,Half1,MaSourceTypeOfficialScoring,FOOTBALL_XFL_2023_3_11_HOU@ORL,,QBStat,79, ,39,39,1839,0:39,2,,,,0.0,3,1,3,3,Home,30,15,30,26,10,,,20272,,,StatusOfficial,ResultKickReturned,,,,,,,,21609,20221,21.0,Visitor,29.0,,,,,,,,,,,,,,,,,,,,,,,,,,,,0,0.0,0.0,0.0,0.0,0.0
2023,FOOTBALL_XFL_2023_3_11_HOU@ORL,HOU,2,ORL,4,outdoors,184,1678584310.0,73510,2023-03-12 01:25:10.000000,EventFootballRush,1-10-HOU 29 (0:32) 12 B. Silvers rush to HOU 28 for -1 yards,,True,2,0,32,Half1,MaSourceTypeOfficialScoring,FOOTBALL_XFL_2023_3_11_HOU@ORL,,QBStat,80, ,32,32,1832,0:32,2,,,,0.0,3,1,3,3,Visitor,29,15,71,26,10,,,,1.0,10.0,StatusOfficial,,-1.0,Visitor,29.0,1.0,-1.0,0:39,HALF,,,,,,,,,,,,,,21984,,,,,,,,,,,,,,,,,,,0,0.0,0.0,0.0,0.0,0.0
2023,FOOTBALL_XFL_2023_3_11_HOU@ORL,HOU,2,ORL,4,outdoors,186,1678584985.0,74185,2023-03-12 01:36:25.000000,EventFootballKickoff,8 H. Duplessis kicks from HOU 30. 83 D. Williams to ORL 20 for 14 yards (52 E. Ellerbee),,True,3,14,56,Half2,MaSourceTypeOfficialScoring,FOOTBALL_XFL_2023_3_11_HOU@ORL,,QBStat,81, ,896,1796,1796,14:56,4,,,,1.0,3,3,3,3,Visitor,30,16,30,26,10,,,21857,,,StatusOfficial,ResultKickReturned,,,,,,,,21448,83,14.0,Home,20.0,,,,,,,,,,,,,,,,,,,,,,,,,,,,0,0.0,0.0,0.0,0.0,0.0
2023,FOOTBALL_XFL_2023_3_11_HOU@ORL,HOU,2,ORL,4,outdoors,189,1678585031.0,74231,2023-03-12 01:37:11.000000,EventFootballRush,1-10-ORL 20 (14:48) 6 P. Lynch rush to ORL 20 for 0 yards (11 T. Beckett),,True,3,14,48,Half2,MaSourceTypeOfficialScoring,FOOTBALL_XFL_2023_3_11_HOU@ORL,,QBStat,82, ,888,1788,1788,14:48,4,,,,1.0,3,3,3,3,Home,20,16,80,26,10,,,20107,1.0,10.0,StatusOfficial,,0.0,Home,20.0,1.0,,0:46, ,,,,,,,,,,,,,,22605,,,,,,,,,,,,,,,,,,,0,0.0,0.0,0.0,0.0,0.0
2023,FOOTBALL_XFL_2023_3_11_HOU@ORL,HOU,2,ORL,4,outdoors,191,1678585068.0,74268,2023-03-12 01:37:48.000000,EventFootballPass,2-10-ORL 20 (14:11) 6 P. Lynch pass to 11 C. Latimer to ORL 26 for 6 yards (11 T. Beckett),,True,3,14,11,Half2,MaSourceTypeOfficialScoring,FOOTBALL_XFL_2023_3_11_HOU@ORL,,QBStat,83, ,851,1751,1751,14:11,4,,,,1.0,3,3,3,3,Home,20,16,80,26,10,22605,20929,20107,2.0,10.0,StatusOfficial,ResultPassComplete,6.0,Home,20.0,2.0,6.0,1:03, ,,,,,,,,,,,,,,,,,,,,,,,,,,,,,,,,,0,0.0,0.0,0.0,0.0,0.0
2023,FOOTBALL_XFL_2023_3_11_HOU@ORL,HOU,2,ORL,4,outdoors,193,1678585093.0,74293,2023-03-12 01:38:13.000000,EventFootballPass,3-4-ORL 26 (13:46) 6 P. Lynch pass incomplete to 11 C. Latimer,,True,3,13,46,Half2,MaSourceTypeOfficialScoring,FOOTBALL_XFL_2023_3_11_HOU@ORL,,QBStat,84, ,826,1726,1726,13:46,4,,,,1.0,3,3,3,3,Home,26,16,74,26,10,22605,20929,,3.0,4.0,StatusOfficial,ResultPassIncomplete,,Home,20.0,3.0,6.0,1:23, ,,,,,,,,,,,,,,,,,,,,,,,,,,,,,,,,20107,0,0.0,0.0,0.0,0.0,0.0
2023,FOOTBALL_XFL_2023_3_11_HOU@ORL,HOU,2,ORL,4,outdoors,195,1678585140.0,74340,2023-03-12 01:39:00.000000,EventFootballPunt,4-4-ORL 26 (13:05) 19 M. Brown punts 37 yards out of bounds at HOU 42,,True,3,13,5,Half2,MaSourceTypeOfficialScoring,FOOTBALL_XFL_2023_3_11_HOU@ORL,,QBStat,85, ,785,1685,1685,13:05,4,,,,1.0,3,3,3,3,Home,26,16,74,26,10,,,,4.0,4.0,StatusOfficial,ResultKickOutofbounds,,Home,20.0,3.0,6.0,1:55,PUNT,,,,Visitor,42.0,,4,22888,5.0,ResultPenaltyRepeatdown,NA,,,,,,,,,,,,,,20208,,37.0,,,,,,1,0.0,0.0,0.0,0.0,0.0
2023,FOOTBALL_XFL_2023_3_11_HOU@ORL,HOU,2,ORL,4,outdoors,197,1678585208.0,74408,2023-03-12 01:40:08.000000,EventFootballPass,1-10-HOU 42 (13:02) 12 B. Silvers pass to 2 C. Byrd to HOU 48 for 6 yards (13 M. Lee),,True,3,13,2,Half2,MaSourceTypeOfficialScoring,FOOTBALL_XFL_2023_3_11_HOU@ORL,,QBStat,86, ,782,1682,1682,13:02,2,,,,0.0,3,3,3,3,Visitor,42,17,58,26,10,21984,20241,20942,1.0,10.0,StatusOfficial,ResultPassComplete,6.0,Visitor,42.0,1.0,6.0,0:14, ,,,,,,,,,,,,,,,,,,,,,,,,,,,,,,,,,0,0.0,0.0,0.0,0.0,0.0
2023,FOOTBALL_XFL_2023_3_11_HOU@ORL,HOU,2,ORL,4,outdoors,199,1678585273.0,74473,2023-03-12 01:41:13.000000,EventFootballSack,"2-4-HOU 48 (12:23) 12 B. Silvers sacked at HOU 39 for -9 yards (56 S. Maponga, 36 J. Jones)",,True,3,12,23,Half2,MaSourceTypeOfficialScoring,FOOTBALL_XFL_2023_3_11_HOU@ORL,,QBStat,87, ,743,1643,1643,12:23,2,,,,0.0,3,3,3,3,Visitor,48,17,52,26,10,21984,,,2.0,4.0,StatusOfficial,,-9.0,Visitor,42.0,2.0,-3.0,1:02, ,,,,,,,,,,,,,,,,,,,,,,,,20992,,,,,,20841,,,0,0.0,0.0,0.0,0.0,0.0
2023,FOOTBALL_XFL_2023_3_11_HOU@ORL,HOU,2,ORL,4,outdoors,201,1678585316.0,74516,2023-03-12 01:41:56.000000,EventFootballPass,"3-13-HOU 39 (11:40) 12 B. Silvers pass to 20 D. Lee to HOU 47 for 8 yards (44 T. Plummer, 1 C. Holmes)",,True,3,11,40,Half2,MaSourceTypeOfficialScoring,FOOTBALL_XFL_2023_3_11_HOU@ORL,,QBStat,88, ,700,1600,1600,11:40,2,,,,0.0,3,3,3,3,Visitor,39,17,61,26,10,21984,20940,21244,3.0,13.0,StatusOfficial,ResultPassComplete,8.0,Visitor,42.0,3.0,5.0,1:40, ,,,,,,20713,,,,,,,,,,,,,,,,,,,,,,,,,,,0,0.0,0.0,0.0,0.0,0.0
2023,FOOTBALL_XFL_2023_3_11_HOU@ORL,HOU,2,ORL,4,outdoors,203,1678585353.0,74553,2023-03-12 01:42:33.000000,EventFootballPunt,4-5-HOU 47 (11:03) 46 R. Porter punts 41 yards from HOU 47 to ORL 12. 32 J. Rogers to ORL 19 for 7 yards (47 C. Rivers),,True,3,11,3,Half2,MaSourceTypeOfficialScoring,FOOTBALL_XFL_2023_3_11_HOU@ORL,,QBStat,89, ,663,1563,1563,11:03,2,,,,0.0,3,3,3,3,Visitor,47,17,53,26,10,,,47,4.0,5.0,StatusOfficial,ResultKickReturned,,Visitor,42.0,3.0,5.0,2:02,PUNT,,,,Home,19.0,,,,,,,,,,,,,,,,,,,,21248,21333,41.0,7.0,,,,,1,0.0,0.0,0.0,0.0,0.0
2023,FOOTBALL_XFL_2023_3_11_HOU@ORL,HOU,2,ORL,4,outdoors,206,1678585536.0,74736,2023-03-12 01:45:36.000000,EventFootballPass,"1-10-ORL 19 (10:50) 6 P. Lynch pass to 14 C. Rambo for 81 yards, TOUCHDOWN",,True,3,10,50,Half2,MaSourceTypeOfficialScoring,FOOTBALL_XFL_2023_3_11_HOU@ORL,,QBStat,90, ,650,1550,1550,10:50,4,,,,1.0,3,3,3,3,Home,19,18,81,26,10,22605,22018,,1.0,10.0,StatusOfficial,ResultPassComplete,81.0,Home,19.0,1.0,81.0,0:11,TD,,,,,,,,,,,,ScoreTypeTd,,,,,,,,,,,,,,,,,,,,,0,1.0,0.0,0.0,0.0,1.0
2023,FOOTBALL_XFL_2023_3_11_HOU@ORL,HOU,2,ORL,4,outdoors,208,1678585641.0,74841,2023-03-12 01:47:21.000000,EventFootballPenalty,"PENALTY on 4 W. Likely, 2 yards",,True,3,10,49,Half2,MaSourceTypeOfficialScoring,FOOTBALL_XFL_2023_3_11_HOU@ORL,,QBStat,91, ,649,1549,1549,10:49,4,,,,1.0,3,3,3,3,Visitor,5,18,5,26,16,,,,,,StatusOfficial,,,Home,19.0,1.0,78.0,0:11,TD,,,,,,,2,22601,2.0,ResultPenaltyOnkickoffpat,NA,,,,,,,,,,,,,,,,,,,,,,0,0.0,0.0,0.0,0.0,0.0
2023,FOOTBALL_XFL_2023_3_11_HOU@ORL,HOU,2,ORL,4,outdoors,210,1678585663.0,74863,2023-03-12 01:47:43.000000,EventFootballPat2PtRush,3 D. Francois 2-pt conversion rush attempt NO GOOD,,True,3,10,49,Half2,MaSourceTypeOfficialScoring,FOOTBALL_XFL_2023_3_11_HOU@ORL,,QBStat,92, ,649,1549,1549,10:49,4,,,,1.0,3,3,3,3,Visitor,3,18,3,26,16,,,,,,StatusOfficial,,-1.0,,,,,,,,,,,,,,,,,,,,20512,,,,,,,,,2.0,,,,,,,,,,0,0.0,0.0,0.0,0.0,0.0
2023,FOOTBALL_XFL_2023_3_11_HOU@ORL,HOU,2,ORL,4,outdoors,212,1678585745.0,74945,2023-03-12 01:49:05.000000,EventFootballKickoff,"0 J. Borregales kicks from ORL 30. 26 B. Alleyne to HOU 12 for 11 yards (31 L. Henry, 29 T. Washington) PENALTY on 47 C. Rivers, 10 yards",,True,3,10,47,Half2,MaSourceTypeOfficialScoring,FOOTBALL_XFL_2023_3_11_HOU@ORL,,QBStat,93, ,647,1547,1547,10:47,2,,,,0.0,3,3,3,3,Home,30,19,30,26,16,,,21941,,,StatusOfficial,ResultKickReturned,,,,,,,,21609,20357,11.0,Visitor,12.0,22888,2,21820,10.0,ResultPenaltyOnkickoffpat,NA,,,,,,,,,,,,,,,,,,,,,,0,0.0,0.0,0.0,0.0,0.0
2023,FOOTBALL_XFL_2023_3_11_HOU@ORL,HOU,2,ORL,4,outdoors,214,1678585817.0,75017,2023-03-12 01:50:17.000000,EventFootballPass,1-10-HOU 12 (10:37) 12 B. Silvers pass to 2 C. Byrd to HOU 18 for 6 yards (8 T. Smith),,True,3,10,37,Half2,MaSourceTypeOfficialScoring,FOOTBALL_XFL_2023_3_11_HOU@ORL,,QBStat,94, ,637,1537,1537,10:37,2,,,,0.0,3,3,3,3,Visitor,12,19,88,26,16,21984,20241,21448,1.0,10.0,StatusOfficial,ResultPassComplete,6.0,Visitor,12.0,1.0,6.0,0:25, ,,,,,,,,,,,,,,,,,,,,,,,,,,,,,,,,,0,0.0,0.0,0.0,0.0,0.0
2023,FOOTBALL_XFL_2023_3_11_HOU@ORL,HOU,2,ORL,4,outdoors,216,1678585854.0,75054,2023-03-12 01:50:54.000000,EventFootballPass,2-4-HOU 18 (10:00) 12 B. Silvers pass dropped by 21 G. Owens,,True,3,10,0,Half2,MaSourceTypeOfficialScoring,FOOTBALL_XFL_2023_3_11_HOU@ORL,,QBStat,95, ,600,1500,1500,10:00,2,,,,0.0,3,3,3,3,Visitor,18,19,82,26,16,21984,21173,,2.0,4.0,StatusOfficial,ResultPassDropped,,Visitor,12.0,2.0,6.0,0:49, ,,,,,,,,,,,,,,,,,,,,,,,,,,,,,,,,,0,0.0,0.0,0.0,0.0,0.0
2023,FOOTBALL_XFL_2023_3_11_HOU@ORL,HOU,2,ORL,4,outdoors,218,1678585903.0,75103,2023-03-12 01:51:43.000000,EventFootballPass,3-4-HOU 18 (9:32) 12 B. Silvers pass incomplete to 6 T. Harris,,True,3,9,32,Half2,MaSourceTypeOfficialScoring,FOOTBALL_XFL_2023_3_11_HOU@ORL,,QBStat,96, ,572,1472,1472,9:32,2,,,,0.0,3,3,3,3,Visitor,18,19,82,26,16,21984,20642,,3.0,4.0,StatusOfficial,ResultPassIncomplete,,Visitor,12.0,3.0,6.0,1:29, ,,,,,,,,,,,,,,,,,,,,,,,,,,,,,,,,20444,0,0.0,0.0,0.0,0.0,0.0
2023,FOOTBALL_XFL_2023_3_11_HOU@ORL,HOU,2,ORL,4,outdoors,223,1678586015.0,75215,2023-03-12 01:53:35.000000,EventFootballPenalty,"4-4-HOU 18 (8:58) PENALTY on Houston Roughnecks, 5 yards",,True,3,8,58,Half2,MaSourceTypeOfficialScoring,FOOTBALL_XFL_2023_3_11_HOU@ORL,,QBStat,97, ,538,1438,1438,8:58,2,,,,0.0,3,3,3,3,Visitor,18,19,82,26,16,,,,4.0,4.0,StatusOfficial,,,Visitor,12.0,3.0,1.0,1:52, ,,,,,,,2,TM,5.0,ResultPenaltyRepeatdown,NA,,,,,,,,,,,,,,,,,,,,,,0,0.0,0.0,0.0,0.0,0.0
2023,FOOTBALL_XFL_2023_3_11_HOU@ORL,HOU,2,ORL,4,outdoors,225,1678586034.0,75234,2023-03-12 01:53:54.000000,EventFootballPunt,"4-9-HOU 13 (8:48) 46 R. Porter punts 47 yards from HOU 13 to ORL 40. 32 J. Rogers to ORL 30 for 10 yards (29 A. Hendy) PENALTY on 23 N. Hosein, 15 yards",,True,3,8,48,Half2,MaSourceTypeOfficialScoring,FOOTBALL_XFL_2023_3_11_HOU@ORL,,QBStat,98, ,528,1428,1428,8:48,2,,,,0.0,3,3,3,3,Visitor,13,19,87,26,16,,,22888,4.0,9.0,StatusOfficial,ResultKickReturned,,Visitor,12.0,3.0,1.0,2:01,PUNT,,,,Home,30.0,,4,20723,15.0,ResultPenaltyRepeatdown,NA,,,,,,,,,,,,,,21248,21333,47.0,10.0,,,,,1,0.0,0.0,0.0,0.0,0.0
2023,FOOTBALL_XFL_2023_3_11_HOU@ORL,HOU,2,ORL,4,outdoors,227,1678586112.0,75312,2023-03-12 01:55:12.000000,EventFootballPass,1-10-ORL 30 (8:39) 6 P. Lynch pass incomplete to 11 C. Latimer,,True,3,8,39,Half2,MaSourceTypeOfficialScoring,FOOTBALL_XFL_2023_3_11_HOU@ORL,,QBStat,99, ,519,1419,1419,8:39,4,,,,1.0,3,3,3,3,Home,30,20,70,26,16,22605,20929,,1.0,10.0,StatusOfficial,ResultPassIncomplete,,Home,30.0,1.0,,0:10, ,,,,,,,,,,,,,,,,,,,,,,,,,,,,,,,,,0,0.0,0.0,0.0,0.0,0.0
2023,FOOTBALL_XFL_2023_3_11_HOU@ORL,HOU,2,ORL,4,outdoors,229,1678586151.0,75351,2023-03-12 01:55:51.000000,EventFootballPass,2-10-ORL 30 (8:05) 6 P. Lynch pass dropped by 39 J. Smith,,True,3,8,5,Half2,MaSourceTypeOfficialScoring,FOOTBALL_XFL_2023_3_11_HOU@ORL,,QBStat,100, ,485,1385,1385,8:05,4,,,,1.0,3,3,3,3,Home,30,20,70,26,16,22605,21439,,2.0,10.0,StatusOfficial,ResultPassDropped,,Home,30.0,2.0,,0:43, ,,,,,,,,,,,,,,,,,,,,,,,,,,,,,,,,,0,0.0,0.0,0.0,0.0,0.0
2023,FOOTBALL_XFL_2023_3_11_HOU@ORL,HOU,2,ORL,4,outdoors,231,1678586220.0,75420,2023-03-12 01:57:00.000000,EventFootballPenalty,"3-10-ORL 30 (7:22) PENALTY on 89 T. Ward, 5 yards",,True,3,7,22,Half2,MaSourceTypeOfficialScoring,FOOTBALL_XFL_2023_3_11_HOU@ORL,,QBStat,101, ,442,1342,1342,7:22,4,,,,1.0,3,3,3,3,Home,30,20,70,26,16,,,,3.0,10.0,StatusOfficial,,,Home,30.0,2.0,5.0,1:26, ,,,,,,,2,21628,5.0,ResultPenaltyRepeatdown,NA,,,,,,,,,,,,,,,,,,,,,,0,0.0,0.0,0.0,0.0,0.0
2023,FOOTBALL_XFL_2023_3_11_HOU@ORL,HOU,2,ORL,4,outdoors,233,1678586249.0,75449,2023-03-12 01:57:29.000000,EventFootballPass,3-5-ORL 35 (7:05) 6 P. Lynch pass incomplete to 4 L. Lenoir,,True,3,7,5,Half2,MaSourceTypeOfficialScoring,FOOTBALL_XFL_2023_3_11_HOU@ORL,,QBStat,102, ,425,1325,1325,7:05,4,,,,1.0,3,3,3,3,Home,35,20,65,26,16,22605,21799,,3.0,5.0,StatusOfficial,ResultPassIncomplete,,Home,30.0,3.0,5.0,1:41, ,,,,,,,,,,,,,,,,,,,,,,,,,,,,,,,,21536,0,0.0,0.0,0.0,0.0,0.0
2023,FOOTBALL_XFL_2023_3_11_HOU@ORL,HOU,2,ORL,4,outdoors,235,1678586339.0,75539,2023-03-12 01:58:59.000000,EventFootballPunt,"4-5-ORL 35 (6:45) 19 M. Brown punts 45 yards from ORL 35 to HOU 20. 6 T. Harris to HOU 29 for 9 yards (8 T. Smith, 80 R. Becker)",,True,3,6,45,Half2,MaSourceTypeOfficialScoring,FOOTBALL_XFL_2023_3_11_HOU@ORL,,QBStat,103, ,405,1305,1305,6:45,4,,,,1.0,3,3,3,3,Home,35,20,65,26,16,,,20424,4.0,5.0,StatusOfficial,ResultKickReturned,,Home,30.0,3.0,5.0,2:03,PUNT,,,,Visitor,29.0,21266,,,,,,,,,,,,,,,,,,,20208,20642,45.0,9.0,,,,,1,0.0,0.0,0.0,0.0,0.0
2023,FOOTBALL_XFL_2023_3_11_HOU@ORL,HOU,2,ORL,4,outdoors,238,1678586553.0,75753,2023-03-12 02:02:33.000000,EventFootballRush,1-10-HOU 29 (6:38) 26 B. Alleyne rush to HOU 30 for 1 yard (8 T. Smith),,True,3,6,38,Half2,MaSourceTypeOfficialScoring,FOOTBALL_XFL_2023_3_11_HOU@ORL,,QBStat,104, ,398,1298,1298,6:38,2,,,,0.0,3,3,3,3,Visitor,29,21,71,26,16,,,21448,1.0,10.0,StatusOfficial,,1.0,Visitor,29.0,1.0,1.0,0:11, ,,,,,,,,,,,,,,20033,,,,,,,,,,,,,,,,,,,0,0.0,0.0,0.0,0.0,0.0
2023,FOOTBALL_XFL_2023_3_11_HOU@ORL,HOU,2,ORL,4,outdoors,240,1678586586.0,75786,2023-03-12 02:03:06.000000,EventFootballRush,"2-9-HOU 30 (6:04) 26 B. Alleyne rush to HOU 34 for 4 yards (9 G. Willis, 44 T. Plummer)",,True,3,6,4,Half2,MaSourceTypeOfficialScoring,FOOTBALL_XFL_2023_3_11_HOU@ORL,,QBStat,105, ,364,1264,1264,6:04,2,,,,0.0,3,3,3,3,Visitor,30,21,70,26,16,,,21696,2.0,9.0,StatusOfficial,,4.0,Visitor,29.0,2.0,5.0,0:52, ,,,,,,21244,,,,,,,,20033,,,,,,,,,,,,,,,,,,,0,0.0,0.0,0.0,0.0,0.0
2023,FOOTBALL_XFL_2023_3_11_HOU@ORL,HOU,2,ORL,4,outdoors,242,1678586628.0,75828,2023-03-12 02:03:48.000000,EventFootballRush,3-5-HOU 34 (5:23) 26 B. Alleyne rush to HOU 41 for 7 yards (1 C. Holmes),,True,3,5,23,Half2,MaSourceTypeOfficialScoring,FOOTBALL_XFL_2023_3_11_HOU@ORL,,QBStat,106, ,323,1223,1223,5:23,2,,,,0.0,3,3,3,3,Visitor,34,21,66,26,16,,,20713,3.0,5.0,StatusOfficial,,7.0,Visitor,29.0,3.0,12.0,1:29, ,,,,,,,,,,,,,,20033,,,,,,,,,,,,,,,,,,,0,0.0,0.0,0.0,0.0,0.0
2023,FOOTBALL_XFL_2023_3_11_HOU@ORL,HOU,2,ORL,4,outdoors,244,1678586660.0,75860,2023-03-12 02:04:20.000000,EventFootballPass,1-10-HOU 41 (4:50) 12 B. Silvers pass to 2 C. Byrd to HOU 46 for 5 yards (29 T. Washington),,True,3,4,50,Half2,MaSourceTypeOfficialScoring,FOOTBALL_XFL_2023_3_11_HOU@ORL,,QBStat,107, ,290,1190,1190,4:50,2,,,,0.0,3,3,3,3,Visitor,41,21,59,26,16,21984,20241,22888,1.0,10.0,StatusOfficial,ResultPassComplete,5.0,Visitor,29.0,4.0,17.0,2:07, ,,,,,,,,,,,,,,,,,,,,,,,,,,,,,,,,,0,0.0,0.0,0.0,0.0,0.0
2023,FOOTBALL_XFL_2023_3_11_HOU@ORL,HOU,2,ORL,4,outdoors,248,1678586693.0,75893,2023-03-12 02:04:53.000000,EventFootballRush,2-5-HOU 46 (4:17) 20 D. Lee rush to ORL 28 for 26 yards (22 M. Elam),,True,3,4,17,Half2,MaSourceTypeOfficialScoring,FOOTBALL_XFL_2023_3_11_HOU@ORL,,QBStat,108, ,257,1157,1157,4:17,2,,,,0.0,3,3,3,3,Visitor,46,21,54,26,16,,,20444,2.0,5.0,StatusOfficial,,26.0,Visitor,29.0,5.0,43.0,3:12, ,,,,,,,,,,,,,,20940,,,,,,,,,,,,,,,,,,,0,0.0,0.0,0.0,0.0,0.0
2023,FOOTBALL_XFL_2023_3_11_HOU@ORL,HOU,2,ORL,4,outdoors,251,1678586767.0,75967,2023-03-12 02:06:07.000000,EventFootballPass,1-10-ORL 28 (3:09) 12 B. Silvers pass to 2 C. Byrd to ORL 23 for 5 yards (38 M. Murphy),,True,3,3,9,Half2,MaSourceTypeOfficialScoring,FOOTBALL_XFL_2023_3_11_HOU@ORL,,QBStat,109, ,189,1089,1089,3:09,2,,,,0.0,3,3,3,3,Home,28,21,28,26,16,21984,20241,21121,1.0,10.0,StatusOfficial,ResultPassComplete,5.0,Visitor,29.0,6.0,48.0,3:49, ,,,,,,,,,,,,,,,,,,,,,,,,,,,,,,,,,0,0.0,0.0,0.0,0.0,0.0
2023,FOOTBALL_XFL_2023_3_11_HOU@ORL,HOU,2,ORL,4,outdoors,256,1678586786.0,75986,2023-03-12 02:06:26.000000,EventFootballRush,"2-5-ORL 23 (2:49) 20 D. Lee rush to ORL 15 for 8 yards (13 M. Lee, 88 C. Patton)",,True,3,2,49,Half2,MaSourceTypeOfficialScoring,FOOTBALL_XFL_2023_3_11_HOU@ORL,,QBStat,110, ,169,1069,1069,2:49,2,,,,0.0,3,3,3,3,Home,23,21,23,26,16,,,20942,2.0,5.0,StatusOfficial,,8.0,Visitor,29.0,7.0,56.0,3:59, ,,,,,,22001,,,,,,,,20940,,,,,,,,,,,,,,,,,,,0,0.0,0.0,0.0,0.0,0.0
2023,FOOTBALL_XFL_2023_3_11_HOU@ORL,HOU,2,ORL,4,outdoors,255,1678586827.0,76027,2023-03-12 02:07:07.000000,EventFootballPenalty,"1-10-ORL 15 (2:30) PENALTY on 13 M. Lee, 14 yards",,True,3,2,30,Half2,MaSourceTypeOfficialScoring,FOOTBALL_XFL_2023_3_11_HOU@ORL,,QBStat,111, ,150,1050,1050,2:30,2,,,,0.0,3,3,3,3,Home,15,21,15,26,16,,,,1.0,10.0,StatusOfficial,,,Visitor,29.0,7.0,70.0,4:24, ,,,,,,,4,20942,14.0,ResultPenaltyAuto1Stdown,NA,,,,,,,,,,,,,,,,,,,,,,0,0.0,0.0,0.0,0.0,0.0
2023,FOOTBALL_XFL_2023_3_11_HOU@ORL,HOU,2,ORL,4,outdoors,258,1678586875.0,76075,2023-03-12 02:07:55.000000,EventFootballRush,"1-1-ORL 1 (2:08) 20 D. Lee rush for 1 yard, TOUCHDOWN",,True,3,2,8,Half2,MaSourceTypeOfficialScoring,FOOTBALL_XFL_2023_3_11_HOU@ORL,,QBStat,112, ,128,1028,1028,2:08,2,,,,0.0,3,3,3,3,Home,1,21,1,26,16,,,,1.0,1.0,StatusOfficial,,1.0,Visitor,29.0,8.0,71.0,4:34,TD,,,,,,,,,,,,ScoreTypeTd,,20940,,,,,,,,,,,,,,,,,,,0,0.0,1.0,0.0,0.0,1.0
2023,FOOTBALL_XFL_2023_3_11_HOU@ORL,HOU,2,ORL,4,outdoors,260,1678586927.0,76127,2023-03-12 02:08:47.000000,EventFootballPenalty,"PENALTY on 20 B. Buchanan, 4 yards",,True,3,2,8,Half2,MaSourceTypeOfficialScoring,FOOTBALL_XFL_2023_3_11_HOU@ORL,,QBStat,113, ,128,1028,1028,2:08,2,,,,0.0,3,3,3,3,Home,5,21,5,32,16,,,,,,StatusOfficial,,,Visitor,29.0,8.0,70.0,4:34,TD,,,,,,,4,20221,4.0,ResultPenaltyOnkickoffpat,NA,,,,,,,,,,,,,,,,,,,,,,0,0.0,0.0,0.0,0.0,0.0
2023,FOOTBALL_XFL_2023_3_11_HOU@ORL,HOU,2,ORL,4,outdoors,267,1678586958.0,76158,2023-03-12 02:09:18.000000,EventFootballPat2PtRush,14 C. McDonald 2-pt conversion rush attempt NO GOOD,,True,3,2,8,Half2,MaSourceTypeOfficialScoring,FOOTBALL_XFL_2023_3_11_HOU@ORL,,QBStat,114, ,128,1028,1028,2:08,2,,,,0.0,3,3,3,3,Home,1,21,1,32,16,,,,,,StatusOfficial,,0.0,,,,,,,,,,,,,,,,,,,,21982,,,,,,,,,2.0,,,,,,,,,,0,0.0,0.0,0.0,0.0,0.0
2023,FOOTBALL_XFL_2023_3_11_HOU@ORL,HOU,2,ORL,4,outdoors,264,1678587036.0,76236,2023-03-12 02:10:36.000000,EventFootballKickoff,"8 H. Duplessis kicks from HOU 30. 83 D. Williams to ORL 13 for 14 yards (23 S. Davis) PENALTY on 39 J. Smith, 10 yards",,True,3,2,6,Half2,MaSourceTypeOfficialScoring,FOOTBALL_XFL_2023_3_11_HOU@ORL,,QBStat,115, ,126,1026,1026,2:06,4,,,,1.0,3,3,3,3,Visitor,30,22,30,32,16,,,20368,,,StatusOfficial,ResultKickReturned,,,,,,,,21448,83,14.0,Home,13.0,,4,21439,10.0,ResultPenaltyOnkickoffpat,NA,,,,,,,,,,,,,,,,,,,,,,0,0.0,0.0,0.0,0.0,0.0
2023,FOOTBALL_XFL_2023_3_11_HOU@ORL,HOU,2,ORL,4,outdoors,266,1678587109.0,76309,2023-03-12 02:11:49.000000,EventFootballPass,1-10-ORL 13 (1:55) 6 P. Lynch pass dropped by 26 D. Darrington,,True,3,1,55,Half2,MaSourceTypeOfficialScoring,FOOTBALL_XFL_2023_3_11_HOU@ORL,,QBStat,116, ,115,1015,1015,1:55,4,,,,1.0,3,3,3,3,Home,13,22,87,32,16,22605,20357,,1.0,10.0,StatusOfficial,ResultPassDropped,,Home,13.0,1.0,,0:19, ,,,,,,,,,,,,,,,,,,,,,,,,,,,,,20350,,,,0,0.0,0.0,0.0,0.0,0.0
2023,FOOTBALL_XFL_2023_3_11_HOU@ORL,HOU,2,ORL,4,outdoors,269,1678587165.0,76365,2023-03-12 02:12:45.000000,EventFootballPenalty,"2-10-ORL 13 (1:21) PENALTY on 18 J. Mosley, 5 yards",,True,3,1,21,Half2,MaSourceTypeOfficialScoring,FOOTBALL_XFL_2023_3_11_HOU@ORL,,QBStat,117, ,81,981,981,1:21,4,,,,1.0,3,3,3,3,Home,13,22,87,32,16,,,,2.0,10.0,StatusOfficial,,,Home,13.0,1.0,5.0,1:08, ,,,,,,,2,21108,5.0,ResultPenaltyAuto1Stdown,NA,,,,,,,,,,,,,,,,,,,,,,0,0.0,0.0,0.0,0.0,0.0
2023,FOOTBALL_XFL_2023_3_11_HOU@ORL,HOU,2,ORL,4,outdoors,271,1678587194.0,76394,2023-03-12 02:13:14.000000,EventFootballRush,"1-10-ORL 18 (0:55) 10 D. Thomas rush to ORL 30 for 12 yards (52 E. Ellerbee, 4 W. Likely)",,True,3,0,55,Half2,MaSourceTypeOfficialScoring,FOOTBALL_XFL_2023_3_11_HOU@ORL,,QBStat,118, ,55,955,955,0:55,4,,,,1.0,3,3,3,3,Home,18,22,82,32,16,,,21857,1.0,10.0,StatusOfficial,,12.0,Home,13.0,2.0,17.0,1:24, ,,,,,,22601,,,,,,,,21891,,,,,,,,,,,,,,,,,,,0,0.0,0.0,0.0,0.0,0.0
2023,FOOTBALL_XFL_2023_3_11_HOU@ORL,HOU,2,ORL,4,outdoors,273,1678587226.0,76426,2023-03-12 02:13:46.000000,EventFootballPass,1-10-ORL 30 (0:23) 6 P. Lynch pass to 17 E. Rogers to ORL 35 for 5 yards (52 E. Ellerbee),,True,3,0,23,Half2,MaSourceTypeOfficialScoring,FOOTBALL_XFL_2023_3_11_HOU@ORL,,QBStat,119, ,23,923,923,0:23,4,,,,1.0,3,3,3,3,Home,30,22,70,32,16,22605,22708,21857,1.0,10.0,StatusOfficial,ResultPassComplete,5.0,Home,13.0,3.0,22.0,2:08, ,,,,,,,,,,,,,,,,,,,,,,,,,,,,,,,,,0,0.0,0.0,0.0,0.0,0.0
2023,FOOTBALL_XFL_2023_3_11_HOU@ORL,HOU,2,ORL,4,outdoors,275,1678587255.0,76455,2023-03-12 02:14:15.000000,EventFootballPass,2-5-ORL 35 (0:00) 6 P. Lynch pass to 10 D. Thomas to ORL 39 for 4 yards (45 J. Daka),,True,3,0,0,Half2,MaSourceTypeOfficialScoring,FOOTBALL_XFL_2023_3_11_HOU@ORL,,QBStat,120, ,0,900,900,0:00,4,,,,1.0,3,3,3,3,Home,35,22,65,32,16,22605,21891,20350,2.0,5.0,StatusOfficial,ResultPassComplete,4.0,Home,13.0,4.0,26.0,2:08, ,,,,,,,,,,,,,,,,,,,,,,,,,,,,,,,,,0,0.0,0.0,0.0,0.0,0.0
2023,FOOTBALL_XFL_2023_3_11_HOU@ORL,HOU,2,ORL,4,outdoors,277,1678587477.0,76677,2023-03-12 02:17:57.000000,EventFootballRush,3-1-ORL 39 (14:54) 26 D. Darrington rush to HOU 47 for 14 yards (33 T. Harris),,True,4,14,54,Half2,MaSourceTypeOfficialScoring,FOOTBALL_XFL_2023_3_11_HOU@ORL,,QBStat,121, ,894,894,894,14:54,4,,,,1.0,3,3,3,3,Home,39,22,61,32,16,,,22857,3.0,1.0,StatusOfficial,,14.0,Home,13.0,5.0,40.0,2:32, ,,,,,,,,,,,,,,20357,,,,,,,,,,,,,,,,,,,0,0.0,0.0,0.0,0.0,0.0
2023,FOOTBALL_XFL_2023_3_11_HOU@ORL,HOU,2,ORL,4,outdoors,279,1678587512.0,76712,2023-03-12 02:18:32.000000,EventFootballPass,1-10-HOU 47 (14:20) 6 P. Lynch pass dropped by 26 D. Darrington,,True,4,14,20,Half2,MaSourceTypeOfficialScoring,FOOTBALL_XFL_2023_3_11_HOU@ORL,,QBStat,122, ,860,860,860,14:20,4,,,,1.0,3,3,3,3,Visitor,47,22,47,32,16,22605,20357,,1.0,10.0,StatusOfficial,ResultPassDropped,,Home,13.0,6.0,40.0,2:48, ,,,,,,,,,,,,,,,,,,,,,,,,,,,,,,,,,0,0.0,0.0,0.0,0.0,0.0
2023,FOOTBALL_XFL_2023_3_11_HOU@ORL,HOU,2,ORL,4,outdoors,281,1678587548.0,76748,2023-03-12 02:19:08.000000,EventFootballRush,2-10-HOU 47 (13:55) 10 D. Thomas rush to HOU 43 for 4 yards (89 T. Ward),,True,4,13,55,Half2,MaSourceTypeOfficialScoring,FOOTBALL_XFL_2023_3_11_HOU@ORL,,QBStat,123, ,835,835,835,13:55,4,,,,1.0,3,3,3,3,Visitor,47,22,47,32,16,,,21628,2.0,10.0,StatusOfficial,,4.0,Home,13.0,7.0,44.0,3:30, ,,,,,,,,,,,,,,21891,,,,,,,,,,,,,,,,,,,0,0.0,0.0,0.0,0.0,0.0
2023,FOOTBALL_XFL_2023_3_11_HOU@ORL,HOU,2,ORL,4,outdoors,283,1678587586.0,76786,2023-03-12 02:19:46.000000,EventFootballPass,3-6-HOU 43 (13:20) 6 P. Lynch pass incomplete to 83 D. Williams,,True,4,13,20,Half2,MaSourceTypeOfficialScoring,FOOTBALL_XFL_2023_3_11_HOU@ORL,,QBStat,124, ,800,800,800,13:20,4,,,,1.0,3,3,3,3,Visitor,43,22,43,32,16,22605,21672,,3.0,6.0,StatusOfficial,ResultPassIncomplete,,Home,13.0,8.0,44.0,3:52, ,,,,,,,,,,,,,,,,,,,,,,,,,,,,,,,,,0,0.0,0.0,0.0,0.0,0.0
2023,FOOTBALL_XFL_2023_3_11_HOU@ORL,HOU,2,ORL,4,outdoors,285,1678587621.0,76821,2023-03-12 02:20:21.000000,EventFootballPass,4-6-HOU 43 (12:54) 6 P. Lynch pass incomplete to 11 C. Latimer,,True,4,12,54,Half2,MaSourceTypeOfficialScoring,FOOTBALL_XFL_2023_3_11_HOU@ORL,,QBStat,125, ,774,774,774,12:54,4,,,,1.0,3,3,3,3,Visitor,43,22,43,32,16,22605,20929,,4.0,6.0,StatusOfficial,ResultPassIncomplete,,Home,13.0,9.0,44.0,4:14,DOWNS,,,,,,,,,,,,,,,,,,,,,,,,,,,,,,,,20368,0,0.0,0.0,0.0,0.0,0.0
2023,FOOTBALL_XFL_2023_3_11_HOU@ORL,HOU,2,ORL,4,outdoors,287,1678587666.0,76866,2023-03-12 02:21:06.000000,EventFootballPass,1-10-HOU 43 (12:50) 12 B. Silvers pass to 10 J. Smith to HOU 44 for 1 yard (44 T. Plummer),,True,4,12,50,Half2,MaSourceTypeOfficialScoring,FOOTBALL_XFL_2023_3_11_HOU@ORL,,QBStat,126, ,770,770,770,12:50,2,,,,0.0,3,3,3,3,Visitor,43,23,57,32,16,21984,21441,21244,1.0,10.0,StatusOfficial,ResultPassComplete,1.0,Visitor,43.0,1.0,1.0,0:16, ,,,,,,,,,,,,,,,,,,,,,,,,,,,,,,,,,0,0.0,0.0,0.0,0.0,0.0
2023,FOOTBALL_XFL_2023_3_11_HOU@ORL,HOU,2,ORL,4,outdoors,289,1678587706.0,76906,2023-03-12 02:21:46.000000,EventFootballRush,2-9-HOU 44 (12:09) 26 B. Alleyne rush to HOU 46 for 2 yards (36 J. Jones),,True,4,12,9,Half2,MaSourceTypeOfficialScoring,FOOTBALL_XFL_2023_3_11_HOU@ORL,,QBStat,127, ,729,729,729,12:09,2,,,,0.0,3,3,3,3,Visitor,44,23,56,32,16,,,20841,2.0,9.0,StatusOfficial,,2.0,Visitor,43.0,2.0,3.0,0:56, ,,,,,,,,,,,,,,20033,,,,,,,,,,,,,,,,,,,0,0.0,0.0,0.0,0.0,0.0
2023,FOOTBALL_XFL_2023_3_11_HOU@ORL,HOU,2,ORL,4,outdoors,291,1678587770.0,76970,2023-03-12 02:22:50.000000,EventFootballPenalty,"3-7-HOU 46 (11:30) PENALTY on Houston Roughnecks, 5 yards",,True,4,11,30,Half2,MaSourceTypeOfficialScoring,FOOTBALL_XFL_2023_3_11_HOU@ORL,,QBStat,128, ,690,690,690,11:30,2,,,,0.0,3,3,3,3,Visitor,46,23,54,32,16,,,,3.0,7.0,StatusOfficial,,,Visitor,43.0,2.0,-2.0,1:24, ,,,,,,,2,TM,5.0,ResultPenaltyRepeatdown,NA,,,,,,,,,,,,,,,,,,,,,,0,0.0,0.0,0.0,0.0,0.0
2023,FOOTBALL_XFL_2023_3_11_HOU@ORL,HOU,2,ORL,4,outdoors,293,1678587812.0,77012,2023-03-12 02:23:32.000000,EventFootballPass,"3-12-HOU 41 (10:57) 12 B. Silvers pass to 6 T. Harris for 59 yards, TOUCHDOWN",,True,4,10,57,Half2,MaSourceTypeOfficialScoring,FOOTBALL_XFL_2023_3_11_HOU@ORL,,QBStat,129, ,657,657,657,10:57,2,,,,0.0,3,3,3,3,Visitor,41,23,59,32,16,21984,20642,,3.0,12.0,StatusOfficial,ResultPassComplete,59.0,Visitor,43.0,3.0,57.0,1:57,TD,,,,,,,,,,,,ScoreTypeTd,,,,,,,,,,,,,,,,,,,,,0,1.0,0.0,0.0,0.0,1.0
2023,FOOTBALL_XFL_2023_3_11_HOU@ORL,HOU,2,ORL,4,outdoors,295,1678587856.0,77056,2023-03-12 02:24:16.000000,EventFootballPat2PtPass,12 B. Silvers 2-pt conversion pass to 10 J. Smith NO GOOD,,True,4,10,57,Half2,MaSourceTypeOfficialScoring,FOOTBALL_XFL_2023_3_11_HOU@ORL,,QBStat,130, ,657,657,657,10:57,2,,,,0.0,3,3,3,3,Home,5,23,5,38,16,21984,21441,,,,StatusOfficial,ResultPassIncomplete,,,,,,,,,,,,,,,,,,,,,,,,,,,,,,2.0,,,,,,,,,,0,0.0,0.0,0.0,0.0,0.0
2023,FOOTBALL_XFL_2023_3_11_HOU@ORL,HOU,2,ORL,4,outdoors,297,1678588054.0,77254,2023-03-12 02:27:34.000000,EventFootballKickoff,8 H. Duplessis kicks from HOU 30. 10 D. Thomas to ORL 34 for 24 yards (25 J. Brannon),,True,4,10,56,Half2,MaSourceTypeOfficialScoring,FOOTBALL_XFL_2023_3_11_HOU@ORL,,QBStat,131, ,656,656,656,10:56,4,,,,1.0,3,3,3,3,Visitor,30,24,30,38,16,,,21848,,,StatusOfficial,ResultKickReturned,,,,,,,,21448,21441,24.0,Home,34.0,,,,,,,,,,,,,,,,,,,,,,,,,,,,0,0.0,0.0,0.0,0.0,0.0
2023,FOOTBALL_XFL_2023_3_11_HOU@ORL,HOU,2,ORL,4,outdoors,299,1678588097.0,77297,2023-03-12 02:28:17.000000,EventFootballPass,1-10-ORL 34 (10:46) 6 P. Lynch pass to 87 L. Carter to ORL 42 for 8 yards (99 T. Mason),,True,4,10,46,Half2,MaSourceTypeOfficialScoring,FOOTBALL_XFL_2023_3_11_HOU@ORL,,QBStat,132, ,646,646,646,10:46,4,,,,1.0,3,3,3,3,Home,34,24,66,38,16,22605,20272,21004,1.0,10.0,StatusOfficial,ResultPassComplete,8.0,Home,34.0,1.0,8.0,0:27, ,,,,,,,,,,,,,,,,,,,,,,,,,,,,,21628,,,,0,0.0,0.0,0.0,0.0,0.0
2023,FOOTBALL_XFL_2023_3_11_HOU@ORL,HOU,2,ORL,4,outdoors,302,1678588123.0,77323,2023-03-12 02:28:43.000000,EventFootballPass,2-2-ORL 42 (10:22) 6 P. Lynch pass incomplete to 17 E. Rogers,,True,4,10,22,Half2,MaSourceTypeOfficialScoring,FOOTBALL_XFL_2023_3_11_HOU@ORL,,QBStat,133, ,622,622,622,10:22,4,,,,1.0,3,3,3,3,Home,42,24,58,38,16,22605,22708,,2.0,2.0,StatusOfficial,ResultPassIncomplete,,Home,34.0,2.0,8.0,0:41, ,,,,,,,,,,,,,,,,,,,,,,,,,,,,,,,,22601,0,0.0,0.0,0.0,0.0,0.0
2023,FOOTBALL_XFL_2023_3_11_HOU@ORL,HOU,2,ORL,4,outdoors,304,1678588154.0,77354,2023-03-12 02:29:14.000000,EventFootballPass,"3-2-ORL 42 (9:55) 6 P. Lynch pass to 87 L. Carter to HOU 47 for 11 yards (52 E. Ellerbee, 16 R. Texada)",,True,4,9,55,Half2,MaSourceTypeOfficialScoring,FOOTBALL_XFL_2023_3_11_HOU@ORL,,QBStat,134, ,595,595,595,9:55,4,,,,1.0,3,3,3,3,Home,42,24,58,38,16,22605,20272,21857,3.0,2.0,StatusOfficial,ResultPassComplete,11.0,Home,34.0,3.0,19.0,1:20, ,,,,,,21536,,,,,,,,,,,,,,,,,,,,,,,,,,,0,0.0,0.0,0.0,0.0,0.0
2023,FOOTBALL_XFL_2023_3_11_HOU@ORL,HOU,2,ORL,4,outdoors,306,1678588179.0,77379,2023-03-12 02:29:39.000000,EventFootballSack,1-10-HOU 47 (9:29) 6 P. Lynch sacked at HOU 48 for -1 yards (33 T. Harris),,True,4,9,29,Half2,MaSourceTypeOfficialScoring,FOOTBALL_XFL_2023_3_11_HOU@ORL,,QBStat,135, ,569,569,569,9:29,4,,,,1.0,3,3,3,3,Visitor,47,24,47,38,16,22605,,,1.0,10.0,StatusOfficial,,-1.0,Home,34.0,4.0,18.0,1:41, ,,,,,,,,,,,,,,,,,,,,,,,,22857,,,,,,,,,0,0.0,0.0,0.0,0.0,0.0
2023,FOOTBALL_XFL_2023_3_11_HOU@ORL,HOU,2,ORL,4,outdoors,308,1678588207.0,77407,2023-03-12 02:30:07.000000,EventFootballPass,2-11-HOU 48 (9:07) 6 P. Lynch pass incomplete to 17 E. Rogers,,True,4,9,7,Half2,MaSourceTypeOfficialScoring,FOOTBALL_XFL_2023_3_11_HOU@ORL,,QBStat,136, ,547,547,547,9:07,4,,,,1.0,3,3,3,3,Visitor,48,24,48,38,16,22605,22708,,2.0,11.0,StatusOfficial,ResultPassIncomplete,,Home,34.0,5.0,18.0,1:57, ,,,,,,,,,,,,,,,,,,,,,,,,,,,,,,,,22601,0,0.0,0.0,0.0,0.0,0.0
2023,FOOTBALL_XFL_2023_3_11_HOU@ORL,HOU,2,ORL,4,outdoors,310,1678588236.0,77436,2023-03-12 02:30:36.000000,EventFootballPenalty,"3-11-HOU 48 (8:43) PENALTY on 72 T. Storment, 5 yards",,True,4,8,43,Half2,MaSourceTypeOfficialScoring,FOOTBALL_XFL_2023_3_11_HOU@ORL,,QBStat,137, ,523,523,523,8:43,4,,,,1.0,3,3,3,3,Visitor,48,24,48,38,16,,,,3.0,11.0,StatusOfficial,,,Home,34.0,5.0,13.0,2:14, ,,,,,,,4,21490,5.0,ResultPenaltyRepeatdown,NA,,,,,,,,,,,,,,,,,,,,,,0,0.0,0.0,0.0,0.0,0.0
2023,FOOTBALL_XFL_2023_3_11_HOU@ORL,HOU,2,ORL,4,outdoors,312,1678588270.0,77470,2023-03-12 02:31:10.000000,EventFootballPass,3-16-ORL 47 (8:22) 6 P. Lynch pass to 4 L. Lenoir to HOU 39 for 14 yards (29 A. Hendy),,True,4,8,22,Half2,MaSourceTypeOfficialScoring,FOOTBALL_XFL_2023_3_11_HOU@ORL,,QBStat,138, ,502,502,502,8:22,4,,,,1.0,3,3,3,3,Home,47,24,53,38,16,22605,21799,20675,3.0,16.0,StatusOfficial,ResultPassComplete,14.0,Home,34.0,6.0,27.0,2:50, ,,,,,,,,,,,,,,,,,,,,,,,,,,,,,,,,,0,0.0,0.0,0.0,0.0,0.0
2023,FOOTBALL_XFL_2023_3_11_HOU@ORL,HOU,2,ORL,4,outdoors,314,1678588310.0,77510,2023-03-12 02:31:50.000000,EventFootballPass,"4-2-HOU 39 (7:57) 6 P. Lynch pass to 6 P. Lynch to HOU 39 for 0 yards (45 J. Daka, 97 G. Logan)",,True,4,7,57,Half2,MaSourceTypeOfficialScoring,FOOTBALL_XFL_2023_3_11_HOU@ORL,,QBStat,139, ,477,477,477,7:57,4,,,,1.0,3,3,3,3,Visitor,39,24,39,38,16,22605,22605,20350,4.0,2.0,StatusOfficial,ResultPassComplete,0.0,Home,34.0,7.0,27.0,3:00,DOWNS,,,,,,21946,,,,,,,,,,,,,,,,,,,,,,,,,,,0,0.0,0.0,0.0,0.0,0.0
2023,FOOTBALL_XFL_2023_3_11_HOU@ORL,HOU,2,ORL,4,outdoors,318,1678588541.0,77741,2023-03-12 02:35:41.000000,EventFootballRush,1-10-HOU 39 (7:26) 20 D. Lee rush to HOU 48 for 9 yards (23 N. Hosein),,True,4,7,26,Half2,MaSourceTypeOfficialScoring,FOOTBALL_XFL_2023_3_11_HOU@ORL,,QBStat,140, ,446,446,446,7:26,2,,,,0.0,3,3,3,3,Visitor,39,25,61,38,16,,,20723,1.0,10.0,StatusOfficial,,9.0,Visitor,39.0,1.0,9.0,0:36, ,,,,,,,,,,,,,,20940,,,,,,,,,,,,,,,,,,,0,0.0,0.0,0.0,0.0,0.0
2023,FOOTBALL_XFL_2023_3_11_HOU@ORL,HOU,2,ORL,4,outdoors,320,1678588551.0,77751,2023-03-12 02:35:51.000000,EventFootballPass,2-1-HOU 48 (7:21) 14 C. McDonald pass to 80 B. Putman to ORL 42 for 10 yards (40 E. Thompson),,True,4,7,21,Half2,MaSourceTypeOfficialScoring,FOOTBALL_XFL_2023_3_11_HOU@ORL,,QBStat,141, ,441,441,441,7:21,2,,,,0.0,3,3,3,3,Visitor,48,25,52,38,16,21982,21266,21550,2.0,1.0,StatusOfficial,ResultPassComplete,10.0,Visitor,39.0,2.0,19.0,0:57, ,,,,,,,,,,,,,,,,,,,,,,,,,,,,,,,,,0,0.0,0.0,0.0,0.0,0.0
2023,FOOTBALL_XFL_2023_3_11_HOU@ORL,HOU,2,ORL,4,outdoors,322,1678588585.0,77785,2023-03-12 02:36:25.000000,EventFootballRush,1-10-ORL 42 (6:53) 14 C. McDonald rush to ORL 22 for 20 yards,,True,4,6,53,Half2,MaSourceTypeOfficialScoring,FOOTBALL_XFL_2023_3_11_HOU@ORL,,QBStat,142, ,413,413,413,6:53,2,,,,0.0,3,3,3,3,Home,42,25,42,38,16,,,,1.0,10.0,StatusOfficial,,20.0,Visitor,39.0,3.0,39.0,1:13, ,,,,,,,,,,,,,,21982,,,,,,,,,,,,,,,,,,,0,0.0,0.0,0.0,0.0,0.0
2023,FOOTBALL_XFL_2023_3_11_HOU@ORL,HOU,2,ORL,4,outdoors,324,1678588629.0,77829,2023-03-12 02:37:09.000000,EventFootballPass,1-10-ORL 22 (6:16) 14 C. McDonald pass to 9 N. Holley to ORL 18 for 4 yards (23 N. Hosein),,True,4,6,16,Half2,MaSourceTypeOfficialScoring,FOOTBALL_XFL_2023_3_11_HOU@ORL,,QBStat,143, ,376,376,376,6:16,2,,,,0.0,3,3,3,3,Home,22,25,22,38,16,21982,20707,20723,1.0,10.0,StatusOfficial,ResultPassComplete,4.0,Visitor,39.0,4.0,43.0,1:55, ,,,,,,,,,,,,,,,,,,,,,,,,,,,,,,,,,0,0.0,0.0,0.0,0.0,0.0
2023,FOOTBALL_XFL_2023_3_11_HOU@ORL,HOU,2,ORL,4,outdoors,329,1678588670.0,77870,2023-03-12 02:37:50.000000,EventFootballRush,2-6-ORL 18 (5:35) 26 B. Alleyne rush to ORL 14 for 4 yards (9 G. Willis),,True,4,5,35,Half2,MaSourceTypeOfficialScoring,FOOTBALL_XFL_2023_3_11_HOU@ORL,,QBStat,144, ,335,335,335,5:35,2,,,,0.0,3,3,3,3,Home,18,25,18,38,16,,,21696,2.0,6.0,StatusOfficial,,4.0,Visitor,39.0,5.0,47.0,2:41, ,,,,,,,,,,,,,,20033,,,,,,,,,,,,,,,,,,,0,0.0,0.0,0.0,0.0,0.0
2023,FOOTBALL_XFL_2023_3_11_HOU@ORL,HOU,2,ORL,4,outdoors,328,1678588710.0,77910,2023-03-12 02:38:30.000000,EventFootballRush,3-2-ORL 14 (4:54) 14 C. McDonald rush to ORL 3 for 11 yards (38 M. Murphy),,True,4,4,54,Half2,MaSourceTypeOfficialScoring,FOOTBALL_XFL_2023_3_11_HOU@ORL,,QBStat,145, ,294,294,294,4:54,2,,,,0.0,3,3,3,3,Home,14,25,14,38,16,,,21121,3.0,2.0,StatusOfficial,,11.0,Visitor,39.0,6.0,58.0,3:25, ,,,,,,,,,,,,,,21982,,,,,,,,,,,,,,,,,,,0,0.0,0.0,0.0,0.0,0.0
2023,FOOTBALL_XFL_2023_3_11_HOU@ORL,HOU,2,ORL,4,outdoors,331,1678588746.0,77946,2023-03-12 02:39:06.000000,EventFootballRush,1-3-ORL 3 (4:18) 26 B. Alleyne rush to ORL 1 for 2 yards (23 N. Hosein),,True,4,4,18,Half2,MaSourceTypeOfficialScoring,FOOTBALL_XFL_2023_3_11_HOU@ORL,,QBStat,146, ,258,258,258,4:18,2,,,,0.0,3,3,3,3,Home,3,25,3,38,16,,,20723,1.0,3.0,StatusOfficial,,2.0,Visitor,39.0,7.0,60.0,3:47, ,,,,,,,,,,,,,,20033,,,,,,,,,,,,,,,,,,,0,0.0,0.0,0.0,0.0,0.0
2023,FOOTBALL_XFL_2023_3_11_HOU@ORL,HOU,2,ORL,4,outdoors,333,1678588786.0,77986,2023-03-12 02:39:46.000000,EventFootballRush,"2-1-ORL 1 (3:40) 20 D. Lee rush for 1 yard, TOUCHDOWN",,True,4,3,40,Half2,MaSourceTypeOfficialScoring,FOOTBALL_XFL_2023_3_11_HOU@ORL,,QBStat,147, ,220,220,220,3:40,2,,,,0.0,3,3,3,3,Home,1,25,1,38,16,,,,2.0,1.0,StatusOfficial,,1.0,Visitor,39.0,8.0,61.0,4:17,TD,,,,,,,,,,,,ScoreTypeTd,,20940,,,,,,,,,,,,,,,,,,,0,0.0,1.0,0.0,0.0,1.0
2023,FOOTBALL_XFL_2023_3_11_HOU@ORL,HOU,2,ORL,4,outdoors,335,1678588909.0,78109,2023-03-12 02:41:49.000000,EventFootballPat2PtRush,20 D. Lee 2-pt conversion rush attempt NO GOOD,,True,4,3,40,Half2,MaSourceTypeOfficialScoring,FOOTBALL_XFL_2023_3_11_HOU@ORL,,QBStat,148, ,220,220,220,3:40,2,,,,0.0,3,3,3,3,Home,5,25,5,44,16,,,,,,StatusOfficial,,4.0,,,,,,,,,,,,,,,,,,,,20940,,,,,,,,,2.0,,,,,,,,,,0,0.0,0.0,0.0,0.0,0.0
2023,FOOTBALL_XFL_2023_3_11_HOU@ORL,HOU,2,ORL,4,outdoors,337,1678589018.0,78218,2023-03-12 02:43:38.000000,EventFootballKickoff,8 H. Duplessis kicks from HOU 30. 10 D. Thomas to ORL 25 for 15 yards (52 E. Ellerbee),,True,4,3,39,Half2,MaSourceTypeOfficialScoring,FOOTBALL_XFL_2023_3_11_HOU@ORL,,QBStat,149, ,219,219,219,3:39,4,,,,1.0,3,3,3,3,Visitor,30,26,30,44,16,,,21857,,,StatusOfficial,ResultKickReturned,,,,,,,,21448,21441,15.0,Home,25.0,,,,,,,,,,,,,,,,,,,,,,,,,,,,0,0.0,0.0,0.0,0.0,0.0
2023,FOOTBALL_XFL_2023_3_11_HOU@ORL,HOU,2,ORL,4,outdoors,339,1678589060.0,78260,2023-03-12 02:44:20.000000,EventFootballRush,"1-10-ORL 25 (3:33) 26 D. Darrington rush to ORL 27 for 2 yards (97 G. Logan, 53 A. Donkor)",,True,4,3,33,Half2,MaSourceTypeOfficialScoring,FOOTBALL_XFL_2023_3_11_HOU@ORL,,QBStat,150, ,213,213,213,3:33,4,,,,1.0,3,3,3,3,Home,25,26,75,44,16,,,21946,1.0,10.0,StatusOfficial,,2.0,Home,25.0,1.0,2.0,0:24, ,,,,,,22890,,,,,,,,20357,,,,,,,,,,,,,,,,,,,0,0.0,0.0,0.0,0.0,0.0
2023,FOOTBALL_XFL_2023_3_11_HOU@ORL,HOU,2,ORL,4,outdoors,341,1678589100.0,78300,2023-03-12 02:45:00.000000,EventFootballPenalty,"2-8-ORL 27 (2:58) PENALTY on 64 F. Lauina, 5 yards",,True,4,2,58,Half2,MaSourceTypeOfficialScoring,FOOTBALL_XFL_2023_3_11_HOU@ORL,,QBStat,151, ,178,178,178,2:58,4,,,,1.0,3,3,3,3,Home,27,26,73,44,16,,,,2.0,8.0,StatusOfficial,,,Home,25.0,1.0,-3.0,0:42, ,,,,,,,4,22590,5.0,ResultPenaltyRepeatdown,NA,,,,,,,,,,,,,,,,,,,,,,0,0.0,0.0,0.0,0.0,0.0
2023,FOOTBALL_XFL_2023_3_11_HOU@ORL,HOU,2,ORL,4,outdoors,346,1678589167.0,78367,2023-03-12 02:46:07.000000,EventFootballRush,"2-13-ORL 22 (2:35) 26 D. Darrington rush to ORL 26 for 4 yards (97 G. Logan) PENALTY on 97 G. Logan, 15 yards",,True,4,2,35,Half2,MaSourceTypeOfficialScoring,FOOTBALL_XFL_2023_3_11_HOU@ORL,,QBStat,152, ,155,155,155,2:35,4,,,,1.0,3,3,3,3,Home,22,26,78,44,16,,,21946,2.0,13.0,StatusOfficial,,4.0,Home,25.0,2.0,16.0,1:27, ,,,,,,,2,21946,15.0,ResultPenaltyRepeatdown,NA,,,20357,,,,,,,,,,,,,,,,,,,0,0.0,0.0,0.0,0.0,0.0
2023,FOOTBALL_XFL_2023_3_11_HOU@ORL,HOU,2,ORL,4,outdoors,348,1678589199.0,78399,2023-03-12 02:46:39.000000,EventFootballRush,"1-10-ORL 41 (2:07) 26 D. Darrington rush to ORL 42 for 1 yard (53 A. Donkor, 97 G. Logan)",,True,4,2,7,Half2,MaSourceTypeOfficialScoring,FOOTBALL_XFL_2023_3_11_HOU@ORL,,QBStat,153, ,127,127,127,2:07,4,,,,1.0,3,3,3,3,Home,41,26,59,44,16,,,22890,1.0,10.0,StatusOfficial,,1.0,Home,25.0,3.0,17.0,1:40, ,,,,,,21946,,,,,,,,20357,,,,,,,,,,,,,,,,,,,0,0.0,0.0,0.0,0.0,0.0
2023,FOOTBALL_XFL_2023_3_11_HOU@ORL,HOU,2,ORL,4,outdoors,350,1678589377.0,78577,2023-03-12 02:49:37.000000,EventFootballRush,"2-9-ORL 42 (1:58) 26 D. Darrington rush to ORL 48 for 6 yards (52 E. Ellerbee, 53 A. Donkor)",,True,4,1,58,Half2,MaSourceTypeOfficialScoring,FOOTBALL_XFL_2023_3_11_HOU@ORL,,QBStat,154, ,118,118,118,1:58,4,,,,1.0,3,3,3,3,Home,42,26,58,44,16,,,21857,2.0,9.0,StatusOfficial,,6.0,Home,25.0,4.0,23.0,2:03, ,,,,,,22890,,,,,,,,20357,,,,,,,,,,,,,,,,,,,0,0.0,0.0,0.0,0.0,0.0
2023,FOOTBALL_XFL_2023_3_11_HOU@ORL,HOU,2,ORL,4,outdoors,352,1678589416.0,78616,2023-03-12 02:50:16.000000,EventFootballRush,3-3-ORL 48 (1:19) 26 D. Darrington rush to HOU 49 for 3 yards (96 J. Heflin),,True,4,1,19,Half2,MaSourceTypeOfficialScoring,FOOTBALL_XFL_2023_3_11_HOU@ORL,,QBStat,155, ,79,79,79,1:19,4,,,,1.0,3,3,3,3,Home,48,26,52,44,16,,,22875,3.0,3.0,StatusOfficial,,3.0,Home,25.0,5.0,26.0,2:27, ,,,,,,,,,,,,,,20357,,,,,,,,,,,,,,,,,,,0,0.0,0.0,0.0,0.0,0.0
2023,FOOTBALL_XFL_2023_3_11_HOU@ORL,HOU,2,ORL,4,outdoors,354,1678589455.0,78655,2023-03-12 02:50:55.000000,EventFootballRush,1-10-HOU 49 (0:49) 26 D. Darrington rush to ORL 47 for -4 yards (17 D. Johnson),,True,4,0,49,Half2,MaSourceTypeOfficialScoring,FOOTBALL_XFL_2023_3_11_HOU@ORL,,QBStat,156, ,49,49,49,0:49,4,,,,1.0,3,3,3,3,Visitor,49,26,49,44,16,,,20801,1.0,10.0,StatusOfficial,,-4.0,Home,25.0,6.0,22.0,3:07, ,,,,,,,,,,,,,,20357,,,,,,,,,,,,,,,,,,,0,0.0,0.0,0.0,0.0,0.0
2023,FOOTBALL_XFL_2023_3_11_HOU@ORL,HOU,2,ORL,4,outdoors,362,1678589490.0,78690,2023-03-12 02:51:30.000000,EventFootballRush,"2-14-ORL 47 (0:14) 26 D. Darrington rush to HOU 49 for 4 yards (18 J. Mosley, 52 E. Ellerbee)",,True,4,0,14,Half2,MaSourceTypeOfficialScoring,FOOTBALL_XFL_2023_3_11_HOU@ORL,,QBStat,157, ,14,14,14,0:14,4,,,,1.0,3,3,3,3,Home,47,26,53,44,16,,,21108,2.0,14.0,StatusOfficial,,4.0,Home,25.0,7.0,26.0,3:40,HALF,,,,,,21857,,,,,,,,20357,,,,,,,,,,,,,,,,,,,0,0.0,0.0,0.0,0.0,0.0
2023,FOOTBALL_XFL_2023_3_11_HOU@ORL,HOU,2,ORL,4,outdoors,358,1678589527.4712093,,2023-03-12 02:52:07.471209,EventEnd,Game End Marker,,True,4,0,0,Half2,MaSourceTypeOfficialScoring,FOOTBALL_XFL_2023_3_11_HOU@ORL,,QBStat,10020, ,0,0,0,0:00,4,,,,1.0,3,3,3,3,Visitor,49,26,49,44,16,,,,3.0,10.0,,,,,,,,,,,,,,,,,,,,,,,,,,,,,,,,,,,,,,,,,,0,0.0,0.0,0.0,0.0,0.0
2023,FOOTBALL_XFL_2023_3_11_HOU@ORL,HOU,2,ORL,4,outdoors,364,1678810628.3113196,,2023-03-14 16:17:08.311320,EventOfficial,Game Official Marker,,True,4,0,0,Half2,MaSourceTypeOfficialScoring,FOOTBALL_XFL_2023_3_11_HOU@ORL,,QBStat,10025, ,0,0,0,0:00,4,,,,1.0,3,3,3,3,Visitor,49,26,49,44,16,,,,3.0,10.0,,,,,,,,,,,,,,,,,,,,,,,,,,,,,,,,,,,,,,,,,,0,0.0,0.0,0.0,0.0,0.0
