season,game_id,away_team_abv,away_team_id,home_team_abv,home_team_id,MarkerId,MarkerUTC,MarkerLTC,play_date_time,play_type,desc,comments,IsOfficial,qtr,ClockMinutes,ClockSeconds,game_half,SourceType,EventId,SituationCode,SourceId,SourceNativeMarkerId,OfficialCode,quarter_seconds_remaining,half_seconds_remaining,game_seconds_remaining,time,VisTimeouts,HomeTimeouts,BallOn_Side,BallOn_YardNum,DriveNum,pos_team_ID,PossTeamAbv,LastPlaySummary,LastPlayStatus,home_team_has_pos,yardline_100,VisScore,HomeScore,MapRoleTackler1,MapRoleKicker,MapRoleKickreturner,FootballStatus,FootballPlayResult,FootballKickRetYards,FootballSetBallOn_VisOrHome,FootballSetBallOn_YardNum,MapRolePasser,MapRoleReceiver,Down,Distance,FootballZone,FootballYards,Drive_Start_VisOrHome,Drive_Start_YardNum,Drive_Plays,Drive_Yards,Drive_TOP,Result,MapRoleRusher,MapRoleTackler2,FootballPenalty_TeamId,FootballPenalty_PlayerId,FootballPenalty_Yards,FootballPenalty_PenaltyResult,FootballPenalty_Description,MapRolePunter,MapRolePuntreturner,FootballPuntYards,FootballPuntRetYards,MapRoleQbHitter,MapRoleInterceptor,MapRoleSacker1,MapRolePassDefender,FootballMainScoringPlay,FootballExtraYards_IndivOrTeam,FootballExtraYards_TeamId,FootballExtraYards_PlayerId,FootballExtraYards_Yards,FootballFumble_TeamFumbled,FootballFumble_PlayerFumbled,FootballFumble_TeamRecovered,FootballFumble_PlayerRecovered,FootballFumble_PlayerForcedFumble,FootballTimeoutTeamId,MapRoleSacker2,FootballConvAttPts,punt_attempt
2023,FOOTBALL_XFL_2023_2_19_STL@SA,STL,5,SA,3,1,1676837225.63351,,2023-02-19 20:07:05.633510,EventStart,Game Start Marker,,True,1,15,0,Half1,MaSourceTypeOfficialScoring,FOOTBALL_XFL_2023_2_19_STL@SA,,QBStat,10005,2302003-STL-at-SA,900,1800,3600,15:00,3,3,Home,30,1,5,,,,0.0,30,0,0,,,,,,,,,,,,,,,,,,,,,,,,,,,,,,,,,,,,,,,,,,,,,,,,,0
2023,FOOTBALL_XFL_2023_2_19_STL@SA,STL,5,SA,3,3,1676837241.0,54441,2023-02-19 20:07:21.000000,EventFootballKickoff,23 P. Romo kicks from SA 30. 11 D. Shepherd to STL 30 for 12 yards (15 J. Williams),,True,1,15,0,Half1,MaSourceTypeOfficialScoring,FOOTBALL_XFL_2023_2_19_STL@SA,,QBStat,1,2302003-STL-at-SA,900,1800,3600,15:00,3,3,Home,30,1,5,,,,0.0,30,0,0,21974,20688,22034,StatusOfficial,ResultKickReturned,12.0,Visitor,30.0,,,,,,,,,,,,,,,,,,,,,,,,,,,,,,,,,,,,,,,,,0
2023,FOOTBALL_XFL_2023_2_19_STL@SA,STL,5,SA,3,6,1676837304.0,54504,2023-02-19 20:08:24.000000,EventFootballPass,1-10-STL 30 (14:52) 10 A. McCarron pass to 23 B. Hill to STL 41 for 11 yards (25 D. Lewis),,True,1,14,52,Half1,MaSourceTypeOfficialScoring,FOOTBALL_XFL_2023_2_19_STL@SA,,QBStat,2,2302003-STL-at-SA,892,1792,3592,14:52,3,3,Visitor,30,1,5,,,,0.0,70,0,0,22597,,,StatusOfficial,ResultPassComplete,,,,22026,20688,1.0,10.0,3,11.0,Visitor,30.0,1.0,11.0,0:19, ,,,,,,,,,,,,,,,,,,,,,,,,,,,,,0
2023,FOOTBALL_XFL_2023_2_19_STL@SA,STL,5,SA,3,8,1676837346.0,54546,2023-02-19 20:09:06.000000,EventFootballRush,1-10-STL 41 (14:22) 23 B. Hill rush to STL 38 for -3 yards (28 J. Koerner),,True,1,14,22,Half1,MaSourceTypeOfficialScoring,FOOTBALL_XFL_2023_2_19_STL@SA,,QBStat,3,2302003-STL-at-SA,862,1762,3562,14:22,3,3,Visitor,41,1,5,,,,0.0,59,0,0,20901,,,StatusOfficial,,,,,,,1.0,10.0,1,-3.0,Visitor,30.0,2.0,8.0,0:49, ,20688,,,,,,,,,,,,,,,,,,,,,,,,,,,,0
2023,FOOTBALL_XFL_2023_2_19_STL@SA,STL,5,SA,3,10,1676837383.0,54583,2023-02-19 20:09:43.000000,EventFootballRush,2-13-STL 38 (13:45) 23 B. Hill rush to STL 40 for 2 yards (25 D. Lewis),,True,1,13,45,Half1,MaSourceTypeOfficialScoring,FOOTBALL_XFL_2023_2_19_STL@SA,,QBStat,4,2302003-STL-at-SA,825,1725,3525,13:45,3,3,Visitor,38,1,5,,,,0.0,62,0,0,22597,,,StatusOfficial,,,,,,,2.0,13.0,2,2.0,Visitor,30.0,3.0,10.0,1:28, ,20688,,,,,,,,,,,,,,,,,,,,,,,,,,,,0
2023,FOOTBALL_XFL_2023_2_19_STL@SA,STL,5,SA,3,13,1676837454.0,54654,2023-02-19 20:10:54.000000,EventFootballPass,"3-11-STL 40 (13:01) 10 A. McCarron pass to 13 A. Proehl to STL 46 for 6 yards (25 D. Lewis, 28 J. Koerner) PENALTY on 9 J. Haskins, 10 yards",,True,1,13,1,Half1,MaSourceTypeOfficialScoring,FOOTBALL_XFL_2023_2_19_STL@SA,,QBStat,5,2302003-STL-at-SA,781,1681,3481,13:01,3,3,Visitor,40,1,5,,,,0.0,60,0,0,22597,,,StatusOfficial,ResultPassComplete,,,,22026,21263,3.0,11.0,1,6.0,Visitor,30.0,4.0,6.0,2:21, ,,20901,5,20651,10.0,ResultPenaltyRepeatdown,NA,,,,,,,,,,,,,,,,,,,,,,0
2023,FOOTBALL_XFL_2023_2_19_STL@SA,STL,5,SA,3,15,1676837488.0,54688,2023-02-19 20:11:28.000000,EventFootballRush,"3-15-STL 36 (12:34) 23 B. Hill rush to STL 42 for 6 yards (1 L. Barcoo, 5 T. Adewusi)",,True,1,12,34,Half1,MaSourceTypeOfficialScoring,FOOTBALL_XFL_2023_2_19_STL@SA,,QBStat,6,2302003-STL-at-SA,754,1654,3454,12:34,3,3,Visitor,36,1,5,,,,0.0,64,0,0,20087,,,StatusOfficial,,,,,,,3.0,15.0,3,6.0,Visitor,30.0,5.0,12.0,2:40, ,20688,20008,,,,,,,,,,,,,,,,,,,,,,,,,,,0
2023,FOOTBALL_XFL_2023_2_19_STL@SA,STL,5,SA,3,17,1676837529.0,54729,2023-02-19 20:12:09.000000,EventFootballPunt,"4-9-STL 42 (11:53) 16 S. Hofrichter punts 47 yards from STL 42 to SA 11. 82 L. Akers to SA 5 for 0 yards (15 G. Campbell, 27 M. Rose) PENALTY on San Antonio Brahmas, 6 yards",,True,1,11,53,Half1,MaSourceTypeOfficialScoring,FOOTBALL_XFL_2023_2_19_STL@SA,,QBStat,7,2302003-STL-at-SA,713,1613,3413,11:53,3,3,Visitor,42,1,5,,,,0.0,58,0,0,21974,,,StatusOfficial,ResultKickReturned,,Home,5.0,,,4.0,9.0,,,Visitor,30.0,5.0,12.0,3:07,PUNT,,27,3,TM,6.0,ResultPenaltyOnkickoffpat,NA,20704,20016,47.0,0.0,,,,,,,,,,,,,,,,,,1
2023,FOOTBALL_XFL_2023_2_19_STL@SA,STL,5,SA,3,19,1676837615.0,54815,2023-02-19 20:13:35.000000,EventFootballRush,"1-10-SA 5 (11:41) 11 K. Ballage rush to SA 7 for 2 yards (90 K. Atkins, 27 M. Rose)",,True,1,11,41,Half1,MaSourceTypeOfficialScoring,FOOTBALL_XFL_2023_2_19_STL@SA,,QBStat,8,2302003-STL-at-SA,701,1601,3401,11:41,3,3,Home,5,2,3,,,,1.0,95,0,0,20061,,,StatusOfficial,,,,,,,1.0,10.0,2,2.0,Home,5.0,1.0,2.0,0:22, ,22034,21340,,,,,,,,,,,,,,,,,,,,,,,,,,,0
2023,FOOTBALL_XFL_2023_2_19_STL@SA,STL,5,SA,3,21,1676837639.0,54839,2023-02-19 20:13:59.000000,EventFootballRush,2-8-SA 7 (11:17) 11 K. Ballage rush to SA 22 for 15 yards (29 S. Kelly),,True,1,11,17,Half1,MaSourceTypeOfficialScoring,FOOTBALL_XFL_2023_2_19_STL@SA,,QBStat,9,2302003-STL-at-SA,677,1577,3377,11:17,3,3,Home,7,2,3,,,,1.0,93,0,0,21870,,,StatusOfficial,,,,,,,2.0,8.0,3,15.0,Home,5.0,2.0,17.0,0:36, ,22034,,,,,,,,,,,,,,,,,,,,,,,,,,,,0
2023,FOOTBALL_XFL_2023_2_19_STL@SA,STL,5,SA,3,23,1676837680.0,54880,2023-02-19 20:14:40.000000,EventFootballRush,1-10-SA 22 (10:51) 11 K. Ballage rush to SA 24 for 2 yards (99 G. Robinson),,True,1,10,51,Half1,MaSourceTypeOfficialScoring,FOOTBALL_XFL_2023_2_19_STL@SA,,QBStat,10,2302003-STL-at-SA,651,1551,3351,10:51,3,3,Home,22,2,3,,,,1.0,78,0,0,21319,,,StatusOfficial,,,,,,,1.0,10.0,2,2.0,Home,5.0,3.0,19.0,1:10, ,22034,,,,,,,,,,,,,,,,,,,,,,,,,,,,0
2023,FOOTBALL_XFL_2023_2_19_STL@SA,STL,5,SA,3,25,1676837717.0,54917,2023-02-19 20:15:17.000000,EventFootballPass,"2-8-SA 24 (10:14) 16 J. Coan pass to 11 K. Ballage to SA 29 for 5 yards (26 N. Meadors, 6 L. Williams)",,True,1,10,14,Half1,MaSourceTypeOfficialScoring,FOOTBALL_XFL_2023_2_19_STL@SA,,QBStat,11,2302003-STL-at-SA,614,1514,3314,10:14,3,3,Home,24,2,3,,,,1.0,76,0,0,22352,,,StatusOfficial,ResultPassComplete,,,,20301,22034,2.0,8.0,3,5.0,Home,5.0,4.0,24.0,1:50, ,,21678,,,,,,,,,,,,,,,,,,,,,,,,,,,0
2023,FOOTBALL_XFL_2023_2_19_STL@SA,STL,5,SA,3,27,1676837789.0,54989,2023-02-19 20:16:29.000000,EventFootballPenalty,"3-3-SA 29 (9:37) PENALTY on 1 E. Hamilton, 5 yards",,True,1,9,37,Half1,MaSourceTypeOfficialScoring,FOOTBALL_XFL_2023_2_19_STL@SA,,QBStat,12,2302003-STL-at-SA,577,1477,3277,9:37,3,3,Home,29,2,3,,,,1.0,71,0,0,,,,StatusOfficial,,,,,,,3.0,3.0,,,Home,5.0,4.0,29.0,2:10, ,,,5,20615,5.0,ResultPenaltyAuto1Stdown,NA,,,,,,,,,,,,,,,,,,,,,,0
2023,FOOTBALL_XFL_2023_2_19_STL@SA,STL,5,SA,3,29,1676837841.0,55041,2023-02-19 20:17:21.000000,EventFootballRush,1-10-SA 34 (9:24) 9 J. Patrick rush to SA 35 for 1 yard (53 C. Wells),,True,1,9,24,Half1,MaSourceTypeOfficialScoring,FOOTBALL_XFL_2023_2_19_STL@SA,,QBStat,13,2302003-STL-at-SA,564,1464,3264,9:24,3,3,Home,34,2,3,,,,1.0,66,0,0,21833,,,StatusOfficial,,,,,,,1.0,10.0,2,1.0,Home,5.0,5.0,30.0,2:45, ,21196,,,,,,,,,,,,,,,,,,,,,,,,,,,,0
2023,FOOTBALL_XFL_2023_2_19_STL@SA,STL,5,SA,3,31,1676837880.0,55080,2023-02-19 20:18:00.000000,EventFootballPass,2-9-SA 35 (8:46) 16 J. Coan pass incomplete to 80 J. Tolliver,,True,1,8,46,Half1,MaSourceTypeOfficialScoring,FOOTBALL_XFL_2023_2_19_STL@SA,,QBStat,14,2302003-STL-at-SA,526,1426,3226,8:46,3,3,Home,35,2,3,,,,1.0,65,0,0,,,,StatusOfficial,ResultPassIncomplete,,,,20301,21568,2.0,9.0,2,,Home,5.0,6.0,30.0,3:06, ,,,,,,,,,,,,22352,,,,,,,,,,,,,,,,,0
2023,FOOTBALL_XFL_2023_2_19_STL@SA,STL,5,SA,3,33,1676837918.0,55118,2023-02-19 20:18:38.000000,EventFootballPass,3-9-SA 35 (8:16) 16 J. Coan pass intended for 88 A. Mack INTERCEPTED by 26 N. Meadors returned 0 yards to STL 48,,True,1,8,16,Half1,MaSourceTypeOfficialScoring,FOOTBALL_XFL_2023_2_19_STL@SA,,QBStat,15,2302003-STL-at-SA,496,1396,3196,8:16,3,3,Home,35,2,3,,,,1.0,65,0,0,,,,StatusOfficial,ResultPassInterception,,Visitor,48.0,20301,21765,3.0,9.0,2,,Home,5.0,7.0,30.0,3:37,INT,,,,,,,,,,,,,22352,,,,,,,,,,,,,,,,0
2023,FOOTBALL_XFL_2023_2_19_STL@SA,STL,5,SA,3,35,1676838253.0,55453,2023-02-19 20:24:13.000000,EventFootballPass,1-10-STL 48 (8:12) 10 A. McCarron pass to 11 D. Shepherd to SA 45 for 7 yards (24 R. Lewis),,True,1,8,12,Half1,MaSourceTypeOfficialScoring,FOOTBALL_XFL_2023_2_19_STL@SA,,QBStat,16,2302003-STL-at-SA,492,1392,3192,8:12,3,3,Visitor,48,3,5,,,,0.0,52,0,0,21761,,,StatusOfficial,ResultPassComplete,,,,22026,21822,1.0,10.0,1,7.0,Visitor,48.0,1.0,7.0,0:15, ,,,,,,,,,,,,,,,,,,,,,,,,,,,,,0
2023,FOOTBALL_XFL_2023_2_19_STL@SA,STL,5,SA,3,37,1676838287.0,55487,2023-02-19 20:24:47.000000,EventFootballRush,2-3-SA 45 (7:43) 23 B. Hill rush to SA 43 for 2 yards (40 R. Jeffers),,True,1,7,43,Half1,MaSourceTypeOfficialScoring,FOOTBALL_XFL_2023_2_19_STL@SA,,QBStat,17,2302003-STL-at-SA,463,1363,3163,7:43,3,3,Home,45,3,5,,,,0.0,45,0,0,20785,,,StatusOfficial,,,,,,,2.0,3.0,2,2.0,Visitor,48.0,2.0,9.0,0:50, ,20688,,,,,,,,,,,,,,,,,,,,,,,,,,,,0
2023,FOOTBALL_XFL_2023_2_19_STL@SA,STL,5,SA,3,39,1676838335.0,55535,2023-02-19 20:25:35.000000,EventFootballSack,3-1-SA 43 (6:55) 10 A. McCarron sacked at SA 43 for 0 yards (25 D. Lewis),,True,1,6,55,Half1,MaSourceTypeOfficialScoring,FOOTBALL_XFL_2023_2_19_STL@SA,,QBStat,18,2302003-STL-at-SA,415,1315,3115,6:55,3,3,Home,43,3,5,,,,0.0,43,0,0,,,,StatusOfficial,,,,,22026,,3.0,1.0,,0.0,Visitor,48.0,3.0,9.0,1:33, ,,,,,,,,,,,,,,22597,,,,,,,,,,,,,,,0
2023,FOOTBALL_XFL_2023_2_19_STL@SA,STL,5,SA,3,41,1676838370.0,55570,2023-02-19 20:26:10.000000,EventFootballPass,4-1-SA 43 (6:20) 10 A. McCarron pass incomplete to 84 J. Sutherland,,True,1,6,20,Half1,MaSourceTypeOfficialScoring,FOOTBALL_XFL_2023_2_19_STL@SA,,QBStat,19,2302003-STL-at-SA,380,1280,3080,6:20,3,3,Home,43,3,5,,,,0.0,43,0,0,,,,StatusOfficial,ResultPassIncomplete,,,,22026,21501,4.0,1.0,3,,Visitor,48.0,4.0,9.0,1:56,DOWNS,,,,,,,,,,,,,,,,,,,,,,,,,,,,,0
2023,FOOTBALL_XFL_2023_2_19_STL@SA,STL,5,SA,3,43,1676838588.0,55788,2023-02-19 20:29:48.000000,EventFootballPass,1-10-SA 43 (6:16) 16 J. Coan pass to 10 T. Jonsen to STL 40 for 17 yards (39 C. Cooper),,True,1,6,16,Half1,MaSourceTypeOfficialScoring,FOOTBALL_XFL_2023_2_19_STL@SA,,QBStat,20,2302003-STL-at-SA,376,1276,3076,6:16,3,3,Home,43,4,3,,,,1.0,57,0,0,22336,,,StatusOfficial,ResultPassComplete,,,,20301,20856,1.0,10.0,5,17.0,Home,43.0,1.0,17.0,0:19, ,,,,,,,,,,,,,,,,,,,,,,,,,,,,,0
2023,FOOTBALL_XFL_2023_2_19_STL@SA,STL,5,SA,3,45,1676838612.0,55812,2023-02-19 20:30:12.000000,EventFootballRush,1-10-STL 40 (5:52) 11 K. Ballage rush to STL 37 for 3 yards (28 B. DeLuca),,True,1,5,52,Half1,MaSourceTypeOfficialScoring,FOOTBALL_XFL_2023_2_19_STL@SA,,QBStat,21,2302003-STL-at-SA,352,1252,3052,5:52,3,3,Visitor,40,4,3,,,,1.0,40,0,0,20381,,,StatusOfficial,,,,,,,1.0,10.0,2,3.0,Home,43.0,2.0,20.0,0:41, ,22034,,,,,,,,,,,,,,,,,,,,,,,,,,,,0
2023,FOOTBALL_XFL_2023_2_19_STL@SA,STL,5,SA,3,95,1676838639.0,55839,2023-02-19 20:30:39.000000,EventFootballRush,"2-7-STL 37 (5:25) 11 K. Ballage rush to STL 36 for 1 yard (99 G. Robinson, 28 B. DeLuca)",,True,1,5,25,Half1,MaSourceTypeOfficialScoring,FOOTBALL_XFL_2023_2_19_STL@SA,,QBStat,22,2302003-STL-at-SA,325,1225,3025,5:25,3,3,Visitor,37,4,3,,,,1.0,37,0,0,21319,,,StatusOfficial,,,,,,,2.0,7.0,1,1.0,Home,43.0,8.0,32.0,3:26,FG,22034,20381,,,,,,,,,,,,,,,,,,,,,,,,,,,0
2023,FOOTBALL_XFL_2023_2_19_STL@SA,STL,5,SA,3,51,1676838698.0,55898,2023-02-19 20:31:38.000000,EventFootballRush,1-10-STL 30 (4:26) 11 K. Ballage rush to STL 32 for -2 yards (28 B. DeLuca),,True,1,4,26,Half1,MaSourceTypeOfficialScoring,FOOTBALL_XFL_2023_2_19_STL@SA,,QBStat,24,2302003-STL-at-SA,266,1166,2966,4:26,3,3,Visitor,30,4,3,,,,1.0,30,0,0,20381,,,StatusOfficial,,,,,,,1.0,10.0,1,-2.0,Home,43.0,5.0,25.0,2:07, ,22034,,,,,,,,,,,,,,,,,,,,,,,,,,,,0
2023,FOOTBALL_XFL_2023_2_19_STL@SA,STL,5,SA,3,53,1676838733.0,55933,2023-02-19 20:32:13.000000,EventFootballPass,2-12-STL 32 (3:51) 16 J. Coan pass to 82 L. Akers to STL 25 for 7 yards (6 L. Williams),,True,1,3,51,Half1,MaSourceTypeOfficialScoring,FOOTBALL_XFL_2023_2_19_STL@SA,,QBStat,25,2302003-STL-at-SA,231,1131,2931,3:51,3,3,Visitor,32,4,3,,,,1.0,32,0,0,21678,,,StatusOfficial,ResultPassComplete,,,,20301,20016,2.0,12.0,3,7.0,Home,43.0,6.0,32.0,2:41, ,,,,,,,,,,,,,,,,,,,,,,,,,,,,,0
2023,FOOTBALL_XFL_2023_2_19_STL@SA,STL,5,SA,3,55,1676838775.0,55975,2023-02-19 20:32:55.000000,EventFootballPass,3-5-STL 25 (3:10) 16 J. Coan pass incomplete to 10 T. Jonsen,,True,1,3,10,Half1,MaSourceTypeOfficialScoring,FOOTBALL_XFL_2023_2_19_STL@SA,,QBStat,26,2302003-STL-at-SA,190,1090,2890,3:10,3,3,Visitor,25,4,3,,,,1.0,25,0,0,,,,StatusOfficial,ResultPassIncomplete,,,,20301,20856,3.0,5.0,1,,Home,43.0,7.0,32.0,3:10, ,,,,,,,,,,,,,,,20615,,,,,,,,,,,,,,0
2023,FOOTBALL_XFL_2023_2_19_STL@SA,STL,5,SA,3,57,1676838922.0,56122,2023-02-19 20:35:22.000000,EventFootballFg,4-5-STL 25 (2:54) 23 P. Romo 43 yard field goal is GOOD,,True,1,2,54,Half1,MaSourceTypeOfficialScoring,FOOTBALL_XFL_2023_2_19_STL@SA,,QBStat,27,2302003-STL-at-SA,174,1074,2874,2:54,3,3,Visitor,25,4,3,,,,1.0,25,0,0,,21775,,StatusOfficial,ResultKickMade,,,,,,4.0,5.0,,43.0,Home,43.0,8.0,32.0,3:26,FG,,,,,,,,,,,,,,,,ScoreTypeFg,,,,,,,,,,,,,0
2023,FOOTBALL_XFL_2023_2_19_STL@SA,STL,5,SA,3,59,1676838985.0,56185,2023-02-19 20:36:25.000000,EventFootballKickoff,"23 P. Romo kicks from SA 30. 23 B. Hill to STL 31 for 23 yards (25 D. Lewis, 40 R. Jeffers)",,True,1,2,54,Half1,MaSourceTypeOfficialScoring,FOOTBALL_XFL_2023_2_19_STL@SA,,QBStat,28,2302003-STL-at-SA,174,1074,2874,2:54,3,3,Home,30,5,5,,,,0.0,30,0,3,22597,20688,21775,StatusOfficial,ResultKickReturned,23.0,Visitor,31.0,,,,,,,,,,,,,,20785,,,,,,,,,,,,,,,,,,,,,,,,,,,0
2023,FOOTBALL_XFL_2023_2_19_STL@SA,STL,5,SA,3,63,1676839120.0,56320,2023-02-19 20:38:40.000000,EventFootballRush,2-10-STL 31 (2:17) 10 A. McCarron rush to STL 38 for 7 yards (15 J. Williams),,True,1,2,17,Half1,MaSourceTypeOfficialScoring,FOOTBALL_XFL_2023_2_19_STL@SA,,QBStat,30,2302003-STL-at-SA,137,1037,2837,2:17,3,3,Visitor,31,5,5,,,,0.0,69,0,3,21974,,,StatusOfficial,,,,,,,2.0,10.0,2,7.0,Visitor,31.0,2.0,7.0,0:55, ,22026,,,,,,,,,,,,,,,,,,,,,,,,,,,,0
2023,FOOTBALL_XFL_2023_2_19_STL@SA,STL,5,SA,3,65,1676839161.0,56361,2023-02-19 20:39:21.000000,EventFootballPass,3-3-STL 38 (1:37) 10 A. McCarron pass incomplete to 12 G. Jennings,,True,1,1,37,Half1,MaSourceTypeOfficialScoring,FOOTBALL_XFL_2023_2_19_STL@SA,,QBStat,31,2302003-STL-at-SA,97,997,2797,1:37,3,3,Visitor,38,5,5,,,,0.0,62,0,3,,,,StatusOfficial,ResultPassIncomplete,,,,22026,22038,3.0,3.0,2,,Visitor,31.0,3.0,7.0,1:17, ,,,,,,,,,,,,,,,,,,,,,,,,,,,,,0
2023,FOOTBALL_XFL_2023_2_19_STL@SA,STL,5,SA,3,375,1676839205.0,56405,2023-02-19 20:40:05.000000,EventFootballPunt,4-3-STL 38 (1:08) 16 S. Hofrichter punts 43 yards from STL 38 to SA 19. 82 L. Akers to SA 26 for 7 yards (29 S. Kelly),,True,1,1,8,Half1,MaSourceTypeOfficialScoring,FOOTBALL_XFL_2023_2_19_STL@SA,,QBStat,32,2302003-STL-at-SA,68,968,2768,1:08,3,3,Visitor,38,5,5,,,,0.0,62,0,3,29,,,StatusOfficial,ResultKickReturned,,Home,26.0,,,4.0,3.0,,,Visitor,31.0,3.0,7.0,1:46,PUNT,,,,,,,,20704,20016,43.0,7.0,,,,,,,,,,,,,,,,,,1
2023,FOOTBALL_XFL_2023_2_19_STL@SA,STL,5,SA,3,69,1676839256.0,56456,2023-02-19 20:40:56.000000,EventFootballPass,"1-10-SA 26 (0:56) 16 J. Coan pass to 88 A. Mack to SA 30 for 4 yards (6 L. Williams, 25 L. Denis)",,True,1,0,56,Half1,MaSourceTypeOfficialScoring,FOOTBALL_XFL_2023_2_19_STL@SA,,QBStat,33,2302003-STL-at-SA,56,956,2756,0:56,3,3,Home,26,6,3,,,,1.0,74,0,3,21678,,,StatusOfficial,ResultPassComplete,,,,20301,21765,1.0,10.0,3,4.0,Home,26.0,1.0,4.0,0:17, ,,20385,,,,,,,,,,,,,,,,,,,,,,,,,,,0
2023,FOOTBALL_XFL_2023_2_19_STL@SA,STL,5,SA,3,367,1676839289.0,56489,2023-02-19 20:41:29.000000,EventFootballRush,2-6-SA 30 (0:23) 9 J. Patrick rush to SA 37 for 7 yards (27 M. Rose),,True,1,0,23,Half1,MaSourceTypeOfficialScoring,FOOTBALL_XFL_2023_2_19_STL@SA,,QBStat,34,2302003-STL-at-SA,23,923,2723,0:23,3,3,Home,30,6,3,,,,1.0,70,0,3,21340,,,StatusOfficial,,,,,,,2.0,6.0,,7.0,Visitor,36.0,11.0,-35.0,9:15,FUMBLE,21196,,,,,,,,,,,,,,,,,,,,,,,,,,,,0
2023,FOOTBALL_XFL_2023_2_19_STL@SA,STL,5,SA,3,368,1676839289.0,56489,2023-02-19 20:41:29.000000,EventFootballPass,3-6-STL 36 (4:47) 16 J. Coan pass to 82 L. Akers to STL 30 for 6 yards (39 C. Cooper),,True,1,4,47,Half1,MaSourceTypeOfficialScoring,FOOTBALL_XFL_2023_2_19_STL@SA,,QBStat,23,2302003-STL-at-SA,287,1187,2987,4:47,3,3,Visitor,36,4,3,,,,1.0,36,0,3,22336,,,StatusOfficial,ResultPassComplete,,,,20301,20016,3.0,6.0,2,6.0,Home,43.0,8.0,32.0,3:26,FG,,,,,,,,,,,,,,,,,,,,,,,,,,,,,0
2023,FOOTBALL_XFL_2023_2_19_STL@SA,STL,5,SA,3,365,1676839289.0,56489,2023-02-19 20:41:29.000000,EventFootballPass,1-10-STL 31 (2:40) 10 A. McCarron pass incomplete to 83 J. Thomas,,True,1,2,40,Half1,MaSourceTypeOfficialScoring,FOOTBALL_XFL_2023_2_19_STL@SA,,QBStat,29,2302003-STL-at-SA,160,1060,2860,2:40,3,3,Visitor,31,5,5,,,,0.0,69,0,3,,,,StatusOfficial,ResultPassIncomplete,,,,22026,21546,1.0,10.0,2,,Home,,,, , ,,,,,,,,,,,,,,,22726,,,,,,,,,,,,,,0
2023,FOOTBALL_XFL_2023_2_19_STL@SA,STL,5,SA,3,366,1676839525.0,56725,2023-02-19 20:45:25.000000,EventFootballPass,1-10-SA 37 (14:58) 16 J. Coan pass to 6 F. Brown to SA 44 for 7 yards (51 W. Harvey),,True,2,14,58,Half1,MaSourceTypeOfficialScoring,FOOTBALL_XFL_2023_2_19_STL@SA,,QBStat,35,2302003-STL-at-SA,898,898,2698,14:58,3,3,Home,37,6,3,,,,1.0,63,0,3,20647,,,StatusOfficial,ResultPassComplete,,,,20301,20203,1.0,10.0,2,7.0,Visitor,36.0,11.0,-35.0,9:15,FUMBLE,,,,,,,,,,,,,,,,,,,,,,,,,,,,,0
2023,FOOTBALL_XFL_2023_2_19_STL@SA,STL,5,SA,3,82,1676839580.0,56780,2023-02-19 20:46:20.000000,EventFootballPass,"2-3-SA 44 (14:03) 16 J. Coan pass to 82 L. Akers to SA 47 for 3 yards (51 W. Harvey, 53 C. Wells)",,True,2,14,3,Half1,MaSourceTypeOfficialScoring,FOOTBALL_XFL_2023_2_19_STL@SA,,QBStat,36,2302003-STL-at-SA,843,843,2643,14:03,3,3,Home,44,6,3,,,,1.0,56,0,3,20647,,,StatusOfficial,ResultPassComplete,,,,20301,20016,2.0,3.0,,3.0,Home,26.0,4.0,21.0,2:04, ,,21833,,,,,,,,,,,,,,,,,,,,,,,,,,,0
2023,FOOTBALL_XFL_2023_2_19_STL@SA,STL,5,SA,3,84,1676839602.0,56802,2023-02-19 20:46:42.000000,EventFootballPass,1-10-SA 47 (13:42) 16 J. Coan pass to 84 D. Yelder to STL 41 for 12 yards (27 M. Rose),,True,2,13,42,Half1,MaSourceTypeOfficialScoring,FOOTBALL_XFL_2023_2_19_STL@SA,,QBStat,37,2302003-STL-at-SA,822,822,2622,13:42,3,3,Home,47,6,3,,,,1.0,53,0,3,21340,,,StatusOfficial,ResultPassComplete,,,,20301,22022,1.0,10.0,4,12.0,Home,26.0,5.0,33.0,2:46, ,,,,,,,,,,,,20647,,,,,,,,,,,,,,,,,0
2023,FOOTBALL_XFL_2023_2_19_STL@SA,STL,5,SA,3,86,1676839635.0,56835,2023-02-19 20:47:15.000000,EventFootballPass,1-10-STL 41 (13:09) 16 J. Coan pass to 82 L. Akers to STL 35 for 6 yards (39 C. Cooper),,True,2,13,9,Half1,MaSourceTypeOfficialScoring,FOOTBALL_XFL_2023_2_19_STL@SA,,QBStat,38,2302003-STL-at-SA,789,789,2589,13:09,3,3,Visitor,41,6,3,,,,1.0,41,0,3,22336,,,StatusOfficial,ResultPassComplete,,,,20301,20016,1.0,10.0,3,6.0,Home,26.0,6.0,39.0,3:07, ,,,,,,,,,,,,,,,,,,,,,,,,,,,,,0
2023,FOOTBALL_XFL_2023_2_19_STL@SA,STL,5,SA,3,88,1676839656.0,56856,2023-02-19 20:47:36.000000,EventFootballRush,2-4-STL 35 (12:48) 9 J. Patrick rush to STL 32 for 3 yards (51 W. Harvey),,True,2,12,48,Half1,MaSourceTypeOfficialScoring,FOOTBALL_XFL_2023_2_19_STL@SA,,QBStat,39,2302003-STL-at-SA,768,768,2568,12:48,3,3,Visitor,35,6,3,,,,1.0,35,0,3,20647,,,StatusOfficial,,,,,,,2.0,4.0,3,3.0,Home,26.0,7.0,42.0,3:32, ,21196,,,,,,,,,,,,,,,,,,,,,,,,,,,,0
2023,FOOTBALL_XFL_2023_2_19_STL@SA,STL,5,SA,3,90,1676839699.0,56899,2023-02-19 20:48:19.000000,EventFootballRush,3-1-STL 32 (12:04) 16 J. Coan rush to STL 31 for 1 yard (56 T. Feeney),,True,2,12,4,Half1,MaSourceTypeOfficialScoring,FOOTBALL_XFL_2023_2_19_STL@SA,,QBStat,40,2302003-STL-at-SA,724,724,2524,12:04,3,3,Visitor,32,6,3,,,,1.0,32,0,3,22503,,,StatusOfficial,,,,,,,3.0,1.0,2,1.0,Home,26.0,8.0,43.0,4:00, ,20301,,,,,,,,,,,,,,,,,,,,,,,,,,,,0
2023,FOOTBALL_XFL_2023_2_19_STL@SA,STL,5,SA,3,92,1676839720.0,56920,2023-02-19 20:48:40.000000,EventFootballPass,1-10-STL 31 (11:43) 16 J. Coan pass incomplete,,True,2,11,43,Half1,MaSourceTypeOfficialScoring,FOOTBALL_XFL_2023_2_19_STL@SA,,QBStat,41,2302003-STL-at-SA,703,703,2503,11:43,3,3,Visitor,31,6,3,,,,1.0,31,0,3,,,,StatusOfficial,ResultPassIncomplete,,,,20301,,1.0,10.0,1,,Home,26.0,9.0,43.0,4:17, ,,,,,,,,,,,,22503,,,,,,,,,,,,,,,,,0
2023,FOOTBALL_XFL_2023_2_19_STL@SA,STL,5,SA,3,96,1676839760.0,56960,2023-02-19 20:49:20.000000,EventFootballSack,"2-10-STL 31 (11:10) 16 J. Coan sacked at STL 38 for -7 yards Team Gained -32 Extra Yards Fumbled by 16 J. Coan,  Forced by 56 T. Feeney Recovered by 56 T. Feeney (56 T. Feeney)",,True,2,11,10,Half1,MaSourceTypeOfficialScoring,FOOTBALL_XFL_2023_2_19_STL@SA,,QBStat,42,2302003-STL-at-SA,670,670,2470,11:10,3,3,Visitor,31,6,3,,,,1.0,31,0,3,,,,StatusOfficial,,,Home,29.0,20301,,2.0,10.0,,-7.0,Home,26.0,10.0,3.0,4:58,FUMBLE,,,,,,,,,,,,,,22503,,,Team,3,,-32.0,3,20301,5,22503,22503,,,,0
2023,FOOTBALL_XFL_2023_2_19_STL@SA,STL,5,SA,3,98,1676840026.0,57226,2023-02-19 20:53:46.000000,EventFootballPass,1-10-SA 29 (10:59) 10 A. McCarron pass to 84 J. Sutherland to SA 8 for 21 yards (1 L. Barcoo),,True,2,10,59,Half1,MaSourceTypeOfficialScoring,FOOTBALL_XFL_2023_2_19_STL@SA,,QBStat,43,2302003-STL-at-SA,659,659,2459,10:59,3,3,Home,29,7,5,,,,0.0,29,0,3,20087,,,StatusOfficial,ResultPassComplete,,,,22026,21501,1.0,10.0,3,21.0,Home,29.0,1.0,21.0,0:15, ,,,,,,,,,,,,,,,,,,,,,,,,,,,,,0
2023,FOOTBALL_XFL_2023_2_19_STL@SA,STL,5,SA,3,100,1676840062.0,57262,2023-02-19 20:54:22.000000,EventFootballPass,1-8-SA 8 (10:24) 10 A. McCarron pass incomplete to 3 M. Ateman,,True,2,10,24,Half1,MaSourceTypeOfficialScoring,FOOTBALL_XFL_2023_2_19_STL@SA,,QBStat,44,2302003-STL-at-SA,624,624,2424,10:24,3,3,Home,8,7,5,,,,0.0,8,0,3,,,,StatusOfficial,ResultPassIncomplete,,,,22026,20058,1.0,8.0,3,,Home,29.0,2.0,21.0,0:50, ,,,,,,,,,,,,,,,20087,,,,,,,,,,,,,,0
2023,FOOTBALL_XFL_2023_2_19_STL@SA,STL,5,SA,3,102,1676840104.0,57304,2023-02-19 20:55:04.000000,EventFootballPenalty,"2-8-SA 8 (9:52) PENALTY on 61 M. Panasiuk, 5 yards",,True,2,9,52,Half1,MaSourceTypeOfficialScoring,FOOTBALL_XFL_2023_2_19_STL@SA,,QBStat,45,2302003-STL-at-SA,592,592,2392,9:52,3,3,Home,8,7,5,,,,0.0,8,0,3,,,,StatusOfficial,,,,,,,2.0,8.0,,,Home,29.0,2.0,16.0,1:08, ,,,5,21183,5.0,ResultPenaltyRepeatdown,NA,,,,,,,,,,,,,,,,,,,,,,0
2023,FOOTBALL_XFL_2023_2_19_STL@SA,STL,5,SA,3,104,1676840142.0,57342,2023-02-19 20:55:42.000000,EventFootballPass,2-13-SA 13 (9:25) 10 A. McCarron pass incomplete to 11 D. Shepherd,,True,2,9,25,Half1,MaSourceTypeOfficialScoring,FOOTBALL_XFL_2023_2_19_STL@SA,,QBStat,46,2302003-STL-at-SA,565,565,2365,9:25,3,3,Home,13,7,5,,,,0.0,13,0,3,,,,StatusOfficial,ResultPassIncomplete,,,,22026,21822,2.0,13.0,5,,Home,29.0,3.0,16.0,1:52, ,,,,,,,,,,,,,,,,,,,,,,,,,,,,,0
2023,FOOTBALL_XFL_2023_2_19_STL@SA,STL,5,SA,3,106,1676840182.0,57382,2023-02-19 20:56:22.000000,EventFootballTimeout,Timeout by St. Louis Battlehawks at 8:54,,True,2,8,54,Half1,MaSourceTypeOfficialScoring,FOOTBALL_XFL_2023_2_19_STL@SA,,QBStat,47,2302003-STL-at-SA,534,534,2334,8:54,3,3,Home,13,7,5,,,,0.0,13,0,3,,,,StatusOfficial,,,,,,,3.0,13.0,,,Home,29.0,3.0,16.0,2:06, ,,,,,,,,,,,,,,,,,,,,,,,,,,5,,,0
2023,FOOTBALL_XFL_2023_2_19_STL@SA,STL,5,SA,3,108,1676840393.0,57593,2023-02-19 20:59:53.000000,EventFootballSack,3-13-SA 13 (8:46) 10 A. McCarron sacked at SA 14 for -1 yards (44 M. Scott),,True,2,8,46,Half1,MaSourceTypeOfficialScoring,FOOTBALL_XFL_2023_2_19_STL@SA,,QBStat,48,2302003-STL-at-SA,526,526,2326,8:46,2,3,Home,13,7,5,,,,0.0,13,0,3,,,,StatusOfficial,,,,,22026,,3.0,13.0,,-1.0,Home,29.0,4.0,15.0,2:37, ,,,,,,,,,,,,,,22726,,,,,,,,,,,,,,,0
2023,FOOTBALL_XFL_2023_2_19_STL@SA,STL,5,SA,3,110,1676840442.0,57642,2023-02-19 21:00:42.000000,EventFootballTimeout,Timeout by St. Louis Battlehawks at 8:06,,True,2,8,6,Half1,MaSourceTypeOfficialScoring,FOOTBALL_XFL_2023_2_19_STL@SA,,QBStat,49,2302003-STL-at-SA,486,486,2286,8:06,2,3,Home,14,7,5,,,,0.0,14,0,3,,,,StatusOfficial,,,,,,,4.0,14.0,,,Home,29.0,4.0,15.0,2:54, ,,,,,,,,,,,,,,,,,,,,,,,,,,5,,,0
2023,FOOTBALL_XFL_2023_2_19_STL@SA,STL,5,SA,3,112,1676840505.0,57705,2023-02-19 21:01:45.000000,EventFootballFg,4-14-SA 14 (8:03) 2 D. Hageman 32 yard field goal is GOOD,,True,2,8,3,Half1,MaSourceTypeOfficialScoring,FOOTBALL_XFL_2023_2_19_STL@SA,,QBStat,50,2302003-STL-at-SA,483,483,2283,8:03,1,3,Home,14,7,5,,,,0.0,14,0,3,,22008,,StatusOfficial,ResultKickMade,,,,,,4.0,14.0,,32.0,Home,29.0,5.0,15.0,3:07,FG,,,,,,,,,,,,,,,,ScoreTypeFg,,,,,,,,,,,,,0
2023,FOOTBALL_XFL_2023_2_19_STL@SA,STL,5,SA,3,114,1676840583.0,57783,2023-02-19 21:03:03.000000,EventFootballKickoff,2 D. Hageman kicks from STL 30. 6 F. Brown to SA 30 for 27 yards (24 L. Hill),,True,2,8,2,Half1,MaSourceTypeOfficialScoring,FOOTBALL_XFL_2023_2_19_STL@SA,,QBStat,51,2302003-STL-at-SA,482,482,2282,8:02,1,3,Visitor,30,8,3,,,,1.0,30,3,3,22870,20142,21678,StatusOfficial,ResultKickReturned,27.0,Home,30.0,,,,,,,,,,,,,,,,,,,,,,,,,,,,,,,,,,,,,,,,,0
2023,FOOTBALL_XFL_2023_2_19_STL@SA,STL,5,SA,3,116,1676840624.0,57824,2023-02-19 21:03:44.000000,EventFootballRush,"1-10-SA 30 (7:55) 11 K. Ballage rush to SA 33 for 3 yards (90 K. Atkins, 25 L. Denis)",,True,2,7,55,Half1,MaSourceTypeOfficialScoring,FOOTBALL_XFL_2023_2_19_STL@SA,,QBStat,52,2302003-STL-at-SA,475,475,2275,7:55,1,3,Home,30,8,3,,,,1.0,70,3,3,20061,,,StatusOfficial,,,,,,,1.0,10.0,2,3.0,Home,30.0,1.0,3.0,0:24, ,22034,20385,,,,,,,,,,,,,,,,,,,,,,,,,,,0
2023,FOOTBALL_XFL_2023_2_19_STL@SA,STL,5,SA,3,118,1676840657.0,57857,2023-02-19 21:04:17.000000,EventFootballPass,2-7-SA 33 (7:22) 16 J. Coan pass to 88 A. Mack to SA 34 for 1 yard (33 T. Watson),,True,2,7,22,Half1,MaSourceTypeOfficialScoring,FOOTBALL_XFL_2023_2_19_STL@SA,,QBStat,53,2302003-STL-at-SA,442,442,2242,7:22,1,3,Home,33,8,3,,,,1.0,67,3,3,22297,,,StatusOfficial,ResultPassComplete,,,,20301,21765,2.0,7.0,3,1.0,Home,30.0,2.0,4.0,0:48, ,,,,,,,,,,,,,,,,,,,,,,,,,,,,,0
2023,FOOTBALL_XFL_2023_2_19_STL@SA,STL,5,SA,3,120,1676840695.0,57895,2023-02-19 21:04:55.000000,EventFootballPenalty,"3-6-SA 34 (6:54) PENALTY on 95 E. Lumor, 5 yards",,True,2,6,54,Half1,MaSourceTypeOfficialScoring,FOOTBALL_XFL_2023_2_19_STL@SA,,QBStat,54,2302003-STL-at-SA,414,414,2214,6:54,1,3,Home,34,8,3,,,,1.0,66,3,3,,,,StatusOfficial,,,,,,,3.0,6.0,,,Home,30.0,2.0,9.0,1:09, ,,,5,20971,5.0,ResultPenaltyRepeatdown,NA,,,,,,,,,,,,,,,,,,,,,,0
2023,FOOTBALL_XFL_2023_2_19_STL@SA,STL,5,SA,3,122,1676840714.0,57914,2023-02-19 21:05:14.000000,EventFootballRush,"3-1-SA 39 (6:49) 11 K. Ballage rush to SA 41 for 2 yards (25 L. Denis, 6 L. Williams)",,True,2,6,49,Half1,MaSourceTypeOfficialScoring,FOOTBALL_XFL_2023_2_19_STL@SA,,QBStat,55,2302003-STL-at-SA,409,409,2209,6:49,1,3,Home,39,8,3,,,,1.0,61,3,3,20385,,,StatusOfficial,,,,,,,3.0,1.0,2,2.0,Home,30.0,3.0,11.0,1:23, ,22034,21678,,,,,,,,,,,,,,,,,,,,,,,,,,,0
2023,FOOTBALL_XFL_2023_2_19_STL@SA,STL,5,SA,3,124,1676840743.0,57943,2023-02-19 21:05:43.000000,EventFootballPass,1-10-SA 41 (6:20) 16 J. Coan pass to 82 L. Akers to Midfield for 9 yards (6 L. Williams),,True,2,6,20,Half1,MaSourceTypeOfficialScoring,FOOTBALL_XFL_2023_2_19_STL@SA,,QBStat,56,2302003-STL-at-SA,380,380,2180,6:20,1,3,Home,41,8,3,,,,1.0,59,3,3,21678,,,StatusOfficial,ResultPassComplete,,,,20301,20016,1.0,10.0,1,9.0,Home,30.0,4.0,20.0,2:00, ,,,,,,,,,,,,,,,,,,,,,,,,,,,,,0
2023,FOOTBALL_XFL_2023_2_19_STL@SA,STL,5,SA,3,126,1676840764.0,57964,2023-02-19 21:06:04.000000,EventFootballRush,"2-1-Midfield (6:00) 11 K. Ballage rush to Midfield for 0 yards (53 C. Wells, 96 L. London)",,True,2,6,0,Half1,MaSourceTypeOfficialScoring,FOOTBALL_XFL_2023_2_19_STL@SA,,QBStat,57,2302003-STL-at-SA,360,360,2160,6:00,1,3,Home,50,8,3,,,,1.0,50,3,3,21833,,,StatusOfficial,,,,,,,2.0,1.0,2,0.0,Home,30.0,5.0,20.0,2:19, ,22034,20965,,,,,,,,,,,,,,,,,,,,,,,,,,,0
2023,FOOTBALL_XFL_2023_2_19_STL@SA,STL,5,SA,3,128,1676840799.0,57999,2023-02-19 21:06:39.000000,EventFootballRush,3-1-Midfield (5:24) 16 J. Coan rush to STL 48 for 2 yards (29 S. Kelly),,True,2,5,24,Half1,MaSourceTypeOfficialScoring,FOOTBALL_XFL_2023_2_19_STL@SA,,QBStat,58,2302003-STL-at-SA,324,324,2124,5:24,1,3,Home,50,8,3,,,,1.0,50,3,3,21870,,,StatusOfficial,,,,,,,3.0,1.0,2,2.0,Home,30.0,6.0,22.0,2:50, ,20301,,,,,,,,,,,,,,,,,,,,,,,,,,,,0
2023,FOOTBALL_XFL_2023_2_19_STL@SA,STL,5,SA,3,130,1676840827.0,58027,2023-02-19 21:07:07.000000,EventFootballRush,1-10-STL 48 (4:56) 11 K. Ballage rush to Midfield for -2 yards (29 S. Kelly),,True,2,4,56,Half1,MaSourceTypeOfficialScoring,FOOTBALL_XFL_2023_2_19_STL@SA,,QBStat,59,2302003-STL-at-SA,296,296,2096,4:56,1,3,Visitor,48,8,3,,,,1.0,48,3,3,21870,,,StatusOfficial,,,,,,,1.0,10.0,2,-2.0,Home,30.0,7.0,20.0,3:31, ,22034,,,,,,,,,,,,,,,,,,,,,,,,,,,,0
2023,FOOTBALL_XFL_2023_2_19_STL@SA,STL,5,SA,3,132,1676840892.0,58092,2023-02-19 21:08:12.000000,EventFootballPenalty,"2-12-Midfield (4:09) PENALTY on 79 K. Absheer, 10 yards",,True,2,4,9,Half1,MaSourceTypeOfficialScoring,FOOTBALL_XFL_2023_2_19_STL@SA,,QBStat,60,2302003-STL-at-SA,249,249,2049,4:09,1,3,Visitor,50,8,3,,,,1.0,50,3,3,,,,StatusOfficial,,,,,,,2.0,12.0,,,Home,30.0,7.0,10.0,3:54, ,,,3,22379,10.0,ResultPenaltyRepeatdown,NA,,,,,,,,,,,,,,,,,,,,,,0
2023,FOOTBALL_XFL_2023_2_19_STL@SA,STL,5,SA,3,134,1676840925.0,58125,2023-02-19 21:08:45.000000,EventFootballPenalty,"2-22-SA 40 (3:56) PENALTY on 79 K. Absheer, 5 yards",,True,2,3,56,Half1,MaSourceTypeOfficialScoring,FOOTBALL_XFL_2023_2_19_STL@SA,,QBStat,61,2302003-STL-at-SA,236,236,2036,3:56,1,3,Home,40,8,3,,,,1.0,60,3,3,,,,StatusOfficial,,,,,,,2.0,22.0,,,Home,30.0,7.0,5.0,4:07, ,,,3,22379,5.0,ResultPenaltyRepeatdown,NA,,,,,,,,,,,,,,,,,,,,,,0
2023,FOOTBALL_XFL_2023_2_19_STL@SA,STL,5,SA,3,136,1676840958.0,58158,2023-02-19 21:09:18.000000,EventFootballPass,2-27-SA 35 (3:34) 16 J. Coan pass to 11 K. Ballage to SA 34 for -1 yards (6 L. Williams),,True,2,3,34,Half1,MaSourceTypeOfficialScoring,FOOTBALL_XFL_2023_2_19_STL@SA,,QBStat,62,2302003-STL-at-SA,214,214,2014,3:34,1,3,Home,35,8,3,,,,1.0,65,3,3,21678,,,StatusOfficial,ResultPassComplete,,,,20301,22034,2.0,27.0,3,-1.0,Home,30.0,8.0,4.0,4:42, ,,,,,,,,,,,,,,,,,,,,,,,,,,,,,0
2023,FOOTBALL_XFL_2023_2_19_STL@SA,STL,5,SA,3,139,1676840992.0,58192,2023-02-19 21:09:52.000000,EventFootballPass,3-28-SA 34 (3:04) 16 J. Coan pass to 11 K. Ballage to SA 43 for 9 yards (53 C. Wells),,True,2,3,4,Half1,MaSourceTypeOfficialScoring,FOOTBALL_XFL_2023_2_19_STL@SA,,QBStat,63,2302003-STL-at-SA,184,184,1984,3:04,1,3,Home,34,8,3,,,,1.0,66,3,3,21833,,,StatusOfficial,ResultPassComplete,,,,20301,22034,3.0,28.0,2,9.0,Home,30.0,9.0,13.0,5:19, ,,,,,,,,,,,,,,,,,,,,,,,,,,,,,0
2023,FOOTBALL_XFL_2023_2_19_STL@SA,STL,5,SA,3,141,1676841033.0,58233,2023-02-19 21:10:33.000000,EventFootballPunt,4-19-SA 43 (2:23) 0 B. Wing punts 43 yards from SA 43 to STL 14. 13 A. Proehl to STL 24 for 10 yards (88 A. Mack),,True,2,2,23,Half1,MaSourceTypeOfficialScoring,FOOTBALL_XFL_2023_2_19_STL@SA,,QBStat,64,2302003-STL-at-SA,143,143,1943,2:23,1,3,Home,43,8,3,,,,1.0,57,3,3,22333,,,StatusOfficial,ResultKickReturned,,Visitor,24.0,,,4.0,19.0,,,Home,30.0,9.0,13.0,5:40,PUNT,,,,,,,,21706,21263,43.0,10.0,,,,,,,,,,,,,,,,,,1
2023,FOOTBALL_XFL_2023_2_19_STL@SA,STL,5,SA,3,143,1676841089.0,58289,2023-02-19 21:11:29.000000,EventFootballRush,1-10-STL 24 (2:16) 21 M. Durant rush to STL 25 for 1 yard (42 M. Tverdov),,True,2,2,16,Half1,MaSourceTypeOfficialScoring,FOOTBALL_XFL_2023_2_19_STL@SA,,QBStat,65,2302003-STL-at-SA,136,136,1936,2:16,1,3,Visitor,24,9,5,,,,0.0,76,3,3,21589,,,StatusOfficial,,,,,,,1.0,10.0,3,1.0,Visitor,24.0,1.0,1.0,0:09, ,21856,,,,,,,,,,,,,,,,,,,,,,,,,,,,0
2023,FOOTBALL_XFL_2023_2_19_STL@SA,STL,5,SA,3,145,1676841148.0,58348,2023-02-19 21:12:28.000000,EventFootballTimeout,Timeout by San Antonio Brahmas at 2:02,,True,2,2,2,Half1,MaSourceTypeOfficialScoring,FOOTBALL_XFL_2023_2_19_STL@SA,,QBStat,66,2302003-STL-at-SA,122,122,1922,2:02,1,3,Visitor,25,9,5,,,,0.0,75,3,3,,,,StatusOfficial,,,,,,,2.0,9.0,,,Visitor,24.0,1.0,1.0,0:16, ,,,,,,,,,,,,,,,,,,,,,,,,,,3,,,0
2023,FOOTBALL_XFL_2023_2_19_STL@SA,STL,5,SA,3,149,1676841313.0,58513,2023-02-19 21:15:13.000000,EventFootballRush,2-9-STL 25 (2:01) 21 M. Durant rush to STL 23 for -2 yards (3 B. Davis),,True,2,2,1,Half1,MaSourceTypeOfficialScoring,FOOTBALL_XFL_2023_2_19_STL@SA,,QBStat,67,2302003-STL-at-SA,121,121,1921,2:01,1,2,Visitor,25,9,5,,,,0.0,75,3,3,20362,,,StatusOfficial,,,,,,,2.0,9.0,2,-2.0,Visitor,24.0,2.0,-1.0,0:20, ,21856,,,,,,,,,,,,,,,,,,,,,,,,,,,,0
2023,FOOTBALL_XFL_2023_2_19_STL@SA,STL,5,SA,3,151,1676841402.0,58602,2023-02-19 21:16:42.000000,EventFootballPass,3-11-STL 23 (1:51) 10 A. McCarron pass to 21 M. Durant to STL 24 for 1 yard (15 J. Williams),,True,2,1,51,Half1,MaSourceTypeOfficialScoring,FOOTBALL_XFL_2023_2_19_STL@SA,,QBStat,68,2302003-STL-at-SA,111,111,1911,1:51,1,2,Visitor,23,9,5,,,,0.0,77,3,3,21974,,,StatusOfficial,ResultPassComplete,,,,22026,21856,3.0,11.0,3,1.0,Visitor,24.0,3.0,,0:27, ,,,,,,,,,,,,,,,,,,,,,,,,,,,,,0
2023,FOOTBALL_XFL_2023_2_19_STL@SA,STL,5,SA,3,153,1676841445.0,58645,2023-02-19 21:17:25.000000,EventFootballPunt,"4-10-STL 24 (1:45) 16 S. Hofrichter punts 53 yards from STL 24 to SA 23. 82 L. Akers to SA 35 for 12 yards (27 M. Rose, 53 C. Wells)",,True,2,1,45,Half1,MaSourceTypeOfficialScoring,FOOTBALL_XFL_2023_2_19_STL@SA,,QBStat,69,2302003-STL-at-SA,105,105,1905,1:45,1,2,Visitor,24,9,5,,,,0.0,76,3,3,27,,,StatusOfficial,ResultKickReturned,,Home,35.0,,,4.0,10.0,,,Visitor,24.0,3.0,,0:38,PUNT,,53,,,,,,20704,20016,53.0,12.0,,,,,,,,,,,,,,,,,,1
2023,FOOTBALL_XFL_2023_2_19_STL@SA,STL,5,SA,3,155,1676841490.0,58690,2023-02-19 21:18:10.000000,EventFootballRush,1-10-SA 35 (1:37) 9 J. Patrick rush to SA 43 for 8 yards (28 B. DeLuca),,True,2,1,37,Half1,MaSourceTypeOfficialScoring,FOOTBALL_XFL_2023_2_19_STL@SA,,QBStat,70,2302003-STL-at-SA,97,97,1897,1:37,1,2,Home,35,10,3,,,,1.0,65,3,3,20381,,,StatusOfficial,,,,,,,1.0,10.0,1,8.0,Home,35.0,1.0,8.0,0:17, ,21196,,,,,,,,,,,,,,,,,,,,,,,,,,,,0
2023,FOOTBALL_XFL_2023_2_19_STL@SA,STL,5,SA,3,157,1676841510.0,58710,2023-02-19 21:18:30.000000,EventFootballRush,2-2-SA 43 (1:17) 9 J. Patrick rush to Midfield for 7 yards (8 M. Hampton),,True,2,1,17,Half1,MaSourceTypeOfficialScoring,FOOTBALL_XFL_2023_2_19_STL@SA,,QBStat,71,2302003-STL-at-SA,77,77,1877,1:17,1,2,Home,43,10,3,,,,1.0,57,3,3,21862,,,StatusOfficial,,,,,,,2.0,2.0,3,7.0,Home,35.0,2.0,15.0,0:26, ,21196,,,,,,,,,,,,,,,,,,,,,,,,,,,,0
2023,FOOTBALL_XFL_2023_2_19_STL@SA,STL,5,SA,3,159,1676841536.0,58736,2023-02-19 21:18:56.000000,EventFootballPass,1-10-Midfield (0:59) 16 J. Coan pass incomplete to 88 A. Mack,,True,2,0,59,Half1,MaSourceTypeOfficialScoring,FOOTBALL_XFL_2023_2_19_STL@SA,,QBStat,72,2302003-STL-at-SA,59,59,1859,0:59,1,2,Home,50,10,3,,,,1.0,50,3,3,,,,StatusOfficial,ResultPassIncomplete,,,,20301,21765,1.0,10.0,4,,Home,35.0,3.0,15.0,0:39, ,,,,,,,,,,,,22386,,,,,,,,,,,,,,,,,0
2023,FOOTBALL_XFL_2023_2_19_STL@SA,STL,5,SA,3,161,1676841656.0,58856,2023-02-19 21:20:56.000000,EventFootballPass,2-10-Midfield (0:55) 16 J. Coan pass to 80 J. Tolliver to STL 26 for 24 yards (39 C. Cooper),,True,2,0,55,Half1,MaSourceTypeOfficialScoring,FOOTBALL_XFL_2023_2_19_STL@SA,,QBStat,73,2302003-STL-at-SA,55,55,1855,0:55,1,2,Home,50,10,3,,,,1.0,50,3,3,22336,,,StatusOfficial,ResultPassComplete,,,,20301,21568,2.0,10.0,4,24.0,Home,35.0,4.0,39.0,0:45, ,,,,,,,,,,,,,,,,,,,,,,,,,,,,,0
2023,FOOTBALL_XFL_2023_2_19_STL@SA,STL,5,SA,3,163,1676841679.0,58879,2023-02-19 21:21:19.000000,EventFootballPass,"1-10-STL 26 (0:43) 16 J. Coan pass to 9 J. Patrick to STL 17 for 9 yards (51 W. Harvey, 27 M. Rose)",,True,2,0,43,Half1,MaSourceTypeOfficialScoring,FOOTBALL_XFL_2023_2_19_STL@SA,,QBStat,74,2302003-STL-at-SA,43,43,1843,0:43,1,2,Visitor,26,10,3,,,,1.0,26,3,3,20647,,,StatusOfficial,ResultPassComplete,,,,20301,21196,1.0,10.0,3,9.0,Home,35.0,5.0,48.0,1:03, ,,21340,,,,,,,,,,,,,,,,,,,,,,,,,,,0
2023,FOOTBALL_XFL_2023_2_19_STL@SA,STL,5,SA,3,165,1676841703.0,58903,2023-02-19 21:21:43.000000,EventFootballPass,2-1-STL 17 (0:19) 16 J. Coan pass incomplete,,True,2,0,19,Half1,MaSourceTypeOfficialScoring,FOOTBALL_XFL_2023_2_19_STL@SA,,QBStat,75,2302003-STL-at-SA,19,19,1819,0:19,1,2,Visitor,17,10,3,,,,1.0,17,3,3,,,,StatusOfficial,ResultPassIncomplete,,,,20301,,2.0,1.0,3,,Home,35.0,6.0,48.0,1:19, ,,,,,,,,,,,,,,,,,,,,,,,,,,,,,0
2023,FOOTBALL_XFL_2023_2_19_STL@SA,STL,5,SA,3,173,1676841745.0,58945,2023-02-19 21:22:25.000000,EventFootballRush,"3-1-STL 17 (0:15) 9 J. Patrick rush to STL 17 for 0 yards (53 C. Wells, 28 B. DeLuca)",,True,2,0,15,Half1,MaSourceTypeOfficialScoring,FOOTBALL_XFL_2023_2_19_STL@SA,,QBStat,76,2302003-STL-at-SA,15,15,1815,0:15,1,2,Visitor,17,10,3,,,,1.0,17,3,3,21833,,,StatusOfficial,,,,,,,3.0,1.0,2,0.0,Home,35.0,7.0,48.0,1:23, ,21196,20381,,,,,,,,,,,,,,,,,,,,,,,,,,,0
2023,FOOTBALL_XFL_2023_2_19_STL@SA,STL,5,SA,3,174,1676841773.0,58973,2023-02-19 21:22:53.000000,EventFootballTimeout,Timeout by San Antonio Brahmas at 0:15,,True,2,0,15,Half1,MaSourceTypeOfficialScoring,FOOTBALL_XFL_2023_2_19_STL@SA,,QBStat,77,2302003-STL-at-SA,15,15,1815,0:15,1,2,Visitor,17,10,3,,,,1.0,17,3,3,,,,StatusOfficial,,,,,,,4.0,1.0,,,Home,35.0,7.0,48.0,1:23, ,,,,,,,,,,,,,,,,,,,,,,,,,,3,,,0
2023,FOOTBALL_XFL_2023_2_19_STL@SA,STL,5,SA,3,176,1676841858.0,59058,2023-02-19 21:24:18.000000,EventFootballRush,4-1-STL 17 (0:15) 16 J. Coan rush to STL 16 for 1 yard (96 L. London),,True,2,0,15,Half1,MaSourceTypeOfficialScoring,FOOTBALL_XFL_2023_2_19_STL@SA,,QBStat,78,2302003-STL-at-SA,15,15,1815,0:15,1,1,Visitor,17,10,3,,,,1.0,17,3,3,20965,,,StatusOfficial,,,,,,,4.0,1.0,2,1.0,Home,35.0,8.0,49.0,1:27, ,20301,,,,,,,,,,,,,,,,,,,,,,,,,,,,0
2023,FOOTBALL_XFL_2023_2_19_STL@SA,STL,5,SA,3,178,1676841892.0,59092,2023-02-19 21:24:52.000000,EventFootballPass,1-10-STL 16 (0:06) 16 J. Coan pass incomplete to 10 T. Jonsen,,True,2,0,6,Half1,MaSourceTypeOfficialScoring,FOOTBALL_XFL_2023_2_19_STL@SA,,QBStat,79,2302003-STL-at-SA,6,6,1806,0:06,1,1,Visitor,16,10,3,,,,1.0,16,3,3,,,,StatusOfficial,ResultPassIncomplete,,,,20301,20856,1.0,10.0,1,,Home,35.0,9.0,49.0,1:32, ,,,,,,,,,,,,,,,21389,,,,,,,,,,,,,,0
2023,FOOTBALL_XFL_2023_2_19_STL@SA,STL,5,SA,3,180,1676841936.0,59136,2023-02-19 21:25:36.000000,EventFootballTimeout,Timeout by St. Louis Battlehawks at 0:06,,True,2,0,6,Half1,MaSourceTypeOfficialScoring,FOOTBALL_XFL_2023_2_19_STL@SA,,QBStat,80,2302003-STL-at-SA,6,6,1806,0:06,1,1,Visitor,16,10,3,,,,1.0,16,3,3,,,,StatusOfficial,,,,,,,2.0,10.0,,,Home,35.0,9.0,49.0,1:32, ,,,,,,,,,,,,,,,,,,,,,,,,,,5,,,0
2023,FOOTBALL_XFL_2023_2_19_STL@SA,STL,5,SA,3,182,1676841987.0,59187,2023-02-19 21:26:27.000000,EventFootballFg,2-10-STL 16 (0:03) 23 P. Romo 34 yard field goal is NO GOOD,,True,2,0,3,Half1,MaSourceTypeOfficialScoring,FOOTBALL_XFL_2023_2_19_STL@SA,,QBStat,81,2302003-STL-at-SA,3,3,1803,0:03,0,1,Visitor,16,10,3,,,,1.0,16,3,3,,21775,,StatusOfficial,ResultKickMissed,,,,,,2.0,10.0,,34.0,Home,35.0,10.0,49.0,1:42,MISSED FG,,,,,,,,,,,,,,,,,,,,,,,,,,,,,0
2023,FOOTBALL_XFL_2023_2_19_STL@SA,STL,5,SA,3,184,1676842029.0,59229,2023-02-19 21:27:09.000000,EventFootballRush,1-10-STL 24 (0:03) 10 A. McCarron rush to STL 23 for -1 yards (90 M. Gotel),,True,2,0,3,Half1,MaSourceTypeOfficialScoring,FOOTBALL_XFL_2023_2_19_STL@SA,,QBStat,82,2302003-STL-at-SA,3,3,1803,0:03,0,1,Visitor,24,11,5,,,,0.0,76,3,3,20567,,,StatusOfficial,,,,,,,1.0,10.0,2,-1.0,Visitor,24.0,1.0,-1.0,0:03, ,22026,,,,,,,,,,,,,,,,,,,,,,,,,,,,0
2023,FOOTBALL_XFL_2023_2_19_STL@SA,STL,5,SA,3,186,1676842771.0,59971,2023-02-19 21:39:31.000000,EventFootballKickoff,2 D. Hageman kicks from STL 30. 6 F. Brown to SA 33 for 24 yards (29 S. Kelly),,True,3,14,59,Half2,MaSourceTypeOfficialScoring,FOOTBALL_XFL_2023_2_19_STL@SA,,QBStat,83,2302003-STL-at-SA,899,1799,1799,14:59,3,3,Visitor,30,12,3,,,,1.0,30,3,3,21870,20142,21678,StatusOfficial,ResultKickReturned,24.0,Home,33.0,,,,,,,,,,,,,,,,,,,,,,,,,,,,,,,,,,,,,,,,,0
2023,FOOTBALL_XFL_2023_2_19_STL@SA,STL,5,SA,3,188,1676842809.0,60009,2023-02-19 21:40:09.000000,EventFootballRush,1-10-SA 33 (14:54) 11 K. Ballage rush to SA 34 for 1 yard (90 K. Atkins),,True,3,14,54,Half2,MaSourceTypeOfficialScoring,FOOTBALL_XFL_2023_2_19_STL@SA,,QBStat,84,2302003-STL-at-SA,894,1794,1794,14:54,3,3,Home,33,12,3,,,,1.0,67,3,3,20061,,,StatusOfficial,,,,,,,1.0,10.0,1,1.0,Home,33.0,1.0,1.0,0:14, ,22034,,,,,,,,,,,,,,,,,,,,,,,,,,,,0
2023,FOOTBALL_XFL_2023_2_19_STL@SA,STL,5,SA,3,190,1676842844.0,60044,2023-02-19 21:40:44.000000,EventFootballRush,2-9-SA 34 (14:19) 11 K. Ballage rush to SA 49 for 15 yards (39 C. Cooper),,True,3,14,19,Half2,MaSourceTypeOfficialScoring,FOOTBALL_XFL_2023_2_19_STL@SA,,QBStat,85,2302003-STL-at-SA,859,1759,1759,14:19,3,3,Home,34,12,3,,,,1.0,66,3,3,22336,,,StatusOfficial,,,,,,,2.0,9.0,2,15.0,Home,33.0,2.0,16.0,0:54, ,22034,,,,,,,,,,,,,,,,,,,,,,,,,,,,0
2023,FOOTBALL_XFL_2023_2_19_STL@SA,STL,5,SA,3,192,1676842872.0,60072,2023-02-19 21:41:12.000000,EventFootballRush,1-10-SA 49 (13:50) 11 K. Ballage rush to STL 49 for 2 yards (51 W. Harvey),,True,3,13,50,Half2,MaSourceTypeOfficialScoring,FOOTBALL_XFL_2023_2_19_STL@SA,,QBStat,86,2302003-STL-at-SA,830,1730,1730,13:50,3,3,Home,49,12,3,,,,1.0,51,3,3,20647,,,StatusOfficial,,,,,,,1.0,10.0,3,2.0,Home,33.0,3.0,18.0,1:21, ,22034,,,,,,,,,,,,,,,,,,,,,,,,,,,,0
2023,FOOTBALL_XFL_2023_2_19_STL@SA,STL,5,SA,3,194,1676842910.0,60110,2023-02-19 21:41:50.000000,EventFootballPass,2-8-STL 49 (13:13) 16 J. Coan pass to 80 J. Tolliver to STL 30 for 19 yards (38 B. Sebastian),,True,3,13,13,Half2,MaSourceTypeOfficialScoring,FOOTBALL_XFL_2023_2_19_STL@SA,,QBStat,87,2302003-STL-at-SA,793,1693,1693,13:13,3,3,Visitor,49,12,3,,,,1.0,49,3,3,21389,,,StatusOfficial,ResultPassComplete,,,,20301,21568,2.0,8.0,6,19.0,Home,33.0,4.0,37.0,1:56, ,,,,,,,,,,,,,,,,,,,,,,,,,,,,,0
2023,FOOTBALL_XFL_2023_2_19_STL@SA,STL,5,SA,3,196,1676842939.0,60139,2023-02-19 21:42:19.000000,EventFootballRush,"1-10-STL 30 (12:49) 9 J. Patrick rush to STL 27 for 3 yards (98 F. Akinmoladun, 51 W. Harvey)",,True,3,12,49,Half2,MaSourceTypeOfficialScoring,FOOTBALL_XFL_2023_2_19_STL@SA,,QBStat,88,2302003-STL-at-SA,769,1669,1669,12:49,3,3,Visitor,30,12,3,,,,1.0,30,3,3,22386,,,StatusOfficial,,,,,,,1.0,10.0,2,3.0,Home,33.0,5.0,40.0,2:25, ,21196,20647,,,,,,,,,,,,,,,,,,,,,,,,,,,0
2023,FOOTBALL_XFL_2023_2_19_STL@SA,STL,5,SA,3,198,1676843174.0,60374,2023-02-19 21:46:14.000000,EventFootballRush,2-7-STL 27 (12:17) 11 K. Ballage rush to STL 24 for 3 yards (98 F. Akinmoladun),,True,3,12,17,Half2,MaSourceTypeOfficialScoring,FOOTBALL_XFL_2023_2_19_STL@SA,,QBStat,89,2302003-STL-at-SA,737,1637,1637,12:17,3,3,Visitor,27,12,3,,,,1.0,27,3,3,22386,,,StatusOfficial,,,,,,,2.0,7.0,3,3.0,Home,33.0,6.0,43.0,2:53, ,22034,,,,,,,,,,,,,,,,,,,,,,,,,,,,0
2023,FOOTBALL_XFL_2023_2_19_STL@SA,STL,5,SA,3,200,1676843205.0,60405,2023-02-19 21:46:45.000000,EventFootballPass,3-4-STL 24 (11:46) 16 J. Coan pass to 82 L. Akers to STL 19 for 5 yards (38 B. Sebastian),,True,3,11,46,Half2,MaSourceTypeOfficialScoring,FOOTBALL_XFL_2023_2_19_STL@SA,,QBStat,90,2302003-STL-at-SA,706,1606,1606,11:46,3,3,Visitor,24,12,3,,,,1.0,24,3,3,21389,,,StatusOfficial,ResultPassComplete,,,,20301,20016,3.0,4.0,1,5.0,Home,33.0,7.0,48.0,3:26, ,,,,,,,,,,,,,,,,,,,,,,,,,,,,,0
2023,FOOTBALL_XFL_2023_2_19_STL@SA,STL,5,SA,3,202,1676843243.0,60443,2023-02-19 21:47:23.000000,EventFootballRush,1-10-STL 19 (11:13) 11 K. Ballage rush to STL 17 for 2 yards (28 B. DeLuca),,True,3,11,13,Half2,MaSourceTypeOfficialScoring,FOOTBALL_XFL_2023_2_19_STL@SA,,QBStat,91,2302003-STL-at-SA,673,1573,1573,11:13,3,3,Visitor,19,12,3,,,,1.0,19,3,3,20381,,,StatusOfficial,,,,,,,1.0,10.0,1,2.0,Home,33.0,8.0,50.0,3:55, ,22034,,,,,,,,,,,,,,,,,,,,,,,,,,,,0
2023,FOOTBALL_XFL_2023_2_19_STL@SA,STL,5,SA,3,204,1676843289.0,60489,2023-02-19 21:48:09.000000,EventFootballRush,2-8-STL 17 (10:27) 16 J. Coan rush to STL 11 for 6 yards (26 N. Meadors),,True,3,10,27,Half2,MaSourceTypeOfficialScoring,FOOTBALL_XFL_2023_2_19_STL@SA,,QBStat,92,2302003-STL-at-SA,627,1527,1527,10:27,3,3,Visitor,17,12,3,,,,1.0,17,3,3,22352,,,StatusOfficial,,,,,,,2.0,8.0,3,6.0,Home,33.0,9.0,56.0,4:37, ,20301,,,,,,,,,,,,,,,,,,,,,,,,,,,,0
2023,FOOTBALL_XFL_2023_2_19_STL@SA,STL,5,SA,3,206,1676843327.0,60527,2023-02-19 21:48:47.000000,EventFootballRush,3-2-STL 11 (9:56) 11 K. Ballage rush to STL 11 for 0 yards (96 L. London),,True,3,9,56,Half2,MaSourceTypeOfficialScoring,FOOTBALL_XFL_2023_2_19_STL@SA,,QBStat,93,2302003-STL-at-SA,596,1496,1496,9:56,3,3,Visitor,11,12,3,,,,1.0,11,3,3,20965,,,StatusOfficial,,,,,,,3.0,2.0,2,0.0,Home,33.0,10.0,56.0,5:12, ,22034,,,,,,,,,,,,,,,,,,,,,,,,,,,,0
2023,FOOTBALL_XFL_2023_2_19_STL@SA,STL,5,SA,3,208,1676843369.0,60569,2023-02-19 21:49:29.000000,EventFootballFg,4-2-STL 11 (9:16) 23 P. Romo 29 yard field goal is GOOD,,True,3,9,16,Half2,MaSourceTypeOfficialScoring,FOOTBALL_XFL_2023_2_19_STL@SA,,QBStat,94,2302003-STL-at-SA,556,1456,1456,9:16,3,3,Visitor,11,12,3,,,,1.0,11,3,3,,21775,,StatusOfficial,ResultKickMade,,,,,,4.0,2.0,,29.0,Home,33.0,11.0,56.0,5:44,FG,,,,,,,,,,,,,,,,ScoreTypeFg,,,,,,,,,,,,,0
2023,FOOTBALL_XFL_2023_2_19_STL@SA,STL,5,SA,3,210,1676843436.0,60636,2023-02-19 21:50:36.000000,EventFootballKickoff,23 P. Romo kicks from SA 30. 11 D. Shepherd to STL 34 for 29 yards (5 T. Adewusi),,True,3,9,16,Half2,MaSourceTypeOfficialScoring,FOOTBALL_XFL_2023_2_19_STL@SA,,QBStat,95,2302003-STL-at-SA,556,1456,1456,9:16,3,3,Home,30,13,5,,,,0.0,30,3,6,20008,20688,22034,StatusOfficial,ResultKickReturned,29.0,Visitor,34.0,,,,,,,,,,,,,,,,,,,,,,,,,,,,,,,,,,,,,,,,,0
2023,FOOTBALL_XFL_2023_2_19_STL@SA,STL,5,SA,3,212,1676843479.0,60679,2023-02-19 21:51:19.000000,EventFootballPass,1-10-STL 34 (9:09) 10 A. McCarron pass to 21 M. Durant to STL 38 for 4 yards (24 R. Lewis),,True,3,9,9,Half2,MaSourceTypeOfficialScoring,FOOTBALL_XFL_2023_2_19_STL@SA,,QBStat,96,2302003-STL-at-SA,549,1449,1449,9:09,3,3,Visitor,34,13,5,,,,0.0,66,3,6,21761,,,StatusOfficial,ResultPassComplete,,,,22026,21856,1.0,10.0,1,4.0,Visitor,34.0,1.0,4.0,0:26, ,,,,,,,,,,,,,,,,,,,,,,,,,,,,,0
2023,FOOTBALL_XFL_2023_2_19_STL@SA,STL,5,SA,3,214,1676843513.0,60713,2023-02-19 21:51:53.000000,EventFootballRush,2-6-STL 38 (8:40) 21 M. Durant rush to STL 39 for 1 yard (20 K. Siverand),,True,3,8,40,Half2,MaSourceTypeOfficialScoring,FOOTBALL_XFL_2023_2_19_STL@SA,,QBStat,97,2302003-STL-at-SA,520,1420,1420,8:40,3,3,Visitor,38,13,5,,,,0.0,62,3,6,21419,,,StatusOfficial,,,,,,,2.0,6.0,1,1.0,Visitor,34.0,2.0,5.0,0:53, ,21856,,,,,,,,,,,,,,,,,,,,,,,,,,,,0
2023,FOOTBALL_XFL_2023_2_19_STL@SA,STL,5,SA,3,217,1676843563.0,60763,2023-02-19 21:52:43.000000,EventFootballPenalty,"3-5-STL 39 (7:59) PENALTY on 78 V. Alexander, 5 yards",,True,3,7,59,Half2,MaSourceTypeOfficialScoring,FOOTBALL_XFL_2023_2_19_STL@SA,,QBStat,98,2302003-STL-at-SA,479,1379,1379,7:59,3,3,Visitor,39,13,5,,,,0.0,61,3,6,,,,StatusOfficial,,,,,,,3.0,5.0,,,Visitor,34.0,2.0,,1:20, ,,,5,21843,5.0,ResultPenaltyRepeatdown,NA,,,,,,,,,,,,,,,,,,,,,,0
2023,FOOTBALL_XFL_2023_2_19_STL@SA,STL,5,SA,3,219,1676843601.0,60801,2023-02-19 21:53:21.000000,EventFootballSack,"3-10-STL 34 (7:35) 10 A. McCarron sacked at STL 26 for -8 yards (50 K. Smith, 42 M. Tverdov)",,True,3,7,35,Half2,MaSourceTypeOfficialScoring,FOOTBALL_XFL_2023_2_19_STL@SA,,QBStat,99,2302003-STL-at-SA,455,1355,1355,7:35,3,3,Visitor,34,13,5,,,,0.0,66,3,6,,,,StatusOfficial,,,,,22026,,3.0,10.0,,-8.0,Visitor,34.0,3.0,-8.0,2:04, ,,,,,,,,,,,,,,22879,,,,,,,,,,,,,21589,,0
2023,FOOTBALL_XFL_2023_2_19_STL@SA,STL,5,SA,3,221,1676843633.0,60833,2023-02-19 21:53:53.000000,EventFootballPunt,4-18-STL 26 (7:03) 16 S. Hofrichter punts 50 yards from STL 26 to SA 24. 82 L. Akers to SA 35 for 11 yards (28 B. DeLuca),,True,3,7,3,Half2,MaSourceTypeOfficialScoring,FOOTBALL_XFL_2023_2_19_STL@SA,,QBStat,100,2302003-STL-at-SA,423,1323,1323,7:03,3,3,Visitor,26,13,5,,,,0.0,74,3,6,20901,,,StatusOfficial,ResultKickReturned,,Home,35.0,,,4.0,18.0,,,Visitor,34.0,3.0,-8.0,2:13,PUNT,,,,,,,,20704,20016,50.0,11.0,,,,,,,,,,,,,,,,,,1
2023,FOOTBALL_XFL_2023_2_19_STL@SA,STL,5,SA,3,223,1676843861.0,61061,2023-02-19 21:57:41.000000,EventFootballPass,1-10-SA 35 (6:55) 16 J. Coan pass incomplete,,True,3,6,55,Half2,MaSourceTypeOfficialScoring,FOOTBALL_XFL_2023_2_19_STL@SA,,QBStat,101,2302003-STL-at-SA,415,1315,1315,6:55,3,3,Home,35,14,3,,,,1.0,65,3,6,,,,StatusOfficial,ResultPassIncomplete,,,,20301,,1.0,10.0,4,,Home,35.0,1.0,,0:09, ,,,,,,,,,,,,,,,,,,,,,,,,,,,,,0
2023,FOOTBALL_XFL_2023_2_19_STL@SA,STL,5,SA,3,225,1676843889.0,61089,2023-02-19 21:58:09.000000,EventFootballRush,"2-10-SA 35 (6:29) 11 K. Ballage rush to SA 43 for 8 yards (28 B. DeLuca, 25 L. Denis)",,True,3,6,29,Half2,MaSourceTypeOfficialScoring,FOOTBALL_XFL_2023_2_19_STL@SA,,QBStat,102,2302003-STL-at-SA,389,1289,1289,6:29,3,3,Home,35,14,3,,,,1.0,65,3,6,20381,,,StatusOfficial,,,,,,,2.0,10.0,2,8.0,Home,35.0,2.0,8.0,0:42, ,22034,20385,,,,,,,,,,,,,,,,,,,,,,,,,,,0
2023,FOOTBALL_XFL_2023_2_19_STL@SA,STL,5,SA,3,227,1676843930.0,61130,2023-02-19 21:58:50.000000,EventFootballRush,3-2-SA 43 (5:49) 11 K. Ballage rush to SA 48 for 5 yards (99 G. Robinson),,True,3,5,49,Half2,MaSourceTypeOfficialScoring,FOOTBALL_XFL_2023_2_19_STL@SA,,QBStat,103,2302003-STL-at-SA,349,1249,1249,5:49,3,3,Home,43,14,3,,,,1.0,57,3,6,21319,,,StatusOfficial,,,,,,,3.0,2.0,2,5.0,Home,35.0,3.0,13.0,1:22, ,22034,,,,,,,,,,,,,,,,,,,,,,,,,,,,0
2023,FOOTBALL_XFL_2023_2_19_STL@SA,STL,5,SA,3,229,1676843965.0,61165,2023-02-19 21:59:25.000000,EventFootballPass,1-10-SA 48 (5:13) 16 J. Coan pass incomplete to 11 K. Ballage,,True,3,5,13,Half2,MaSourceTypeOfficialScoring,FOOTBALL_XFL_2023_2_19_STL@SA,,QBStat,104,2302003-STL-at-SA,313,1213,1213,5:13,3,3,Home,48,14,3,,,,1.0,52,3,6,,,,StatusOfficial,ResultPassIncomplete,,,,20301,22034,1.0,10.0,2,,Home,35.0,4.0,13.0,1:47, ,,,,,,,,,,,,22386,,,,,,,,,,,,,,,,,0
2023,FOOTBALL_XFL_2023_2_19_STL@SA,STL,5,SA,3,231,1676844003.0,61203,2023-02-19 22:00:03.000000,EventFootballPass,2-10-SA 48 (4:46) 16 J. Coan pass to 88 A. Mack to STL 48 for 4 yards (33 T. Watson),,True,3,4,46,Half2,MaSourceTypeOfficialScoring,FOOTBALL_XFL_2023_2_19_STL@SA,,QBStat,105,2302003-STL-at-SA,286,1186,1186,4:46,3,3,Home,48,14,3,,,,1.0,52,3,6,22297,,,StatusOfficial,ResultPassComplete,,,,20301,21765,2.0,10.0,3,4.0,Home,35.0,5.0,17.0,2:28, ,,,,,,,,,,,,,,,,,,,,,,,,,,,,,0
2023,FOOTBALL_XFL_2023_2_19_STL@SA,STL,5,SA,3,234,1676844039.0,61239,2023-02-19 22:00:39.000000,EventFootballPass,3-6-STL 48 (4:10) 16 J. Coan pass dropped by 80 J. Tolliver,,True,3,4,10,Half2,MaSourceTypeOfficialScoring,FOOTBALL_XFL_2023_2_19_STL@SA,,QBStat,106,2302003-STL-at-SA,250,1150,1150,4:10,3,3,Visitor,48,14,3,,,,1.0,48,3,6,,,,StatusOfficial,ResultPassDropped,,,,20301,21568,3.0,6.0,2,,Home,35.0,6.0,17.0,2:50, ,,,,,,,,,,,,,,,,,,,,,,,,,,,,,0
2023,FOOTBALL_XFL_2023_2_19_STL@SA,STL,5,SA,3,236,1676844082.0,61282,2023-02-19 22:01:22.000000,EventFootballPunt,"4-6-STL 48 (3:37) 0 B. Wing punts 35 yards from STL 48 to 13 A. Proehl, Fair Catch at STL 13",,True,3,3,37,Half2,MaSourceTypeOfficialScoring,FOOTBALL_XFL_2023_2_19_STL@SA,,QBStat,107,2302003-STL-at-SA,217,1117,1117,3:37,3,3,Visitor,48,14,3,,,,1.0,48,3,6,,,,StatusOfficial,ResultKickFaircatch,,Visitor,13.0,,,4.0,6.0,,,Home,35.0,6.0,17.0,3:26,PUNT,,,,,,,,21706,21263,35.0,,,,,,,,,,,,,,,,,,,1
2023,FOOTBALL_XFL_2023_2_19_STL@SA,STL,5,SA,3,238,1676844126.0,61326,2023-02-19 22:02:06.000000,EventFootballPass,"1-10-STL 13 (3:33) 10 A. McCarron pass to 13 A. Proehl to STL 20 for 7 yards (22 R. Texada, 25 D. Lewis)",,True,3,3,33,Half2,MaSourceTypeOfficialScoring,FOOTBALL_XFL_2023_2_19_STL@SA,,QBStat,108,2302003-STL-at-SA,213,1113,1113,3:33,3,3,Visitor,13,15,5,,,,0.0,87,3,6,22376,,,StatusOfficial,ResultPassComplete,,,,22026,21263,1.0,10.0,2,7.0,Visitor,13.0,1.0,7.0,0:13, ,,22597,,,,,,,,,,,,,,,,,,,,,,,,,,,0
2023,FOOTBALL_XFL_2023_2_19_STL@SA,STL,5,SA,3,240,1676844158.0,61358,2023-02-19 22:02:38.000000,EventFootballRush,2-3-STL 20 (3:02) 23 B. Hill rush to STL 28 for 8 yards (5 T. Adewusi),,True,3,3,2,Half2,MaSourceTypeOfficialScoring,FOOTBALL_XFL_2023_2_19_STL@SA,,QBStat,109,2302003-STL-at-SA,182,1082,1082,3:02,3,3,Visitor,20,15,5,,,,0.0,80,3,6,20008,,,StatusOfficial,,,,,,,2.0,3.0,1,8.0,Visitor,13.0,2.0,15.0,0:49, ,20688,,,,,,,,,,,,,,,,,,,,,,,,,,,,0
2023,FOOTBALL_XFL_2023_2_19_STL@SA,STL,5,SA,3,245,1676844205.0,61405,2023-02-19 22:03:25.000000,EventFootballRush,"1-10-STL 28 (2:15) 10 A. McCarron rush to STL 29 for 1 yard Fumbled by 10 A. McCarron,  Forced by 22 R. Texada Recovered by 23 B. Hill (22 R. Texada)",,True,3,2,15,Half2,MaSourceTypeOfficialScoring,FOOTBALL_XFL_2023_2_19_STL@SA,,QBStat,110,2302003-STL-at-SA,135,1035,1035,2:15,3,3,Visitor,28,15,5,,,,0.0,72,3,6,22376,,,StatusOfficial,,,Visitor,32.0,,,1.0,10.0,2,1.0,Visitor,13.0,4.0,54.0,2:17, ,22026,,,,,,,,,,,,,,,,,,,,5,22026,5,20688,22376,,,,0
2023,FOOTBALL_XFL_2023_2_19_STL@SA,STL,5,SA,3,246,1676844247.0,61447,2023-02-19 22:04:07.000000,EventFootballRush,1-10-STL 32 (1:41) 0 K. Walker rush to STL 31 for -1 yards (90 M. Gotel),,True,3,1,41,Half2,MaSourceTypeOfficialScoring,FOOTBALL_XFL_2023_2_19_STL@SA,,QBStat,111,2302003-STL-at-SA,101,1001,1001,1:41,3,3,Visitor,32,15,5,,,,0.0,68,3,6,20567,,,StatusOfficial,,,,,,,1.0,10.0,2,-1.0,Visitor,13.0,4.0,18.0,2:25, ,22033,,,,,,,,,,,,,,,,,,,,,,,,,,,,0
2023,FOOTBALL_XFL_2023_2_19_STL@SA,STL,5,SA,3,249,1676844287.0,61487,2023-02-19 22:04:47.000000,EventFootballSack,2-11-STL 31 (1:01) 10 A. McCarron sacked at STL 24 for -7 yards (22 R. Texada),,True,3,1,1,Half2,MaSourceTypeOfficialScoring,FOOTBALL_XFL_2023_2_19_STL@SA,,QBStat,112,2302003-STL-at-SA,61,961,961,1:01,3,3,Visitor,31,15,5,,,,0.0,69,3,6,,,,StatusOfficial,,,,,22026,,2.0,11.0,,-7.0,Visitor,13.0,5.0,11.0,2:58, ,,,,,,,,,,,,,,22376,,,,,,,,,,,,,,,0
2023,FOOTBALL_XFL_2023_2_19_STL@SA,STL,5,SA,3,251,1676844330.0,61530,2023-02-19 22:05:30.000000,EventFootballPunt,3-18-STL 24 (0:18) 16 S. Hofrichter punts 47 yards from STL 24 to SA 29. 82 L. Akers to SA 37 for 8 yards (29 S. Kelly),,True,3,0,18,Half2,MaSourceTypeOfficialScoring,FOOTBALL_XFL_2023_2_19_STL@SA,,QBStat,113,2302003-STL-at-SA,18,918,918,0:18,3,3,Visitor,24,15,5,,,,0.0,76,3,6,29,,,StatusOfficial,ResultKickReturned,,Home,37.0,,,3.0,18.0,,,Visitor,13.0,5.0,11.0,3:19,PUNT,,,,,,,,20704,20016,47.0,8.0,,,,,,,,,,,,,,,,,,1
2023,FOOTBALL_XFL_2023_2_19_STL@SA,STL,5,SA,3,253,1676844379.0,61579,2023-02-19 22:06:19.000000,EventFootballPenalty,"1-10-SA 37 (0:14) PENALTY on 90 K. Atkins, 5 yards",,True,3,0,14,Half2,MaSourceTypeOfficialScoring,FOOTBALL_XFL_2023_2_19_STL@SA,,QBStat,114,2302003-STL-at-SA,14,914,914,0:14,3,3,Home,37,16,3,,,,1.0,63,3,6,,,,StatusOfficial,,,,,,,1.0,10.0,,,Home,37.0,,5.0,0:00, ,,,5,20061,5.0,ResultPenaltyRepeatdown,NA,,,,,,,,,,,,,,,,,,,,,,0
2023,FOOTBALL_XFL_2023_2_19_STL@SA,STL,5,SA,3,255,1676844410.0,61610,2023-02-19 22:06:50.000000,EventFootballRush,1-5-SA 42 (0:13) 11 K. Ballage rush to SA 45 for 3 yards (91 T. Tupou),,True,3,0,13,Half2,MaSourceTypeOfficialScoring,FOOTBALL_XFL_2023_2_19_STL@SA,,QBStat,115,2302003-STL-at-SA,13,913,913,0:13,3,3,Home,42,16,3,,,,1.0,58,3,6,21578,,,StatusOfficial,,,,,,,1.0,5.0,3,3.0,Home,37.0,1.0,8.0,0:10, ,22034,,,,,,,,,,,,,,,,,,,,,,,,,,,,0
2023,FOOTBALL_XFL_2023_2_19_STL@SA,STL,5,SA,3,257,1676844638.0,61838,2023-02-19 22:10:38.000000,EventFootballRush,"2-2-SA 45 (14:59) 9 J. Patrick rush to STL 49 for 6 yards (27 M. Rose, 95 E. Lumor)",,True,4,14,59,Half2,MaSourceTypeOfficialScoring,FOOTBALL_XFL_2023_2_19_STL@SA,,QBStat,116,2302003-STL-at-SA,899,899,899,14:59,3,3,Home,45,16,3,,,,1.0,55,3,6,21340,,,StatusOfficial,,,,,,,2.0,2.0,2,6.0,Home,37.0,2.0,14.0,0:29, ,21196,20971,,,,,,,,,,,,,,,,,,,,,,,,,,,0
2023,FOOTBALL_XFL_2023_2_19_STL@SA,STL,5,SA,3,259,1676844659.0,61859,2023-02-19 22:10:59.000000,EventFootballRush,1-10-STL 49 (14:38) 82 L. Akers rush to STL 48 for 1 yard (27 M. Rose),,True,4,14,38,Half2,MaSourceTypeOfficialScoring,FOOTBALL_XFL_2023_2_19_STL@SA,,QBStat,117,2302003-STL-at-SA,878,878,878,14:38,3,3,Visitor,49,16,3,,,,1.0,49,3,6,21340,,,StatusOfficial,,,,,,,1.0,10.0,3,1.0,Home,37.0,3.0,15.0,0:47, ,20016,,,,,,,,,,,,,,,,,,,,,,,,,,,,0
2023,FOOTBALL_XFL_2023_2_19_STL@SA,STL,5,SA,3,261,1676844690.0,61890,2023-02-19 22:11:30.000000,EventFootballPass,2-9-STL 48 (14:07) 16 J. Coan pass to 82 L. Akers to STL 49 for -1 yards (1 E. Hamilton),,True,4,14,7,Half2,MaSourceTypeOfficialScoring,FOOTBALL_XFL_2023_2_19_STL@SA,,QBStat,118,2302003-STL-at-SA,847,847,847,14:07,3,3,Visitor,48,16,3,,,,1.0,48,3,6,20615,,,StatusOfficial,ResultPassComplete,,,,20301,20016,2.0,9.0,1,-1.0,Home,37.0,4.0,14.0,1:20, ,,,,,,,,,,,,,,,,,,,,,,,,,,,,,0
2023,FOOTBALL_XFL_2023_2_19_STL@SA,STL,5,SA,3,263,1676844733.0,61933,2023-02-19 22:12:13.000000,EventFootballPass,3-10-STL 49 (13:24) 16 J. Coan pass to 6 F. Brown to STL 31 for 18 yards (8 M. Hampton),,True,4,13,24,Half2,MaSourceTypeOfficialScoring,FOOTBALL_XFL_2023_2_19_STL@SA,,QBStat,119,2302003-STL-at-SA,804,804,804,13:24,3,3,Visitor,49,16,3,,,,1.0,49,3,6,21862,,,StatusOfficial,ResultPassComplete,,,,20301,20203,3.0,10.0,6,18.0,Home,37.0,5.0,32.0,1:53, ,,,,,,,,,,,,,,,,,,,,,,,,,,,,,0
2023,FOOTBALL_XFL_2023_2_19_STL@SA,STL,5,SA,3,266,1676844767.0,61967,2023-02-19 22:12:47.000000,EventFootballRush,"1-10-STL 31 (13:05) 9 J. Patrick rush to STL 27 for 4 yards (99 G. Robinson, 90 K. Atkins)",,True,4,13,5,Half2,MaSourceTypeOfficialScoring,FOOTBALL_XFL_2023_2_19_STL@SA,,QBStat,120,2302003-STL-at-SA,785,785,785,13:05,3,3,Visitor,31,16,3,,,,1.0,31,3,6,21319,,,StatusOfficial,,,,,,,1.0,10.0,2,4.0,Home,37.0,6.0,36.0,2:30, ,21196,20061,,,,,,,,,,,,,,,,,,,,,,,,,,,0
2023,FOOTBALL_XFL_2023_2_19_STL@SA,STL,5,SA,3,268,1676844800.0,62000,2023-02-19 22:13:20.000000,EventFootballRush,2-6-STL 27 (12:33) 9 J. Patrick rush to STL 28 for -1 yards (1 E. Hamilton),,True,4,12,33,Half2,MaSourceTypeOfficialScoring,FOOTBALL_XFL_2023_2_19_STL@SA,,QBStat,121,2302003-STL-at-SA,753,753,753,12:33,3,3,Visitor,27,16,3,,,,1.0,27,3,6,20615,,,StatusOfficial,,,,,,,2.0,6.0,1,-1.0,Home,37.0,7.0,35.0,2:54, ,21196,,,,,,,,,,,,,,,,,,,,,,,,,,,,0
2023,FOOTBALL_XFL_2023_2_19_STL@SA,STL,5,SA,3,270,1676844839.0,62039,2023-02-19 22:13:59.000000,EventFootballPass,3-7-STL 28 (11:54) 16 J. Coan pass to 6 F. Brown to STL 21 for 7 yards (25 L. Denis),,True,4,11,54,Half2,MaSourceTypeOfficialScoring,FOOTBALL_XFL_2023_2_19_STL@SA,,QBStat,122,2302003-STL-at-SA,714,714,714,11:54,3,3,Visitor,28,16,3,,,,1.0,28,3,6,20385,,,StatusOfficial,ResultPassComplete,,,,20301,20203,3.0,7.0,1,7.0,Home,37.0,8.0,42.0,3:37, ,,,,,,,,,,,,,,,,,,,,,,,,,,,,,0
2023,FOOTBALL_XFL_2023_2_19_STL@SA,STL,5,SA,3,272,1676844870.0,62070,2023-02-19 22:14:30.000000,EventFootballPass,1-10-STL 21 (11:23) 16 J. Coan pass to 84 D. Yelder to STL 4 for 17 yards (25 L. Denis),,True,4,11,23,Half2,MaSourceTypeOfficialScoring,FOOTBALL_XFL_2023_2_19_STL@SA,,QBStat,123,2302003-STL-at-SA,683,683,683,11:23,3,3,Visitor,21,16,3,,,,1.0,21,3,6,20385,,,StatusOfficial,ResultPassComplete,,,,20301,22022,1.0,10.0,3,17.0,Home,37.0,9.0,59.0,4:17, ,,,,,,,,,,,,,,,,,,,,,,,,,,,,,0
2023,FOOTBALL_XFL_2023_2_19_STL@SA,STL,5,SA,3,274,1676844917.0,62117,2023-02-19 22:15:17.000000,EventFootballPass,"1-4-STL 4 (10:42) 16 J. Coan pass to 6 F. Brown for 4 yards, TOUCHDOWN",,True,4,10,42,Half2,MaSourceTypeOfficialScoring,FOOTBALL_XFL_2023_2_19_STL@SA,,QBStat,124,2302003-STL-at-SA,642,642,642,10:42,3,3,Visitor,4,16,3,,,,1.0,4,3,6,,,,StatusOfficial,ResultPassComplete,,,,20301,20203,1.0,4.0,1,4.0,Home,37.0,10.0,63.0,4:32,TD,,,,,,,,,,,,,,,,ScoreTypeTd,,,,,,,,,,,,,0
2023,FOOTBALL_XFL_2023_2_19_STL@SA,STL,5,SA,3,276,1676844945.0,62145,2023-02-19 22:15:45.000000,EventFootballPat1PtRush,9 J. Patrick 1-pt conversion rush attempt NO GOOD,,True,4,10,42,Half2,MaSourceTypeOfficialScoring,FOOTBALL_XFL_2023_2_19_STL@SA,,QBStat,125,2302003-STL-at-SA,642,642,642,10:42,3,3,Visitor,2,16,3,,,,1.0,2,3,12,,,,StatusOfficial,,,,,,,,,1,1.0,,,,,,,21196,,,,,,,,,,,,,,,,,,,,,,,,,,,1.0,0
2023,FOOTBALL_XFL_2023_2_19_STL@SA,STL,5,SA,3,278,1676845189.0,62389,2023-02-19 22:19:49.000000,EventFootballKickoff,23 P. Romo kicks from SA 30. 11 D. Shepherd to STL 33 for 28 yards (28 J. Koerner),,True,4,10,42,Half2,MaSourceTypeOfficialScoring,FOOTBALL_XFL_2023_2_19_STL@SA,,QBStat,126,2302003-STL-at-SA,642,642,642,10:42,3,3,Home,30,17,5,,,,0.0,30,3,12,20901,20688,22034,StatusOfficial,ResultKickReturned,28.0,Visitor,33.0,,,,,,,,,,,,,,,,,,,,,,,,,,,,,,,,,,,,,,,,,0
2023,FOOTBALL_XFL_2023_2_19_STL@SA,STL,5,SA,3,280,1676845235.0,62435,2023-02-19 22:20:35.000000,EventFootballRush,1-10-STL 33 (10:35) 23 B. Hill rush to SA 27 for 40 yards (20 K. Siverand),,True,4,10,35,Half2,MaSourceTypeOfficialScoring,FOOTBALL_XFL_2023_2_19_STL@SA,,QBStat,127,2302003-STL-at-SA,635,635,635,10:35,3,3,Visitor,33,17,5,,,,0.0,67,3,12,21419,,,StatusOfficial,,,,,,,1.0,10.0,3,40.0,Visitor,33.0,1.0,40.0,0:29, ,20688,,,,,,,,,,,,,,,,,,,,,,,,,,,,0
2023,FOOTBALL_XFL_2023_2_19_STL@SA,STL,5,SA,3,282,1676845280.0,62480,2023-02-19 22:21:20.000000,EventFootballRush,1-10-SA 27 (9:50) 0 K. Walker rush to SA 25 for 2 yards (24 R. Lewis),,True,4,9,50,Half2,MaSourceTypeOfficialScoring,FOOTBALL_XFL_2023_2_19_STL@SA,,QBStat,128,2302003-STL-at-SA,590,590,590,9:50,3,3,Home,27,17,5,,,,0.0,27,3,12,21761,,,StatusOfficial,,,,,,,1.0,10.0,1,2.0,Visitor,33.0,2.0,42.0,1:10, ,22033,,,,,,,,,,,,,,,,,,,,,,,,,,,,0
2023,FOOTBALL_XFL_2023_2_19_STL@SA,STL,5,SA,3,284,1676845324.0,62524,2023-02-19 22:22:04.000000,EventFootballPass,2-8-SA 25 (9:09) 10 A. McCarron pass incomplete to 11 D. Shepherd,,True,4,9,9,Half2,MaSourceTypeOfficialScoring,FOOTBALL_XFL_2023_2_19_STL@SA,,QBStat,129,2302003-STL-at-SA,549,549,549,9:09,3,3,Home,25,17,5,,,,0.0,25,3,12,,,,StatusOfficial,ResultPassIncomplete,,,,22026,21822,2.0,8.0,1,,Visitor,33.0,3.0,42.0,1:33, ,,,,,,,,,,,,,,,,,,,,,,,,,,,,,0
2023,FOOTBALL_XFL_2023_2_19_STL@SA,STL,5,SA,3,286,1676845362.0,62562,2023-02-19 22:22:42.000000,EventFootballPass,3-8-SA 25 (8:35) 10 A. McCarron pass incomplete to 9 J. Haskins,,True,4,8,35,Half2,MaSourceTypeOfficialScoring,FOOTBALL_XFL_2023_2_19_STL@SA,,QBStat,130,2302003-STL-at-SA,515,515,515,8:35,3,3,Home,25,17,5,,,,0.0,25,3,12,,,,StatusOfficial,ResultPassIncomplete,,,,22026,20651,3.0,8.0,1,,Visitor,33.0,4.0,42.0,2:07, ,,,,,,,,,,,,,,,,,,,,,,,,,,,,,0
2023,FOOTBALL_XFL_2023_2_19_STL@SA,STL,5,SA,3,288,1676845402.0,62602,2023-02-19 22:23:22.000000,EventFootballFg,4-8-SA 25 (8:10) 2 D. Hageman 43 yard field goal is NO GOOD,,True,4,8,10,Half2,MaSourceTypeOfficialScoring,FOOTBALL_XFL_2023_2_19_STL@SA,,QBStat,131,2302003-STL-at-SA,490,490,490,8:10,3,3,Home,25,17,5,,,,0.0,25,3,12,,22008,,StatusOfficial,ResultKickMissed,,,,,,4.0,8.0,,43.0,Visitor,33.0,5.0,42.0,2:32,MISSED FG,,,,,,,,,,,,,,,,,,,,,,,,,,,,,0
2023,FOOTBALL_XFL_2023_2_19_STL@SA,STL,5,SA,3,290,1676845615.0,62815,2023-02-19 22:26:55.000000,EventFootballRush,1-10-SA 33 (8:09) 11 K. Ballage rush to SA 32 for -1 yards (51 W. Harvey),,True,4,8,9,Half2,MaSourceTypeOfficialScoring,FOOTBALL_XFL_2023_2_19_STL@SA,,QBStat,132,2302003-STL-at-SA,489,489,489,8:09,3,3,Home,33,18,3,,,,1.0,67,3,12,20647,,,StatusOfficial,,,,,,,1.0,10.0,2,-1.0,Home,33.0,1.0,-1.0,0:09, ,22034,,,,,,,,,,,,,,,,,,,,,,,,,,,,0
2023,FOOTBALL_XFL_2023_2_19_STL@SA,STL,5,SA,3,292,1676845650.0,62850,2023-02-19 22:27:30.000000,EventFootballRush,2-11-SA 32 (7:34) 11 K. Ballage rush to SA 37 for 5 yards (27 M. Rose),,True,4,7,34,Half2,MaSourceTypeOfficialScoring,FOOTBALL_XFL_2023_2_19_STL@SA,,QBStat,133,2302003-STL-at-SA,454,454,454,7:34,3,3,Home,32,18,3,,,,1.0,68,3,12,21340,,,StatusOfficial,,,,,,,2.0,11.0,3,5.0,Home,33.0,2.0,4.0,0:45, ,22034,,,,,,,,,,,,,,,,,,,,,,,,,,,,0
2023,FOOTBALL_XFL_2023_2_19_STL@SA,STL,5,SA,3,295,1676845689.0,62889,2023-02-19 22:28:09.000000,EventFootballPass,3-6-SA 37 (6:54) 16 J. Coan pass to 18 T. Vasher to SA 47 for 10 yards (39 C. Cooper),,True,4,6,54,Half2,MaSourceTypeOfficialScoring,FOOTBALL_XFL_2023_2_19_STL@SA,,QBStat,134,2302003-STL-at-SA,414,414,414,6:54,3,3,Home,37,18,3,,,,1.0,63,3,12,22336,,,StatusOfficial,ResultPassComplete,,,,20301,21898,3.0,6.0,1,10.0,Home,33.0,3.0,14.0,1:36, ,,,,,,,,,,,,,,,,,,,,,,,,,,,,,0
2023,FOOTBALL_XFL_2023_2_19_STL@SA,STL,5,SA,3,297,1676845730.0,62930,2023-02-19 22:28:50.000000,EventFootballPass,1-10-SA 47 (6:14) 16 J. Coan pass to 80 J. Tolliver to STL 47 for 6 yards (26 N. Meadors),,True,4,6,14,Half2,MaSourceTypeOfficialScoring,FOOTBALL_XFL_2023_2_19_STL@SA,,QBStat,135,2302003-STL-at-SA,374,374,374,6:14,3,3,Home,47,18,3,,,,1.0,53,3,12,22352,,,StatusOfficial,ResultPassComplete,,,,20301,21568,1.0,10.0,3,6.0,Home,33.0,4.0,20.0,2:23, ,,,,,,,,,,,,,,,,,,,,,,,,,,,,,0
2023,FOOTBALL_XFL_2023_2_19_STL@SA,STL,5,SA,3,299,1676845768.0,62968,2023-02-19 22:29:28.000000,EventFootballRush,2-4-STL 47 (5:36) 11 K. Ballage rush to STL 36 for 11 yards (39 C. Cooper),,True,4,5,36,Half2,MaSourceTypeOfficialScoring,FOOTBALL_XFL_2023_2_19_STL@SA,,QBStat,136,2302003-STL-at-SA,336,336,336,5:36,3,3,Visitor,47,18,3,,,,1.0,47,3,12,22336,,,StatusOfficial,,,,,,,2.0,4.0,2,11.0,Home,33.0,5.0,31.0,2:55, ,22034,,,,,,,,,,,,,,,,,,,,,,,,,,,,0
2023,FOOTBALL_XFL_2023_2_19_STL@SA,STL,5,SA,3,301,1676845805.0,63005,2023-02-19 22:30:05.000000,EventFootballRush,1-10-STL 36 (4:58) 11 K. Ballage rush to STL 32 for 4 yards (28 B. DeLuca),,True,4,4,58,Half2,MaSourceTypeOfficialScoring,FOOTBALL_XFL_2023_2_19_STL@SA,,QBStat,137,2302003-STL-at-SA,298,298,298,4:58,3,3,Visitor,36,18,3,,,,1.0,36,3,12,20381,,,StatusOfficial,,,,,,,1.0,10.0,1,4.0,Home,33.0,6.0,35.0,3:27, ,22034,,,,,,,,,,,,,,,,,,,,,,,,,,,,0
2023,FOOTBALL_XFL_2023_2_19_STL@SA,STL,5,SA,3,303,1676845848.0,63048,2023-02-19 22:30:48.000000,EventFootballRush,2-6-STL 32 (4:16) 11 K. Ballage rush to STL 30 for 2 yards (53 C. Wells),,True,4,4,16,Half2,MaSourceTypeOfficialScoring,FOOTBALL_XFL_2023_2_19_STL@SA,,QBStat,138,2302003-STL-at-SA,256,256,256,4:16,3,3,Visitor,32,18,3,,,,1.0,32,3,12,21833,,,StatusOfficial,,,,,,,2.0,6.0,2,2.0,Home,33.0,7.0,37.0,4:05, ,22034,,,,,,,,,,,,,,,,,,,,,,,,,,,,0
2023,FOOTBALL_XFL_2023_2_19_STL@SA,STL,5,SA,3,305,1676845890.0,63090,2023-02-19 22:31:30.000000,EventFootballPass,3-4-STL 30 (3:33) 16 J. Coan pass incomplete to 18 T. Vasher,,True,4,3,33,Half2,MaSourceTypeOfficialScoring,FOOTBALL_XFL_2023_2_19_STL@SA,,QBStat,139,2302003-STL-at-SA,213,213,213,3:33,3,3,Visitor,30,18,3,,,,1.0,30,3,12,,,,StatusOfficial,ResultPassIncomplete,,,,20301,21898,3.0,4.0,5,,Home,33.0,8.0,37.0,4:37, ,,,,,,,,,,,,,,,,,,,,,,,,,,,,,0
2023,FOOTBALL_XFL_2023_2_19_STL@SA,STL,5,SA,3,307,1676845935.0,63135,2023-02-19 22:32:15.000000,EventFootballTimeout,Timeout by San Antonio Brahmas at 3:05,,True,4,3,5,Half2,MaSourceTypeOfficialScoring,FOOTBALL_XFL_2023_2_19_STL@SA,,QBStat,140,2302003-STL-at-SA,185,185,185,3:05,3,3,Visitor,30,18,3,,,,1.0,30,3,12,,,,StatusOfficial,,,,,,,4.0,4.0,,,Home,33.0,8.0,37.0,5:05, ,,,,,,,,,,,,,,,,,,,,,,,,,,3,,,0
2023,FOOTBALL_XFL_2023_2_19_STL@SA,STL,5,SA,3,309,1676845992.0,63192,2023-02-19 22:33:12.000000,EventFootballFg,4-4-STL 30 (3:02) 23 P. Romo 48 yard field goal is GOOD,,True,4,3,2,Half2,MaSourceTypeOfficialScoring,FOOTBALL_XFL_2023_2_19_STL@SA,,QBStat,141,2302003-STL-at-SA,182,182,182,3:02,3,2,Visitor,30,18,3,,,,1.0,30,3,12,,21775,,StatusOfficial,ResultKickMade,,,,,,4.0,4.0,,48.0,Home,33.0,9.0,37.0,5:08,FG,,,,,,,,,,,,,,,,ScoreTypeFg,,,,,,,,,,,,,0
2023,FOOTBALL_XFL_2023_2_19_STL@SA,STL,5,SA,3,311,1676846059.0,63259,2023-02-19 22:34:19.000000,EventFootballKickoff,23 P. Romo kicks from SA 30. 11 D. Shepherd to STL 29 for 19 yards (44 M. Scott),,True,4,3,0,Half2,MaSourceTypeOfficialScoring,FOOTBALL_XFL_2023_2_19_STL@SA,,QBStat,142,2302003-STL-at-SA,180,180,180,3:00,3,2,Home,30,19,5,,,,0.0,30,3,15,22726,20688,22034,StatusOfficial,ResultKickReturned,19.0,Visitor,29.0,,,,,,,,,,,,,,,,,,,,,,,,,,,,,,,,,,,,,,,,,0
2023,FOOTBALL_XFL_2023_2_19_STL@SA,STL,5,SA,3,313,1676846102.0,63302,2023-02-19 22:35:02.000000,EventFootballPass,1-10-STL 29 (2:52) 10 A. McCarron pass to 21 M. Durant to STL 30 for 1 yard (28 J. Koerner),,True,4,2,52,Half2,MaSourceTypeOfficialScoring,FOOTBALL_XFL_2023_2_19_STL@SA,,QBStat,143,2302003-STL-at-SA,172,172,172,2:52,3,2,Visitor,29,19,5,,,,0.0,71,3,15,20901,,,StatusOfficial,ResultPassComplete,,,,22026,21856,1.0,10.0,1,1.0,Visitor,29.0,1.0,1.0,0:25, ,,,,,,,,,,,,,,,,,,,,,,,,,,,,,0
2023,FOOTBALL_XFL_2023_2_19_STL@SA,STL,5,SA,3,315,1676846130.0,63330,2023-02-19 22:35:30.000000,EventFootballPass,2-9-STL 30 (2:25) 10 A. McCarron pass to 0 K. Walker to STL 34 for 4 yards (2 T. Bonds),,True,4,2,25,Half2,MaSourceTypeOfficialScoring,FOOTBALL_XFL_2023_2_19_STL@SA,,QBStat,144,2302003-STL-at-SA,145,145,145,2:25,3,2,Visitor,30,19,5,,,,0.0,70,3,15,20142,,,StatusOfficial,ResultPassComplete,,,,22026,22033,2.0,9.0,2,4.0,Visitor,29.0,2.0,5.0,0:47, ,,,,,,,,,,,,,,,,,,,,,,,,,,,,,0
2023,FOOTBALL_XFL_2023_2_19_STL@SA,STL,5,SA,3,317,1676846153.0,63353,2023-02-19 22:35:53.000000,EventFootballPass,3-5-STL 34 (2:02) 10 A. McCarron pass to 3 M. Ateman to STL 46 for 12 yards (24 R. Lewis),,True,4,2,2,Half2,MaSourceTypeOfficialScoring,FOOTBALL_XFL_2023_2_19_STL@SA,,QBStat,145,2302003-STL-at-SA,122,122,122,2:02,3,2,Visitor,34,19,5,,,,0.0,66,3,15,21761,,,StatusOfficial,ResultPassComplete,,,,22026,20058,3.0,5.0,4,12.0,Visitor,29.0,3.0,17.0,1:02, ,,,,,,,,,,,,,,,,,,,,,,,,,,,,,0
2023,FOOTBALL_XFL_2023_2_19_STL@SA,STL,5,SA,3,319,1676846363.0,63563,2023-02-19 22:39:23.000000,EventFootballPass,1-10-STL 46 (1:58) 10 A. McCarron pass to 88 H. Butler to SA 49 for 5 yards (15 J. Williams),,True,4,1,58,Half2,MaSourceTypeOfficialScoring,FOOTBALL_XFL_2023_2_19_STL@SA,,QBStat,146,2302003-STL-at-SA,118,118,118,1:58,3,2,Visitor,46,19,5,,,,0.0,54,3,15,21974,,,StatusOfficial,ResultPassComplete,,,,22026,22333,1.0,10.0,1,5.0,Visitor,29.0,4.0,22.0,1:20, ,,,,,,,,,,,,,,,,,,,,,,,,,,,,,0
2023,FOOTBALL_XFL_2023_2_19_STL@SA,STL,5,SA,3,321,1676846416.0,63616,2023-02-19 22:40:16.000000,EventFootballTimeout,Timeout by San Antonio Brahmas at 1:42,,True,4,1,42,Half2,MaSourceTypeOfficialScoring,FOOTBALL_XFL_2023_2_19_STL@SA,,QBStat,147,2302003-STL-at-SA,102,102,102,1:42,3,2,Home,49,19,5,,,,0.0,49,3,15,,,,StatusOfficial,,,,,,,2.0,5.0,,,Visitor,29.0,4.0,22.0,1:20, ,,,,,,,,,,,,,,,,,,,,,,,,,,3,,,0
2023,FOOTBALL_XFL_2023_2_19_STL@SA,STL,5,SA,3,323,1676846464.0,63664,2023-02-19 22:41:04.000000,EventFootballPass,2-5-SA 49 (1:36) 10 A. McCarron pass to 3 M. Ateman to SA 16 for 33 yards (1 L. Barcoo),,True,4,1,36,Half2,MaSourceTypeOfficialScoring,FOOTBALL_XFL_2023_2_19_STL@SA,,QBStat,148,2302003-STL-at-SA,96,96,96,1:36,3,1,Home,49,19,5,,,,0.0,49,3,15,20087,,,StatusOfficial,ResultPassComplete,,,,22026,20058,2.0,5.0,4,33.0,Visitor,29.0,5.0,55.0,1:26, ,,,,,,,,,,,,,,,,,,,,,,,,,,,,,0
2023,FOOTBALL_XFL_2023_2_19_STL@SA,STL,5,SA,3,328,1676846490.0,63690,2023-02-19 22:41:30.000000,EventFootballSack,1-10-SA 16 (1:36) 10 A. McCarron sacked at SA 23 for -7 yards (44 M. Scott),,True,4,1,36,Half2,MaSourceTypeOfficialScoring,FOOTBALL_XFL_2023_2_19_STL@SA,,QBStat,149,2302003-STL-at-SA,96,96,96,1:36,3,1,Home,16,19,5,,,,0.0,16,3,15,,,,StatusOfficial,,,,,22026,,1.0,10.0,,-7.0,Visitor,29.0,6.0,48.0,1:26, ,,,,,,,,,,,,,,22726,,,,,,,,,,,,,,,0
2023,FOOTBALL_XFL_2023_2_19_STL@SA,STL,5,SA,3,330,1676846521.0,63721,2023-02-19 22:42:01.000000,EventFootballTimeout,Timeout by St. Louis Battlehawks at 1:36,,True,4,1,36,Half2,MaSourceTypeOfficialScoring,FOOTBALL_XFL_2023_2_19_STL@SA,,QBStat,150,2302003-STL-at-SA,96,96,96,1:36,3,1,Home,23,19,5,,,,0.0,23,3,15,,,,StatusOfficial,,,,,,,2.0,17.0,,,Visitor,29.0,6.0,48.0,1:26, ,,,,,,,,,,,,,,,,,,,,,,,,,,5,,,0
2023,FOOTBALL_XFL_2023_2_19_STL@SA,STL,5,SA,3,332,1676846560.0,63760,2023-02-19 22:42:40.000000,EventFootballRush,2-17-SA 23 (1:33) 10 A. McCarron rush to SA 18 for 5 yards (15 J. Williams),,True,4,1,33,Half2,MaSourceTypeOfficialScoring,FOOTBALL_XFL_2023_2_19_STL@SA,,QBStat,151,2302003-STL-at-SA,93,93,93,1:33,2,1,Home,23,19,5,,,,0.0,23,3,15,21974,,,StatusOfficial,,,,,,,2.0,17.0,1,5.0,Visitor,29.0,7.0,53.0,1:32, ,22026,,,,,,,,,,,,,,,,,,,,,,,,,,,,0
2023,FOOTBALL_XFL_2023_2_19_STL@SA,STL,5,SA,3,334,1676846603.0,63803,2023-02-19 22:43:23.000000,EventFootballPass,"3-12-SA 18 (1:25) 10 A. McCarron pass to 88 H. Butler for 18 yards, TOUCHDOWN",,True,4,1,25,Half2,MaSourceTypeOfficialScoring,FOOTBALL_XFL_2023_2_19_STL@SA,,QBStat,152,2302003-STL-at-SA,85,85,85,1:25,2,1,Home,18,19,5,,,,0.0,18,3,15,,,,StatusOfficial,ResultPassComplete,,,,22026,22333,3.0,12.0,6,18.0,Visitor,29.0,8.0,71.0,1:37,TD,,,,,,,,,,,,,,,,ScoreTypeTd,,,,,,,,,,,,,0
2023,FOOTBALL_XFL_2023_2_19_STL@SA,STL,5,SA,3,336,1676846628.0,63828,2023-02-19 22:43:48.000000,EventFootballPat3PtPass,10 A. McCarron 3-pt conversion pass to 13 A. Proehl GOOD,,True,4,1,25,Half2,MaSourceTypeOfficialScoring,FOOTBALL_XFL_2023_2_19_STL@SA,,QBStat,153,2302003-STL-at-SA,85,85,85,1:25,2,1,Home,10,19,5,,,,0.0,10,9,15,,,,StatusOfficial,ResultPassComplete,,,,22026,21263,,,5,10.0,,,,,,,,,,,,,,,,,,,,,,ScoreTypeConv,,,,,,,,,,,,3.0,0
2023,FOOTBALL_XFL_2023_2_19_STL@SA,STL,5,SA,3,338,1676846734.0,63934,2023-02-19 22:45:34.000000,EventFootballKickoff,Preparing for Onside 4th Down attempt,,True,4,1,25,Half2,MaSourceTypeOfficialScoring,FOOTBALL_XFL_2023_2_19_STL@SA,,QBStat,154,2302003-STL-at-SA,85,85,85,1:25,2,1,Visitor,30,20,5,,,,0.0,70,12,15,,,,StatusOfficial,ResultKickOnside4Thdown,,Visitor,25.0,,,,,,,,,,,,,,,,,,,,,,,,,,,,,,,,,,,,,,,,,0
2023,FOOTBALL_XFL_2023_2_19_STL@SA,STL,5,SA,3,340,1676846770.0,63970,2023-02-19 22:46:10.000000,EventFootballPass,4-15-STL 25 (1:17) 10 A. McCarron pass to 13 A. Proehl to STL 47 for 22 yards (5 T. Adewusi),,True,4,1,17,Half2,MaSourceTypeOfficialScoring,FOOTBALL_XFL_2023_2_19_STL@SA,,QBStat,155,2302003-STL-at-SA,77,77,77,1:17,2,1,Visitor,25,20,5,,,,0.0,75,12,15,20008,,,StatusOfficial,ResultPassComplete,,,,22026,21263,4.0,15.0,6,22.0,Visitor,25.0,1.0,22.0,1:45, ,,,,,,,,,,,,,,,,,,,,,,,,,,,,,0
2023,FOOTBALL_XFL_2023_2_19_STL@SA,STL,5,SA,3,342,1676846852.0,64052,2023-02-19 22:47:32.000000,EventFootballTimeout,Timeout by San Antonio Brahmas at 1:17,,True,4,1,17,Half2,MaSourceTypeOfficialScoring,FOOTBALL_XFL_2023_2_19_STL@SA,,QBStat,156,2302003-STL-at-SA,77,77,77,1:17,2,1,Visitor,47,20,5,,,,0.0,53,12,15,,,,StatusOfficial,,,,,,,1.0,10.0,,,Visitor,25.0,1.0,22.0,1:45, ,,,,,,,,,,,,,,,,,,,,,,,,,,3,,,0
2023,FOOTBALL_XFL_2023_2_19_STL@SA,STL,5,SA,3,344,1676846914.0,64114,2023-02-19 22:48:34.000000,EventFootballPenalty,"1-10-STL 47 (1:14) PENALTY on 15 J. Williams, 15 yards",,True,4,1,14,Half2,MaSourceTypeOfficialScoring,FOOTBALL_XFL_2023_2_19_STL@SA,,QBStat,157,2302003-STL-at-SA,74,74,74,1:14,2,0,Visitor,47,20,5,,,,0.0,53,12,15,,,,StatusOfficial,,,,,,,1.0,10.0,,,Visitor,25.0,1.0,37.0,1:48, ,,,3,21974,15.0,ResultPenaltyAuto1Stdown,NA,,,,,,,,,,,,,,,,,,,,,,0
2023,FOOTBALL_XFL_2023_2_19_STL@SA,STL,5,SA,3,346,1676846943.0,64143,2023-02-19 22:49:03.000000,EventFootballPass,1-10-SA 38 (1:10) 10 A. McCarron pass to 88 H. Butler to SA 29 for 9 yards (22 R. Texada),,True,4,1,10,Half2,MaSourceTypeOfficialScoring,FOOTBALL_XFL_2023_2_19_STL@SA,,QBStat,158,2302003-STL-at-SA,70,70,70,1:10,2,0,Home,38,20,5,,,,0.0,38,12,15,22376,,,StatusOfficial,ResultPassComplete,,,,22026,22333,1.0,10.0,2,9.0,Visitor,25.0,2.0,46.0,2:02, ,,,,,,,,,,,,,,,,,,,,,,,,,,,,,0
2023,FOOTBALL_XFL_2023_2_19_STL@SA,STL,5,SA,3,348,1676846961.0,64161,2023-02-19 22:49:21.000000,EventFootballPass,2-1-SA 29 (0:52) 10 A. McCarron pass to 23 B. Hill to SA 17 for 12 yards (5 T. Adewusi),,True,4,0,52,Half2,MaSourceTypeOfficialScoring,FOOTBALL_XFL_2023_2_19_STL@SA,,QBStat,159,2302003-STL-at-SA,52,52,52,0:52,2,0,Home,29,20,5,,,,0.0,29,12,15,20008,,,StatusOfficial,ResultPassComplete,,,,22026,20688,2.0,1.0,1,12.0,Visitor,25.0,3.0,58.0,2:16, ,,,,,,,,,,,,,,,,,,,,,,,,,,,,,0
2023,FOOTBALL_XFL_2023_2_19_STL@SA,STL,5,SA,3,350,1676847004.0,64204,2023-02-19 22:50:04.000000,EventFootballPass,1-10-SA 17 (0:44) 10 A. McCarron pass to 23 B. Hill to SA 14 for 3 yards (1 L. Barcoo),,True,4,0,44,Half2,MaSourceTypeOfficialScoring,FOOTBALL_XFL_2023_2_19_STL@SA,,QBStat,160,2302003-STL-at-SA,44,44,44,0:44,2,0,Home,17,20,5,,,,0.0,17,12,15,20087,,,StatusOfficial,ResultPassComplete,,,,22026,20688,1.0,10.0,3,3.0,Visitor,25.0,4.0,61.0,2:30, ,,,,,,,,,,,,,,,,,,,,,,,,,,,,,0
2023,FOOTBALL_XFL_2023_2_19_STL@SA,STL,5,SA,3,352,1676847028.0,64228,2023-02-19 22:50:28.000000,EventFootballPass,2-7-SA 14 (0:20) 10 A. McCarron pass incomplete to 3 M. Ateman,,True,4,0,20,Half2,MaSourceTypeOfficialScoring,FOOTBALL_XFL_2023_2_19_STL@SA,,QBStat,161,2302003-STL-at-SA,20,20,20,0:20,2,0,Home,14,20,5,,,,0.0,14,12,15,,,,StatusOfficial,ResultPassIncomplete,,,,22026,20058,2.0,7.0,3,,Visitor,25.0,5.0,61.0,2:42, ,,,,,,,,,,,,20008,,,20087,,,,,,,,,,,,,,0
2023,FOOTBALL_XFL_2023_2_19_STL@SA,STL,5,SA,3,354,1676847070.0,64270,2023-02-19 22:51:10.000000,EventFootballPass,"3-7-SA 14 (0:16) 10 A. McCarron pass to 13 A. Proehl for 14 yards, TOUCHDOWN",,True,4,0,16,Half2,MaSourceTypeOfficialScoring,FOOTBALL_XFL_2023_2_19_STL@SA,,QBStat,162,2302003-STL-at-SA,16,16,16,0:16,2,0,Home,14,20,5,,,,0.0,14,12,15,,,,StatusOfficial,ResultPassComplete,,,,22026,21263,3.0,7.0,2,14.0,Visitor,25.0,6.0,75.0,2:46,TD,,,,,,,,,,,,,,,,ScoreTypeTd,,,,,,,,,,,,,0
2023,FOOTBALL_XFL_2023_2_19_STL@SA,STL,5,SA,3,356,1676847145.0,64345,2023-02-19 22:52:25.000000,EventFootballPat1PtRush,10 A. McCarron 1-pt conversion rush attempt NO GOOD,,True,4,0,16,Half2,MaSourceTypeOfficialScoring,FOOTBALL_XFL_2023_2_19_STL@SA,,QBStat,163,2302003-STL-at-SA,16,16,16,0:16,2,0,Home,2,20,5,,,,0.0,2,18,15,,,,StatusOfficial,,,,,,,,,2,-3.0,,,,,,,22026,,,,,,,,,,,,,,,,,,,,,,,,,,,1.0,0
2023,FOOTBALL_XFL_2023_2_19_STL@SA,STL,5,SA,3,358,1676847262.0,64462,2023-02-19 22:54:22.000000,EventFootballKickoff,2 D. Hageman kicks from STL 30. 6 F. Brown to SA 27 for 16 yards (12 G. Jennings),,True,4,0,16,Half2,MaSourceTypeOfficialScoring,FOOTBALL_XFL_2023_2_19_STL@SA,,QBStat,164,2302003-STL-at-SA,16,16,16,0:16,2,0,Visitor,30,21,3,,,,1.0,30,18,15,22038,20142,21678,StatusOfficial,ResultKickReturned,16.0,Home,27.0,,,,,,,,,,,,,,,,,,,,,,,,,,,,,,,,,,,,,,,,,0
2023,FOOTBALL_XFL_2023_2_19_STL@SA,STL,5,SA,3,360,1676847311.0,64511,2023-02-19 22:55:11.000000,EventFootballSack,1-10-SA 27 (0:08) 16 J. Coan sacked at SA 18 for -9 yards (96 L. London),,True,4,0,8,Half2,MaSourceTypeOfficialScoring,FOOTBALL_XFL_2023_2_19_STL@SA,,QBStat,165,2302003-STL-at-SA,8,8,8,0:08,2,0,Home,27,21,3,,,,1.0,73,18,15,,,,StatusOfficial,,,,,20301,,1.0,10.0,,-9.0,Home,27.0,1.0,-9.0,0:16, ,,,,,,,,,,,,,,20965,,,,,,,,,,,,,,,0
2023,FOOTBALL_XFL_2023_2_19_STL@SA,STL,5,SA,3,361,1676847331.2824085,,2023-02-19 22:55:31.282408,EventEnd,Game End Marker,,True,4,0,0,Half2,MaSourceTypeOfficialScoring,FOOTBALL_XFL_2023_2_19_STL@SA,,QBStat,10020,2302003-STL-at-SA,0,0,0,0:00,2,0,Home,18,21,3,,,,1.0,82,18,15,,,,,,,,,,,2.0,19.0,,,,,,,,,,,,,,,,,,,,,,,,,,,,,,,,,,,,,0
2023,FOOTBALL_XFL_2023_2_19_STL@SA,STL,5,SA,3,382,1677187560.432794,,2023-02-23 21:26:00.432794,EventOfficial,Game Official Marker,,True,4,0,0,Half2,MaSourceTypeOfficialScoring,FOOTBALL_XFL_2023_2_19_STL@SA,,QBStat,10025,2302003-STL-at-SA,0,0,0,0:00,2,0,Home,18,21,3,,,,1.0,82,18,15,,,,,,,,,,,2.0,19.0,,,,,,,,,,,,,,,,,,,,,,,,,,,,,,,,,,,,,0
