Season,game_id,MarkerId,MarkerUTC,MarkerLTC,MarkerDateTime,MajorType,MinorType,PlayDescriptor,PlayComments,IsOfficial,Quarter,ClockMinutes,ClockSeconds,SourceType,EventId,SituationCode,SourceId,SourceNativeMarkerId,OfficialCode,TimeRemSecTotal,TimeRemStr,VisTimeouts,HomeTimeouts,BallOn_YardNum,DriveNum,PossTeam,LastPlaySummary,LastPlayStatus,MapRoleRusher,MapRoleTackler1,Down,Distance,FootballStatus,FootballZone,FootballYards,Drive_Start_VisOrHome,Drive_Start_YardNum,Drive_Plays,Drive_Yards,Drive_TOP,Result,MapRolePasser,MapRoleReceiver,FootballPlayResult,FootballPenalty_TeamId,FootballPenalty_PlayerId,FootballPenalty_Yards,FootballPenalty_PenaltyResult,FootballPenalty_Description,MapRoleTackler2,FootballMainScoringPlay,VisScore,FootballConvAttPts,MapRoleKicker,MapRoleKickreturner,FootballKickRetYards,FootballSetBallOn_VisOrHome,FootballSetBallOn_YardNum,MapRoleSacker1,MapRoleSacker2,FootballFumble_TeamFumbled,FootballFumble_PlayerFumbled,FootballFumble_TeamRecovered,FootballFumble_PlayerRecovered,FootballFumble_PlayerForcedFumble,MapRolePunter,MapRolePuntreturner,FootballPuntYards,FootballPuntRetYards,MapRoleQbHitter,MapRolePassDefender,FootballTimeoutTeamId,BallOn_Side,MapRoleBlockedby
2023,FOOTBALL_XFL_2023_2_26_SA@ORL,1,1677445448.40873,,2023-02-26 21:04:08.408730,Event,EventStart,Game Start Marker,,True,1,15,0,MaSourceTypeOfficialScoring,FOOTBALL_XFL_2023_2_26_SA@ORL,,QBStat,10005,2302007-SA-at-ORL,900.0,15:00,3,3,30,1,3,,,,,,,,,,,,,,,,,,,,,,,,,,,,,,,,,,,,,,,,,,,,,,,,
2023,FOOTBALL_XFL_2023_2_26_SA@ORL,52,1677445519.0,57919,2023-02-26 21:05:19.000000,Event,EventFootballKickoff,"0 J. Borregales kicks from ORL 30. 6 F. Brown to ORL 45 for 35 yards PENALTY on 25 J. Harvey-Clemons, 15 yards",,True,1,14,54,MaSourceTypeOfficialScoring,FOOTBALL_XFL_2023_2_26_SA@ORL,,QBStat,1,2302007-SA-at-ORL,894.0,14:54,3,3,30,1,3,,,,,,,StatusOfficial,,,,,,,,,,,ResultKickReturned,4,20649,15.0,ResultPenaltyOnkickoffpat,NA,,,,,21706,22605,35.0,Home,45.0,,,,,,,,,,,,,,,,
2023,FOOTBALL_XFL_2023_2_26_SA@ORL,6,1677445593.0,57993,2023-02-26 21:06:33.000000,Event,EventFootballRush,1-10-ORL 45 (14:37) 11 K. Ballage rush to ORL 46 for -1 yards (88 C. Patton),,True,1,14,37,MaSourceTypeOfficialScoring,FOOTBALL_XFL_2023_2_26_SA@ORL,,QBStat,2,2302007-SA-at-ORL,877.0,14:37,3,3,45,1,3,,,22034,22001,1.0,10.0,StatusOfficial,2,-1.0,Home,45.0,1.0,-1.0,0:42, ,,,,,,,,,,,,,,,,,,,,,,,,,,,,,,,,,
2023,FOOTBALL_XFL_2023_2_26_SA@ORL,8,1677445618.0,58018,2023-02-26 21:06:58.000000,Event,EventFootballPass,2-11-ORL 46 (14:13) 16 J. Coan pass to 18 T. Vasher to ORL 36 for 10 yards (20 B. Buchanan),,True,1,14,13,MaSourceTypeOfficialScoring,FOOTBALL_XFL_2023_2_26_SA@ORL,,QBStat,3,2302007-SA-at-ORL,853.0,14:13,3,3,46,1,3,,,,20221,2.0,11.0,StatusOfficial,1,10.0,Home,45.0,2.0,9.0,1:02, ,20301,21898,ResultPassComplete,,,,,,,,,,,,,,,,,,,,,,,,,,,,,,
2023,FOOTBALL_XFL_2023_2_26_SA@ORL,11,1677445655.0,58055,2023-02-26 21:07:35.000000,Event,EventFootballRush,3-1-ORL 36 (13:38) 11 K. Ballage rush to ORL 37 for -1 yards (44 T. Plummer),,True,1,13,38,MaSourceTypeOfficialScoring,FOOTBALL_XFL_2023_2_26_SA@ORL,,QBStat,4,2302007-SA-at-ORL,818.0,13:38,3,3,36,1,3,,,22034,21244,3.0,1.0,StatusOfficial,3,-1.0,Home,45.0,3.0,8.0,1:46, ,,,,,,,,,,,,,,,,,,,,,,,,,,,,,,,,,
2023,FOOTBALL_XFL_2023_2_26_SA@ORL,13,1677445699.0,58099,2023-02-26 21:08:19.000000,Event,EventFootballPass,4-2-ORL 37 (12:54) 16 J. Coan pass to 88 A. Mack to ORL 34 for 3 yards (13 M. Lee),,True,1,12,54,MaSourceTypeOfficialScoring,FOOTBALL_XFL_2023_2_26_SA@ORL,,QBStat,5,2302007-SA-at-ORL,774.0,12:54,3,3,37,1,3,,,,20942,4.0,2.0,StatusOfficial,1,3.0,Home,45.0,4.0,11.0,2:22, ,20301,21765,ResultPassComplete,,,,,,,,,,,,,,,,,,,,,,,,,,,,,,
2023,FOOTBALL_XFL_2023_2_26_SA@ORL,15,1677445734.0,58134,2023-02-26 21:08:54.000000,Event,EventFootballPass,1-10-ORL 34 (12:18) 16 J. Coan pass to 18 T. Vasher to ORL 18 for 16 yards (22 M. Elam),,True,1,12,18,MaSourceTypeOfficialScoring,FOOTBALL_XFL_2023_2_26_SA@ORL,,QBStat,6,2302007-SA-at-ORL,738.0,12:18,3,3,34,1,3,,,,20444,1.0,10.0,StatusOfficial,2,16.0,Home,45.0,5.0,27.0,2:56, ,20301,21898,ResultPassComplete,,,,,,,,,,,,,,,,,,,,,,,,,,,,,,
2023,FOOTBALL_XFL_2023_2_26_SA@ORL,20,1677445771.0,58171,2023-02-26 21:09:31.000000,Event,EventFootballPenalty,"1-10-ORL 18 (11:46) PENALTY on Orlando Guardians, 5 yards",,True,1,11,46,MaSourceTypeOfficialScoring,FOOTBALL_XFL_2023_2_26_SA@ORL,,QBStat,7,2302007-SA-at-ORL,706.0,11:46,3,3,18,1,3,,,,,1.0,10.0,StatusOfficial,,,Home,45.0,6.0,34.0,3:53, ,,,,4,TM,5.0,ResultPenaltyRepeatdown,NA,,,,,,,,,,,,,,,,,,,,,,,,,
2023,FOOTBALL_XFL_2023_2_26_SA@ORL,19,1677445822.0,58222,2023-02-26 21:10:22.000000,Event,EventFootballRush,1-5-ORL 13 (11:26) 11 K. Ballage rush to ORL 11 for 2 yards (8 T. Smith),,True,1,11,26,MaSourceTypeOfficialScoring,FOOTBALL_XFL_2023_2_26_SA@ORL,,QBStat,8,2302007-SA-at-ORL,686.0,11:26,3,3,13,1,3,,,22034,21448,1.0,5.0,StatusOfficial,1,2.0,Home,45.0,6.0,34.0,3:42, ,,,,,,,,,,,,,,,,,,,,,,,,,,,,,,,,,
2023,FOOTBALL_XFL_2023_2_26_SA@ORL,22,1677445859.0,58259,2023-02-26 21:10:59.000000,Event,EventFootballPass,"2-3-ORL 11 (10:48) 16 J. Coan pass to 84 D. Yelder to ORL 1 for 10 yards (8 T. Smith, 22 M. Elam)",,True,1,10,48,MaSourceTypeOfficialScoring,FOOTBALL_XFL_2023_2_26_SA@ORL,,QBStat,9,2302007-SA-at-ORL,648.0,10:48,3,3,11,1,3,,,,21448,2.0,3.0,StatusOfficial,1,10.0,Home,45.0,7.0,44.0,4:37, ,20301,22022,ResultPassComplete,,,,,,20444,,,,,,,,,,,,,,,,,,,,,,,,
2023,FOOTBALL_XFL_2023_2_26_SA@ORL,24,1677445899.0,58299,2023-02-26 21:11:39.000000,Event,EventFootballRush,1-1-ORL 1 (10:08) 11 K. Ballage rush to ORL 3 for -2 yards (49 E. Olenga),,True,1,10,8,MaSourceTypeOfficialScoring,FOOTBALL_XFL_2023_2_26_SA@ORL,,QBStat,10,2302007-SA-at-ORL,608.0,10:08,3,3,1,1,3,,,22034,21162,1.0,1.0,StatusOfficial,3,-2.0,Home,45.0,8.0,42.0,5:08, ,,,,,,,,,,,,,,,,,,,,,,,,,,,,,,,,,
2023,FOOTBALL_XFL_2023_2_26_SA@ORL,26,1677445938.0,58338,2023-02-26 21:12:18.000000,Event,EventFootballPass,"2-3-ORL 3 (9:31) 16 J. Coan pass to 84 D. Yelder for 3 yards, TOUCHDOWN",,True,1,9,31,MaSourceTypeOfficialScoring,FOOTBALL_XFL_2023_2_26_SA@ORL,,QBStat,11,2302007-SA-at-ORL,571.0,9:31,3,3,3,1,3,,,,,2.0,3.0,StatusOfficial,1,3.0,Home,45.0,9.0,45.0,5:29,TD,20301,22022,ResultPassComplete,,,,,,,ScoreTypeTd,,,,,,,,,,,,,,,,,,,,,,,
2023,FOOTBALL_XFL_2023_2_26_SA@ORL,28,1677445965.0,58365,2023-02-26 21:12:45.000000,Event,EventFootballPat2PtPass,16 J. Coan 2-pt conversion pass to 80 J. Tolliver NO GOOD,,True,1,9,31,MaSourceTypeOfficialScoring,FOOTBALL_XFL_2023_2_26_SA@ORL,,QBStat,12,2302007-SA-at-ORL,571.0,9:31,3,3,5,1,3,,,,,,,StatusOfficial,3,,,,,,,,20301,21568,ResultPassIncomplete,,,,,,,,6.0,2.0,,,,,,,,,,,,,,,,,,,,,
2023,FOOTBALL_XFL_2023_2_26_SA@ORL,30,1677446210.0,58610,2023-02-26 21:16:50.000000,Event,EventFootballKickoff,23 P. Romo kicks from SA 30. 17 E. Rogers to ORL 33 for 25 yards (25 D. Lewis),,True,1,9,29,MaSourceTypeOfficialScoring,FOOTBALL_XFL_2023_2_26_SA@ORL,,QBStat,13,2302007-SA-at-ORL,569.0,9:29,3,3,30,2,4,,,,22597,,,StatusOfficial,,,,,,,,,,,ResultKickReturned,,,,,,,,6.0,,20723,22028,25.0,Home,33.0,,,,,,,,,,,,,,,,
2023,FOOTBALL_XFL_2023_2_26_SA@ORL,199,1677446258.0,58658,2023-02-26 21:17:38.000000,Event,EventFootballPass,1-10-ORL 33 (9:15) 6 P. Lynch pass to 15 J. Payton to SA 35 for 32 yards (20 K. Siverand),,True,1,9,15,MaSourceTypeOfficialScoring,FOOTBALL_XFL_2023_2_26_SA@ORL,,QBStat,14,2302007-SA-at-ORL,555.0,9:15,3,3,33,2,4,,,,21419,1.0,10.0,StatusOfficial,4,32.0,Home,33.0,7.0,67.0,4:12,TD,22605,22354,ResultPassComplete,,,,,,,,6.0,,,,,,,,,,,,,,,,,,,,,,
2023,FOOTBALL_XFL_2023_2_26_SA@ORL,35,1677446309.0,58709,2023-02-26 21:18:29.000000,Event,EventFootballPenalty,"1-10-SA 35 (8:48) PENALTY on 77 A. Beecham, 10 yards",,True,1,8,48,MaSourceTypeOfficialScoring,FOOTBALL_XFL_2023_2_26_SA@ORL,,QBStat,15,2302007-SA-at-ORL,528.0,8:48,3,3,35,2,4,,,,,1.0,10.0,StatusOfficial,,,Home,33.0,1.0,22.0,0:46, ,,,,4,22414,10.0,ResultPenaltyRepeatdown,NA,,,6.0,,,,,,,,,,,,,,,,,,,,,,
2023,FOOTBALL_XFL_2023_2_26_SA@ORL,37,1677446334.0,58734,2023-02-26 21:18:54.000000,Event,EventFootballSack,"1-20-SA 45 (8:35) 6 P. Lynch sacked at ORL 48 for -7 yards (45 D. Scott, 33 D. Beesley)",,True,1,8,35,MaSourceTypeOfficialScoring,FOOTBALL_XFL_2023_2_26_SA@ORL,,QBStat,16,2302007-SA-at-ORL,515.0,8:35,3,3,45,2,4,,,,,1.0,20.0,StatusOfficial,,-7.0,Home,33.0,2.0,15.0,1:08, ,22605,,,,,,,,,,6.0,,,,,,,22844,21740,,,,,,,,,,,,,,
2023,FOOTBALL_XFL_2023_2_26_SA@ORL,39,1677446375.0,58775,2023-02-26 21:19:35.000000,Event,EventFootballPass,2-27-ORL 48 (7:54) 6 P. Lynch pass to 11 C. Latimer to ORL 49 for 1 yard (2 T. Bonds),,True,1,7,54,MaSourceTypeOfficialScoring,FOOTBALL_XFL_2023_2_26_SA@ORL,,QBStat,17,2302007-SA-at-ORL,474.0,7:54,3,3,48,2,4,,,,20142,2.0,27.0,StatusOfficial,3,1.0,Home,33.0,3.0,16.0,1:49, ,22605,20929,ResultPassComplete,,,,,,,,6.0,,,,,,,,,,,,,,,,,,,,,,
2023,FOOTBALL_XFL_2023_2_26_SA@ORL,42,1677446418.0,58818,2023-02-26 21:20:18.000000,Event,EventFootballRush,3-26-ORL 49 (7:11) 30 J. Martin rush to SA 13 for 38 yards (2 T. Bonds),,True,1,7,11,MaSourceTypeOfficialScoring,FOOTBALL_XFL_2023_2_26_SA@ORL,,QBStat,18,2302007-SA-at-ORL,431.0,7:11,3,3,49,2,4,,,20997,20142,3.0,26.0,StatusOfficial,2,38.0,Home,33.0,4.0,54.0,2:47, ,,,,,,,,,,,6.0,,,,,,,,,,,,,,,,,,,,,,
2023,FOOTBALL_XFL_2023_2_26_SA@ORL,45,1677446451.0,58851,2023-02-26 21:20:51.000000,Event,EventFootballRush,"1-10-SA 13 (6:38) 30 J. Martin rush to SA 9 for 4 yards (90 M. Gotel, 95 K. Tongamoa)",,True,1,6,38,MaSourceTypeOfficialScoring,FOOTBALL_XFL_2023_2_26_SA@ORL,,QBStat,19,2302007-SA-at-ORL,398.0,6:38,3,3,13,2,4,,,20997,20567,1.0,10.0,StatusOfficial,2,4.0,Home,33.0,5.0,58.0,3:27, ,,,,,,,,,22778,,6.0,,,,,,,,,,,,,,,,,,,,,,
2023,FOOTBALL_XFL_2023_2_26_SA@ORL,47,1677446490.0,58890,2023-02-26 21:21:30.000000,Event,EventFootballRush,2-6-SA 9 (5:59) 28 K. Taylor rush to SA 8 for 1 yard (1 L. Barcoo),,True,1,5,59,MaSourceTypeOfficialScoring,FOOTBALL_XFL_2023_2_26_SA@ORL,,QBStat,20,2302007-SA-at-ORL,359.0,5:59,3,3,9,2,4,,,21528,20087,2.0,6.0,StatusOfficial,3,1.0,Home,33.0,6.0,59.0,3:49, ,,,,,,,,,,,6.0,,,,,,,,,,,,,,,,,,,,,,
2023,FOOTBALL_XFL_2023_2_26_SA@ORL,49,1677446530.0,58930,2023-02-26 21:22:10.000000,Event,EventFootballPass,"3-5-SA 8 (5:19) 6 P. Lynch pass to 17 E. Rogers for 8 yards, TOUCHDOWN",,True,1,5,19,MaSourceTypeOfficialScoring,FOOTBALL_XFL_2023_2_26_SA@ORL,,QBStat,21,2302007-SA-at-ORL,319.0,5:19,3,3,8,2,4,,,,,3.0,5.0,StatusOfficial,1,8.0,Home,33.0,7.0,67.0,4:12,TD,22605,22708,ResultPassComplete,,,,,,,ScoreTypeTd,6.0,,,,,,,,,,,,,,,,,,,,,,
2023,FOOTBALL_XFL_2023_2_26_SA@ORL,51,1677446561.0,58961,2023-02-26 21:22:41.000000,Event,EventFootballPat1PtRush,30 J. Martin 1-pt conversion rush attempt NO GOOD,,True,1,5,19,MaSourceTypeOfficialScoring,FOOTBALL_XFL_2023_2_26_SA@ORL,,QBStat,22,2302007-SA-at-ORL,319.0,5:19,3,3,2,2,4,,,20997,,,,StatusOfficial,2,-1.0,,,,,,,,,,,,,,,,,6.0,1.0,,,,,,,,,,,,,,,,,,,,,
2023,FOOTBALL_XFL_2023_2_26_SA@ORL,55,1677446773.0,59173,2023-02-26 21:26:13.000000,Event,EventFootballKickoff,0 J. Borregales kicks from ORL 30. 6 F. Brown to SA 25 for 17 yards (23 N. Hosein),,True,1,5,19,MaSourceTypeOfficialScoring,FOOTBALL_XFL_2023_2_26_SA@ORL,,QBStat,23,2302007-SA-at-ORL,319.0,5:19,3,3,30,3,3,,,,20723,,,StatusOfficial,,,,,,,,,,,ResultKickReturned,,,,,,,,6.0,,21706,22605,17.0,Visitor,25.0,,,,,,,,,,,,,,,,
2023,FOOTBALL_XFL_2023_2_26_SA@ORL,57,1677446883.0,59283,2023-02-26 21:28:03.000000,Event,EventFootballPenalty,"1-10-SA 25 (5:04) PENALTY on 71 R. Joseph, 12 yards",,True,1,5,4,MaSourceTypeOfficialScoring,FOOTBALL_XFL_2023_2_26_SA@ORL,,QBStat,24,2302007-SA-at-ORL,304.0,5:04,3,3,25,3,3,,,,,1.0,10.0,StatusOfficial,,,Visitor,25.0,,-12.0,0:24, ,,,,3,20862,12.0,ResultPenaltyRepeatdown,NA,,,6.0,,,,,,,,,,,,,,,,,,,,,,
2023,FOOTBALL_XFL_2023_2_26_SA@ORL,59,1677446933.0,59333,2023-02-26 21:28:53.000000,Event,EventFootballPass,1-22-SA 13 (4:34) 16 J. Coan pass incomplete to 13 D. Roberson,,True,1,4,34,MaSourceTypeOfficialScoring,FOOTBALL_XFL_2023_2_26_SA@ORL,,QBStat,25,2302007-SA-at-ORL,274.0,4:34,3,3,13,3,3,,,,,1.0,22.0,StatusOfficial,2,,Visitor,25.0,1.0,-12.0,0:51, ,20301,21311,ResultPassIncomplete,,,,,,,,6.0,,,,,,,,,,,,,,,,,,,,,,
2023,FOOTBALL_XFL_2023_2_26_SA@ORL,61,1677446973.0,59373,2023-02-26 21:29:33.000000,Event,EventFootballPass,"2-22-SA 13 (3:55) 16 J. Coan pass to 18 T. Vasher to SA 22 for 9 yards Fumbled by 18 T. Vasher,  Forced by 44 T. Plummer Recovered by 66 K. Levao",,True,1,3,55,MaSourceTypeOfficialScoring,FOOTBALL_XFL_2023_2_26_SA@ORL,,QBStat,26,2302007-SA-at-ORL,235.0,3:55,3,3,13,3,3,,,,,2.0,22.0,StatusOfficial,1,9.0,Visitor,25.0,2.0,-3.0,2:08, ,20301,21898,ResultPassComplete,,,,,,,,6.0,,,,,Home,,,,3,21898,3,20948,21244,,,,,,,,,
2023,FOOTBALL_XFL_2023_2_26_SA@ORL,63,1677447021.0,59421,2023-02-26 21:30:21.000000,Event,EventFootballPass,3-13-SA 22 (3:06) 16 J. Coan pass to 80 J. Tolliver to SA 25 for 3 yards (38 M. Murphy),,True,1,3,6,MaSourceTypeOfficialScoring,FOOTBALL_XFL_2023_2_26_SA@ORL,,QBStat,27,2302007-SA-at-ORL,186.0,3:06,3,3,22,3,3,,,,21121,3.0,13.0,StatusOfficial,3,3.0,Visitor,25.0,3.0,,2:22, ,20301,21568,ResultPassComplete,,,,,,,,6.0,,,,,,,,,,,,,,,,,,,,,,
2023,FOOTBALL_XFL_2023_2_26_SA@ORL,65,1677447063.0,59463,2023-02-26 21:31:03.000000,Event,EventFootballPunt,4-10-SA 25 (2:27) 0 B. Wing punts 48 yards from SA 25 to ORL 27. 32 J. Rogers to ORL 41 for 14 yards (5 T. Adewusi),,True,1,2,27,MaSourceTypeOfficialScoring,FOOTBALL_XFL_2023_2_26_SA@ORL,,QBStat,28,2302007-SA-at-ORL,147.0,2:27,3,3,25,3,3,,,,20599,4.0,10.0,StatusOfficial,,,Visitor,25.0,3.0,,2:52,PUNT,,,ResultKickReturned,,,,,,,,6.0,,,,,Home,41.0,,,,,,,,21706,21333,48.0,14.0,,,,,
2023,FOOTBALL_XFL_2023_2_26_SA@ORL,67,1677447115.0,59515,2023-02-26 21:31:55.000000,Event,EventFootballPass,1-10-ORL 41 (2:24) 6 P. Lynch pass dropped by 18 A. Jamiel,,True,1,2,24,MaSourceTypeOfficialScoring,FOOTBALL_XFL_2023_2_26_SA@ORL,,QBStat,29,2302007-SA-at-ORL,144.0,2:24,3,3,41,4,4,,,,,1.0,10.0,StatusOfficial,3,,Home,41.0,1.0,,0:10, ,22605,20783,ResultPassDropped,,,,,,,,6.0,,,,,,,,,,,,,,,,,,,,,,
2023,FOOTBALL_XFL_2023_2_26_SA@ORL,69,1677447146.0,59546,2023-02-26 21:32:26.000000,Event,EventFootballRush,"2-10-ORL 41 (1:57) 30 J. Martin rush to ORL 41 for 0 yards (28 J. Koerner, 33 D. Beesley)",,True,1,1,57,MaSourceTypeOfficialScoring,FOOTBALL_XFL_2023_2_26_SA@ORL,,QBStat,30,2302007-SA-at-ORL,117.0,1:57,3,3,41,4,4,,,20997,20901,2.0,10.0,StatusOfficial,3,0.0,Home,41.0,2.0,,0:56, ,,,,,,,,,21740,,6.0,,,,,,,,,,,,,,,,,,,,,,
2023,FOOTBALL_XFL_2023_2_26_SA@ORL,71,1677447196.0,59596,2023-02-26 21:33:16.000000,Event,EventFootballPass,3-10-ORL 41 (1:16) 6 P. Lynch pass incomplete to 18 A. Jamiel,,True,1,1,16,MaSourceTypeOfficialScoring,FOOTBALL_XFL_2023_2_26_SA@ORL,,QBStat,31,2302007-SA-at-ORL,76.0,1:16,3,3,41,4,4,,,,,3.0,10.0,StatusOfficial,1,,Home,41.0,3.0,,1:20, ,22605,20783,ResultPassIncomplete,,,,,,,,6.0,,,,,,,,,,,,,,,,,,,,,,
2023,FOOTBALL_XFL_2023_2_26_SA@ORL,74,1677447214.0,59614,2023-02-26 21:33:34.000000,Event,EventFootballPunt,4-10-ORL 41 (0:59) 19 J. Townsend punts 49 yards from ORL 41 to SA 10. 13 D. Roberson to SA 28 for 18 yards (40 E. Thompson),,True,1,0,59,MaSourceTypeOfficialScoring,FOOTBALL_XFL_2023_2_26_SA@ORL,,QBStat,32,2302007-SA-at-ORL,59.0,0:59,3,3,41,4,4,,,,20785,4.0,10.0,StatusOfficial,,,Home,41.0,3.0,,1:28,PUNT,,,ResultKickReturned,,,,,,,,6.0,,,,,Visitor,28.0,,,,,,,,21895,21311,49.0,18.0,,,,,
2023,FOOTBALL_XFL_2023_2_26_SA@ORL,76,1677447274.0,59674,2023-02-26 21:34:34.000000,Event,EventFootballRush,1-10-SA 28 (0:42) 9 J. Patrick rush to SA 27 for -1 yards (13 M. Lee),,True,1,0,42,MaSourceTypeOfficialScoring,FOOTBALL_XFL_2023_2_26_SA@ORL,,QBStat,33,2302007-SA-at-ORL,42.0,0:42,3,3,28,5,3,,,21196,20942,1.0,10.0,StatusOfficial,3,-1.0,Visitor,28.0,1.0,-1.0,0:18, ,,,,,,,,,,,6.0,,,,,,,,,,,,,,,,,,,,,,
2023,FOOTBALL_XFL_2023_2_26_SA@ORL,78,1677447316.0,59716,2023-02-26 21:35:16.000000,Event,EventFootballPass,2-11-SA 27 (0:00) 16 J. Coan pass to 13 D. Roberson to SA 39 for 12 yards (20 B. Buchanan),,True,1,0,0,MaSourceTypeOfficialScoring,FOOTBALL_XFL_2023_2_26_SA@ORL,,QBStat,34,2302007-SA-at-ORL,,0:00,3,3,27,5,3,,,,20221,2.0,11.0,StatusOfficial,1,12.0,Visitor,28.0,2.0,11.0,0:46, ,20301,21311,ResultPassComplete,,,,,,,,6.0,,,,,,,,,,,,,,,,,,22001,,,,
2023,FOOTBALL_XFL_2023_2_26_SA@ORL,81,1677447538.0,59938,2023-02-26 21:38:58.000000,Event,EventFootballRush,"1-10-SA 39 (14:53) 9 J. Patrick rush to SA 37 for -2 yards (40 E. Thompson, 22 M. Elam)",,True,2,14,53,MaSourceTypeOfficialScoring,FOOTBALL_XFL_2023_2_26_SA@ORL,,QBStat,35,2302007-SA-at-ORL,893.0,14:53,3,3,39,5,3,,,21196,21550,1.0,10.0,StatusOfficial,3,-2.0,Visitor,28.0,3.0,9.0,1:06, ,,,,,,,,,20444,,6.0,,,,,,,,,,,,,,,,,,,,,,
2023,FOOTBALL_XFL_2023_2_26_SA@ORL,83,1677447580.0,59980,2023-02-26 21:39:40.000000,Event,EventFootballPass,2-12-SA 37 (14:22) 16 J. Coan pass incomplete to 31 J. Hilliman,,True,2,14,22,MaSourceTypeOfficialScoring,FOOTBALL_XFL_2023_2_26_SA@ORL,,QBStat,36,2302007-SA-at-ORL,862.0,14:22,3,3,37,5,3,,,,,2.0,12.0,StatusOfficial,1,,Visitor,28.0,4.0,9.0,1:24, ,20301,20697,ResultPassIncomplete,,,,,,,,6.0,,,,,,,,,,,,,,,,,,,,,,
2023,FOOTBALL_XFL_2023_2_26_SA@ORL,85,1677447625.0,60025,2023-02-26 21:40:25.000000,Event,EventFootballPass,3-12-SA 37 (13:48) 16 J. Coan pass incomplete to 13 D. Roberson,,True,2,13,48,MaSourceTypeOfficialScoring,FOOTBALL_XFL_2023_2_26_SA@ORL,,QBStat,37,2302007-SA-at-ORL,828.0,13:48,3,3,37,5,3,,,,,3.0,12.0,StatusOfficial,6,,Visitor,28.0,5.0,9.0,2:01, ,20301,21311,ResultPassIncomplete,,,,,,,,6.0,,,,,,,,,,,,,,,,,,,,,,
2023,FOOTBALL_XFL_2023_2_26_SA@ORL,87,1677447656.0,60056,2023-02-26 21:40:56.000000,Event,EventFootballPunt,"4-12-SA 37 (13:19) 0 B. Wing punts 38 yards from SA 37 to 32 J. Rogers, Fair Catch at ORL 25",,True,2,13,19,MaSourceTypeOfficialScoring,FOOTBALL_XFL_2023_2_26_SA@ORL,,QBStat,38,2302007-SA-at-ORL,799.0,13:19,3,3,37,5,3,,,,,4.0,12.0,StatusOfficial,,,Visitor,28.0,5.0,9.0,2:40,PUNT,,,ResultKickFaircatch,,,,,,,,6.0,,,,,Home,25.0,,,,,,,,21706,21333,38.0,,,,,,
2023,FOOTBALL_XFL_2023_2_26_SA@ORL,89,1677447717.0,60117,2023-02-26 21:41:57.000000,Event,EventFootballRush,1-10-ORL 25 (13:06) 28 K. Taylor rush to ORL 27 for 2 yards (45 D. Scott),,True,2,13,6,MaSourceTypeOfficialScoring,FOOTBALL_XFL_2023_2_26_SA@ORL,,QBStat,39,2302007-SA-at-ORL,786.0,13:06,3,3,25,6,4,,,21528,22844,1.0,10.0,StatusOfficial,1,2.0,Home,25.0,1.0,2.0,0:15, ,,,,,,,,,,,6.0,,,,,,,,,,,,,,,,,,,,,,
2023,FOOTBALL_XFL_2023_2_26_SA@ORL,91,1677447786.0,60186,2023-02-26 21:43:06.000000,Event,EventFootballPenalty,"2-8-ORL 27 (12:31) PENALTY on Orlando Guardians, 5 yards",,True,2,12,31,MaSourceTypeOfficialScoring,FOOTBALL_XFL_2023_2_26_SA@ORL,,QBStat,40,2302007-SA-at-ORL,751.0,12:31,3,3,27,6,4,,,,,2.0,8.0,StatusOfficial,,,Home,25.0,1.0,-3.0,0:52, ,,,,4,TM,5.0,ResultPenaltyRepeatdown,NA,,,6.0,,,,,,,,,,,,,,,,,,,,,,
2023,FOOTBALL_XFL_2023_2_26_SA@ORL,98,1677447809.0,60209,2023-02-26 21:43:29.000000,Event,EventFootballPass,2-13-ORL 22 (12:11) 6 P. Lynch pass to 15 J. Payton to ORL 26 for 4 yards (1 L. Barcoo),,True,2,12,11,MaSourceTypeOfficialScoring,FOOTBALL_XFL_2023_2_26_SA@ORL,,QBStat,41,2302007-SA-at-ORL,731.0,12:11,3,3,22,6,4,,,,20087,2.0,13.0,StatusOfficial,3,4.0,Home,25.0,3.0,1.0,2:28, ,22605,22354,ResultPassComplete,,,,,,,,6.0,,,,,,,,,,,,,,,,,,20567,,,,
2023,FOOTBALL_XFL_2023_2_26_SA@ORL,95,1677447945.0,60345,2023-02-26 21:45:45.000000,Event,EventFootballPenalty,"3-9-ORL 26 (11:16) PENALTY on 77 A. Beecham, 5 yards",,True,2,11,16,MaSourceTypeOfficialScoring,FOOTBALL_XFL_2023_2_26_SA@ORL,,QBStat,42,2302007-SA-at-ORL,676.0,11:16,3,3,26,6,4,,,,,3.0,9.0,StatusOfficial,,,Home,25.0,2.0,-4.0,1:54, ,,,,4,22414,5.0,ResultPenaltyRepeatdown,NA,,,6.0,,,,,,,,,,,,,,,,,,,,,,
2023,FOOTBALL_XFL_2023_2_26_SA@ORL,97,1677447979.0,60379,2023-02-26 21:46:19.000000,Event,EventFootballRush,3-14-ORL 21 (10:56) 28 K. Taylor rush to ORL 26 for 5 yards (5 T. Adewusi),,True,2,10,56,MaSourceTypeOfficialScoring,FOOTBALL_XFL_2023_2_26_SA@ORL,,QBStat,43,2302007-SA-at-ORL,656.0,10:56,3,3,21,6,4,,,21528,20008,3.0,14.0,StatusOfficial,2,5.0,Home,25.0,3.0,1.0,2:23, ,,,,,,,,,,,6.0,,,,,,,,,,,,,,,,,,,,,,
2023,FOOTBALL_XFL_2023_2_26_SA@ORL,100,1677448010.0,60410,2023-02-26 21:46:50.000000,Event,EventFootballPunt,"4-9-ORL 26 (10:24) 19 J. Townsend punts 46 yards from ORL 26 to SA 28. 6 F. Brown to SA 34 for 6 yards (80 R. Becker, 56 S. Maponga)",,True,2,10,24,MaSourceTypeOfficialScoring,FOOTBALL_XFL_2023_2_26_SA@ORL,,QBStat,44,2302007-SA-at-ORL,624.0,10:24,3,3,26,6,4,,,,21568,4.0,9.0,StatusOfficial,,,Home,25.0,3.0,1.0,2:55,PUNT,,,ResultKickReturned,,,,,,56,,6.0,,,,,Visitor,34.0,,,,,,,,21895,20203,46.0,6.0,,,,,
2023,FOOTBALL_XFL_2023_2_26_SA@ORL,102,1677448239.0,60639,2023-02-26 21:50:39.000000,Event,EventFootballPass,1-10-SA 34 (10:13) 16 J. Coan pass incomplete to 6 F. Brown,,True,2,10,13,MaSourceTypeOfficialScoring,FOOTBALL_XFL_2023_2_26_SA@ORL,,QBStat,45,2302007-SA-at-ORL,613.0,10:13,3,3,34,7,3,,,,,1.0,10.0,StatusOfficial,4,,Visitor,34.0,1.0,,0:12, ,20301,20203,ResultPassIncomplete,,,,,,,,6.0,,,,,,,,,,,,,,,,,,,20444,,,
2023,FOOTBALL_XFL_2023_2_26_SA@ORL,104,1677448278.0,60678,2023-02-26 21:51:18.000000,Event,EventFootballSack,2-10-SA 34 (9:35) 16 J. Coan sacked at SA 26 for -8 yards (13 M. Lee),,True,2,9,35,MaSourceTypeOfficialScoring,FOOTBALL_XFL_2023_2_26_SA@ORL,,QBStat,46,2302007-SA-at-ORL,575.0,9:35,3,3,34,7,3,,,,,2.0,10.0,StatusOfficial,,-8.0,Visitor,34.0,2.0,-8.0,0:59, ,20301,,,,,,,,,,6.0,,,,,,,20942,,,,,,,,,,,,,,,
2023,FOOTBALL_XFL_2023_2_26_SA@ORL,107,1677448319.0,60719,2023-02-26 21:51:59.000000,Event,EventFootballRush,"3-18-SA 26 (8:55) 9 J. Patrick rush to SA 30 for 4 yards Fumbled by 16 J. Coan,  Recovered by 9 J. Patrick (46 T. Scales)",,True,2,8,55,MaSourceTypeOfficialScoring,FOOTBALL_XFL_2023_2_26_SA@ORL,,QBStat,47,2302007-SA-at-ORL,535.0,8:55,3,3,26,7,3,,,21196,22319,3.0,18.0,StatusOfficial,2,4.0,Visitor,34.0,3.0,-4.0,2:05, ,,,,,,,,,,,6.0,,,,,Visitor,30.0,,,3,20301,3,21196,,,,,,,,,,
2023,FOOTBALL_XFL_2023_2_26_SA@ORL,109,1677448376.0,60776,2023-02-26 21:52:56.000000,Event,EventFootballPunt,"4-14-SA 30 (8:13) 0 B. Wing punts 53 yards from SA 30 to ORL 17. 32 J. Rogers to ORL 24 for 7 yards (40 R. Jeffers, 47 R. Sunahara)",,True,2,8,13,MaSourceTypeOfficialScoring,FOOTBALL_XFL_2023_2_26_SA@ORL,,QBStat,48,2302007-SA-at-ORL,493.0,8:13,3,3,30,7,3,,,,21550,4.0,14.0,StatusOfficial,,,Visitor,34.0,3.0,-4.0,2:11,PUNT,,,ResultKickReturned,,,,,,47,,6.0,,,,,Home,24.0,,,,,,,,21706,21333,53.0,7.0,,,,,
2023,FOOTBALL_XFL_2023_2_26_SA@ORL,111,1677448428.0,60828,2023-02-26 21:53:48.000000,Event,EventFootballRush,"1-10-ORL 24 (8:02) 3 D. Francois rush to ORL 28 for 4 yards (33 D. Beesley, 25 D. Lewis)",,True,2,8,2,MaSourceTypeOfficialScoring,FOOTBALL_XFL_2023_2_26_SA@ORL,,QBStat,49,2302007-SA-at-ORL,482.0,8:02,3,3,24,8,4,,,20512,21740,1.0,10.0,StatusOfficial,1,4.0,Home,24.0,1.0,4.0,0:38, ,,,,,,,,,22597,,6.0,,,,,,,,,,,,,,,,,,,,,,
2023,FOOTBALL_XFL_2023_2_26_SA@ORL,113,1677448460.0,60860,2023-02-26 21:54:20.000000,Event,EventFootballRush,2-6-ORL 28 (7:29) 28 K. Taylor rush to ORL 33 for 5 yards (45 D. Scott),,True,2,7,29,MaSourceTypeOfficialScoring,FOOTBALL_XFL_2023_2_26_SA@ORL,,QBStat,50,2302007-SA-at-ORL,449.0,7:29,3,3,28,8,4,,,21528,22844,2.0,6.0,StatusOfficial,2,5.0,Home,24.0,2.0,9.0,0:57, ,,,,,,,,,,,6.0,,,,,,,,,,,,,,,,,,,,,,
2023,FOOTBALL_XFL_2023_2_26_SA@ORL,115,1677448481.0,60881,2023-02-26 21:54:41.000000,Event,EventFootballRush,"3-1-ORL 33 (7:08) 28 K. Taylor rush to ORL 35 for 2 yards (45 D. Scott, 15 J. Williams)",,True,2,7,8,MaSourceTypeOfficialScoring,FOOTBALL_XFL_2023_2_26_SA@ORL,,QBStat,51,2302007-SA-at-ORL,428.0,7:08,3,3,33,8,4,,,21528,22844,3.0,1.0,StatusOfficial,2,2.0,Home,24.0,3.0,11.0,1:17, ,,,,,,,,,21974,,6.0,,,,,,,,,,,,,,,,,,,,,,
2023,FOOTBALL_XFL_2023_2_26_SA@ORL,118,1677448514.0,60914,2023-02-26 21:55:14.000000,Event,EventFootballRush,"1-10-ORL 35 (6:35) 3 D. Francois rush to ORL 37 for 2 yards (21 S. Williams, 1 L. Barcoo)",,True,2,6,35,MaSourceTypeOfficialScoring,FOOTBALL_XFL_2023_2_26_SA@ORL,,QBStat,52,2302007-SA-at-ORL,395.0,6:35,3,3,35,8,4,,,20512,22819,1.0,10.0,StatusOfficial,3,2.0,Home,24.0,4.0,13.0,2:05, ,,,,,,,,,20087,,6.0,,,,,,,,,,,,,,,,,,,,,,
2023,FOOTBALL_XFL_2023_2_26_SA@ORL,138,1677448605.0,61005,2023-02-26 21:56:45.000000,Event,EventFootballPenalty,"2-8-ORL 37 (5:33) PENALTY on 55 D. Downey, 5 yards",,True,2,5,33,MaSourceTypeOfficialScoring,FOOTBALL_XFL_2023_2_26_SA@ORL,,QBStat,53,2302007-SA-at-ORL,333.0,5:33,3,3,37,8,4,,,,,2.0,8.0,StatusOfficial,,,Home,24.0,7.0,21.0,4:46,PUNT,,,,3,20410,5.0,ResultPenaltyAuto1Stdown,NA,,,6.0,,,,,,,,,,,,,,,,,,,,,,
2023,FOOTBALL_XFL_2023_2_26_SA@ORL,122,1677448624.0,61024,2023-02-26 21:57:04.000000,Event,EventFootballPass,1-10-ORL 42 (5:22) 3 D. Francois pass incomplete to 18 A. Jamiel,,True,2,5,22,MaSourceTypeOfficialScoring,FOOTBALL_XFL_2023_2_26_SA@ORL,,QBStat,54,2302007-SA-at-ORL,322.0,5:22,3,3,42,8,4,,,,,1.0,10.0,StatusOfficial,2,,Home,24.0,5.0,18.0,2:57, ,20512,20783,ResultPassIncomplete,,,,,,,,6.0,,,,,,,,,,,,,,,,,,,,,,
2023,FOOTBALL_XFL_2023_2_26_SA@ORL,124,1677448652.0,61052,2023-02-26 21:57:32.000000,Event,EventFootballPenalty,"2-10-ORL 42 (5:00) PENALTY on 11 C. Latimer, 5 yards",,True,2,5,0,MaSourceTypeOfficialScoring,FOOTBALL_XFL_2023_2_26_SA@ORL,,QBStat,55,2302007-SA-at-ORL,300.0,5:00,3,3,42,8,4,,,,,2.0,10.0,StatusOfficial,,,Home,24.0,5.0,13.0,3:14, ,,,,4,20929,5.0,ResultPenaltyRepeatdown,NA,,,6.0,,,,,,,,,,,,,,,,,,,,,,
2023,FOOTBALL_XFL_2023_2_26_SA@ORL,126,1677448682.0,61082,2023-02-26 21:58:02.000000,Event,EventFootballRush,2-15-ORL 37 (4:39) 28 K. Taylor rush to ORL 48 for 11 yards (28 J. Koerner),,True,2,4,39,MaSourceTypeOfficialScoring,FOOTBALL_XFL_2023_2_26_SA@ORL,,QBStat,56,2302007-SA-at-ORL,279.0,4:39,3,3,37,8,4,,,21528,20901,2.0,15.0,StatusOfficial,1,11.0,Home,24.0,6.0,24.0,3:51, ,,,,,,,,,,,6.0,,,,,,,,,,,,,,,,,,,,,,
2023,FOOTBALL_XFL_2023_2_26_SA@ORL,128,1677448725.0,61125,2023-02-26 21:58:45.000000,Event,EventFootballPass,"3-4-ORL 48 (3:56) 3 D. Francois pass to 28 K. Taylor to ORL 45 for -3 yards (15 J. Williams, 25 D. Lewis)",,True,2,3,56,MaSourceTypeOfficialScoring,FOOTBALL_XFL_2023_2_26_SA@ORL,,QBStat,57,2302007-SA-at-ORL,236.0,3:56,3,3,48,8,4,,,,21974,3.0,4.0,StatusOfficial,1,-3.0,Home,24.0,7.0,21.0,4:37, ,20512,21528,ResultPassComplete,,,,,,22597,,6.0,,,,,,,,,,,,,,,,,,21740,,,,
2023,FOOTBALL_XFL_2023_2_26_SA@ORL,130,1677448754.0,61154,2023-02-26 21:59:14.000000,Event,EventFootballPunt,4-7-ORL 45 (3:27) 19 J. Townsend punts 45 yards from ORL 45 to SA 10. 13 D. Roberson to SA 23 for 13 yards (10 D. Thomas),,True,2,3,27,MaSourceTypeOfficialScoring,FOOTBALL_XFL_2023_2_26_SA@ORL,,QBStat,58,2302007-SA-at-ORL,207.0,3:27,3,3,45,8,4,,,,20856,4.0,7.0,StatusOfficial,,,Home,24.0,7.0,21.0,4:46,PUNT,,,ResultKickReturned,,,,,,,,6.0,,,,,Visitor,23.0,,,,,,,,21895,21311,45.0,13.0,,,,,
2023,FOOTBALL_XFL_2023_2_26_SA@ORL,133,1677448964.0,61364,2023-02-26 22:02:44.000000,Event,EventFootballRush,1-10-SA 23 (3:20) 11 K. Ballage rush to SA 18 for -5 yards (88 C. Patton),,True,2,3,20,MaSourceTypeOfficialScoring,FOOTBALL_XFL_2023_2_26_SA@ORL,,QBStat,59,2302007-SA-at-ORL,200.0,3:20,3,3,23,9,3,,,22034,22001,1.0,10.0,StatusOfficial,1,-5.0,Visitor,23.0,1.0,-5.0,0:30, ,,,,,,,,,,,6.0,,,,,,,,,,,,,,,,,,,,,,
2023,FOOTBALL_XFL_2023_2_26_SA@ORL,135,1677449005.0,61405,2023-02-26 22:03:25.000000,Event,EventFootballPass,2-15-SA 18 (2:39) 16 J. Coan pass to 88 A. Mack to SA 37 for 19 yards (38 M. Murphy),,True,2,2,39,MaSourceTypeOfficialScoring,FOOTBALL_XFL_2023_2_26_SA@ORL,,QBStat,60,2302007-SA-at-ORL,159.0,2:39,3,3,18,9,3,,,,21121,2.0,15.0,StatusOfficial,3,19.0,Visitor,23.0,2.0,14.0,1:11, ,20301,21765,ResultPassComplete,,,,,,,,6.0,,,,,,,,,,,,,,,,,,,,,,
2023,FOOTBALL_XFL_2023_2_26_SA@ORL,137,1677449034.0,61434,2023-02-26 22:03:54.000000,Event,EventFootballPass,1-10-SA 37 (2:13) 16 J. Coan pass to 80 J. Tolliver to SA 41 for 4 yards (13 M. Lee),,True,2,2,13,MaSourceTypeOfficialScoring,FOOTBALL_XFL_2023_2_26_SA@ORL,,QBStat,61,2302007-SA-at-ORL,133.0,2:13,3,3,37,9,3,,,,20942,1.0,10.0,StatusOfficial,1,4.0,Visitor,23.0,3.0,18.0,1:23, ,20301,21568,ResultPassComplete,,,,,,,,6.0,,,,,,,,,,,,,,,,,,,,,,
2023,FOOTBALL_XFL_2023_2_26_SA@ORL,140,1677449259.0,61659,2023-02-26 22:07:39.000000,Event,EventFootballPass,2-6-SA 41 (1:55) 16 J. Coan pass to 13 D. Roberson to ORL 49 for 10 yards (13 M. Lee),,True,2,1,55,MaSourceTypeOfficialScoring,FOOTBALL_XFL_2023_2_26_SA@ORL,,QBStat,62,2302007-SA-at-ORL,115.0,1:55,3,3,41,9,3,,,,20942,2.0,6.0,StatusOfficial,3,10.0,Visitor,23.0,4.0,28.0,1:37, ,20301,21311,ResultPassComplete,,,,,,,,6.0,,,,,,,,,,,,,,,,,,,,,,
2023,FOOTBALL_XFL_2023_2_26_SA@ORL,142,1677449282.0,61682,2023-02-26 22:08:02.000000,Event,EventFootballPass,1-10-ORL 49 (1:44) 16 J. Coan pass dropped by 84 D. Yelder,,True,2,1,44,MaSourceTypeOfficialScoring,FOOTBALL_XFL_2023_2_26_SA@ORL,,QBStat,63,2302007-SA-at-ORL,104.0,1:44,3,3,49,9,3,,,,,1.0,10.0,StatusOfficial,1,,Visitor,23.0,5.0,28.0,1:41, ,20301,22022,ResultPassDropped,,,,,,,,6.0,,,,,,,,,,,,,,,,,,,,,,
2023,FOOTBALL_XFL_2023_2_26_SA@ORL,147,1677449353.0,61753,2023-02-26 22:09:13.000000,Event,EventFootballPenalty,"2-10-ORL 49 (1:40) PENALTY on 36 J. Jones, 5 yards",,True,2,1,40,MaSourceTypeOfficialScoring,FOOTBALL_XFL_2023_2_26_SA@ORL,,QBStat,64,2302007-SA-at-ORL,100.0,1:40,3,3,49,9,3,,,,,2.0,10.0,StatusOfficial,,,Visitor,23.0,5.0,33.0,1:45, ,,,,4,20841,5.0,ResultPenaltyRepeatdown,NA,,,6.0,,,,,,,,,,,,,,,,,,,,,,
2023,FOOTBALL_XFL_2023_2_26_SA@ORL,149,1677449377.0,61777,2023-02-26 22:09:37.000000,Event,EventFootballPass,2-5-ORL 44 (1:35) 16 J. Coan pass incomplete to 13 D. Roberson,,True,2,1,35,MaSourceTypeOfficialScoring,FOOTBALL_XFL_2023_2_26_SA@ORL,,QBStat,65,2302007-SA-at-ORL,95.0,1:35,3,3,44,9,3,,,,,2.0,5.0,StatusOfficial,4,,Visitor,23.0,6.0,33.0,1:50, ,20301,21311,ResultPassIncomplete,,,,,,,,6.0,,,,,,,,,,,,,,,,,,,,,,
2023,FOOTBALL_XFL_2023_2_26_SA@ORL,151,1677449415.0,61815,2023-02-26 22:10:15.000000,Event,EventFootballTimeout,Timeout by San Antonio Brahmas at 1:35,,True,2,1,35,MaSourceTypeOfficialScoring,FOOTBALL_XFL_2023_2_26_SA@ORL,,QBStat,66,2302007-SA-at-ORL,95.0,1:35,3,3,44,9,3,,,,,3.0,5.0,StatusOfficial,,,Visitor,23.0,6.0,33.0,1:50, ,,,,,,,,,,,6.0,,,,,,,,,,,,,,,,,,,,3,,
2023,FOOTBALL_XFL_2023_2_26_SA@ORL,153,1677449498.0,61898,2023-02-26 22:11:38.000000,Event,EventFootballPenalty,"3-5-ORL 44 (1:26) PENALTY on 56 S. Maponga, 15 yards",,True,2,1,26,MaSourceTypeOfficialScoring,FOOTBALL_XFL_2023_2_26_SA@ORL,,QBStat,67,2302007-SA-at-ORL,86.0,1:26,2,3,44,9,3,,,,,3.0,5.0,StatusOfficial,,,Visitor,23.0,6.0,48.0,1:59, ,,,,4,20992,15.0,ResultPenaltyAuto1Stdown,NA,,,6.0,,,,,,,,,,,,,,,,,,,,,,
2023,FOOTBALL_XFL_2023_2_26_SA@ORL,155,1677449546.0,61946,2023-02-26 22:12:26.000000,Event,EventFootballPass,1-10-ORL 29 (1:19) 16 J. Coan pass to 13 D. Roberson to ORL 19 for 10 yards (13 M. Lee),,True,2,1,19,MaSourceTypeOfficialScoring,FOOTBALL_XFL_2023_2_26_SA@ORL,,QBStat,68,2302007-SA-at-ORL,79.0,1:19,2,3,29,9,3,,,,20942,1.0,10.0,StatusOfficial,1,10.0,Visitor,23.0,7.0,58.0,2:09, ,20301,21311,ResultPassComplete,,,,,,,,6.0,,,,,,,,,,,,,,,,,,,,,,
2023,FOOTBALL_XFL_2023_2_26_SA@ORL,157,1677449570.0,61970,2023-02-26 22:12:50.000000,Event,EventFootballPass,1-10-ORL 19 (1:06) 16 J. Coan pass incomplete to 88 A. Mack,,True,2,1,6,MaSourceTypeOfficialScoring,FOOTBALL_XFL_2023_2_26_SA@ORL,,QBStat,69,2302007-SA-at-ORL,66.0,1:06,2,3,19,9,3,,,,,1.0,10.0,StatusOfficial,3,,Visitor,23.0,8.0,58.0,2:19, ,20301,21765,ResultPassIncomplete,,,,,,,,6.0,,,,,,,,,,,,,,,,,,,20444,,,
2023,FOOTBALL_XFL_2023_2_26_SA@ORL,159,1677449635.0,62035,2023-02-26 22:13:55.000000,Event,EventFootballTimeout,Timeout by San Antonio Brahmas at 1:06,,True,2,1,6,MaSourceTypeOfficialScoring,FOOTBALL_XFL_2023_2_26_SA@ORL,,QBStat,70,2302007-SA-at-ORL,66.0,1:06,2,3,19,9,3,,,,,2.0,10.0,StatusOfficial,,,Visitor,23.0,8.0,58.0,2:19, ,,,,,,,,,,,6.0,,,,,,,,,,,,,,,,,,,,3,,
2023,FOOTBALL_XFL_2023_2_26_SA@ORL,161,1677449671.0,62071,2023-02-26 22:14:31.000000,Event,EventFootballPass,"2-10-ORL 19 (1:01) 16 J. Coan pass to 88 A. Mack for 19 yards, TOUCHDOWN",,True,2,1,1,MaSourceTypeOfficialScoring,FOOTBALL_XFL_2023_2_26_SA@ORL,,QBStat,71,2302007-SA-at-ORL,61.0,1:01,1,3,19,9,3,,,,,2.0,10.0,StatusOfficial,6,19.0,Visitor,23.0,9.0,77.0,2:24,TD,20301,21765,ResultPassComplete,,,,,,,ScoreTypeTd,6.0,,,,,,,,,,,,,,,,,,,,,,
2023,FOOTBALL_XFL_2023_2_26_SA@ORL,163,1677449697.0,62097,2023-02-26 22:14:57.000000,Event,EventFootballPat1PtPass,16 J. Coan 1-pt conversion pass to 18 T. Vasher GOOD,,True,2,1,1,MaSourceTypeOfficialScoring,FOOTBALL_XFL_2023_2_26_SA@ORL,,QBStat,72,2302007-SA-at-ORL,61.0,1:01,1,3,2,9,3,,,,,,,StatusOfficial,1,2.0,,,,,,,20301,21898,ResultPassComplete,,,,,,,ScoreTypeConv,12.0,1.0,,,,,,,,,,,,,,,,,,,,,
2023,FOOTBALL_XFL_2023_2_26_SA@ORL,165,1677449800.0,62200,2023-02-26 22:16:40.000000,Event,EventFootballKickoff,23 P. Romo kicks from SA 30. 32 J. Rogers to ORL 31 for 21 yards (28 J. Koerner),,True,2,1,1,MaSourceTypeOfficialScoring,FOOTBALL_XFL_2023_2_26_SA@ORL,,QBStat,73,2302007-SA-at-ORL,61.0,1:01,1,3,30,10,4,,,,20901,,,StatusOfficial,,,,,,,,,,,ResultKickReturned,,,,,,,,13.0,,20723,32,21.0,Home,31.0,,,,,,,,,,,,,,,,
2023,FOOTBALL_XFL_2023_2_26_SA@ORL,167,1677449852.0,62252,2023-02-26 22:17:32.000000,Event,EventFootballPass,1-10-ORL 31 (0:49) 6 P. Lynch pass to 11 C. Latimer to ORL 41 for 10 yards (5 T. Adewusi),,True,2,0,49,MaSourceTypeOfficialScoring,FOOTBALL_XFL_2023_2_26_SA@ORL,,QBStat,74,2302007-SA-at-ORL,49.0,0:49,1,3,31,10,4,,,,20008,1.0,10.0,StatusOfficial,3,10.0,Home,31.0,1.0,10.0,0:12, ,22605,20929,ResultPassComplete,,,,,,,,13.0,,,,,,,,,,,,,,,,,,,,,,
2023,FOOTBALL_XFL_2023_2_26_SA@ORL,169,1677449885.0,62285,2023-02-26 22:18:05.000000,Event,EventFootballRush,1-10-ORL 41 (0:44) 30 J. Martin rush to ORL 44 for 3 yards (90 M. Gotel),,True,2,0,44,MaSourceTypeOfficialScoring,FOOTBALL_XFL_2023_2_26_SA@ORL,,QBStat,75,2302007-SA-at-ORL,44.0,0:44,1,3,41,10,4,,,20997,20567,1.0,10.0,StatusOfficial,3,3.0,Home,31.0,2.0,13.0,0:29, ,,,,,,,,,,,13.0,,,,,,,,,,,,,,,,,,,,,,
2023,FOOTBALL_XFL_2023_2_26_SA@ORL,171,1677449908.0,62308,2023-02-26 22:18:28.000000,Event,EventFootballPass,2-7-ORL 44 (0:23) 6 P. Lynch pass dropped by 11 C. Latimer,,True,2,0,23,MaSourceTypeOfficialScoring,FOOTBALL_XFL_2023_2_26_SA@ORL,,QBStat,76,2302007-SA-at-ORL,23.0,0:23,1,3,44,10,4,,,,,2.0,7.0,StatusOfficial,2,,Home,31.0,3.0,13.0,0:38, ,22605,20929,ResultPassDropped,,,,,,,,13.0,,,,,,,,,,,,,,,,,,,,,,
2023,FOOTBALL_XFL_2023_2_26_SA@ORL,173,1677449943.0,62343,2023-02-26 22:19:03.000000,Event,EventFootballRush,3-7-ORL 44 (0:16) 6 P. Lynch rush to SA 47 for 9 yards (8 K. Kelly),,True,2,0,16,MaSourceTypeOfficialScoring,FOOTBALL_XFL_2023_2_26_SA@ORL,,QBStat,77,2302007-SA-at-ORL,16.0,0:16,1,3,44,10,4,,,22605,22884,3.0,7.0,StatusOfficial,3,9.0,Home,31.0,4.0,22.0,0:45, ,,,,,,,,,,,13.0,,,,,,,,,,,,,,,,,,,,,,
2023,FOOTBALL_XFL_2023_2_26_SA@ORL,175,1677449979.0,62379,2023-02-26 22:19:39.000000,Event,EventFootballTimeout,Timeout by Orlando Guardians at 0:16,,True,2,0,16,MaSourceTypeOfficialScoring,FOOTBALL_XFL_2023_2_26_SA@ORL,,QBStat,78,2302007-SA-at-ORL,16.0,0:16,1,3,47,10,4,,,,,1.0,10.0,StatusOfficial,,,Home,31.0,4.0,22.0,0:45, ,,,,,,,,,,,13.0,,,,,,,,,,,,,,,,,,,,4,,
2023,FOOTBALL_XFL_2023_2_26_SA@ORL,177,1677450023.0,62423,2023-02-26 22:20:23.000000,Event,EventFootballPass,1-10-SA 47 (0:10) 6 P. Lynch pass to 15 J. Payton to SA 36 for 11 yards (1 L. Barcoo),,True,2,0,10,MaSourceTypeOfficialScoring,FOOTBALL_XFL_2023_2_26_SA@ORL,,QBStat,79,2302007-SA-at-ORL,10.0,0:10,1,2,47,10,4,,,,20087,1.0,10.0,StatusOfficial,3,11.0,Home,31.0,5.0,33.0,0:51, ,22605,22354,ResultPassComplete,,,,,,,,13.0,,,,,,,,,,,,,,,,,,,,,,
2023,FOOTBALL_XFL_2023_2_26_SA@ORL,179,1677450040.0,62440,2023-02-26 22:20:40.000000,Event,EventFootballTimeout,Timeout by Orlando Guardians at 0:10,,True,2,0,10,MaSourceTypeOfficialScoring,FOOTBALL_XFL_2023_2_26_SA@ORL,,QBStat,80,2302007-SA-at-ORL,10.0,0:10,1,2,36,10,4,,,,,1.0,10.0,StatusOfficial,,,Home,31.0,5.0,33.0,0:51, ,,,,,,,,,,,13.0,,,,,,,,,,,,,,,,,,,,4,,
2023,FOOTBALL_XFL_2023_2_26_SA@ORL,184,1677450090.0,62490,2023-02-26 22:21:30.000000,Event,EventFootballRush,"1-10-SA 36 (0:06) 30 J. Martin rush to SA 38 for -2 yards (5 T. Adewusi, 15 J. Williams)",,True,2,0,6,MaSourceTypeOfficialScoring,FOOTBALL_XFL_2023_2_26_SA@ORL,,QBStat,81,2302007-SA-at-ORL,6.0,0:06,1,1,36,10,4,,,20997,20008,1.0,10.0,StatusOfficial,2,-2.0,Home,31.0,6.0,32.0,0:55, ,,,,,,,,,21974,,13.0,,,,,,,,,,,,,,,,,,,,,,
2023,FOOTBALL_XFL_2023_2_26_SA@ORL,186,1677450106.0,62506,2023-02-26 22:21:46.000000,Event,EventFootballTimeout,Timeout by Orlando Guardians at 0:06,,True,2,0,6,MaSourceTypeOfficialScoring,FOOTBALL_XFL_2023_2_26_SA@ORL,,QBStat,82,2302007-SA-at-ORL,6.0,0:06,1,1,38,10,4,,,,,2.0,12.0,StatusOfficial,,,Home,31.0,6.0,31.0,1:01, ,,,,,,,,,,,13.0,,,,,,,,,,,,,,,,,,,,4,,
2023,FOOTBALL_XFL_2023_2_26_SA@ORL,229,1677450153.0,62553,2023-02-26 22:22:33.000000,Event,EventFootballFg,2-12-SA 38 (0:01) 0 J. Borregales 56 yard field goal is NO GOOD,,True,2,0,1,MaSourceTypeOfficialScoring,FOOTBALL_XFL_2023_2_26_SA@ORL,,QBStat,83,2302007-SA-at-ORL,1.0,0:01,1,0,38,10,4,,,,,2.0,12.0,StatusOfficial,,56.0,Home,31.0,7.0,31.0,1:00,MISSED FG,,,ResultKickMissed,,,,,,,,13.0,,21741,,,,,,,,,,,,,,,,,,,Visitor,
2023,FOOTBALL_XFL_2023_2_26_SA@ORL,230,1677450210.0,62610,2023-02-26 22:23:30.000000,Event,EventFootballRush,1-10-SA 46 (0:00) 16 J. Coan rush to SA 45 for -1 yards,,True,2,0,0,MaSourceTypeOfficialScoring,FOOTBALL_XFL_2023_2_26_SA@ORL,,QBStat,84,2302007-SA-at-ORL,,0:00,1,0,46,11,3,,,20301,,1.0,10.0,StatusOfficial,2,-1.0,Visitor,46.0,1.0,-1.0,0:01,HALF,,,,,,,,,,,13.0,,,,,,,,,,,,,,,,,,,,,Visitor,
2023,FOOTBALL_XFL_2023_2_26_SA@ORL,196,1677450893.0,63293,2023-02-26 22:34:53.000000,Event,EventFootballKickoff,23 P. Romo kicks from SA 30. 32 J. Rogers to ORL 33 for 15 yards,,True,3,14,56,MaSourceTypeOfficialScoring,FOOTBALL_XFL_2023_2_26_SA@ORL,,QBStat,85,2302007-SA-at-ORL,896.0,14:56,3,3,30,12,4,,,,,,,StatusOfficial,,,,,,,,,,,ResultKickReturned,,,,,,,,13.0,,20723,32,15.0,Home,33.0,,,,,,,,,,,,,,,,
2023,FOOTBALL_XFL_2023_2_26_SA@ORL,198,1677450934.0,63334,2023-02-26 22:35:34.000000,Event,EventFootballPass,1-10-ORL 33 (14:50) 6 P. Lynch pass to 18 A. Jamiel to ORL 36 for 3 yards (22 R. Texada),,True,3,14,50,MaSourceTypeOfficialScoring,FOOTBALL_XFL_2023_2_26_SA@ORL,,QBStat,86,2302007-SA-at-ORL,890.0,14:50,3,3,33,12,4,,,,22376,1.0,10.0,StatusOfficial,3,3.0,Home,33.0,1.0,3.0,0:20, ,22605,20783,ResultPassComplete,,,,,,,,13.0,,,,,,,,,,,,,,,,,,,,,,
2023,FOOTBALL_XFL_2023_2_26_SA@ORL,201,1677450960.0,63360,2023-02-26 22:36:00.000000,Event,EventFootballRush,2-7-ORL 36 (14:24) 30 J. Martin rush to ORL 40 for 4 yards (95 K. Tongamoa),,True,3,14,24,MaSourceTypeOfficialScoring,FOOTBALL_XFL_2023_2_26_SA@ORL,,QBStat,87,2302007-SA-at-ORL,864.0,14:24,3,3,36,12,4,,,20997,22778,2.0,7.0,StatusOfficial,2,4.0,Home,33.0,2.0,7.0,0:48, ,,,,,,,,,,,13.0,,,,,,,,,,,,,,,,,,,,,,
2023,FOOTBALL_XFL_2023_2_26_SA@ORL,203,1677451003.0,63403,2023-02-26 22:36:43.000000,Event,EventFootballPass,3-3-ORL 40 (13:44) 6 P. Lynch pass dropped by 18 A. Jamiel,,True,3,13,44,MaSourceTypeOfficialScoring,FOOTBALL_XFL_2023_2_26_SA@ORL,,QBStat,88,2302007-SA-at-ORL,824.0,13:44,3,3,40,12,4,,,,,3.0,3.0,StatusOfficial,3,,Home,33.0,3.0,7.0,1:24, ,22605,20783,ResultPassDropped,,,,,,,,13.0,,,,,,,,,,,,,,,,,,,,,,
2023,FOOTBALL_XFL_2023_2_26_SA@ORL,205,1677451021.0,63421,2023-02-26 22:37:01.000000,Event,EventFootballPunt,"4-3-ORL 40 (13:31) 19 J. Townsend punts 46 yards from ORL 40 to SA 14. 6 F. Brown to SA 25 for 11 yards (40 E. Thompson, 80 R. Becker)",,True,3,13,31,MaSourceTypeOfficialScoring,FOOTBALL_XFL_2023_2_26_SA@ORL,,QBStat,89,2302007-SA-at-ORL,811.0,13:31,3,3,40,12,4,,,,20785,4.0,3.0,StatusOfficial,,,Home,33.0,3.0,7.0,1:29,PUNT,,,ResultKickReturned,,,,,,21568,,13.0,,,,,Visitor,25.0,,,,,,,,21895,20203,46.0,11.0,,,,,
2023,FOOTBALL_XFL_2023_2_26_SA@ORL,208,1677451080.0,63480,2023-02-26 22:38:00.000000,Event,EventFootballRush,1-10-SA 25 (13:10) 11 K. Ballage rush to SA 26 for 1 yard (36 J. Jones),,True,3,13,10,MaSourceTypeOfficialScoring,FOOTBALL_XFL_2023_2_26_SA@ORL,,QBStat,90,2302007-SA-at-ORL,790.0,13:10,3,3,25,13,3,,,22034,20841,1.0,10.0,StatusOfficial,3,1.0,Visitor,25.0,1.0,1.0,0:40, ,,,,,,,,,,,13.0,,,,,,,,,,,,,,,,,,,,,,
2023,FOOTBALL_XFL_2023_2_26_SA@ORL,210,1677451118.0,63518,2023-02-26 22:38:38.000000,Event,EventFootballPass,2-9-SA 26 (12:32) 16 J. Coan pass to 13 D. Roberson to SA 32 for 6 yards (13 M. Lee),,True,3,12,32,MaSourceTypeOfficialScoring,FOOTBALL_XFL_2023_2_26_SA@ORL,,QBStat,91,2302007-SA-at-ORL,752.0,12:32,3,3,26,13,3,,,,20942,2.0,9.0,StatusOfficial,2,6.0,Visitor,25.0,2.0,7.0,1:07, ,20301,21311,ResultPassComplete,,,,,,,,13.0,,,,,,,,,,,,,,,,,,,,,,
2023,FOOTBALL_XFL_2023_2_26_SA@ORL,213,1677451155.0,63555,2023-02-26 22:39:15.000000,Event,EventFootballPenalty,"3-3-SA 32 (12:02) PENALTY on 99 T. Sanders, 5 yards",,True,3,12,2,MaSourceTypeOfficialScoring,FOOTBALL_XFL_2023_2_26_SA@ORL,,QBStat,92,2302007-SA-at-ORL,722.0,12:02,3,3,32,13,3,,,,,3.0,3.0,StatusOfficial,,,Visitor,25.0,2.0,12.0,1:34, ,,,,4,21365,5.0,ResultPenaltyRepeatdown,NA,,,13.0,,,,,,,,,,,,,,,,,,,,,,
2023,FOOTBALL_XFL_2023_2_26_SA@ORL,215,1677451197.0,63597,2023-02-26 22:39:57.000000,Event,EventFootballRush,1-10-SA 37 (11:29) 16 J. Coan rush to SA 48 for 11 yards,,True,3,11,29,MaSourceTypeOfficialScoring,FOOTBALL_XFL_2023_2_26_SA@ORL,,QBStat,93,2302007-SA-at-ORL,689.0,11:29,3,3,37,13,3,,,20301,,1.0,10.0,StatusOfficial,1,11.0,Visitor,25.0,3.0,23.0,2:00, ,,,,,,,,,,,13.0,,,,,,,,,,,,,,,,,,,,,,
2023,FOOTBALL_XFL_2023_2_26_SA@ORL,217,1677451224.0,63624,2023-02-26 22:40:24.000000,Event,EventFootballRush,1-10-SA 48 (11:02) 11 K. Ballage rush to ORL 43 for 9 yards (29 T. Washington),,True,3,11,2,MaSourceTypeOfficialScoring,FOOTBALL_XFL_2023_2_26_SA@ORL,,QBStat,94,2302007-SA-at-ORL,662.0,11:02,3,3,48,13,3,,,22034,22888,1.0,10.0,StatusOfficial,1,9.0,Visitor,25.0,4.0,32.0,2:26, ,,,,,,,,,,,13.0,,,,,,,,,,,,,,,,,,,,,,
2023,FOOTBALL_XFL_2023_2_26_SA@ORL,219,1677451257.0,63657,2023-02-26 22:40:57.000000,Event,EventFootballRush,2-1-ORL 43 (10:29) 16 J. Coan rush to ORL 30 for 13 yards,,True,3,10,29,MaSourceTypeOfficialScoring,FOOTBALL_XFL_2023_2_26_SA@ORL,,QBStat,95,2302007-SA-at-ORL,629.0,10:29,3,3,43,13,3,,,20301,,2.0,1.0,StatusOfficial,3,13.0,Visitor,25.0,5.0,45.0,3:05, ,,,,,,,,,,,13.0,,,,,,,,,,,,,,,,,,,,,,
2023,FOOTBALL_XFL_2023_2_26_SA@ORL,222,1677451290.0,63690,2023-02-26 22:41:30.000000,Event,EventFootballRush,1-10-ORL 30 (9:56) 9 J. Patrick rush to ORL 25 for 5 yards (8 T. Smith),,True,3,9,56,MaSourceTypeOfficialScoring,FOOTBALL_XFL_2023_2_26_SA@ORL,,QBStat,96,2302007-SA-at-ORL,596.0,9:56,3,3,30,13,3,,,21196,21448,1.0,10.0,StatusOfficial,3,5.0,Visitor,25.0,6.0,50.0,4:08, ,,,,,,,,,,,13.0,,,,,,,,,,,,,,,,,,,,,,
2023,FOOTBALL_XFL_2023_2_26_SA@ORL,231,1677451345.0,63745,2023-02-26 22:42:25.000000,Event,EventFootballRush,2-5-ORL 25 (9:01) 9 J. Patrick rush to ORL 24 for 1 yard (25 J. Harvey-Clemons),,True,3,9,1,MaSourceTypeOfficialScoring,FOOTBALL_XFL_2023_2_26_SA@ORL,,QBStat,97,2302007-SA-at-ORL,541.0,9:01,3,3,25,13,3,,,21196,20649,2.0,5.0,StatusOfficial,3,1.0,Visitor,25.0,8.0,75.0,4:41,TD,,,,,,,,,,,13.0,,,,,,,,,,,,,,,,,,,,,,
2023,FOOTBALL_XFL_2023_2_26_SA@ORL,226,1677451361.0,63761,2023-02-26 22:42:41.000000,Event,EventFootballPass,"3-4-ORL 24 (8:50) 16 J. Coan pass to 80 J. Tolliver for 24 yards, TOUCHDOWN",,True,3,8,50,MaSourceTypeOfficialScoring,FOOTBALL_XFL_2023_2_26_SA@ORL,,QBStat,98,2302007-SA-at-ORL,530.0,8:50,3,3,24,13,3,,,,,3.0,4.0,StatusOfficial,4,24.0,Visitor,25.0,8.0,75.0,4:25,TD,20301,21568,ResultPassComplete,,,,,,,ScoreTypeTd,13.0,,,,,,,,,,,,,,,,,,,,,,
2023,FOOTBALL_XFL_2023_2_26_SA@ORL,228,1677451401.0,63801,2023-02-26 22:43:21.000000,Event,EventFootballPat1PtPass,16 J. Coan 1-pt conversion pass to 84 D. Yelder GOOD,,True,3,8,50,MaSourceTypeOfficialScoring,FOOTBALL_XFL_2023_2_26_SA@ORL,,QBStat,99,2302007-SA-at-ORL,530.0,8:50,3,3,2,13,3,,,,,,,StatusOfficial,3,2.0,,,,,,,20301,22022,ResultPassComplete,,,,,,,ScoreTypeConv,19.0,1.0,,,,,,,,,,,,,,,,,,,,,
2023,FOOTBALL_XFL_2023_2_26_SA@ORL,233,1677451637.0,64037,2023-02-26 22:47:17.000000,Event,EventFootballKickoff,23 P. Romo kicks from SA 30. 32 J. Rogers to ORL 30 for 20 yards (40 R. Jeffers),,True,3,8,46,MaSourceTypeOfficialScoring,FOOTBALL_XFL_2023_2_26_SA@ORL,,QBStat,100,2302007-SA-at-ORL,526.0,8:46,3,3,30,14,4,,,,20785,,,StatusOfficial,,,,,,,,,,,ResultKickReturned,,,,,,,,20.0,,20723,32,20.0,Home,30.0,,,,,,,,,,,,,,,,
2023,FOOTBALL_XFL_2023_2_26_SA@ORL,235,1677451672.0,64072,2023-02-26 22:47:52.000000,Event,EventFootballPass,1-10-ORL 30 (8:41) 6 P. Lynch pass incomplete to 15 J. Payton,,True,3,8,41,MaSourceTypeOfficialScoring,FOOTBALL_XFL_2023_2_26_SA@ORL,,QBStat,101,2302007-SA-at-ORL,521.0,8:41,3,3,30,14,4,,,,,1.0,10.0,StatusOfficial,1,,Home,30.0,1.0,,0:24, ,22605,22354,ResultPassIncomplete,,,,,,,,20.0,,,,,,,,,,,,,,,,,,,,,,
2023,FOOTBALL_XFL_2023_2_26_SA@ORL,237,1677451707.0,64107,2023-02-26 22:48:27.000000,Event,EventFootballPass,2-10-ORL 30 (8:13) 6 P. Lynch pass incomplete to 15 J. Payton,,True,3,8,13,MaSourceTypeOfficialScoring,FOOTBALL_XFL_2023_2_26_SA@ORL,,QBStat,102,2302007-SA-at-ORL,493.0,8:13,3,3,30,14,4,,,,,2.0,10.0,StatusOfficial,1,,Home,30.0,2.0,,0:38, ,22605,22354,ResultPassIncomplete,,,,,,,,20.0,,,,,,,,,,,,,,,,,,,,,,
2023,FOOTBALL_XFL_2023_2_26_SA@ORL,239,1677451747.0,64147,2023-02-26 22:49:07.000000,Event,EventFootballSack,"3-10-ORL 30 (7:37) 6 P. Lynch sacked at ORL 25 for -5 yards (42 M. Tverdov, 45 D. Scott)",,True,3,7,37,MaSourceTypeOfficialScoring,FOOTBALL_XFL_2023_2_26_SA@ORL,,QBStat,103,2302007-SA-at-ORL,457.0,7:37,3,3,30,14,4,,,,,3.0,10.0,StatusOfficial,,-5.0,Home,30.0,3.0,-5.0,1:21, ,22605,,,,,,,,,,20.0,,,,,,,21589,22844,,,,,,,,,,,,,,
2023,FOOTBALL_XFL_2023_2_26_SA@ORL,242,1677451778.0,64178,2023-02-26 22:49:38.000000,Event,EventFootballPunt,"4-15-ORL 25 (7:07) 19 J. Townsend punt blocked by 10 T. Jonsen, ball on ORL 8",,True,3,7,7,MaSourceTypeOfficialScoring,FOOTBALL_XFL_2023_2_26_SA@ORL,,QBStat,104,2302007-SA-at-ORL,427.0,7:07,3,3,25,14,4,,,,,4.0,15.0,StatusOfficial,,,Home,30.0,3.0,-5.0,1:43,PUNT,,,ResultKickBlocked,,,,,,,,20.0,,,,,Home,8.0,,,,,,,,21895,,,,,,,,20856
2023,FOOTBALL_XFL_2023_2_26_SA@ORL,245,1677451835.0,64235,2023-02-26 22:50:35.000000,Event,EventFootballPass,1-8-ORL 8 (7:01) 16 J. Coan pass to 88 A. Mack to ORL 1 for 7 yards (13 M. Lee),,True,3,7,1,MaSourceTypeOfficialScoring,FOOTBALL_XFL_2023_2_26_SA@ORL,,QBStat,105,2302007-SA-at-ORL,421.0,7:01,3,3,8,15,3,,,,20942,1.0,8.0,StatusOfficial,1,7.0,Home,8.0,1.0,7.0,0:00, ,20301,21765,ResultPassComplete,,,,,,,,20.0,,,,,,,,,,,,,,,,,,,,,,
2023,FOOTBALL_XFL_2023_2_26_SA@ORL,247,1677451927.0,64327,2023-02-26 22:52:07.000000,Event,EventFootballRush,"2-1-ORL 1 (6:42) 31 J. Hilliman rush for 1 yard, TOUCHDOWN",,True,3,6,42,MaSourceTypeOfficialScoring,FOOTBALL_XFL_2023_2_26_SA@ORL,,QBStat,106,2302007-SA-at-ORL,402.0,6:42,3,3,1,15,3,,,20697,,2.0,1.0,StatusOfficial,2,1.0,Home,8.0,2.0,8.0,0:19,TD,,,,,,,,,,ScoreTypeTd,20.0,,,,,,,,,,,,,,,,,,,,,,
2023,FOOTBALL_XFL_2023_2_26_SA@ORL,249,1677451957.0,64357,2023-02-26 22:52:37.000000,Event,EventFootballPat1PtRush,31 J. Hilliman 1-pt conversion rush attempt GOOD,,True,3,6,42,MaSourceTypeOfficialScoring,FOOTBALL_XFL_2023_2_26_SA@ORL,,QBStat,107,2302007-SA-at-ORL,402.0,6:42,3,3,2,15,3,,,20697,,,,StatusOfficial,2,2.0,,,,,,,,,,,,,,,,ScoreTypeConv,26.0,1.0,,,,,,,,,,,,,,,,,,,,,
2023,FOOTBALL_XFL_2023_2_26_SA@ORL,251,1677452191.0,64591,2023-02-26 22:56:31.000000,Event,EventFootballKickoff,"23 P. Romo kicks from SA 30. 32 J. Rogers to ORL 10 for 14 yards PENALTY on 41 J. Gemmel, 10 yards",,True,3,6,36,MaSourceTypeOfficialScoring,FOOTBALL_XFL_2023_2_26_SA@ORL,,QBStat,108,2302007-SA-at-ORL,396.0,6:36,3,3,30,16,4,,,,,,,StatusOfficial,,,,,,,,,,,ResultKickReturned,4,20546,10.0,ResultPenaltyOnkickoffpat,NA,,,27.0,,20723,32,14.0,Home,10.0,,,,,,,,,,,,,,,,
2023,FOOTBALL_XFL_2023_2_26_SA@ORL,253,1677452254.0,64654,2023-02-26 22:57:34.000000,Event,EventFootballPass,1-10-ORL 10 (6:29) 3 D. Francois pass to 14 C. Rambo to ORL 14 for 4 yards (5 T. Adewusi),,True,3,6,29,MaSourceTypeOfficialScoring,FOOTBALL_XFL_2023_2_26_SA@ORL,,QBStat,109,2302007-SA-at-ORL,389.0,6:29,3,3,10,16,4,,,,20008,1.0,10.0,StatusOfficial,3,4.0,Home,10.0,1.0,4.0,0:28, ,20512,22018,ResultPassComplete,,,,,,,,27.0,,,,,,,,,,,,,,,,,,,,,,
2023,FOOTBALL_XFL_2023_2_26_SA@ORL,255,1677452285.0,64685,2023-02-26 22:58:05.000000,Event,EventFootballRush,2-6-ORL 14 (5:59) 28 K. Taylor rush to ORL 16 for 2 yards (95 K. Tongamoa),,True,3,5,59,MaSourceTypeOfficialScoring,FOOTBALL_XFL_2023_2_26_SA@ORL,,QBStat,110,2302007-SA-at-ORL,359.0,5:59,3,3,14,16,4,,,21528,22778,2.0,6.0,StatusOfficial,2,2.0,Home,10.0,2.0,6.0,0:59, ,,,,,,,,,,,27.0,,,,,,,,,,,,,,,,,,,,,,
2023,FOOTBALL_XFL_2023_2_26_SA@ORL,257,1677452330.0,64730,2023-02-26 22:58:50.000000,Event,EventFootballPenalty,"3-4-ORL 16 (5:26) PENALTY on 24 R. Lewis, 20 yards",,True,3,5,26,MaSourceTypeOfficialScoring,FOOTBALL_XFL_2023_2_26_SA@ORL,,QBStat,111,2302007-SA-at-ORL,326.0,5:26,3,3,16,16,4,,,,,3.0,4.0,StatusOfficial,,,Home,10.0,2.0,26.0,1:19, ,,,,3,21761,20.0,ResultPenaltyAuto1Stdown,NA,,,27.0,,,,,,,,,,,,,,,,,,,,,,
2023,FOOTBALL_XFL_2023_2_26_SA@ORL,259,1677452369.0,64769,2023-02-26 22:59:29.000000,Event,EventFootballPass,1-10-ORL 36 (5:05) 3 D. Francois pass incomplete to 87 L. Carter,,True,3,5,5,MaSourceTypeOfficialScoring,FOOTBALL_XFL_2023_2_26_SA@ORL,,QBStat,112,2302007-SA-at-ORL,305.0,5:05,3,3,36,16,4,,,,,1.0,10.0,StatusOfficial,2,,Home,10.0,3.0,26.0,1:37, ,20512,20272,ResultPassIncomplete,,,,,,,,27.0,,,,,,,,,,,,,,,,,,,,,,
2023,FOOTBALL_XFL_2023_2_26_SA@ORL,261,1677452408.0,64808,2023-02-26 23:00:08.000000,Event,EventFootballPass,2-10-ORL 36 (4:35) 3 D. Francois pass incomplete,,True,3,4,35,MaSourceTypeOfficialScoring,FOOTBALL_XFL_2023_2_26_SA@ORL,,QBStat,113,2302007-SA-at-ORL,275.0,4:35,3,3,36,16,4,,,,,2.0,10.0,StatusOfficial,2,,Home,10.0,4.0,26.0,2:07, ,20512,,ResultPassIncomplete,,,,,,,,27.0,,,,,,,,,,,,,,,,,,,,,,
2023,FOOTBALL_XFL_2023_2_26_SA@ORL,263,1677452447.0,64847,2023-02-26 23:00:47.000000,Event,EventFootballRush,3-10-ORL 36 (4:13) 3 D. Francois rush to ORL 40 for 4 yards,,True,3,4,13,MaSourceTypeOfficialScoring,FOOTBALL_XFL_2023_2_26_SA@ORL,,QBStat,114,2302007-SA-at-ORL,253.0,4:13,3,3,36,16,4,,,20512,,3.0,10.0,StatusOfficial,1,4.0,Home,10.0,5.0,30.0,2:36, ,,,,,,,,,,,27.0,,,,,,,,,,,,,,,,,,,,,,
2023,FOOTBALL_XFL_2023_2_26_SA@ORL,265,1677452506.0,64906,2023-02-26 23:01:46.000000,Event,EventFootballPenalty,"4-6-ORL 40 (3:35) PENALTY on 35 B. Beise, 15 yards",,True,3,3,35,MaSourceTypeOfficialScoring,FOOTBALL_XFL_2023_2_26_SA@ORL,,QBStat,115,2302007-SA-at-ORL,215.0,3:35,3,3,40,16,4,,,,,4.0,6.0,StatusOfficial,,,Home,10.0,5.0,45.0,3:07, ,,,,3,21915,15.0,ResultPenaltyAuto1Stdown,NA,,,27.0,,,,,,,,,,,,,,,,,,,,,,
2023,FOOTBALL_XFL_2023_2_26_SA@ORL,267,1677452557.0,64957,2023-02-26 23:02:37.000000,Event,EventFootballRush,1-10-SA 45 (3:05) 3 D. Francois rush to SA 41 for 4 yards (25 D. Lewis),,True,3,3,5,MaSourceTypeOfficialScoring,FOOTBALL_XFL_2023_2_26_SA@ORL,,QBStat,116,2302007-SA-at-ORL,185.0,3:05,3,3,45,16,4,,,20512,22597,1.0,10.0,StatusOfficial,3,4.0,Home,10.0,6.0,49.0,3:48, ,,,,,,,,,,,27.0,,,,,,,,,,,,,,,,,,,,,,
2023,FOOTBALL_XFL_2023_2_26_SA@ORL,269,1677452592.0,64992,2023-02-26 23:03:12.000000,Event,EventFootballRush,2-6-SA 41 (2:30) 30 J. Martin rush to SA 39 for 2 yards (15 J. Williams),,True,3,2,30,MaSourceTypeOfficialScoring,FOOTBALL_XFL_2023_2_26_SA@ORL,,QBStat,117,2302007-SA-at-ORL,150.0,2:30,3,3,41,16,4,,,20997,21974,2.0,6.0,StatusOfficial,2,2.0,Home,10.0,7.0,51.0,4:18, ,,,,,,,,,,,27.0,,,,,,,,,,,,,,,,,,,,,,
2023,FOOTBALL_XFL_2023_2_26_SA@ORL,271,1677452639.0,65039,2023-02-26 23:03:59.000000,Event,EventFootballPenalty,"3-4-SA 39 (1:54) PENALTY on 59 Z. Furcron, 5 yards",,True,3,1,54,MaSourceTypeOfficialScoring,FOOTBALL_XFL_2023_2_26_SA@ORL,,QBStat,118,2302007-SA-at-ORL,114.0,1:54,3,3,39,16,4,,,,,3.0,4.0,StatusOfficial,,,Home,10.0,7.0,46.0,4:48, ,,,,4,20527,5.0,ResultPenaltyRepeatdown,NA,,,27.0,,,,,,,,,,,,,,,,,,,,,,
