season,game_id,away_team_abv,away_team,home_team_abv,home_team,roof,MarkerId,MarkerUTC,MarkerLTC,play_date_time,play_type,desc,comments,IsOfficial,qtr,ClockMinutes,ClockSeconds,game_half,SourceType,EventId,SituationCode,SourceId,SourceNativeMarkerId,OfficialCode,quarter_seconds_remaining,half_seconds_remaining,game_seconds_remaining,time,posteam,LastPlaySummary,LastPlayStatus,home_team_has_pos,posteam_abv,defteam_abv,receive_2h_ko_team,VisTimeouts,HomeTimeouts,posteam_timeouts_remaining,defteam_timeouts_remaining,BallOn_Side,BallOn_YardNum,DriveNum,yardline_100,spread_line,VisScore,HomeScore,down,ydstogo,MapRolePasser,MapRoleReceiver,MapRoleTackler1,FootballStatus,FootballPlayResult,FootballYards,Drive_Start_VisOrHome,Drive_Start_YardNum,Drive_Plays,Drive_Yards,Drive_TOP,Result,MapRoleRusher,MapRoleTackler2,FootballPenalty_TeamId,FootballPenalty_PlayerId,FootballPenalty_Yards,FootballPenalty_PenaltyResult,FootballPenalty_Description,MapRoleKicker,FootballMainScoringPlay,MapRoleKickreturner,FootballKickRetYards,FootballSetBallOn_VisOrHome,FootballSetBallOn_YardNum,FootballTimeoutTeamId,MapRoleSacker1,MapRolePassDefender,MapRoleQbHitter,MapRoleInterceptor,FootballConvAttPts,MapRolePunter,MapRolePuntreturner,FootballPuntYards,FootballPuntRetYards,FootballMiscScore_MiscScoreType,FootballMiscScore_TeamId,FootballMiscScore_PlayerId,FootballFumble_TeamFumbled,FootballFumble_PlayerFumbled,FootballFumble_TeamRecovered,FootballFumble_PlayerRecovered,FootballFumble_PlayerForcedFumble,punt_attempt,pass_touchdown,rush_touchdown,field_goal_attempt,field_goal_made,touchdown
2023,FOOTBALL_XFL_2023_4_23_HOU@ARL,HOU,2,ARL,1,outdoors,1,1682276612.618383,,2023-04-23 19:03:32.618383,EventStart,Game Start Marker,,True,1,15,0,Half1,MaSourceTypeOfficialScoring,FOOTBALL_XFL_2023_4_23_HOU@ARL,,QBStat,10005,2302039-HOU-at-ARL,900,1800,3600,15:00,2,,,0.0,HOU,ARL,0.0,3,3,3.0,3.0,Home,35,1,35.0,0,0,0,1.0,10.0,,,,,,,,,,,,,,,,,,,,,,,,,,,,,,,,,,,,,,,,,,,,0,0.0,0.0,0.0,0.0,0.0
2023,FOOTBALL_XFL_2023_4_23_HOU@ARL,HOU,2,ARL,1,outdoors,169,1682276630.0,54230,2023-04-23 19:03:50.000000,EventFootballKickoff,1-10-ARL 35 (15:00) 1 T. Russolino kicks from ARL 35. 26 B. Alleyne to HOU 31 for 22 yards (81 N. Becker),,True,1,15,0,Half1,MaSourceTypeOfficialScoring,FOOTBALL_XFL_2023_4_23_HOU@ARL,,QBStat,1,2302039-HOU-at-ARL,900,1800,3600,15:00,2,,,0.0,HOU,ARL,0.0,3,3,3.0,3.0,Home,35,1,35.0,0,0,0,1.0,10.0,,,22326,StatusOfficial,ResultKickReturned,,,,,,,,,,,,,,,21359,,20033,22.0,Visitor,31.0,,,,,,,,,,,,,,,,,,,0,0.0,0.0,0.0,0.0,0.0
2023,FOOTBALL_XFL_2023_4_23_HOU@ARL,HOU,2,ARL,1,outdoors,170,1682276693.0,54293,2023-04-23 19:04:53.000000,EventFootballRush,"1-10-HOU 31 (14:49) 35 J. Cox rush to HOU 36 for 5 yards (44 B. Rotimi, 90 B. Hector)",,True,1,14,49,Half1,MaSourceTypeOfficialScoring,FOOTBALL_XFL_2023_4_23_HOU@ARL,,QBStat,2,2302039-HOU-at-ARL,889,1789,3589,14:49,2,,,0.0,HOU,ARL,0.0,3,3,3.0,3.0,Visitor,31,1,69.0,0,0,0,1.0,10.0,,,21348,StatusOfficial,,5.0,Visitor,31.0,1.0,5.0,0:33, ,21854,22010,,,,,,,,,,,,,,,,,,,,,,,,,,,,,,0,0.0,0.0,0.0,0.0,0.0
2023,FOOTBALL_XFL_2023_4_23_HOU@ARL,HOU,2,ARL,1,outdoors,171,1682276724.0,54324,2023-04-23 19:05:24.000000,EventFootballPass,2-5-HOU 36 (14:18) 14 C. McDonald pass to 2 C. Byrd to HOU 42 for 6 yards (41 D. Bausby),,True,1,14,18,Half1,MaSourceTypeOfficialScoring,FOOTBALL_XFL_2023_4_23_HOU@ARL,,QBStat,3,2302039-HOU-at-ARL,858,1758,3558,14:18,2,,,0.0,HOU,ARL,0.0,3,3,3.0,3.0,Visitor,36,1,64.0,0,0,0,2.0,5.0,21982,20241,20099,StatusOfficial,ResultPassComplete,6.0,Visitor,31.0,2.0,11.0,0:56, ,,,,,,,,,,,,,,,,,,,,,,,,,,,,,,,,0,0.0,0.0,0.0,0.0,0.0
2023,FOOTBALL_XFL_2023_4_23_HOU@ARL,HOU,2,ARL,1,outdoors,172,1682276756.0,54356,2023-04-23 19:05:56.000000,EventFootballRush,1-10-HOU 42 (13:46) 35 J. Cox rush to ARL 41 for 17 yards (5 W. Hill),,True,1,13,46,Half1,MaSourceTypeOfficialScoring,FOOTBALL_XFL_2023_4_23_HOU@ARL,,QBStat,4,2302039-HOU-at-ARL,826,1726,3526,13:46,2,,,0.0,HOU,ARL,0.0,3,3,3.0,3.0,Visitor,42,1,58.0,0,0,0,1.0,10.0,,,20693,StatusOfficial,,17.0,Visitor,31.0,3.0,28.0,1:48, ,21854,,,,,,,,,,,,,,,,,,,,,,,,,,,,,,,0,0.0,0.0,0.0,0.0,0.0
2023,FOOTBALL_XFL_2023_4_23_HOU@ARL,HOU,2,ARL,1,outdoors,173,1682276798.0,54398,2023-04-23 19:06:38.000000,EventFootballPass,"1-10-ARL 41 (13:05) 14 C. McDonald pass to 86 T. Salter to ARL 39 for 2 yards (29 S. Brown, 40 R. Mueller)",,True,1,13,5,Half1,MaSourceTypeOfficialScoring,FOOTBALL_XFL_2023_4_23_HOU@ARL,,QBStat,5,2302039-HOU-at-ARL,785,1685,3485,13:05,2,,,0.0,HOU,ARL,0.0,3,3,3.0,3.0,Home,41,1,41.0,0,0,0,1.0,10.0,21982,21362,20212,StatusOfficial,ResultPassComplete,2.0,Visitor,31.0,4.0,30.0,2:22, ,,21116,,,,,,,,,,,,,,,,,,,,,,,,,,,,,,0,0.0,0.0,0.0,0.0,0.0
2023,FOOTBALL_XFL_2023_4_23_HOU@ARL,HOU,2,ARL,1,outdoors,174,1682276830.0,54430,2023-04-23 19:07:10.000000,EventFootballPass,2-8-ARL 39 (12:32) 14 C. McDonald pass to 2 C. Byrd to ARL 21 for 18 yards (5 W. Hill),,True,1,12,32,Half1,MaSourceTypeOfficialScoring,FOOTBALL_XFL_2023_4_23_HOU@ARL,,QBStat,6,2302039-HOU-at-ARL,752,1652,3452,12:32,2,,,0.0,HOU,ARL,0.0,3,3,3.0,3.0,Home,39,1,39.0,0,0,0,2.0,8.0,21982,20241,20693,StatusOfficial,ResultPassComplete,18.0,Visitor,31.0,5.0,48.0,2:47, ,,,,,,,,,,,,,,,,,,,,,,,,,,,,,,,,0,0.0,0.0,0.0,0.0,0.0
2023,FOOTBALL_XFL_2023_4_23_HOU@ARL,HOU,2,ARL,1,outdoors,175,1682276869.0,54469,2023-04-23 19:07:49.000000,EventFootballRush,1-10-ARL 21 (11:53) 35 J. Cox rush to ARL 19 for 2 yards (5 W. Hill),,True,1,11,53,Half1,MaSourceTypeOfficialScoring,FOOTBALL_XFL_2023_4_23_HOU@ARL,,QBStat,7,2302039-HOU-at-ARL,713,1613,3413,11:53,2,,,0.0,HOU,ARL,0.0,3,3,3.0,3.0,Home,21,1,21.0,0,0,0,1.0,10.0,,,20693,StatusOfficial,,2.0,Visitor,31.0,6.0,50.0,3:25, ,21854,,,,,,,,,,,,,,,,,,,,,,,,,,,,,,,0,0.0,0.0,0.0,0.0,0.0
2023,FOOTBALL_XFL_2023_4_23_HOU@ARL,HOU,2,ARL,1,outdoors,176,1682276896.0,54496,2023-04-23 19:08:16.000000,EventFootballRush,"2-8-ARL 19 (11:26) 35 J. Cox rush to ARL 14 for 5 yards (53 D. Sankey, 72 T. Barnes)",,True,1,11,26,Half1,MaSourceTypeOfficialScoring,FOOTBALL_XFL_2023_4_23_HOU@ARL,,QBStat,8,2302039-HOU-at-ARL,686,1586,3386,11:26,2,,,0.0,HOU,ARL,0.0,3,3,3.0,3.0,Home,19,1,19.0,0,0,0,2.0,8.0,,,22886,StatusOfficial,,5.0,Visitor,31.0,7.0,55.0,4:03, ,21854,20089,,,,,,,,,,,,,,,,,,,,,,,,,,,,,,0,0.0,0.0,0.0,0.0,0.0
2023,FOOTBALL_XFL_2023_4_23_HOU@ARL,HOU,2,ARL,1,outdoors,177,1682276938.0,54538,2023-04-23 19:08:58.000000,EventFootballRush,3-3-ARL 14 (10:44) 35 J. Cox rush to ARL 10 for 4 yards (27 B. Rusnak),,True,1,10,44,Half1,MaSourceTypeOfficialScoring,FOOTBALL_XFL_2023_4_23_HOU@ARL,,QBStat,9,2302039-HOU-at-ARL,644,1544,3344,10:44,2,,,0.0,HOU,ARL,0.0,3,3,3.0,3.0,Home,14,1,14.0,0,0,0,3.0,3.0,,,22893,StatusOfficial,,4.0,Visitor,31.0,8.0,59.0,4:36, ,21854,,,,,,,,,,,,,,,,,,,,,,,,,,,,,,,0,0.0,0.0,0.0,0.0,0.0
2023,FOOTBALL_XFL_2023_4_23_HOU@ARL,HOU,2,ARL,1,outdoors,178,1682276971.0,54571,2023-04-23 19:09:31.000000,EventFootballRush,"1-10-ARL 10 (10:11) 14 C. McDonald rush for 10 yards, TOUCHDOWN",,True,1,10,11,Half1,MaSourceTypeOfficialScoring,FOOTBALL_XFL_2023_4_23_HOU@ARL,,QBStat,10,2302039-HOU-at-ARL,611,1511,3311,10:11,2,,,0.0,HOU,ARL,0.0,3,3,3.0,3.0,Home,10,1,10.0,0,0,0,1.0,10.0,,,,StatusOfficial,,10.0,Visitor,31.0,9.0,69.0,4:50,TD,21982,,,,,,,,ScoreTypeTd,,,,,,,,,,,,,,,,,,,,,,,0,0.0,1.0,0.0,0.0,1.0
2023,FOOTBALL_XFL_2023_4_23_HOU@ARL,HOU,2,ARL,1,outdoors,179,1682276999.0,54599,2023-04-23 19:09:59.000000,EventFootballPat2PtPass,FROM ARL 5 (10:10) 14 C. McDonald 2-pt conversion pass to 86 T. Salter NO GOOD,,True,1,10,10,Half1,MaSourceTypeOfficialScoring,FOOTBALL_XFL_2023_4_23_HOU@ARL,,QBStat,11,2302039-HOU-at-ARL,610,1510,3310,10:10,2,,,0.0,HOU,ARL,0.0,3,3,3.0,3.0,Home,5,1,5.0,0,6,0,,,21982,21362,,StatusOfficial,ResultPassInterception,,,,,,,,,,,,,,,,,,,,,,,,,20099,2.0,,,,,,,,,,,,,0,0.0,0.0,0.0,0.0,0.0
2023,FOOTBALL_XFL_2023_4_23_HOU@ARL,HOU,2,ARL,1,outdoors,180,1682277247.0,54847,2023-04-23 19:14:07.000000,EventFootballKickoff,FROM HOU 30 (10:10) 8 A. Jones kicks from HOU 30. 16 R. Hall to ARL 29 for 17 yards (47 C. Rivers),,True,1,10,10,Half1,MaSourceTypeOfficialScoring,FOOTBALL_XFL_2023_4_23_HOU@ARL,,QBStat,12,2302039-HOU-at-ARL,610,1510,3310,10:10,1,,,1.0,ARL,HOU,0.0,3,3,3.0,3.0,Visitor,30,2,30.0,0,6,0,,,,,21820,StatusOfficial,ResultKickReturned,,,,,,,,,,,,,,,22903,,22529,17.0,Home,29.0,,,,,,,,,,,,,,,,,,,0,0.0,0.0,0.0,0.0,0.0
2023,FOOTBALL_XFL_2023_4_23_HOU@ARL,HOU,2,ARL,1,outdoors,181,1682277306.0,54906,2023-04-23 19:15:06.000000,EventFootballPass,1-10-ARL 29 (9:56) 12 L. Perez pass to 85 T. Vaughns to ARL 46 for 17 yards QB Hit by 33 T. Harris (3 A. Harris),,True,1,9,56,Half1,MaSourceTypeOfficialScoring,FOOTBALL_XFL_2023_4_23_HOU@ARL,,QBStat,13,2302039-HOU-at-ARL,596,1496,3296,9:56,1,,,1.0,ARL,HOU,0.0,3,3,3.0,3.0,Home,29,2,71.0,0,6,0,1.0,10.0,21207,22363,20633,StatusOfficial,ResultPassComplete,17.0,Home,29.0,1.0,17.0,0:37, ,,,,,,,,,,,,,,,,,22857,,,,,,,,,,,,,,,0,0.0,0.0,0.0,0.0,0.0
2023,FOOTBALL_XFL_2023_4_23_HOU@ARL,HOU,2,ARL,1,outdoors,182,1682277337.0,54937,2023-04-23 19:15:37.000000,EventFootballRush,"1-10-ARL 46 (9:28) 26 L. Brown rush to ARL 47 for 1 yard (96 J. Heflin, 36 C. Brice)",,True,1,9,28,Half1,MaSourceTypeOfficialScoring,FOOTBALL_XFL_2023_4_23_HOU@ARL,,QBStat,14,2302039-HOU-at-ARL,568,1468,3268,9:28,1,,,1.0,ARL,HOU,0.0,3,3,3.0,3.0,Home,46,2,54.0,0,6,0,1.0,10.0,,,22875,StatusOfficial,,1.0,Home,29.0,2.0,18.0,1:03, ,20207,21918,,,,,,,,,,,,,,,,,,,,,,,,,,,,,,0,0.0,0.0,0.0,0.0,0.0
2023,FOOTBALL_XFL_2023_4_23_HOU@ARL,HOU,2,ARL,1,outdoors,183,1682277366.0,54966,2023-04-23 19:16:06.000000,EventFootballPass,"2-9-ARL 47 (8:59) 12 L. Perez pass to 85 T. Vaughns to HOU 49 for 4 yards (18 J. Mosley, 36 C. Brice)",,True,1,8,59,Half1,MaSourceTypeOfficialScoring,FOOTBALL_XFL_2023_4_23_HOU@ARL,,QBStat,15,2302039-HOU-at-ARL,539,1439,3239,8:59,1,,,1.0,ARL,HOU,0.0,3,3,3.0,3.0,Home,47,2,53.0,0,6,0,2.0,9.0,21207,22363,21108,StatusOfficial,ResultPassComplete,4.0,Home,29.0,3.0,22.0,1:29, ,,21918,,,,,,,,,,,,,,,,,,,,,,,,,,,,,,0,0.0,0.0,0.0,0.0,0.0
2023,FOOTBALL_XFL_2023_4_23_HOU@ARL,HOU,2,ARL,1,outdoors,184,1682277421.0,55021,2023-04-23 19:17:01.000000,EventFootballPenalty,"3-5-HOU 49 (8:25) PENALTY on (HOU) 94 S. Mustin, 5 yards",,True,1,8,25,Half1,MaSourceTypeOfficialScoring,FOOTBALL_XFL_2023_4_23_HOU@ARL,,QBStat,16,2302039-HOU-at-ARL,505,1405,3205,8:25,1,,,1.0,ARL,HOU,0.0,3,3,3.0,3.0,Visitor,49,2,49.0,0,6,0,3.0,5.0,,,,StatusOfficial,,,Home,29.0,3.0,27.0,1:49, ,,,2,21125,5.0,ResultPenaltyRepeatdown,NA,,,,,,,,,,,,,,,,,,,,,,,,,0,0.0,0.0,0.0,0.0,0.0
2023,FOOTBALL_XFL_2023_4_23_HOU@ARL,HOU,2,ARL,1,outdoors,185,1682277449.0,55049,2023-04-23 19:17:29.000000,EventFootballPass,1-10-HOU 44 (8:08) 12 L. Perez pass incomplete to 85 T. Vaughns,,True,1,8,8,Half1,MaSourceTypeOfficialScoring,FOOTBALL_XFL_2023_4_23_HOU@ARL,,QBStat,17,2302039-HOU-at-ARL,488,1388,3188,8:08,1,,,1.0,ARL,HOU,0.0,3,3,3.0,3.0,Visitor,44,2,44.0,0,6,0,1.0,10.0,21207,22363,,StatusOfficial,ResultPassIncomplete,,Home,29.0,4.0,27.0,2:05, ,,,,,,,,,,,,,,,,,,,,,,,,,,,,,,,,0,0.0,0.0,0.0,0.0,0.0
2023,FOOTBALL_XFL_2023_4_23_HOU@ARL,HOU,2,ARL,1,outdoors,186,1682277486.0,55086,2023-04-23 19:18:06.000000,EventFootballRush,2-10-HOU 44 (7:37) 26 L. Brown rush to HOU 38 for 6 yards (36 C. Brice),,True,1,7,37,Half1,MaSourceTypeOfficialScoring,FOOTBALL_XFL_2023_4_23_HOU@ARL,,QBStat,18,2302039-HOU-at-ARL,457,1357,3157,7:37,1,,,1.0,ARL,HOU,0.0,3,3,3.0,3.0,Visitor,44,2,44.0,0,6,0,2.0,10.0,,,21918,StatusOfficial,,6.0,Home,29.0,5.0,33.0,2:52, ,20207,,,,,,,,,,,,,,,,,,,,,,,,,,,,,,,0,0.0,0.0,0.0,0.0,0.0
2023,FOOTBALL_XFL_2023_4_23_HOU@ARL,HOU,2,ARL,1,outdoors,187,1682277524.0,55124,2023-04-23 19:18:44.000000,EventFootballPass,3-4-HOU 38 (6:59) 12 L. Perez pass incomplete to 85 T. Vaughns Pass Defended by 16 R. Texada,,True,1,6,59,Half1,MaSourceTypeOfficialScoring,FOOTBALL_XFL_2023_4_23_HOU@ARL,,QBStat,19,2302039-HOU-at-ARL,419,1319,3119,6:59,1,,,1.0,ARL,HOU,0.0,3,3,3.0,3.0,Visitor,38,2,38.0,0,6,0,3.0,4.0,21207,22363,,StatusOfficial,ResultPassIncomplete,,Home,29.0,6.0,33.0,3:18, ,,,,,,,,,,,,,,,,21536,,,,,,,,,,,,,,,,0,0.0,0.0,0.0,0.0,0.0
2023,FOOTBALL_XFL_2023_4_23_HOU@ARL,HOU,2,ARL,1,outdoors,188,1682277552.0,55152,2023-04-23 19:19:12.000000,EventFootballFg,4-4-HOU 38 (6:35) 1 T. Russolino 56 yard field goal is GOOD,,True,1,6,35,Half1,MaSourceTypeOfficialScoring,FOOTBALL_XFL_2023_4_23_HOU@ARL,,QBStat,20,2302039-HOU-at-ARL,395,1295,3095,6:35,1,,,1.0,ARL,HOU,0.0,3,3,3.0,3.0,Visitor,38,2,38.0,0,6,0,4.0,4.0,,,,StatusOfficial,ResultKickMade,56.0,Home,29.0,7.0,33.0,3:35,FG,,,,,,,,21359,ScoreTypeFg,,,,,,,,,,,,,,,,,,,,,,,0,0.0,0.0,1.0,1.0,0.0
2023,FOOTBALL_XFL_2023_4_23_HOU@ARL,HOU,2,ARL,1,outdoors,189,1682277760.0,55360,2023-04-23 19:22:40.000000,EventFootballKickoff,FROM ARL 30 (6:23) 1 T. Russolino kicks from ARL 30. 26 B. Alleyne to HOU 34 for 28 yards (22 J. Carter),,True,1,6,23,Half1,MaSourceTypeOfficialScoring,FOOTBALL_XFL_2023_4_23_HOU@ARL,,QBStat,21,2302039-HOU-at-ARL,383,1283,3083,6:23,2,,,0.0,HOU,ARL,0.0,3,3,3.0,3.0,Home,30,3,30.0,0,6,3,,,,,20270,StatusOfficial,ResultKickReturned,,,,,,,,,,,,,,,21359,,20033,28.0,Visitor,34.0,,,,,,,,,,,,,,,,,,,0,0.0,0.0,0.0,0.0,0.0
2023,FOOTBALL_XFL_2023_4_23_HOU@ARL,HOU,2,ARL,1,outdoors,190,1682277902.0,55502,2023-04-23 19:25:02.000000,EventFootballRush,1-10-HOU 34 (6:10) 35 J. Cox rush to ARL 44 for 22 yards (4 J. Powell),,True,1,6,10,Half1,MaSourceTypeOfficialScoring,FOOTBALL_XFL_2023_4_23_HOU@ARL,,QBStat,22,2302039-HOU-at-ARL,370,1270,3070,6:10,2,,,0.0,HOU,ARL,0.0,3,3,3.0,3.0,Visitor,34,3,66.0,0,6,3,1.0,10.0,,,21251,StatusOfficial,,22.0,Visitor,34.0,1.0,22.0,0:35, ,21854,,,,,,,,,,,,,,,,,,,,,,,,,,,,,,,0,0.0,0.0,0.0,0.0,0.0
2023,FOOTBALL_XFL_2023_4_23_HOU@ARL,HOU,2,ARL,1,outdoors,191,1682277937.0,55537,2023-04-23 19:25:37.000000,EventFootballPass,1-10-ARL 44 (5:35) 14 C. McDonald pass to 10 J. Smith to ARL 14 for 30 yards (29 S. Brown),,True,1,5,35,Half1,MaSourceTypeOfficialScoring,FOOTBALL_XFL_2023_4_23_HOU@ARL,,QBStat,23,2302039-HOU-at-ARL,335,1235,3035,5:35,2,,,0.0,HOU,ARL,0.0,3,3,3.0,3.0,Home,44,3,44.0,0,6,3,1.0,10.0,21982,21441,20212,StatusOfficial,ResultPassComplete,30.0,Visitor,34.0,2.0,52.0,1:09, ,,,,,,,,,,,,,,,,,,,,,,,,,,,,,,,,0,0.0,0.0,0.0,0.0,0.0
2023,FOOTBALL_XFL_2023_4_23_HOU@ARL,HOU,2,ARL,1,outdoors,192,1682277976.0,55576,2023-04-23 19:26:16.000000,EventFootballRush,1-10-ARL 14 (5:03) 14 C. McDonald rush to ARL 5 for 9 yards (5 W. Hill),,True,1,5,3,Half1,MaSourceTypeOfficialScoring,FOOTBALL_XFL_2023_4_23_HOU@ARL,,QBStat,24,2302039-HOU-at-ARL,303,1203,3003,5:03,2,,,0.0,HOU,ARL,0.0,3,3,3.0,3.0,Home,14,3,14.0,0,6,3,1.0,10.0,,,20693,StatusOfficial,,9.0,Visitor,34.0,3.0,61.0,1:37, ,21982,,,,,,,,,,,,,,,,,,,,,,,,,,,,,,,0,0.0,0.0,0.0,0.0,0.0
2023,FOOTBALL_XFL_2023_4_23_HOU@ARL,HOU,2,ARL,1,outdoors,193,1682278009.0,55609,2023-04-23 19:26:49.000000,EventFootballRush,"2-1-ARL 5 (4:30) 35 J. Cox rush for 5 yards, TOUCHDOWN",,True,1,4,30,Half1,MaSourceTypeOfficialScoring,FOOTBALL_XFL_2023_4_23_HOU@ARL,,QBStat,25,2302039-HOU-at-ARL,270,1170,2970,4:30,2,,,0.0,HOU,ARL,0.0,3,3,3.0,3.0,Home,5,3,5.0,0,6,3,2.0,1.0,,,,StatusOfficial,,5.0,Visitor,34.0,4.0,66.0,1:53,TD,21854,,,,,,,,ScoreTypeTd,,,,,,,,,,,,,,,,,,,,,,,0,0.0,1.0,0.0,0.0,1.0
2023,FOOTBALL_XFL_2023_4_23_HOU@ARL,HOU,2,ARL,1,outdoors,194,1682278027.0,55627,2023-04-23 19:27:07.000000,EventFootballPat1PtRush,FROM ARL 2 (4:30) 35 J. Cox 1-pt conversion rush attempt NO GOOD,,True,1,4,30,Half1,MaSourceTypeOfficialScoring,FOOTBALL_XFL_2023_4_23_HOU@ARL,,QBStat,26,2302039-HOU-at-ARL,270,1170,2970,4:30,2,,,0.0,HOU,ARL,0.0,3,3,3.0,3.0,Home,2,3,2.0,0,12,3,,,,,,StatusOfficial,,0.0,,,,,,,21854,,,,,,,,,,,,,,,,,,1.0,,,,,,,,,,,,,0,0.0,0.0,0.0,0.0,0.0
2023,FOOTBALL_XFL_2023_4_23_HOU@ARL,HOU,2,ARL,1,outdoors,195,1682278127.0,55727,2023-04-23 19:28:47.000000,EventFootballKickoff,"FROM HOU 30 (4:29) 8 A. Jones kicks from HOU 30. 16 R. Hall to ARL 17 for 12 yards (28 S. Denmark) PENALTY on (ARL) 27 B. Rusnak, 10 yards",,True,1,4,29,Half1,MaSourceTypeOfficialScoring,FOOTBALL_XFL_2023_4_23_HOU@ARL,,QBStat,27,2302039-HOU-at-ARL,269,1169,2969,4:29,1,,,1.0,ARL,HOU,0.0,3,3,3.0,3.0,Visitor,30,4,30.0,0,12,3,,,,,20386,StatusOfficial,ResultKickReturned,,,,,,,,,,1,22893,10.0,ResultPenaltyRepeatdown,NA,22903,,22529,12.0,Home,17.0,,,,,,,,,,,,,,,,,,,0,0.0,0.0,0.0,0.0,0.0
2023,FOOTBALL_XFL_2023_4_23_HOU@ARL,HOU,2,ARL,1,outdoors,196,1682278190.0,55790,2023-04-23 19:29:50.000000,EventFootballRush,1-10-ARL 17 (4:13) 26 L. Brown rush to ARL 18 for 1 yard (28 S. Denmark),,True,1,4,13,Half1,MaSourceTypeOfficialScoring,FOOTBALL_XFL_2023_4_23_HOU@ARL,,QBStat,28,2302039-HOU-at-ARL,253,1153,2953,4:13,1,,,1.0,ARL,HOU,0.0,3,3,3.0,3.0,Home,17,4,83.0,0,12,3,1.0,10.0,,,20386,StatusOfficial,,1.0,Home,17.0,1.0,1.0,0:32, ,20207,,,,,,,,,,,,,,,,,,,,,,,,,,,,,,,0,0.0,0.0,0.0,0.0,0.0
2023,FOOTBALL_XFL_2023_4_23_HOU@ARL,HOU,2,ARL,1,outdoors,197,1682278224.0,55824,2023-04-23 19:30:24.000000,EventFootballRush,"2-9-ARL 18 (3:39) 26 L. Brown rush to ARL 26 for 8 yards (27 D. Lewis, 36 C. Brice)",,True,1,3,39,Half1,MaSourceTypeOfficialScoring,FOOTBALL_XFL_2023_4_23_HOU@ARL,,QBStat,29,2302039-HOU-at-ARL,219,1119,2919,3:39,1,,,1.0,ARL,HOU,0.0,3,3,3.0,3.0,Home,18,4,82.0,0,12,3,2.0,9.0,,,22597,StatusOfficial,,8.0,Home,17.0,2.0,9.0,1:24, ,20207,21918,,,,,,,,,,,,,,,,,,,,,,,,,,,,,,0,0.0,0.0,0.0,0.0,0.0
2023,FOOTBALL_XFL_2023_4_23_HOU@ARL,HOU,2,ARL,1,outdoors,198,1682278281.0,55881,2023-04-23 19:31:21.000000,EventFootballTimeout,3-1-ARL 26 (2:56) Timeout by Arlington Renegades at 2:56,,True,1,2,56,Half1,MaSourceTypeOfficialScoring,FOOTBALL_XFL_2023_4_23_HOU@ARL,,QBStat,30,2302039-HOU-at-ARL,176,1076,2876,2:56,1,,,1.0,ARL,HOU,0.0,3,3,3.0,3.0,Home,26,4,74.0,0,12,3,3.0,1.0,,,,StatusOfficial,,,Home,17.0,2.0,9.0,1:34, ,,,,,,,,,,,,,,1,,,,,,,,,,,,,,,,,,0,0.0,0.0,0.0,0.0,0.0
2023,FOOTBALL_XFL_2023_4_23_HOU@ARL,HOU,2,ARL,1,outdoors,199,1682278333.0,55933,2023-04-23 19:32:13.000000,EventFootballRush,"3-1-ARL 26 (2:53) 26 L. Brown rush to ARL 29 for 3 yards (97 G. Logan, 18 J. Mosley)",,True,1,2,53,Half1,MaSourceTypeOfficialScoring,FOOTBALL_XFL_2023_4_23_HOU@ARL,,QBStat,31,2302039-HOU-at-ARL,173,1073,2873,2:53,1,,,1.0,ARL,HOU,0.0,3,2,2.0,2.0,Home,26,4,74.0,0,12,3,3.0,1.0,,,21946,StatusOfficial,,3.0,Home,17.0,3.0,12.0,2:21, ,20207,21108,,,,,,,,,,,,,,,,,,,,,,,,,,,,,,0,0.0,0.0,0.0,0.0,0.0
2023,FOOTBALL_XFL_2023_4_23_HOU@ARL,HOU,2,ARL,1,outdoors,200,1682278378.0,55978,2023-04-23 19:32:58.000000,EventFootballPass,1-10-ARL 29 (2:08) 12 L. Perez pass to 85 T. Vaughns to ARL 36 for 7 yards (25 J. Brannon),,True,1,2,8,Half1,MaSourceTypeOfficialScoring,FOOTBALL_XFL_2023_4_23_HOU@ARL,,QBStat,32,2302039-HOU-at-ARL,128,1028,2828,2:08,1,,,1.0,ARL,HOU,0.0,3,2,2.0,2.0,Home,29,4,71.0,0,12,3,1.0,10.0,21207,22363,21848,StatusOfficial,ResultPassComplete,7.0,Home,17.0,4.0,19.0,2:39, ,,,,,,,,,,,,,,,,,,,,,,,,,,,,,,,,0,0.0,0.0,0.0,0.0,0.0
2023,FOOTBALL_XFL_2023_4_23_HOU@ARL,HOU,2,ARL,1,outdoors,201,1682278416.0,56016,2023-04-23 19:33:36.000000,EventFootballPass,2-3-ARL 36 (1:34) 12 L. Perez pass to 16 R. Hall to ARL 43 for 7 yards (17 D. Johnson),,True,1,1,34,Half1,MaSourceTypeOfficialScoring,FOOTBALL_XFL_2023_4_23_HOU@ARL,,QBStat,33,2302039-HOU-at-ARL,94,994,2794,1:34,1,,,1.0,ARL,HOU,0.0,3,2,2.0,2.0,Home,36,4,64.0,0,12,3,2.0,3.0,21207,22529,20801,StatusOfficial,ResultPassComplete,7.0,Home,17.0,5.0,26.0,3:22, ,,,,,,,,,,,,,,,,,,,,,,,,,,,,,,,,0,0.0,0.0,0.0,0.0,0.0
2023,FOOTBALL_XFL_2023_4_23_HOU@ARL,HOU,2,ARL,1,outdoors,202,1682278459.0,56059,2023-04-23 19:34:19.000000,EventFootballPass,1-10-ARL 43 (0:53) 12 L. Perez pass dropped by 85 T. Vaughns,,True,1,0,53,Half1,MaSourceTypeOfficialScoring,FOOTBALL_XFL_2023_4_23_HOU@ARL,,QBStat,34,2302039-HOU-at-ARL,53,953,2753,0:53,1,,,1.0,ARL,HOU,0.0,3,2,2.0,2.0,Home,43,4,57.0,0,12,3,1.0,10.0,21207,22363,,StatusOfficial,ResultPassDropped,,Home,17.0,6.0,26.0,3:41, ,,,,,,,,,,,,,,,,,,,,,,,,,,,,,,,,0,0.0,0.0,0.0,0.0,0.0
2023,FOOTBALL_XFL_2023_4_23_HOU@ARL,HOU,2,ARL,1,outdoors,203,1682278488.0,56088,2023-04-23 19:34:48.000000,EventFootballPass,"2-10-ARL 43 (0:25) 12 L. Perez pass to 80 S. Cannella to HOU 47 for 10 yards (4 W. Likely, 31 D. Tolentino)",,True,1,0,25,Half1,MaSourceTypeOfficialScoring,FOOTBALL_XFL_2023_4_23_HOU@ARL,,QBStat,35,2302039-HOU-at-ARL,25,925,2725,0:25,1,,,1.0,ARL,HOU,0.0,3,2,2.0,2.0,Home,43,4,57.0,0,12,3,2.0,10.0,21207,22030,22601,StatusOfficial,ResultPassComplete,10.0,Home,17.0,7.0,36.0,4:30, ,,21566,,,,,,,,,,,,,,,,,,,,,,,,,,,,,,0,0.0,0.0,0.0,0.0,0.0
2023,FOOTBALL_XFL_2023_4_23_HOU@ARL,HOU,2,ARL,1,outdoors,204,1682278733.0,56333,2023-04-23 19:38:53.000000,EventFootballPass,1-10-HOU 47 (14:56) 12 L. Perez pass to 35 B. Herrien to HOU 45 for 2 yards (27 D. Lewis),,True,2,14,56,Half1,MaSourceTypeOfficialScoring,FOOTBALL_XFL_2023_4_23_HOU@ARL,,QBStat,36,2302039-HOU-at-ARL,896,896,2696,14:56,1,,,1.0,ARL,HOU,0.0,3,2,2.0,2.0,Visitor,47,4,47.0,0,12,3,1.0,10.0,21207,20679,22597,StatusOfficial,ResultPassComplete,2.0,Home,17.0,8.0,38.0,4:48, ,,,,,,,,,,,,,,,,,,,,,,,,,,,,,,,,0,0.0,0.0,0.0,0.0,0.0
2023,FOOTBALL_XFL_2023_4_23_HOU@ARL,HOU,2,ARL,1,outdoors,82,1682278768.0,56368,2023-04-23 19:39:28.000000,EventFootballPass,2-8-HOU 45 (14:25) 12 L. Perez pass to 16 R. Hall to HOU 41 for 4 yards (31 D. Tolentino),,True,2,14,25,Half1,MaSourceTypeOfficialScoring,FOOTBALL_XFL_2023_4_23_HOU@ARL,,QBStat,37,2302039-HOU-at-ARL,865,865,2665,14:25,1,,,1.0,ARL,HOU,0.0,3,2,2.0,2.0,Visitor,45,4,45.0,0,12,3,2.0,8.0,21207,22529,21566,StatusOfficial,ResultPassComplete,4.0,Home,17.0,9.0,42.0,5:18, ,,,,,,,,,,,,,,,,,,,,,,,,,,,,,,,,0,0.0,0.0,0.0,0.0,0.0
2023,FOOTBALL_XFL_2023_4_23_HOU@ARL,HOU,2,ARL,1,outdoors,84,1682278814.0,56414,2023-04-23 19:40:14.000000,EventFootballPass,3-4-HOU 41 (13:45) 12 L. Perez pass to 85 T. Vaughns to HOU 36 for 5 yards (31 D. Tolentino),,True,2,13,45,Half1,MaSourceTypeOfficialScoring,FOOTBALL_XFL_2023_4_23_HOU@ARL,,QBStat,38,2302039-HOU-at-ARL,825,825,2625,13:45,1,,,1.0,ARL,HOU,0.0,3,2,2.0,2.0,Visitor,41,4,41.0,0,12,3,3.0,4.0,21207,22363,21566,StatusOfficial,ResultPassComplete,5.0,Home,17.0,10.0,47.0,6:03, ,,,,,,,,,,,,,,,,,,,,,,,,,,,,,,,,0,0.0,0.0,0.0,0.0,0.0
2023,FOOTBALL_XFL_2023_4_23_HOU@ARL,HOU,2,ARL,1,outdoors,86,1682278848.0,56448,2023-04-23 19:40:48.000000,EventFootballRush,"1-10-HOU 36 (13:11) 26 L. Brown rush to HOU 28 for 8 yards (27 D. Lewis, 11 T. Beckett)",,True,2,13,11,Half1,MaSourceTypeOfficialScoring,FOOTBALL_XFL_2023_4_23_HOU@ARL,,QBStat,39,2302039-HOU-at-ARL,791,791,2591,13:11,1,,,1.0,ARL,HOU,0.0,3,2,2.0,2.0,Visitor,36,4,36.0,0,12,3,1.0,10.0,,,22597,StatusOfficial,,8.0,Home,17.0,11.0,55.0,6:39, ,20207,20107,,,,,,,,,,,,,,,,,,,,,,,,,,,,,,0,0.0,0.0,0.0,0.0,0.0
2023,FOOTBALL_XFL_2023_4_23_HOU@ARL,HOU,2,ARL,1,outdoors,88,1682278884.0,56484,2023-04-23 19:41:24.000000,EventFootballRush,2-2-HOU 28 (12:35) 26 L. Brown rush to HOU 29 for -1 yards (89 T. Ward),,True,2,12,35,Half1,MaSourceTypeOfficialScoring,FOOTBALL_XFL_2023_4_23_HOU@ARL,,QBStat,40,2302039-HOU-at-ARL,755,755,2555,12:35,1,,,1.0,ARL,HOU,0.0,3,2,2.0,2.0,Visitor,28,4,28.0,0,12,3,2.0,2.0,,,21628,StatusOfficial,,-1.0,Home,17.0,12.0,54.0,7:14, ,20207,,,,,,,,,,,,,,,,,,,,,,,,,,,,,,,0,0.0,0.0,0.0,0.0,0.0
2023,FOOTBALL_XFL_2023_4_23_HOU@ARL,HOU,2,ARL,1,outdoors,90,1682278920.0,56520,2023-04-23 19:42:00.000000,EventFootballPenalty,"3-3-HOU 29 (12:05) PENALTY on (HOU) 45 J. Daka, 5 yards",,True,2,12,5,Half1,MaSourceTypeOfficialScoring,FOOTBALL_XFL_2023_4_23_HOU@ARL,,QBStat,41,2302039-HOU-at-ARL,725,725,2525,12:05,1,,,1.0,ARL,HOU,0.0,3,2,2.0,2.0,Visitor,29,4,29.0,0,12,3,3.0,3.0,,,,StatusOfficial,,,Home,17.0,12.0,59.0,7:27, ,,,2,20350,5.0,ResultPenaltyRepeatdown,NA,,,,,,,,,,,,,,,,,,,,,,,,,0,0.0,0.0,0.0,0.0,0.0
2023,FOOTBALL_XFL_2023_4_23_HOU@ARL,HOU,2,ARL,1,outdoors,92,1682278978.0,56578,2023-04-23 19:42:58.000000,EventFootballRush,1-10-HOU 24 (11:45) 26 L. Brown rush to HOU 23 for 1 yard (89 T. Ward),,True,2,11,45,Half1,MaSourceTypeOfficialScoring,FOOTBALL_XFL_2023_4_23_HOU@ARL,,QBStat,42,2302039-HOU-at-ARL,705,705,2505,11:45,1,,,1.0,ARL,HOU,0.0,3,2,2.0,2.0,Visitor,24,4,24.0,0,12,3,1.0,10.0,,,21628,StatusOfficial,,1.0,Home,17.0,13.0,60.0,8:14, ,20207,,,,,,,,,,,,,,,,,,,,,,,,,,,,,,,0,0.0,0.0,0.0,0.0,0.0
2023,FOOTBALL_XFL_2023_4_23_HOU@ARL,HOU,2,ARL,1,outdoors,94,1682279012.0,56612,2023-04-23 19:43:32.000000,EventFootballPass,"2-9-HOU 23 (11:10) 12 L. Perez pass to 13 C. Vander Esch to HOU 17 for 6 yards (27 D. Lewis, 45 J. Daka)",,True,2,11,10,Half1,MaSourceTypeOfficialScoring,FOOTBALL_XFL_2023_4_23_HOU@ARL,,QBStat,43,2302039-HOU-at-ARL,670,670,2470,11:10,1,,,1.0,ARL,HOU,0.0,3,2,2.0,2.0,Visitor,23,4,23.0,0,12,3,2.0,9.0,21207,21601,22597,StatusOfficial,ResultPassComplete,6.0,Home,17.0,14.0,66.0,8:51, ,,20350,,,,,,,,,,,,,,,,,,,,,,,,,,,,,,0,0.0,0.0,0.0,0.0,0.0
2023,FOOTBALL_XFL_2023_4_23_HOU@ARL,HOU,2,ARL,1,outdoors,96,1682279052.0,56652,2023-04-23 19:44:12.000000,EventFootballRush,"3-3-HOU 17 (10:31) 26 L. Brown rush to HOU 18 for -1 yards (96 J. Heflin, 11 T. Beckett)",,True,2,10,31,Half1,MaSourceTypeOfficialScoring,FOOTBALL_XFL_2023_4_23_HOU@ARL,,QBStat,44,2302039-HOU-at-ARL,631,631,2431,10:31,1,,,1.0,ARL,HOU,0.0,3,2,2.0,2.0,Visitor,17,4,17.0,0,12,3,3.0,3.0,,,22875,StatusOfficial,,-1.0,Home,17.0,15.0,65.0,9:32, ,20207,20107,,,,,,,,,,,,,,,,,,,,,,,,,,,,,,0,0.0,0.0,0.0,0.0,0.0
2023,FOOTBALL_XFL_2023_4_23_HOU@ARL,HOU,2,ARL,1,outdoors,98,1682279092.0,56692,2023-04-23 19:44:52.000000,EventFootballFg,4-4-HOU 18 (9:50) 1 T. Russolino 36 yard field goal is GOOD,,True,2,9,50,Half1,MaSourceTypeOfficialScoring,FOOTBALL_XFL_2023_4_23_HOU@ARL,,QBStat,45,2302039-HOU-at-ARL,590,590,2390,9:50,1,,,1.0,ARL,HOU,0.0,3,2,2.0,2.0,Visitor,18,4,18.0,0,12,3,4.0,4.0,,,,StatusOfficial,ResultKickMade,36.0,Home,17.0,16.0,65.0,9:40,FG,,,,,,,,20229,ScoreTypeFg,,,,,,,,,,,,,,,,,,,,,,,0,0.0,0.0,1.0,1.0,0.0
2023,FOOTBALL_XFL_2023_4_23_HOU@ARL,HOU,2,ARL,1,outdoors,100,1682279290.0,56890,2023-04-23 19:48:10.000000,EventFootballKickoff,"FROM ARL 30 (9:46) 1 T. Russolino kicks from ARL 30. 26 B. Alleyne to HOU 29 for 21 yards (81 N. Becker, 53 D. Sankey)",,True,2,9,46,Half1,MaSourceTypeOfficialScoring,FOOTBALL_XFL_2023_4_23_HOU@ARL,,QBStat,46,2302039-HOU-at-ARL,586,586,2386,9:46,2,,,0.0,HOU,ARL,0.0,3,2,3.0,3.0,Home,30,5,30.0,0,12,6,,,,,22326,StatusOfficial,ResultKickReturned,,,,,,,,,22886,,,,,,21359,,20033,21.0,Visitor,29.0,,,,,,,,,,,,,,,,,,,0,0.0,0.0,0.0,0.0,0.0
2023,FOOTBALL_XFL_2023_4_23_HOU@ARL,HOU,2,ARL,1,outdoors,102,1682279339.0,56939,2023-04-23 19:48:59.000000,EventFootballRush,1-10-HOU 29 (9:36) 5 K. Eleby rush to HOU 35 for 6 yards (43 A. Donkor),,True,2,9,36,Half1,MaSourceTypeOfficialScoring,FOOTBALL_XFL_2023_4_23_HOU@ARL,,QBStat,47,2302039-HOU-at-ARL,576,576,2376,9:36,2,,,0.0,HOU,ARL,0.0,3,2,3.0,3.0,Visitor,29,5,71.0,0,12,6,1.0,10.0,,,22890,StatusOfficial,,6.0,Visitor,29.0,1.0,6.0,0:28, ,20445,,,,,,,,,,,,,,,,,,,,,,,,,,,,,,,0,0.0,0.0,0.0,0.0,0.0
2023,FOOTBALL_XFL_2023_4_23_HOU@ARL,HOU,2,ARL,1,outdoors,104,1682279381.0,56981,2023-04-23 19:49:41.000000,EventFootballPass,"2-4-HOU 35 (8:53) 5 K. Eleby pass to 6 T. Harris to HOU 41 for 6 yards (22 J. Carter, 43 A. Donkor)",,True,2,8,53,Half1,MaSourceTypeOfficialScoring,FOOTBALL_XFL_2023_4_23_HOU@ARL,,QBStat,48,2302039-HOU-at-ARL,533,533,2333,8:53,2,,,0.0,HOU,ARL,0.0,3,2,3.0,3.0,Visitor,35,5,65.0,0,12,6,2.0,4.0,20445,20642,20270,StatusOfficial,ResultPassComplete,6.0,Visitor,29.0,2.0,12.0,1:16, ,,22890,,,,,,,,,,,,,,,,,,,,,,,,,,,,,,0,0.0,0.0,0.0,0.0,0.0
2023,FOOTBALL_XFL_2023_4_23_HOU@ARL,HOU,2,ARL,1,outdoors,106,1682279421.0,57021,2023-04-23 19:50:21.000000,EventFootballPass,"1-10-HOU 41 (8:13) 5 K. Eleby pass to 80 B. Putman to HOU 42 for 1 yard (36 C. Schooler, 29 S. Brown)",,True,2,8,13,Half1,MaSourceTypeOfficialScoring,FOOTBALL_XFL_2023_4_23_HOU@ARL,,QBStat,49,2302039-HOU-at-ARL,493,493,2293,8:13,2,,,0.0,HOU,ARL,0.0,3,2,3.0,3.0,Visitor,41,5,59.0,0,12,6,1.0,10.0,20445,21266,21379,StatusOfficial,ResultPassComplete,1.0,Visitor,29.0,3.0,13.0,1:51, ,,20212,,,,,,,,,,,,,,,,,,,,,,,,,,,,,,0,0.0,0.0,0.0,0.0,0.0
2023,FOOTBALL_XFL_2023_4_23_HOU@ARL,HOU,2,ARL,1,outdoors,108,1682279451.0,57051,2023-04-23 19:50:51.000000,EventFootballPenalty,"2-9-HOU 42 (7:50) PENALTY on (HOU) 79 J. Moore, 5 yards",,True,2,7,50,Half1,MaSourceTypeOfficialScoring,FOOTBALL_XFL_2023_4_23_HOU@ARL,,QBStat,50,2302039-HOU-at-ARL,470,470,2270,7:50,2,,,0.0,HOU,ARL,0.0,3,2,3.0,3.0,Visitor,42,5,58.0,0,12,6,2.0,9.0,,,,StatusOfficial,,,Visitor,29.0,3.0,8.0,1:57, ,,,2,22854,5.0,ResultPenaltyRepeatdown,NA,,,,,,,,,,,,,,,,,,,,,,,,,0,0.0,0.0,0.0,0.0,0.0
2023,FOOTBALL_XFL_2023_4_23_HOU@ARL,HOU,2,ARL,1,outdoors,110,1682279485.0,57085,2023-04-23 19:51:25.000000,EventFootballRush,2-14-HOU 37 (7:32) 35 J. Cox rush to HOU 42 for 5 yards (43 A. Donkor),,True,2,7,32,Half1,MaSourceTypeOfficialScoring,FOOTBALL_XFL_2023_4_23_HOU@ARL,,QBStat,51,2302039-HOU-at-ARL,452,452,2252,7:32,2,,,0.0,HOU,ARL,0.0,3,2,3.0,3.0,Visitor,37,5,63.0,0,12,6,2.0,14.0,,,22890,StatusOfficial,,5.0,Visitor,29.0,4.0,13.0,2:36, ,21854,,,,,,,,,,,,,,,,,,,,,,,,,,,,,,,0,0.0,0.0,0.0,0.0,0.0
2023,FOOTBALL_XFL_2023_4_23_HOU@ARL,HOU,2,ARL,1,outdoors,112,1682279520.0,57120,2023-04-23 19:52:00.000000,EventFootballTimeout,3-9-HOU 42 (7:01) Timeout by Arlington Renegades at 7:01,,True,2,7,1,Half1,MaSourceTypeOfficialScoring,FOOTBALL_XFL_2023_4_23_HOU@ARL,,QBStat,52,2302039-HOU-at-ARL,421,421,2221,7:01,2,,,0.0,HOU,ARL,0.0,3,2,3.0,3.0,Visitor,42,5,58.0,0,12,6,3.0,9.0,,,,StatusOfficial,,,Visitor,29.0,4.0,13.0,2:46, ,,,,,,,,,,,,,,1,,,,,,,,,,,,,,,,,,0,0.0,0.0,0.0,0.0,0.0
2023,FOOTBALL_XFL_2023_4_23_HOU@ARL,HOU,2,ARL,1,outdoors,114,1682279741.0,57341,2023-04-23 19:55:41.000000,EventFootballPenalty,"3-9-HOU 42 (6:54) PENALTY on (ARL) 90 B. Hector, 5 yards",,True,2,6,54,Half1,MaSourceTypeOfficialScoring,FOOTBALL_XFL_2023_4_23_HOU@ARL,,QBStat,53,2302039-HOU-at-ARL,414,414,2214,6:54,2,,,0.0,HOU,ARL,0.0,3,1,3.0,3.0,Visitor,42,5,58.0,0,12,6,3.0,9.0,,,,StatusOfficial,,,Visitor,29.0,4.0,18.0,2:53, ,,,1,22010,5.0,ResultPenaltyRepeatdown,NA,,,,,,,,,,,,,,,,,,,,,,,,,0,0.0,0.0,0.0,0.0,0.0
2023,FOOTBALL_XFL_2023_4_23_HOU@ARL,HOU,2,ARL,1,outdoors,116,1682279780.0,57380,2023-04-23 19:56:20.000000,EventFootballPass,3-4-HOU 47 (6:23) 5 K. Eleby pass to 10 J. Smith to ARL 40 for 13 yards (25 J. Miller),,True,2,6,23,Half1,MaSourceTypeOfficialScoring,FOOTBALL_XFL_2023_4_23_HOU@ARL,,QBStat,54,2302039-HOU-at-ARL,383,383,2183,6:23,2,,,0.0,HOU,ARL,0.0,3,1,3.0,3.0,Visitor,47,5,53.0,0,12,6,3.0,4.0,20445,21441,22877,StatusOfficial,ResultPassComplete,13.0,Visitor,29.0,5.0,31.0,3:46, ,,,,,,,,,,,,,,,,,,,,,,,,,,,,,,,,0,0.0,0.0,0.0,0.0,0.0
2023,FOOTBALL_XFL_2023_4_23_HOU@ARL,HOU,2,ARL,1,outdoors,118,1682279806.0,57406,2023-04-23 19:56:46.000000,EventFootballRush,"1-10-ARL 40 (5:57) 35 J. Cox rush to ARL 36 for 4 yards (53 D. Sankey, 90 B. Hector)",,True,2,5,57,Half1,MaSourceTypeOfficialScoring,FOOTBALL_XFL_2023_4_23_HOU@ARL,,QBStat,55,2302039-HOU-at-ARL,357,357,2157,5:57,2,,,0.0,HOU,ARL,0.0,3,1,3.0,3.0,Home,40,5,40.0,0,12,6,1.0,10.0,,,22886,StatusOfficial,,4.0,Visitor,29.0,6.0,35.0,4:07, ,21854,22010,,,,,,,,,,,,,,,,,,,,,,,,,,,,,,0,0.0,0.0,0.0,0.0,0.0
2023,FOOTBALL_XFL_2023_4_23_HOU@ARL,HOU,2,ARL,1,outdoors,120,1682279850.0,57450,2023-04-23 19:57:30.000000,EventFootballSack,2-6-ARL 36 (5:14) 5 K. Eleby sacked at ARL 39 for -3 yards (36 C. Schooler),,True,2,5,14,Half1,MaSourceTypeOfficialScoring,FOOTBALL_XFL_2023_4_23_HOU@ARL,,QBStat,56,2302039-HOU-at-ARL,314,314,2114,5:14,2,,,0.0,HOU,ARL,0.0,3,1,3.0,3.0,Home,36,5,36.0,0,12,6,2.0,6.0,20445,,,StatusOfficial,,-3.0,Visitor,29.0,7.0,32.0,4:48, ,,,,,,,,,,,,,,,21379,,,,,,,,,,,,,,,,,0,0.0,0.0,0.0,0.0,0.0
2023,FOOTBALL_XFL_2023_4_23_HOU@ARL,HOU,2,ARL,1,outdoors,122,1682279885.0,57485,2023-04-23 19:58:05.000000,EventFootballPass,"3-9-ARL 39 (4:38) 5 K. Eleby pass to 10 J. Smith to ARL 31 for 8 yards (27 B. Rusnak, 22 J. Carter)",,True,2,4,38,Half1,MaSourceTypeOfficialScoring,FOOTBALL_XFL_2023_4_23_HOU@ARL,,QBStat,57,2302039-HOU-at-ARL,278,278,2078,4:38,2,,,0.0,HOU,ARL,0.0,3,1,3.0,3.0,Home,39,5,39.0,0,12,6,3.0,9.0,20445,21441,22893,StatusOfficial,ResultPassComplete,8.0,Visitor,29.0,8.0,40.0,5:26, ,,20270,,,,,,,,,,,,,,,,,,,,,,,,,,,,,,0,0.0,0.0,0.0,0.0,0.0
2023,FOOTBALL_XFL_2023_4_23_HOU@ARL,HOU,2,ARL,1,outdoors,124,1682279922.0,57522,2023-04-23 19:58:42.000000,EventFootballRush,"4-1-ARL 31 (4:01) 14 C. McDonald rush to ARL 31 for 0 yards (40 R. Mueller, 4 J. Powell) PENALTY on (HOU) 14 C. McDonald, 15 yards",,True,2,4,1,Half1,MaSourceTypeOfficialScoring,FOOTBALL_XFL_2023_4_23_HOU@ARL,,QBStat,58,2302039-HOU-at-ARL,241,241,2041,4:01,2,,,0.0,HOU,ARL,0.0,3,1,3.0,3.0,Home,31,5,31.0,0,12,6,4.0,1.0,,,21116,StatusOfficial,,0.0,Visitor,29.0,9.0,25.0,5:49,DOWNS,21982,21251,2,21982,15.0,ResultPenaltyLossdown,NA,,,,,,,,,,,,,,,,,,,,,,,,,0,0.0,0.0,0.0,0.0,0.0
2023,FOOTBALL_XFL_2023_4_23_HOU@ARL,HOU,2,ARL,1,outdoors,168,1682280057.0,57657,2023-04-23 20:00:57.000000,EventFootballPenalty,"1-10-ARL 46 (3:49) PENALTY on (HOU) 17 D. Johnson, 5 yards",,True,2,3,49,Half1,MaSourceTypeOfficialScoring,FOOTBALL_XFL_2023_4_23_HOU@ARL,,QBStat,59,2302039-HOU-at-ARL,229,229,2029,3:49,1,,,1.0,ARL,HOU,0.0,3,1,1.0,1.0,Home,46,6,54.0,0,12,6,1.0,10.0,,,,StatusOfficial,,,Home,46.0,,5.0,0:15, ,,,2,20801,5.0,ResultPenaltyRepeatdown,NA,,,,,,,,,,,,,,,,,,,,,,,,,0,0.0,0.0,0.0,0.0,0.0
2023,FOOTBALL_XFL_2023_4_23_HOU@ARL,HOU,2,ARL,1,outdoors,128,1682280087.0,57687,2023-04-23 20:01:27.000000,EventFootballPass,1-5-HOU 49 (3:26) 12 L. Perez pass to 26 L. Brown to HOU 41 for 8 yards (11 T. Beckett),,True,2,3,26,Half1,MaSourceTypeOfficialScoring,FOOTBALL_XFL_2023_4_23_HOU@ARL,,QBStat,60,2302039-HOU-at-ARL,206,206,2006,3:26,1,,,1.0,ARL,HOU,0.0,3,1,1.0,1.0,Visitor,49,6,49.0,0,12,6,1.0,5.0,21207,20207,20107,StatusOfficial,ResultPassComplete,8.0,Home,46.0,1.0,13.0,0:41, ,,,,,,,,,,,,,,,,,,,,,,,,,,,,,,,,0,0.0,0.0,0.0,0.0,0.0
2023,FOOTBALL_XFL_2023_4_23_HOU@ARL,HOU,2,ARL,1,outdoors,131,1682280125.0,57725,2023-04-23 20:02:05.000000,EventFootballRush,"1-10-HOU 41 (2:51) 26 L. Brown rush to HOU 44 for -3 yards (99 T. Mason, 11 T. Beckett)",,True,2,2,51,Half1,MaSourceTypeOfficialScoring,FOOTBALL_XFL_2023_4_23_HOU@ARL,,QBStat,61,2302039-HOU-at-ARL,171,171,1971,2:51,1,,,1.0,ARL,HOU,0.0,3,1,1.0,1.0,Visitor,41,6,41.0,0,12,6,1.0,10.0,,,21004,StatusOfficial,,-3.0,Home,46.0,2.0,10.0,1:24, ,20207,20107,,,,,,,,,,,,,,,,,,,,,,,,,,,,,,0,0.0,0.0,0.0,0.0,0.0
2023,FOOTBALL_XFL_2023_4_23_HOU@ARL,HOU,2,ARL,1,outdoors,133,1682280168.0,57768,2023-04-23 20:02:48.000000,EventFootballPass,2-13-HOU 44 (2:08) 12 L. Perez pass to 19 B. Arconado to HOU 42 for 2 yards (11 T. Beckett),,True,2,2,8,Half1,MaSourceTypeOfficialScoring,FOOTBALL_XFL_2023_4_23_HOU@ARL,,QBStat,62,2302039-HOU-at-ARL,128,128,1928,2:08,1,,,1.0,ARL,HOU,0.0,3,1,1.0,1.0,Visitor,44,6,44.0,0,12,6,2.0,13.0,21207,20050,20107,StatusOfficial,ResultPassComplete,2.0,Home,46.0,3.0,12.0,1:53, ,,,,,,,,,,,,,,,,,,,,,,,,,,,,,,,,0,0.0,0.0,0.0,0.0,0.0
2023,FOOTBALL_XFL_2023_4_23_HOU@ARL,HOU,2,ARL,1,outdoors,140,1682280403.0,58003,2023-04-23 20:06:43.000000,EventFootballPenalty,"3-11-HOU 42 (2:00) PENALTY on (HOU) 17 D. Johnson, 5 yards",,True,2,2,0,Half1,MaSourceTypeOfficialScoring,FOOTBALL_XFL_2023_4_23_HOU@ARL,,QBStat,63,2302039-HOU-at-ARL,120,120,1920,2:00,1,,,1.0,ARL,HOU,0.0,3,1,1.0,1.0,Visitor,42,6,42.0,0,12,6,3.0,11.0,,,,StatusOfficial,,,Home,46.0,3.0,17.0,1:53, ,,,2,20801,5.0,ResultPenaltyRepeatdown,NA,,,,,,,,,,,,,,,,,,,,,,,,,0,0.0,0.0,0.0,0.0,0.0
2023,FOOTBALL_XFL_2023_4_23_HOU@ARL,HOU,2,ARL,1,outdoors,139,1682280454.0,58054,2023-04-23 20:07:34.000000,EventFootballPass,3-6-HOU 37 (1:53) 12 L. Perez pass incomplete to 80 S. Cannella QB Hit by 96 J. Heflin Pass Defended by 25 J. Brannon,,True,2,1,53,Half1,MaSourceTypeOfficialScoring,FOOTBALL_XFL_2023_4_23_HOU@ARL,,QBStat,64,2302039-HOU-at-ARL,113,113,1913,1:53,1,,,1.0,ARL,HOU,0.0,3,1,1.0,1.0,Visitor,37,6,37.0,0,12,6,3.0,6.0,21207,22030,,StatusOfficial,ResultPassIncomplete,,Home,46.0,4.0,17.0,2:01, ,,,,,,,,,,,,,,,,21848,22875,,,,,,,,,,,,,,,0,0.0,0.0,0.0,0.0,0.0
2023,FOOTBALL_XFL_2023_4_23_HOU@ARL,HOU,2,ARL,1,outdoors,150,1682280494.0,58094,2023-04-23 20:08:14.000000,EventFootballPass,4-6-HOU 37 (1:47) 12 L. Perez pass to 26 L. Brown to HOU 23 for 14 yards QB Hit by 18 J. Mosley (29 A. Hendy),,True,2,1,47,Half1,MaSourceTypeOfficialScoring,FOOTBALL_XFL_2023_4_23_HOU@ARL,,QBStat,65,2302039-HOU-at-ARL,107,107,1907,1:47,1,,,1.0,ARL,HOU,0.0,3,1,1.0,1.0,Visitor,37,6,37.0,0,12,6,4.0,6.0,21207,20207,20675,StatusOfficial,ResultPassComplete,14.0,Home,46.0,5.0,31.0,2:41, ,,,,,,,,,,,,,,,,,21108,,,,,,,,,,,,,,,0,0.0,0.0,0.0,0.0,0.0
2023,FOOTBALL_XFL_2023_4_23_HOU@ARL,HOU,2,ARL,1,outdoors,145,1682280538.0,58138,2023-04-23 20:08:58.000000,EventFootballPass,1-10-HOU 23 (1:08) 12 L. Perez pass to 35 B. Herrien to HOU 9 for 14 yards (45 J. Daka),,True,2,1,8,Half1,MaSourceTypeOfficialScoring,FOOTBALL_XFL_2023_4_23_HOU@ARL,,QBStat,66,2302039-HOU-at-ARL,68,68,1868,1:08,1,,,1.0,ARL,HOU,0.0,3,1,1.0,1.0,Visitor,23,6,23.0,0,12,6,1.0,10.0,21207,20679,20350,StatusOfficial,ResultPassComplete,14.0,Home,46.0,6.0,45.0,2:48, ,,,,,,,,,,,,,,,,,,,,,,,,,,,,,,,,0,0.0,0.0,0.0,0.0,0.0
2023,FOOTBALL_XFL_2023_4_23_HOU@ARL,HOU,2,ARL,1,outdoors,147,1682280604.0,58204,2023-04-23 20:10:04.000000,EventFootballPenalty,"1-9-HOU 9 (0:58) PENALTY on (HOU) 31 D. Tolentino, 8 yards",,True,2,0,58,Half1,MaSourceTypeOfficialScoring,FOOTBALL_XFL_2023_4_23_HOU@ARL,,QBStat,67,2302039-HOU-at-ARL,58,58,1858,0:58,1,,,1.0,ARL,HOU,0.0,3,1,1.0,1.0,Visitor,9,6,9.0,0,12,6,1.0,9.0,,,,StatusOfficial,,,Home,46.0,6.0,53.0,2:55, ,,,2,21566,8.0,ResultPenaltyAuto1Stdown,NA,,,,,,,,,,,,,,,,,,,,,,,,,0,0.0,0.0,0.0,0.0,0.0
2023,FOOTBALL_XFL_2023_4_23_HOU@ARL,HOU,2,ARL,1,outdoors,149,1682280639.0,58239,2023-04-23 20:10:39.000000,EventFootballRush,"1-1-HOU 1 (0:52) 26 L. Brown rush to HOU 1 for 0 yards (96 J. Heflin, 18 J. Mosley)",,True,2,0,52,Half1,MaSourceTypeOfficialScoring,FOOTBALL_XFL_2023_4_23_HOU@ARL,,QBStat,68,2302039-HOU-at-ARL,52,52,1852,0:52,1,,,1.0,ARL,HOU,0.0,3,1,1.0,1.0,Visitor,1,6,1.0,0,12,6,1.0,1.0,,,22875,StatusOfficial,,0.0,Home,46.0,7.0,53.0,3:19, ,20207,21108,,,,,,,,,,,,,,,,,,,,,,,,,,,,,,0,0.0,0.0,0.0,0.0,0.0
2023,FOOTBALL_XFL_2023_4_23_HOU@ARL,HOU,2,ARL,1,outdoors,152,1682280675.0,58275,2023-04-23 20:11:15.000000,EventFootballPass,2-1-HOU 1 (0:16) 12 L. Perez pass incomplete to 11 L. Winningham Pass Defended by 28 S. Denmark,,True,2,0,16,Half1,MaSourceTypeOfficialScoring,FOOTBALL_XFL_2023_4_23_HOU@ARL,,QBStat,69,2302039-HOU-at-ARL,16,16,1816,0:16,1,,,1.0,ARL,HOU,0.0,3,1,1.0,1.0,Visitor,1,6,1.0,0,12,6,2.0,1.0,21207,21707,,StatusOfficial,ResultPassIncomplete,,Home,46.0,8.0,53.0,3:38, ,,,,,,,,,,,,,,,,20386,,,,,,,,,,,,,,,,0,0.0,0.0,0.0,0.0,0.0
2023,FOOTBALL_XFL_2023_4_23_HOU@ARL,HOU,2,ARL,1,outdoors,154,1682280722.0,58322,2023-04-23 20:12:02.000000,EventFootballTimeout,3-1-HOU 1 (0:15) Timeout by Arlington Renegades at 0:15,,True,2,0,15,Half1,MaSourceTypeOfficialScoring,FOOTBALL_XFL_2023_4_23_HOU@ARL,,QBStat,70,2302039-HOU-at-ARL,15,15,1815,0:15,1,,,1.0,ARL,HOU,0.0,3,1,1.0,1.0,Visitor,1,6,1.0,0,12,6,3.0,1.0,,,,StatusOfficial,,,Home,46.0,8.0,53.0,3:38, ,,,,,,,,,,,,,,1,,,,,,,,,,,,,,,,,,0,0.0,0.0,0.0,0.0,0.0
2023,FOOTBALL_XFL_2023_4_23_HOU@ARL,HOU,2,ARL,1,outdoors,156,1682280812.0,58412,2023-04-23 20:13:32.000000,EventFootballPass,3-1-HOU 1 (0:11) 12 L. Perez pass dropped by 11 L. Winningham,,True,2,0,11,Half1,MaSourceTypeOfficialScoring,FOOTBALL_XFL_2023_4_23_HOU@ARL,,QBStat,71,2302039-HOU-at-ARL,11,11,1811,0:11,1,,,1.0,ARL,HOU,0.0,3,0,0.0,0.0,Visitor,1,6,1.0,0,12,6,3.0,1.0,21207,21707,,StatusOfficial,ResultPassDropped,,Home,46.0,9.0,53.0,3:42, ,,,,,,,,,,,,,,,,,,,,,,,,,,,,,,,,0,0.0,0.0,0.0,0.0,0.0
2023,FOOTBALL_XFL_2023_4_23_HOU@ARL,HOU,2,ARL,1,outdoors,158,1682280839.0,58439,2023-04-23 20:13:59.000000,EventFootballFg,4-1-HOU 1 (0:07) 1 T. Russolino 19 yard field goal is GOOD,,True,2,0,7,Half1,MaSourceTypeOfficialScoring,FOOTBALL_XFL_2023_4_23_HOU@ARL,,QBStat,72,2302039-HOU-at-ARL,7,7,1807,0:07,1,,,1.0,ARL,HOU,0.0,3,0,0.0,0.0,Visitor,1,6,1.0,0,12,6,4.0,1.0,,,,StatusOfficial,ResultKickMade,19.0,Home,46.0,10.0,53.0,3:54,FG,,,,,,,,20229,ScoreTypeFg,,,,,,,,,,,,,,,,,,,,,,,0,0.0,0.0,1.0,1.0,0.0
2023,FOOTBALL_XFL_2023_4_23_HOU@ARL,HOU,2,ARL,1,outdoors,161,1682280927.0,58527,2023-04-23 20:15:27.000000,EventFootballKickoff,FROM ARL 30 (0:05) 1 T. Russolino kicks the kickoff short of 20 yd line,,True,2,0,5,Half1,MaSourceTypeOfficialScoring,FOOTBALL_XFL_2023_4_23_HOU@ARL,,QBStat,73,2302039-HOU-at-ARL,5,5,1805,0:05,2,,,0.0,HOU,ARL,0.0,3,0,3.0,3.0,Home,30,7,30.0,0,12,9,,,,,,StatusOfficial,ResultKickShortof20,,,,,,,,,,,,,,,21359,,,,Home,45.0,,,,,,,,,,,,,,,,,,,0,0.0,0.0,0.0,0.0,0.0
2023,FOOTBALL_XFL_2023_4_23_HOU@ARL,HOU,2,ARL,1,outdoors,163,1682280976.0,58576,2023-04-23 20:16:16.000000,EventFootballPass,1-10-ARL 45 (0:03) 5 K. Eleby pass incomplete to 10 J. Smith,,True,2,0,3,Half1,MaSourceTypeOfficialScoring,FOOTBALL_XFL_2023_4_23_HOU@ARL,,QBStat,74,2302039-HOU-at-ARL,3,3,1803,0:03,2,,,0.0,HOU,ARL,0.0,3,0,3.0,3.0,Home,45,7,45.0,0,12,9,1.0,10.0,20445,21441,,StatusOfficial,ResultPassIncomplete,,Home,45.0,1.0,,0:04, ,,,,,,,,,,,,,,,,,,,,,,,,,,,,,,,,0,0.0,0.0,0.0,0.0,0.0
2023,FOOTBALL_XFL_2023_4_23_HOU@ARL,HOU,2,ARL,1,outdoors,166,1682281008.0,58608,2023-04-23 20:16:48.000000,EventFootballRush,"2-10-ARL 45 (0:00) 35 J. Cox rush to ARL 38 for 7 yards (44 B. Rotimi, 36 C. Schooler)",,True,2,0,0,Half1,MaSourceTypeOfficialScoring,FOOTBALL_XFL_2023_4_23_HOU@ARL,,QBStat,75,2302039-HOU-at-ARL,0,0,1800,0:00,2,,,0.0,HOU,ARL,0.0,3,0,3.0,3.0,Home,45,7,45.0,0,12,9,2.0,10.0,,,21348,StatusOfficial,,7.0,Home,45.0,2.0,7.0,0:07,HALF,21854,21379,,,,,,,,,,,,,,,,,,,,,,,,,,,,,,0,0.0,0.0,0.0,0.0,0.0
2023,FOOTBALL_XFL_2023_4_23_HOU@ARL,HOU,2,ARL,1,outdoors,167,1682281047.0185597,,2023-04-23 20:17:27.018560,EventPeriodEnd,Halftime Marker,,True,2,0,0,Half1,MaSourceTypeOfficialScoring,FOOTBALL_XFL_2023_4_23_HOU@ARL,,QBStat,10010,2302039-HOU-at-ARL,0,0,1800,0:00,2,,,0.0,HOU,ARL,0.0,3,3,3.0,3.0,Home,38,7,38.0,0,12,9,3.0,3.0,,,,,,,,,,,,,,,,,,,,,,,,,,,,,,,,,,,,,,,,,,,,0,0.0,0.0,0.0,0.0,0.0
2023,FOOTBALL_XFL_2023_4_23_HOU@ARL,HOU,2,ARL,1,outdoors,245,1682281751.0,59351,2023-04-23 20:29:11.000000,EventFootballKickoff,"1-10-ARL 38 (15:00) 8 A. Jones kicks from ARL 38. 16 R. Hall to ARL 27 for 15 yards (27 D. Lewis, 25 J. Brannon)",,True,3,15,0,Half2,MaSourceTypeOfficialScoring,FOOTBALL_XFL_2023_4_23_HOU@ARL,,QBStat,76,2302039-HOU-at-ARL,900,1800,1800,15:00,1,,,1.0,ARL,HOU,0.0,3,3,3.0,3.0,Home,38,8,62.0,0,12,9,1.0,10.0,,,22597,StatusOfficial,ResultKickReturned,,,,,,,,,21848,,,,,,22903,,22529,15.0,Home,27.0,,,,,,,,,,,,,,,,,,,0,0.0,0.0,0.0,0.0,0.0
2023,FOOTBALL_XFL_2023_4_23_HOU@ARL,HOU,2,ARL,1,outdoors,247,1682281814.0,59414,2023-04-23 20:30:14.000000,EventFootballPass,1-10-ARL 27 (14:48) 12 L. Perez pass incomplete to 3 J. Payton,,True,3,14,48,Half2,MaSourceTypeOfficialScoring,FOOTBALL_XFL_2023_4_23_HOU@ARL,,QBStat,77,2302039-HOU-at-ARL,888,1788,1788,14:48,1,,,1.0,ARL,HOU,0.0,3,3,3.0,3.0,Home,27,8,73.0,0,12,9,1.0,10.0,21207,22354,,StatusOfficial,ResultPassIncomplete,,Home,27.0,1.0,,0:13, ,,,,,,,,,,,,,,,,,,,,,,,,,,,,,,,,0,0.0,0.0,0.0,0.0,0.0
2023,FOOTBALL_XFL_2023_4_23_HOU@ARL,HOU,2,ARL,1,outdoors,249,1682281865.0,59465,2023-04-23 20:31:05.000000,EventFootballRush,"2-10-ARL 27 (14:35) 26 L. Brown rush to ARL 28 for 1 yard (96 J. Heflin, 33 T. Harris)",,True,3,14,35,Half2,MaSourceTypeOfficialScoring,FOOTBALL_XFL_2023_4_23_HOU@ARL,,QBStat,78,2302039-HOU-at-ARL,875,1775,1775,14:35,1,,,1.0,ARL,HOU,0.0,3,3,3.0,3.0,Home,27,8,73.0,0,12,9,2.0,10.0,,,22875,StatusOfficial,,1.0,Home,27.0,2.0,1.0,0:45, ,20207,22857,,,,,,,,,,,,,,,,,,,,,,,,,,,,,,0,0.0,0.0,0.0,0.0,0.0
2023,FOOTBALL_XFL_2023_4_23_HOU@ARL,HOU,2,ARL,1,outdoors,251,1682281904.0,59504,2023-04-23 20:31:44.000000,EventFootballPass,3-9-ARL 28 (13:56) 12 L. Perez pass incomplete to 80 S. Cannella,,True,3,13,56,Half2,MaSourceTypeOfficialScoring,FOOTBALL_XFL_2023_4_23_HOU@ARL,,QBStat,79,2302039-HOU-at-ARL,836,1736,1736,13:56,1,,,1.0,ARL,HOU,0.0,3,3,3.0,3.0,Home,28,8,72.0,0,12,9,3.0,9.0,21207,22030,,StatusOfficial,ResultPassIncomplete,,Home,27.0,3.0,1.0,1:05, ,,,,,,,,,,,,,,,,,,,,,,,,,,,,,,,,0,0.0,0.0,0.0,0.0,0.0
2023,FOOTBALL_XFL_2023_4_23_HOU@ARL,HOU,2,ARL,1,outdoors,253,1682281939.0,59539,2023-04-23 20:32:19.000000,EventFootballPunt,4-9-ARL 28 (13:24) 0 M. King punts 51 yards from ARL 28 to HOU 21. 4 W. Likely to HOU 45 for 24 yards (27 B. Rusnak),,True,3,13,24,Half2,MaSourceTypeOfficialScoring,FOOTBALL_XFL_2023_4_23_HOU@ARL,,QBStat,80,2302039-HOU-at-ARL,804,1704,1704,13:24,1,,,1.0,ARL,HOU,0.0,3,3,3.0,3.0,Home,28,8,72.0,0,12,9,4.0,9.0,,,22893,StatusOfficial,ResultKickReturned,,Home,27.0,3.0,1.0,1:36,PUNT,,,,,,,,,,,,Visitor,45.0,,,,,,,20891,22601,51.0,24.0,,,,,,,,,1,0.0,0.0,0.0,0.0,0.0
2023,FOOTBALL_XFL_2023_4_23_HOU@ARL,HOU,2,ARL,1,outdoors,255,1682281996.0,59596,2023-04-23 20:33:16.000000,EventFootballPass,1-10-HOU 45 (13:10) 14 C. McDonald pass to 86 T. Salter to ARL 49 for 6 yards (41 D. Bausby),,True,3,13,10,Half2,MaSourceTypeOfficialScoring,FOOTBALL_XFL_2023_4_23_HOU@ARL,,QBStat,81,2302039-HOU-at-ARL,790,1690,1690,13:10,2,,,0.0,HOU,ARL,0.0,3,3,3.0,3.0,Visitor,45,9,55.0,0,12,9,1.0,10.0,21982,21362,20099,StatusOfficial,ResultPassComplete,6.0,Visitor,45.0,1.0,6.0,0:22, ,,,,,,,,,,,,,,,,,,,,,,,,,,,,,,,,0,0.0,0.0,0.0,0.0,0.0
2023,FOOTBALL_XFL_2023_4_23_HOU@ARL,HOU,2,ARL,1,outdoors,257,1682282025.0,59625,2023-04-23 20:33:45.000000,EventFootballPass,2-4-ARL 49 (12:41) 14 C. McDonald pass to 6 T. Harris to ARL 45 for 4 yards (4 J. Powell),,True,3,12,41,Half2,MaSourceTypeOfficialScoring,FOOTBALL_XFL_2023_4_23_HOU@ARL,,QBStat,82,2302039-HOU-at-ARL,761,1661,1661,12:41,2,,,0.0,HOU,ARL,0.0,3,3,3.0,3.0,Home,49,9,49.0,0,12,9,2.0,4.0,21982,20642,21251,StatusOfficial,ResultPassComplete,4.0,Visitor,45.0,2.0,10.0,0:51, ,,,,,,,,,,,,,,,,,,,,,,,,,,,,,,,,0,0.0,0.0,0.0,0.0,0.0
2023,FOOTBALL_XFL_2023_4_23_HOU@ARL,HOU,2,ARL,1,outdoors,261,1682282064.0,59664,2023-04-23 20:34:24.000000,EventFootballRush,"1-10-ARL 45 (12:04) 35 J. Cox rush to ARL 25 for 20 yards PENALTY on (HOU) 10 J. Smith, 10 yards",,True,3,12,4,Half2,MaSourceTypeOfficialScoring,FOOTBALL_XFL_2023_4_23_HOU@ARL,,QBStat,83,2302039-HOU-at-ARL,724,1624,1624,12:04,2,,,0.0,HOU,ARL,0.0,3,3,3.0,3.0,Home,45,9,45.0,0,12,9,1.0,10.0,,,,StatusOfficial,,20.0,Visitor,45.0,3.0,20.0,1:12, ,21854,,2,21441,10.0,ResultPenaltyOnkickoffpat,NA,,,,,,,,,,,,,,,,,,,,,,,,,0,0.0,0.0,0.0,0.0,0.0
2023,FOOTBALL_XFL_2023_4_23_HOU@ARL,HOU,2,ARL,1,outdoors,266,1682282260.0,59860,2023-04-23 20:37:40.000000,EventFootballRush,"1-10-ARL 35 (11:45) 35 J. Cox rush to ARL 32 for 3 yards (71 J. Coatney, 53 D. Sankey)",,True,3,11,45,Half2,MaSourceTypeOfficialScoring,FOOTBALL_XFL_2023_4_23_HOU@ARL,,QBStat,84,2302039-HOU-at-ARL,705,1605,1605,11:45,2,,,0.0,HOU,ARL,0.0,3,3,3.0,3.0,Home,35,9,35.0,0,12,9,1.0,10.0,,,21922,StatusOfficial,,3.0,Visitor,45.0,4.0,23.0,1:51, ,21854,22886,,,,,,,,,,,,,,,,,,,,,,,,,,,,,,0,0.0,0.0,0.0,0.0,0.0
2023,FOOTBALL_XFL_2023_4_23_HOU@ARL,HOU,2,ARL,1,outdoors,265,1682282299.0,59899,2023-04-23 20:38:19.000000,EventFootballPass,2-7-ARL 32 (11:06) 14 C. McDonald pass to 6 T. Harris to ARL 20 for 12 yards (29 S. Brown),,True,3,11,6,Half2,MaSourceTypeOfficialScoring,FOOTBALL_XFL_2023_4_23_HOU@ARL,,QBStat,85,2302039-HOU-at-ARL,666,1566,1566,11:06,2,,,0.0,HOU,ARL,0.0,3,3,3.0,3.0,Home,32,9,32.0,0,12,9,2.0,7.0,21982,20642,20212,StatusOfficial,ResultPassComplete,12.0,Visitor,45.0,5.0,35.0,2:23, ,,,,,,,,,,,,,,,,,,,,,,,,,,,,,,,,0,0.0,0.0,0.0,0.0,0.0
2023,FOOTBALL_XFL_2023_4_23_HOU@ARL,HOU,2,ARL,1,outdoors,268,1682282328.0,59928,2023-04-23 20:38:48.000000,EventFootballRush,"1-10-ARL 20 (10:36) 35 J. Cox rush to ARL 20 for 0 yards (71 J. Coatney, 44 B. Rotimi)",,True,3,10,36,Half2,MaSourceTypeOfficialScoring,FOOTBALL_XFL_2023_4_23_HOU@ARL,,QBStat,86,2302039-HOU-at-ARL,636,1536,1536,10:36,2,,,0.0,HOU,ARL,0.0,3,3,3.0,3.0,Home,20,9,20.0,0,12,9,1.0,10.0,,,21922,StatusOfficial,,0.0,Visitor,45.0,6.0,35.0,3:00, ,21854,21348,,,,,,,,,,,,,,,,,,,,,,,,,,,,,,0,0.0,0.0,0.0,0.0,0.0
2023,FOOTBALL_XFL_2023_4_23_HOU@ARL,HOU,2,ARL,1,outdoors,270,1682282366.0,59966,2023-04-23 20:39:26.000000,EventFootballPass,2-10-ARL 20 (9:58) 14 C. McDonald pass to 6 T. Harris to ARL 17 for 3 yards (4 J. Powell),,True,3,9,58,Half2,MaSourceTypeOfficialScoring,FOOTBALL_XFL_2023_4_23_HOU@ARL,,QBStat,87,2302039-HOU-at-ARL,598,1498,1498,9:58,2,,,0.0,HOU,ARL,0.0,3,3,3.0,3.0,Home,20,9,20.0,0,12,9,2.0,10.0,21982,20642,21251,StatusOfficial,ResultPassComplete,3.0,Visitor,45.0,7.0,38.0,3:30, ,,,,,,,,,,,,,,,,,,,,,,,,,,,,,,,,0,0.0,0.0,0.0,0.0,0.0
2023,FOOTBALL_XFL_2023_4_23_HOU@ARL,HOU,2,ARL,1,outdoors,272,1682282400.0,60000,2023-04-23 20:40:00.000000,EventFootballRush,"3-7-ARL 17 (9:24) 35 J. Cox rush to ARL 12 for 5 yards (27 B. Rusnak, 4 J. Powell)",,True,3,9,24,Half2,MaSourceTypeOfficialScoring,FOOTBALL_XFL_2023_4_23_HOU@ARL,,QBStat,88,2302039-HOU-at-ARL,564,1464,1464,9:24,2,,,0.0,HOU,ARL,0.0,3,3,3.0,3.0,Home,17,9,17.0,0,12,9,3.0,7.0,,,22893,StatusOfficial,,5.0,Visitor,45.0,8.0,43.0,4:12, ,21854,21251,,,,,,,,,,,,,,,,,,,,,,,,,,,,,,0,0.0,0.0,0.0,0.0,0.0
2023,FOOTBALL_XFL_2023_4_23_HOU@ARL,HOU,2,ARL,1,outdoors,274,1682282457.0,60057,2023-04-23 20:40:57.000000,EventFootballPenalty,"4-2-ARL 12 (8:42) PENALTY on Houston Roughnecks, 5 yards",,True,3,8,42,Half2,MaSourceTypeOfficialScoring,FOOTBALL_XFL_2023_4_23_HOU@ARL,,QBStat,89,2302039-HOU-at-ARL,522,1422,1422,8:42,2,,,0.0,HOU,ARL,0.0,3,3,3.0,3.0,Home,12,9,12.0,0,12,9,4.0,2.0,,,,StatusOfficial,,,Visitor,45.0,8.0,38.0,4:34, ,,,2,TM,5.0,ResultPenaltyRepeatdown,NA,,,,,,,,,,,,,,,,,,,,,,,,,0,0.0,0.0,0.0,0.0,0.0
2023,FOOTBALL_XFL_2023_4_23_HOU@ARL,HOU,2,ARL,1,outdoors,276,1682282491.0,60091,2023-04-23 20:41:31.000000,EventFootballFg,4-7-ARL 17 (8:23) 8 A. Jones 35 yard field goal is GOOD,,True,3,8,23,Half2,MaSourceTypeOfficialScoring,FOOTBALL_XFL_2023_4_23_HOU@ARL,,QBStat,90,2302039-HOU-at-ARL,503,1403,1403,8:23,2,,,0.0,HOU,ARL,0.0,3,3,3.0,3.0,Home,17,9,17.0,0,12,9,4.0,7.0,,,,StatusOfficial,ResultKickMade,35.0,Visitor,45.0,9.0,38.0,5:01,FG,,,,,,,,22903,ScoreTypeFg,,,,,,,,,,,,,,,,,,,,,,,0,0.0,0.0,1.0,1.0,0.0
2023,FOOTBALL_XFL_2023_4_23_HOU@ARL,HOU,2,ARL,1,outdoors,278,1682282670.0,60270,2023-04-23 20:44:30.000000,EventFootballKickoff,"FROM HOU 30 (8:22) 8 A. Jones kicks from HOU 30. 16 R. Hall to ARL 23 for 22 yards (25 J. Brannon, 27 D. Lewis)",,True,3,8,22,Half2,MaSourceTypeOfficialScoring,FOOTBALL_XFL_2023_4_23_HOU@ARL,,QBStat,91,2302039-HOU-at-ARL,502,1402,1402,8:22,1,,,1.0,ARL,HOU,0.0,3,3,3.0,3.0,Visitor,30,10,30.0,0,15,9,,,,,21848,StatusOfficial,ResultKickReturned,,,,,,,,,22597,,,,,,22903,,22529,22.0,Home,23.0,,,,,,,,,,,,,,,,,,,0,0.0,0.0,0.0,0.0,0.0
2023,FOOTBALL_XFL_2023_4_23_HOU@ARL,HOU,2,ARL,1,outdoors,280,1682282749.0,60349,2023-04-23 20:45:49.000000,EventFootballRush,1-10-ARL 23 (8:10) 26 L. Brown rush to ARL 28 for 5 yards (47 C. Rivers),,True,3,8,10,Half2,MaSourceTypeOfficialScoring,FOOTBALL_XFL_2023_4_23_HOU@ARL,,QBStat,92,2302039-HOU-at-ARL,490,1390,1390,8:10,1,,,1.0,ARL,HOU,0.0,3,3,3.0,3.0,Home,23,10,77.0,0,15,9,1.0,10.0,,,21820,StatusOfficial,,5.0,Home,23.0,1.0,5.0,0:30, ,20207,,,,,,,,,,,,,,,,,,,,,,,,,,,,,,,0,0.0,0.0,0.0,0.0,0.0
2023,FOOTBALL_XFL_2023_4_23_HOU@ARL,HOU,2,ARL,1,outdoors,282,1682282797.0,60397,2023-04-23 20:46:37.000000,EventFootballPass,2-5-ARL 28 (7:22) 12 L. Perez pass to 16 R. Hall to ARL 36 for 8 yards QB Hit by 98 C. Brewer (28 S. Denmark),,True,3,7,22,Half2,MaSourceTypeOfficialScoring,FOOTBALL_XFL_2023_4_23_HOU@ARL,,QBStat,93,2302039-HOU-at-ARL,442,1342,1342,7:22,1,,,1.0,ARL,HOU,0.0,3,3,3.0,3.0,Home,28,10,72.0,0,15,9,2.0,5.0,21207,22529,20386,StatusOfficial,ResultPassComplete,8.0,Home,23.0,2.0,13.0,1:23, ,,,,,,,,,,,,,,,,,21989,,,,,,,,,,,,,,,0,0.0,0.0,0.0,0.0,0.0
2023,FOOTBALL_XFL_2023_4_23_HOU@ARL,HOU,2,ARL,1,outdoors,284,1682282831.0,60431,2023-04-23 20:47:11.000000,EventFootballRush,"1-10-ARL 36 (6:48) 35 B. Herrien rush to ARL 37 for 1 yard (36 C. Brice, 89 T. Ward)",,True,3,6,48,Half2,MaSourceTypeOfficialScoring,FOOTBALL_XFL_2023_4_23_HOU@ARL,,QBStat,94,2302039-HOU-at-ARL,408,1308,1308,6:48,1,,,1.0,ARL,HOU,0.0,3,3,3.0,3.0,Home,36,10,64.0,0,15,9,1.0,10.0,,,21918,StatusOfficial,,1.0,Home,23.0,3.0,14.0,1:48, ,20679,21628,,,,,,,,,,,,,,,,,,,,,,,,,,,,,,0,0.0,0.0,0.0,0.0,0.0
2023,FOOTBALL_XFL_2023_4_23_HOU@ARL,HOU,2,ARL,1,outdoors,286,1682282863.0,60463,2023-04-23 20:47:43.000000,EventFootballPass,"2-9-ARL 37 (6:16) 12 L. Perez pass to 19 B. Arconado to ARL 43 for 6 yards (31 D. Tolentino, 36 C. Brice)",,True,3,6,16,Half2,MaSourceTypeOfficialScoring,FOOTBALL_XFL_2023_4_23_HOU@ARL,,QBStat,95,2302039-HOU-at-ARL,376,1276,1276,6:16,1,,,1.0,ARL,HOU,0.0,3,3,3.0,3.0,Home,37,10,63.0,0,15,9,2.0,9.0,21207,20050,21566,StatusOfficial,ResultPassComplete,6.0,Home,23.0,4.0,20.0,2:22, ,,21918,,,,,,,,,,,,,,,,,,,,,,,,,,,,,,0,0.0,0.0,0.0,0.0,0.0
2023,FOOTBALL_XFL_2023_4_23_HOU@ARL,HOU,2,ARL,1,outdoors,288,1682282906.0,60506,2023-04-23 20:48:26.000000,EventFootballPass,"3-3-ARL 43 (5:33) 12 L. Perez pass intended for 11 L. Winningham INTERCEPTED by 11 T. Beckett returned 45 yards Pass Defended by 3 A. Harris , INT RET TD scored by 11 T. Beckett",,True,3,5,33,Half2,MaSourceTypeOfficialScoring,FOOTBALL_XFL_2023_4_23_HOU@ARL,,QBStat,96,2302039-HOU-at-ARL,333,1233,1233,5:33,1,,,1.0,ARL,HOU,0.0,3,3,3.0,3.0,Home,43,10,57.0,0,15,9,3.0,3.0,21207,21707,,StatusOfficial,ResultPassInterception,,Home,23.0,5.0,20.0,2:50,INT,,,,,,,,,,,,Visitor,,,,20633,,20107,,,,,,ScoreTypeIntrettd,2,20107,,,,,,0,0.0,0.0,0.0,0.0,0.0
2023,FOOTBALL_XFL_2023_4_23_HOU@ARL,HOU,2,ARL,1,outdoors,290,1682282969.0,60569,2023-04-23 20:49:29.000000,EventFootballPat1PtRush,FROM ARL 2 (5:29) 14 C. McDonald 1-pt conversion rush attempt GOOD,,True,3,5,29,Half2,MaSourceTypeOfficialScoring,FOOTBALL_XFL_2023_4_23_HOU@ARL,,QBStat,97,2302039-HOU-at-ARL,329,1229,1229,5:29,2,,,0.0,HOU,ARL,0.0,3,3,3.0,3.0,Home,2,11,2.0,0,21,9,,,,,,StatusOfficial,,0.0,,,,,,,21982,,,,,,,,ScoreTypeConv,,,,,,,,,,1.0,,,,,,,,,,,,,0,0.0,0.0,0.0,0.0,0.0
2023,FOOTBALL_XFL_2023_4_23_HOU@ARL,HOU,2,ARL,1,outdoors,292,1682283152.0,60752,2023-04-23 20:52:32.000000,EventFootballKickoff,FROM HOU 30 (5:29) 8 A. Jones kicks from HOU 30. 16 R. Hall to ARL 22 for 16 yards (18 J. Mosley),,True,3,5,29,Half2,MaSourceTypeOfficialScoring,FOOTBALL_XFL_2023_4_23_HOU@ARL,,QBStat,98,2302039-HOU-at-ARL,329,1229,1229,5:29,1,,,1.0,ARL,HOU,0.0,3,3,3.0,3.0,Visitor,30,12,30.0,0,22,9,,,,,21108,StatusOfficial,ResultKickReturned,,,,,,,,,,,,,,,22903,,22529,16.0,Home,22.0,,,,,,,,,,,,,,,,,,,0,0.0,0.0,0.0,0.0,0.0
2023,FOOTBALL_XFL_2023_4_23_HOU@ARL,HOU,2,ARL,1,outdoors,294,1682283247.0,60847,2023-04-23 20:54:07.000000,EventFootballPass,1-10-ARL 22 (5:15) 12 L. Perez pass to 13 C. Vander Esch to ARL 40 for 18 yards (29 A. Hendy),,True,3,5,15,Half2,MaSourceTypeOfficialScoring,FOOTBALL_XFL_2023_4_23_HOU@ARL,,QBStat,99,2302039-HOU-at-ARL,315,1215,1215,5:15,1,,,1.0,ARL,HOU,0.0,3,3,3.0,3.0,Home,22,12,78.0,0,22,9,1.0,10.0,21207,21601,20675,StatusOfficial,ResultPassComplete,18.0,Home,22.0,1.0,18.0,0:27, ,,,,,,,,,,,,,,,,,,,,,,,,,,,,,,,,0,0.0,0.0,0.0,0.0,0.0
2023,FOOTBALL_XFL_2023_4_23_HOU@ARL,HOU,2,ARL,1,outdoors,296,1682283293.0,60893,2023-04-23 20:54:53.000000,EventFootballRush,1-10-ARL 40 (4:32) 12 L. Perez rush to ARL 44 for 4 yards (99 T. Mason),,True,3,4,32,Half2,MaSourceTypeOfficialScoring,FOOTBALL_XFL_2023_4_23_HOU@ARL,,QBStat,100,2302039-HOU-at-ARL,272,1172,1172,4:32,1,,,1.0,ARL,HOU,0.0,3,3,3.0,3.0,Home,40,12,60.0,0,22,9,1.0,10.0,,,21004,StatusOfficial,,4.0,Home,22.0,2.0,22.0,1:12, ,21207,,,,,,,,,,,,,,,,,,,,,,,,,,,,,,,0,0.0,0.0,0.0,0.0,0.0
2023,FOOTBALL_XFL_2023_4_23_HOU@ARL,HOU,2,ARL,1,outdoors,298,1682283335.0,60935,2023-04-23 20:55:35.000000,EventFootballRush,"2-6-ARL 44 (3:52) 35 B. Herrien rush to ARL 46 for 2 yards (94 S. Mustin, 17 D. Johnson)",,True,3,3,52,Half2,MaSourceTypeOfficialScoring,FOOTBALL_XFL_2023_4_23_HOU@ARL,,QBStat,101,2302039-HOU-at-ARL,232,1132,1132,3:52,1,,,1.0,ARL,HOU,0.0,3,3,3.0,3.0,Home,44,12,56.0,0,22,9,2.0,6.0,,,21125,StatusOfficial,,2.0,Home,22.0,3.0,24.0,1:56, ,20679,20801,,,,,,,,,,,,,,,,,,,,,,,,,,,,,,0,0.0,0.0,0.0,0.0,0.0
2023,FOOTBALL_XFL_2023_4_23_HOU@ARL,HOU,2,ARL,1,outdoors,300,1682283380.0,60980,2023-04-23 20:56:20.000000,EventFootballPass,3-4-ARL 46 (3:08) 12 L. Perez pass to 19 B. Arconado to HOU 43 for 11 yards (4 W. Likely),,True,3,3,8,Half2,MaSourceTypeOfficialScoring,FOOTBALL_XFL_2023_4_23_HOU@ARL,,QBStat,102,2302039-HOU-at-ARL,188,1088,1088,3:08,1,,,1.0,ARL,HOU,0.0,3,3,3.0,3.0,Home,46,12,54.0,0,22,9,3.0,4.0,21207,20050,22601,StatusOfficial,ResultPassComplete,11.0,Home,22.0,4.0,35.0,2:44, ,,,,,,,,,,,,,,,,,,,,,,,,,,,,,,,,0,0.0,0.0,0.0,0.0,0.0
2023,FOOTBALL_XFL_2023_4_23_HOU@ARL,HOU,2,ARL,1,outdoors,302,1682283416.0,61016,2023-04-23 20:56:56.000000,EventFootballPass,1-10-HOU 43 (2:37) 12 L. Perez pass incomplete QB Hit by 47 C. Rivers,,True,3,2,37,Half2,MaSourceTypeOfficialScoring,FOOTBALL_XFL_2023_4_23_HOU@ARL,,QBStat,103,2302039-HOU-at-ARL,157,1057,1057,2:37,1,,,1.0,ARL,HOU,0.0,3,3,3.0,3.0,Visitor,43,12,43.0,0,22,9,1.0,10.0,21207,,,StatusOfficial,ResultPassIncomplete,,Home,22.0,5.0,35.0,3:07, ,,,,,,,,,,,,,,,,,21820,,,,,,,,,,,,,,,0,0.0,0.0,0.0,0.0,0.0
2023,FOOTBALL_XFL_2023_4_23_HOU@ARL,HOU,2,ARL,1,outdoors,304,1682283445.0,61045,2023-04-23 20:57:25.000000,EventFootballRush,"2-10-HOU 43 (2:12) 35 B. Herrien rush to HOU 40 for 3 yards (27 D. Lewis, 97 G. Logan)",,True,3,2,12,Half2,MaSourceTypeOfficialScoring,FOOTBALL_XFL_2023_4_23_HOU@ARL,,QBStat,104,2302039-HOU-at-ARL,132,1032,1032,2:12,1,,,1.0,ARL,HOU,0.0,3,3,3.0,3.0,Visitor,43,12,43.0,0,22,9,2.0,10.0,,,22597,StatusOfficial,,3.0,Home,22.0,6.0,38.0,3:42, ,20679,21946,,,,,,,,,,,,,,,,,,,,,,,,,,,,,,0,0.0,0.0,0.0,0.0,0.0
2023,FOOTBALL_XFL_2023_4_23_HOU@ARL,HOU,2,ARL,1,outdoors,306,1682283491.0,61091,2023-04-23 20:58:11.000000,EventFootballPass,3-7-HOU 40 (1:26) 12 L. Perez pass incomplete to 3 J. Payton,,True,3,1,26,Half2,MaSourceTypeOfficialScoring,FOOTBALL_XFL_2023_4_23_HOU@ARL,,QBStat,105,2302039-HOU-at-ARL,86,986,986,1:26,1,,,1.0,ARL,HOU,0.0,3,3,3.0,3.0,Visitor,40,12,40.0,0,22,9,3.0,7.0,21207,22354,,StatusOfficial,ResultPassIncomplete,,Home,22.0,7.0,38.0,4:04, ,,,,,,,,,,,,,,,,,,,,,,,,,,,,,,,,0,0.0,0.0,0.0,0.0,0.0
2023,FOOTBALL_XFL_2023_4_23_HOU@ARL,HOU,2,ARL,1,outdoors,308,1682283540.0,61140,2023-04-23 20:59:00.000000,EventFootballTimeout,4-7-HOU 40 (1:04) Timeout by Arlington Renegades at 1:04,,True,3,1,4,Half2,MaSourceTypeOfficialScoring,FOOTBALL_XFL_2023_4_23_HOU@ARL,,QBStat,106,2302039-HOU-at-ARL,64,964,964,1:04,1,,,1.0,ARL,HOU,0.0,3,3,3.0,3.0,Visitor,40,12,40.0,0,22,9,4.0,7.0,,,,StatusOfficial,,,Home,22.0,7.0,38.0,4:25, ,,,,,,,,,,,,,,1,,,,,,,,,,,,,,,,,,0,0.0,0.0,0.0,0.0,0.0
2023,FOOTBALL_XFL_2023_4_23_HOU@ARL,HOU,2,ARL,1,outdoors,310,1682283610.0,61210,2023-04-23 21:00:10.000000,EventFootballPass,4-7-HOU 40 (0:57) 12 L. Perez pass incomplete to 13 C. Vander Esch,,True,3,0,57,Half2,MaSourceTypeOfficialScoring,FOOTBALL_XFL_2023_4_23_HOU@ARL,,QBStat,107,2302039-HOU-at-ARL,57,957,957,0:57,1,,,1.0,ARL,HOU,0.0,3,2,2.0,2.0,Visitor,40,12,40.0,0,22,9,4.0,7.0,21207,21601,,StatusOfficial,ResultPassIncomplete,,Home,22.0,8.0,38.0,4:32,DOWNS,,,,,,,,,,,,,,,,,,,,,,,,,,,,,,,,0,0.0,0.0,0.0,0.0,0.0
2023,FOOTBALL_XFL_2023_4_23_HOU@ARL,HOU,2,ARL,1,outdoors,315,1682283654.0,61254,2023-04-23 21:00:54.000000,EventFootballPass,1-10-HOU 40 (0:51) 14 C. McDonald pass to 86 T. Salter to HOU 46 for 6 yards (25 J. Miller),,True,3,0,51,Half2,MaSourceTypeOfficialScoring,FOOTBALL_XFL_2023_4_23_HOU@ARL,,QBStat,108,2302039-HOU-at-ARL,51,951,951,0:51,2,,,0.0,HOU,ARL,0.0,3,2,3.0,3.0,Visitor,40,13,60.0,0,22,9,1.0,10.0,21982,21362,22877,StatusOfficial,ResultPassComplete,6.0,Visitor,40.0,1.0,6.0,0:23, ,,,,,,,,,,,,,,,,,,,,,,,,,,,,,,,,0,0.0,0.0,0.0,0.0,0.0
2023,FOOTBALL_XFL_2023_4_23_HOU@ARL,HOU,2,ARL,1,outdoors,314,1682283687.0,61287,2023-04-23 21:01:27.000000,EventFootballRush,"2-4-HOU 46 (0:19) 35 J. Cox rush to HOU 48 for 2 yards (53 D. Sankey, 4 J. Powell)",,True,3,0,19,Half2,MaSourceTypeOfficialScoring,FOOTBALL_XFL_2023_4_23_HOU@ARL,,QBStat,109,2302039-HOU-at-ARL,19,919,919,0:19,2,,,0.0,HOU,ARL,0.0,3,2,3.0,3.0,Visitor,46,13,54.0,0,22,9,2.0,4.0,,,22886,StatusOfficial,,2.0,Visitor,40.0,2.0,8.0,0:57, ,21854,21251,,,,,,,,,,,,,,,,,,,,,,,,,,,,,,0,0.0,0.0,0.0,0.0,0.0
2023,FOOTBALL_XFL_2023_4_23_HOU@ARL,HOU,2,ARL,1,outdoors,317,1682283917.0,61517,2023-04-23 21:05:17.000000,EventFootballRush,3-2-HOU 48 (14:57) 14 C. McDonald rush to ARL 13 for 39 yards (5 W. Hill),,True,4,14,57,Half2,MaSourceTypeOfficialScoring,FOOTBALL_XFL_2023_4_23_HOU@ARL,,QBStat,110,2302039-HOU-at-ARL,897,897,897,14:57,2,,,0.0,HOU,ARL,0.0,3,2,3.0,3.0,Visitor,48,13,52.0,0,22,9,3.0,2.0,,,20693,StatusOfficial,,39.0,Visitor,40.0,3.0,47.0,1:27, ,21982,,,,,,,,,,,,,,,,,,,,,,,,,,,,,,,0,0.0,0.0,0.0,0.0,0.0
2023,FOOTBALL_XFL_2023_4_23_HOU@ARL,HOU,2,ARL,1,outdoors,319,1682283957.0,61557,2023-04-23 21:05:57.000000,EventFootballRush,"1-10-ARL 13 (14:21) 35 J. Cox rush to ARL 13 for 0 yards (48 T. Laulile, 4 J. Powell)",,True,4,14,21,Half2,MaSourceTypeOfficialScoring,FOOTBALL_XFL_2023_4_23_HOU@ARL,,QBStat,111,2302039-HOU-at-ARL,861,861,861,14:21,2,,,0.0,HOU,ARL,0.0,3,2,3.0,3.0,Home,13,13,13.0,0,22,9,1.0,10.0,,,20931,StatusOfficial,,0.0,Visitor,40.0,4.0,47.0,1:50, ,21854,21251,,,,,,,,,,,,,,,,,,,,,,,,,,,,,,0,0.0,0.0,0.0,0.0,0.0
2023,FOOTBALL_XFL_2023_4_23_HOU@ARL,HOU,2,ARL,1,outdoors,321,1682283988.0,61588,2023-04-23 21:06:28.000000,EventFootballRush,2-10-ARL 13 (13:50) 14 C. McDonald rush to ARL 10 for 3 yards (53 D. Sankey),,True,4,13,50,Half2,MaSourceTypeOfficialScoring,FOOTBALL_XFL_2023_4_23_HOU@ARL,,QBStat,112,2302039-HOU-at-ARL,830,830,830,13:50,2,,,0.0,HOU,ARL,0.0,3,2,3.0,3.0,Home,13,13,13.0,0,22,9,2.0,10.0,,,22886,StatusOfficial,,3.0,Visitor,40.0,5.0,50.0,2:20, ,21982,,,,,,,,,,,,,,,,,,,,,,,,,,,,,,,0,0.0,0.0,0.0,0.0,0.0
2023,FOOTBALL_XFL_2023_4_23_HOU@ARL,HOU,2,ARL,1,outdoors,323,1682284028.0,61628,2023-04-23 21:07:08.000000,EventFootballPass,3-7-ARL 10 (13:10) 14 C. McDonald pass intended for 86 T. Salter INTERCEPTED by 25 J. Miller returned 27 yards to ARL 25,,True,4,13,10,Half2,MaSourceTypeOfficialScoring,FOOTBALL_XFL_2023_4_23_HOU@ARL,,QBStat,113,2302039-HOU-at-ARL,790,790,790,13:10,2,,,0.0,HOU,ARL,0.0,3,2,3.0,3.0,Home,10,13,10.0,0,22,9,3.0,7.0,21982,21362,,StatusOfficial,ResultPassInterception,,Visitor,40.0,6.0,50.0,2:47,INT,,,,,,,,,,,,Home,25.0,,,,,22877,,,,,,,,,,,,,,0,0.0,0.0,0.0,0.0,0.0
2023,FOOTBALL_XFL_2023_4_23_HOU@ARL,HOU,2,ARL,1,outdoors,325,1682284100.0,61700,2023-04-23 21:08:20.000000,EventFootballPass,1-10-ARL 25 (13:01) 12 L. Perez pass to 80 S. Cannella to ARL 34 for 9 yards (4 W. Likely),,True,4,13,1,Half2,MaSourceTypeOfficialScoring,FOOTBALL_XFL_2023_4_23_HOU@ARL,,QBStat,114,2302039-HOU-at-ARL,781,781,781,13:01,1,,,1.0,ARL,HOU,0.0,3,2,2.0,2.0,Home,25,14,75.0,0,22,9,1.0,10.0,21207,22030,22601,StatusOfficial,ResultPassComplete,9.0,Home,25.0,1.0,9.0,0:26, ,,,,,,,,,,,,,,,,,,,,,,,,,,,,,,,,0,0.0,0.0,0.0,0.0,0.0
2023,FOOTBALL_XFL_2023_4_23_HOU@ARL,HOU,2,ARL,1,outdoors,327,1682284130.0,61730,2023-04-23 21:08:50.000000,EventFootballRush,2-1-ARL 34 (12:31) 26 L. Brown rush to ARL 34 for 0 yards (99 T. Mason),,True,4,12,31,Half2,MaSourceTypeOfficialScoring,FOOTBALL_XFL_2023_4_23_HOU@ARL,,QBStat,115,2302039-HOU-at-ARL,751,751,751,12:31,1,,,1.0,ARL,HOU,0.0,3,2,2.0,2.0,Home,34,14,66.0,0,22,9,2.0,1.0,,,21004,StatusOfficial,,0.0,Home,25.0,2.0,9.0,0:53, ,20207,,,,,,,,,,,,,,,,,,,,,,,,,,,,,,,0,0.0,0.0,0.0,0.0,0.0
2023,FOOTBALL_XFL_2023_4_23_HOU@ARL,HOU,2,ARL,1,outdoors,329,1682284190.0,61790,2023-04-23 21:09:50.000000,EventFootballRush,"3-1-ARL 34 (11:59) 35 B. Herrien rush to ARL 34 for 0 yards (25 J. Brannon, 31 D. Tolentino)",,True,4,11,59,Half2,MaSourceTypeOfficialScoring,FOOTBALL_XFL_2023_4_23_HOU@ARL,,QBStat,116,2302039-HOU-at-ARL,719,719,719,11:59,1,,,1.0,ARL,HOU,0.0,3,2,2.0,2.0,Home,34,14,66.0,0,22,9,3.0,1.0,,,21848,StatusOfficial,,0.0,Home,25.0,3.0,9.0,1:33, ,20679,21566,,,,,,,,,,,,,,,,,,,,,,,,,,,,,,0,0.0,0.0,0.0,0.0,0.0
2023,FOOTBALL_XFL_2023_4_23_HOU@ARL,HOU,2,ARL,1,outdoors,332,1682284233.0,61833,2023-04-23 21:10:33.000000,EventFootballPunt,"4-1-ARL 34 (11:16) 0 M. King punts 50 yards from ARL 34 to HOU 16. 6 T. Harris to HOU 29 for 13 yards Fumbled by 6 D. Lambert,  Forced by 36 C. Brice Recovered by 6 D. Lambert (36 C. Schooler)",,True,4,11,16,Half2,MaSourceTypeOfficialScoring,FOOTBALL_XFL_2023_4_23_HOU@ARL,,QBStat,117,2302039-HOU-at-ARL,676,676,676,11:16,1,,,1.0,ARL,HOU,0.0,3,2,2.0,2.0,Home,34,14,66.0,0,22,9,4.0,1.0,,,21379,StatusOfficial,ResultKickReturned,,Home,25.0,3.0,9.0,1:54,PUNT,,,,,,,,,,,,Visitor,29.0,,,,,,,20891,20642,50.0,13.0,,,,1,20919,1,20919,21918,1,0.0,0.0,0.0,0.0,0.0
2023,FOOTBALL_XFL_2023_4_23_HOU@ARL,HOU,2,ARL,1,outdoors,334,1682284448.0,62048,2023-04-23 21:14:08.000000,EventFootballRush,"1-10-HOU 29 (10:58) 35 J. Cox rush to HOU 32 for 3 yards (53 D. Sankey, 22 J. Carter)",,True,4,10,58,Half2,MaSourceTypeOfficialScoring,FOOTBALL_XFL_2023_4_23_HOU@ARL,,QBStat,118,2302039-HOU-at-ARL,658,658,658,10:58,2,,,0.0,HOU,ARL,0.0,3,2,3.0,3.0,Visitor,29,15,71.0,0,22,9,1.0,10.0,,,22886,StatusOfficial,,3.0,Visitor,29.0,1.0,3.0,0:17, ,21854,20270,,,,,,,,,,,,,,,,,,,,,,,,,,,,,,0,0.0,0.0,0.0,0.0,0.0
2023,FOOTBALL_XFL_2023_4_23_HOU@ARL,HOU,2,ARL,1,outdoors,335,1682284492.0,62092,2023-04-23 21:14:52.000000,EventFootballRush,2-7-HOU 32 (10:15) 35 J. Cox rush to HOU 36 for 4 yards,,True,4,10,15,Half2,MaSourceTypeOfficialScoring,FOOTBALL_XFL_2023_4_23_HOU@ARL,,QBStat,119,2302039-HOU-at-ARL,615,615,615,10:15,2,,,0.0,HOU,ARL,0.0,3,2,3.0,3.0,Visitor,32,15,68.0,0,22,9,2.0,7.0,,,,StatusUnofficial,,4.0,Visitor,29.0,2.0,7.0,0:56, ,21854,,,,,,,,,,,,,,,,,,,,,,,,,,,,,,,0,0.0,0.0,0.0,0.0,0.0
