season,game_id,away_team_abv,away_team,home_team_abv,home_team,roof,MarkerId,MarkerUTC,MarkerLTC,play_date_time,play_type,desc,comments,IsOfficial,qtr,ClockMinutes,ClockSeconds,game_half,SourceType,EventId,SituationCode,SourceId,SourceNativeMarkerId,OfficialCode,quarter_seconds_remaining,half_seconds_remaining,game_seconds_remaining,time,posteam,PossTeamAbv,LastPlaySummary,LastPlayStatus,home_team_has_pos,VisTimeouts,HomeTimeouts,posteam_timeouts_remaining,defteam_timeouts_remaining,BallOn_Side,BallOn_YardNum,DriveNum,yardline_100,VisScore,HomeScore,down,ydstogo,MapRoleTackler1,MapRoleTackler2,MapRoleKicker,MapRoleKickreturner,FootballStatus,FootballPlayResult,FootballKickRetYards,FootballSetBallOn_VisOrHome,FootballSetBallOn_YardNum,MapRolePasser,MapRoleReceiver,FootballZone,FootballYards,Drive_Start_VisOrHome,Drive_Start_YardNum,Drive_Plays,Drive_Yards,Drive_TOP,Result,MapRoleRusher,MapRoleQbHitter,FootballTimeoutTeamId,MapRolePassDefender,FootballMainScoringPlay,FootballPenalty_TeamId,FootballPenalty_PlayerId,FootballPenalty_Yards,FootballPenalty_PenaltyResult,FootballPenalty_Description,MapRolePunter,MapRolePuntreturner,FootballPuntYards,FootballPuntRetYards,MapRoleInterceptor,FootballConvAttPts,MapRoleSacker1,MapRoleSacker2,FootballFumble_TeamFumbled,FootballFumble_PlayerFumbled,FootballFumble_TeamRecovered,FootballFumble_PlayerRecovered,FootballFumble_PlayerForcedFumble,punt_attempt,pass_touchdown,rush_touchdown,field_goal_attempt,field_goal_made,touchdown
2023,FOOTBALL_XFL_2023_3_12_ARL@STL,ARL,1,STL,5,outdoors,1,1678651546.6183228,,2023-03-12 16:05:46.618323,EventStart,Game Start Marker,,True,1,15,0,Half1,MaSourceTypeOfficialScoring,FOOTBALL_XFL_2023_3_12_ARL@STL,,QBStat,10005, ,900,1800,3600,15:00,1,,,,0.0,3,3,3,3,Home,35,1,35,0,0,1.0,10.0,,,,,,,,,,,,,,,,,,,,,,,,,,,,,,,,,,,,,,,,,,,0,0.0,0.0,0.0,0.0,0.0
2023,FOOTBALL_XFL_2023_3_12_ARL@STL,ARL,1,STL,5,outdoors,377,1678655157.0,57957,2023-03-12 17:05:57.000000,EventFootballKickoff,"2 D. Hageman kicks from STL 35. 20 K. Farrow to ARL 24 for 21 yards (12 G. Jennings, 28 B. DeLuca)",,True,1,15,0,Half1,MaSourceTypeOfficialScoring,FOOTBALL_XFL_2023_3_12_ARL@STL,,QBStat,1,2302015-ARL-at-STL,900,1800,3600,15:00,1,,,,0.0,3,3,3,3,Home,35,1,35,0,0,1.0,10.0,22038,20381,22305,21685,StatusOfficial,ResultKickReturned,21.0,Visitor,24.0,,,,,,,,,,,,,,,,,,,,,,,,,,,,,,,,,,0,0.0,0.0,0.0,0.0,0.0
2023,FOOTBALL_XFL_2023_3_12_ARL@STL,ARL,1,STL,5,outdoors,378,1678655243.0,58043,2023-03-12 17:07:23.000000,EventFootballPass,1-10-ARL 24 (14:53) 10 K. Sloter pass to 80 S. Cannella to ARL 32 for 8 yards (25 L. Denis),,True,1,14,53,Half1,MaSourceTypeOfficialScoring,FOOTBALL_XFL_2023_3_12_ARL@STL,,QBStat,2,2302015-ARL-at-STL,893,1793,3593,14:53,1,,,,0.0,3,3,3,3,Visitor,24,1,76,0,0,1.0,10.0,20385,,,,StatusOfficial,ResultPassComplete,,,,21884,22030,1,8.0,Visitor,24.0,1.0,8.0,0:24, ,,,,,,,,,,,,,,,,,,,,,,,,0,0.0,0.0,0.0,0.0,0.0
2023,FOOTBALL_XFL_2023_3_12_ARL@STL,ARL,1,STL,5,outdoors,379,1678655276.0,58076,2023-03-12 17:07:56.000000,EventFootballRush,"2-2-ARL 32 (14:20) 2 D. Smith rush to ARL 37 for 5 yards (96 L. London, 53 C. Wells)",,True,1,14,20,Half1,MaSourceTypeOfficialScoring,FOOTBALL_XFL_2023_3_12_ARL@STL,,QBStat,3,2302015-ARL-at-STL,860,1760,3560,14:20,1,,,,0.0,3,3,3,3,Visitor,32,1,68,0,0,2.0,2.0,20965,21833,,,StatusOfficial,,,,,,,2,5.0,Visitor,24.0,2.0,13.0,0:52, ,22305,,,,,,,,,,,,,,,,,,,,,,,0,0.0,0.0,0.0,0.0,0.0
2023,FOOTBALL_XFL_2023_3_12_ARL@STL,ARL,1,STL,5,outdoors,380,1678655314.0,58114,2023-03-12 17:08:34.000000,EventFootballPass,1-10-ARL 37 (13:42) 10 K. Sloter pass to 85 T. Vaughns to ARL 47 for 10 yards (8 M. Hampton),,True,1,13,42,Half1,MaSourceTypeOfficialScoring,FOOTBALL_XFL_2023_3_12_ARL@STL,,QBStat,4,2302015-ARL-at-STL,822,1722,3522,13:42,1,,,,0.0,3,3,3,3,Visitor,37,1,63,0,0,1.0,10.0,21862,,,,StatusOfficial,ResultPassComplete,,,,21884,22363,2,10.0,Visitor,24.0,3.0,23.0,1:32, ,,,,,,,,,,,,,,,,,,,,,,,,0,0.0,0.0,0.0,0.0,0.0
2023,FOOTBALL_XFL_2023_3_12_ARL@STL,ARL,1,STL,5,outdoors,381,1678655348.0,58148,2023-03-12 17:09:08.000000,EventFootballRush,"1-10-ARL 47 (13:08) 2 D. Smith rush to STL 49 for 4 yards (28 B. DeLuca, 95 E. Lumor)",,True,1,13,8,Half1,MaSourceTypeOfficialScoring,FOOTBALL_XFL_2023_3_12_ARL@STL,,QBStat,5,2302015-ARL-at-STL,788,1688,3488,13:08,1,,,,0.0,3,3,3,3,Visitor,47,1,53,0,0,1.0,10.0,20381,20971,,,StatusOfficial,,,,,,,2,4.0,Visitor,24.0,4.0,27.0,2:10, ,22305,,,,,,,,,,,,,,,,,,,,,,,0,0.0,0.0,0.0,0.0,0.0
2023,FOOTBALL_XFL_2023_3_12_ARL@STL,ARL,1,STL,5,outdoors,382,1678655386.0,58186,2023-03-12 17:09:46.000000,EventFootballPass,2-6-STL 49 (12:30) 10 K. Sloter pass incomplete to 80 S. Cannella QB Hit by 51 W. Harvey,,True,1,12,30,Half1,MaSourceTypeOfficialScoring,FOOTBALL_XFL_2023_3_12_ARL@STL,,QBStat,6,2302015-ARL-at-STL,750,1650,3450,12:30,1,,,,0.0,3,3,3,3,Home,49,1,49,0,0,2.0,6.0,,,,,StatusOfficial,ResultPassIncomplete,,,,21884,22030,2,,Visitor,24.0,5.0,27.0,2:52, ,,20647,,,,,,,,,,,,,,,,,,,,,,0,0.0,0.0,0.0,0.0,0.0
2023,FOOTBALL_XFL_2023_3_12_ARL@STL,ARL,1,STL,5,outdoors,383,1678655446.0,58246,2023-03-12 17:10:46.000000,EventFootballTimeout,Timeout by Arlington Renegades at 11:58,,True,1,11,58,Half1,MaSourceTypeOfficialScoring,FOOTBALL_XFL_2023_3_12_ARL@STL,,QBStat,7,2302015-ARL-at-STL,718,1618,3418,11:58,1,,,,0.0,3,3,3,3,Home,49,1,49,0,0,3.0,6.0,,,,,StatusOfficial,,,,,,,,,Visitor,24.0,5.0,27.0,3:02, ,,,1,,,,,,,,,,,,,,,,,,,,,0,0.0,0.0,0.0,0.0,0.0
2023,FOOTBALL_XFL_2023_3_12_ARL@STL,ARL,1,STL,5,outdoors,384,1678655513.0,58313,2023-03-12 17:11:53.000000,EventFootballPass,3-6-STL 49 (11:53) 10 K. Sloter pass to 85 T. Vaughns to STL 45 for 4 yards (8 M. Hampton),,True,1,11,53,Half1,MaSourceTypeOfficialScoring,FOOTBALL_XFL_2023_3_12_ARL@STL,,QBStat,8,2302015-ARL-at-STL,713,1613,3413,11:53,1,,,,0.0,2,3,2,2,Home,49,1,49,0,0,3.0,6.0,21862,,,,StatusOfficial,ResultPassComplete,,,,21884,22363,2,4.0,Visitor,24.0,6.0,31.0,3:25, ,,,,,,,,,,,,,,,,,,,,,,,,0,0.0,0.0,0.0,0.0,0.0
2023,FOOTBALL_XFL_2023_3_12_ARL@STL,ARL,1,STL,5,outdoors,385,1678655534.0,58334,2023-03-12 17:12:14.000000,EventFootballRush,"4-2-STL 45 (11:32) 12 A. Killins rush to STL 45 for 0 yards (56 T. Feeney, 27 M. Rose)",,True,1,11,32,Half1,MaSourceTypeOfficialScoring,FOOTBALL_XFL_2023_3_12_ARL@STL,,QBStat,9,2302015-ARL-at-STL,692,1592,3392,11:32,1,,,,0.0,2,3,2,2,Home,45,1,45,0,0,4.0,2.0,22503,21340,,,StatusOfficial,,,,,,,2,0.0,Visitor,24.0,7.0,31.0,3:28,DOWNS,20889,,,,,,,,,,,,,,,,,,,,,,,0,0.0,0.0,0.0,0.0,0.0
2023,FOOTBALL_XFL_2023_3_12_ARL@STL,ARL,1,STL,5,outdoors,386,1678655588.0,58388,2023-03-12 17:13:08.000000,EventFootballRush,"1-10-STL 45 (11:30) 23 B. Hill rush to ARL 47 for 8 yards (4 J. Powell, 18 D. Payne)",,True,1,11,30,Half1,MaSourceTypeOfficialScoring,FOOTBALL_XFL_2023_3_12_ARL@STL,,QBStat,10,2302015-ARL-at-STL,690,1590,3390,11:30,5,,,,1.0,2,3,3,3,Home,45,2,55,0,0,1.0,10.0,21251,22675,,,StatusOfficial,,,,,,,2,8.0,Home,45.0,1.0,8.0,0:27, ,20688,,,,,,,,,,,,,,,,,,,,,,,0,0.0,0.0,0.0,0.0,0.0
2023,FOOTBALL_XFL_2023_3_12_ARL@STL,ARL,1,STL,5,outdoors,387,1678655626.0,58426,2023-03-12 17:13:46.000000,EventFootballPass,2-2-ARL 47 (10:52) 10 A. McCarron pass to 11 D. Shepherd to ARL 41 for 6 yards (48 T. Laulile),,True,1,10,52,Half1,MaSourceTypeOfficialScoring,FOOTBALL_XFL_2023_3_12_ARL@STL,,QBStat,11,2302015-ARL-at-STL,652,1552,3352,10:52,5,,,,1.0,2,3,3,3,Visitor,47,2,47,0,0,2.0,2.0,20931,,,,StatusOfficial,ResultPassComplete,,,,22026,21822,3,6.0,Home,45.0,2.0,14.0,0:54, ,,,,,,,,,,,,,,,,,,,,,,,,0,0.0,0.0,0.0,0.0,0.0
2023,FOOTBALL_XFL_2023_3_12_ARL@STL,ARL,1,STL,5,outdoors,388,1678655674.0,58474,2023-03-12 17:14:34.000000,EventFootballPass,1-10-ARL 41 (10:08) 10 A. McCarron pass incomplete to 22 S. Mitchell Pass Defended by 41 D. Bausby,,True,1,10,8,Half1,MaSourceTypeOfficialScoring,FOOTBALL_XFL_2023_3_12_ARL@STL,,QBStat,12,2302015-ARL-at-STL,608,1508,3308,10:08,5,,,,1.0,2,3,3,3,Visitor,41,2,41,0,0,1.0,10.0,,,,,StatusOfficial,ResultPassIncomplete,,,,22026,21081,4,,Home,45.0,3.0,14.0,1:28, ,,,,20099,,,,,,,,,,,,,,,,,,,,0,0.0,0.0,0.0,0.0,0.0
2023,FOOTBALL_XFL_2023_3_12_ARL@STL,ARL,1,STL,5,outdoors,389,1678655706.0,58506,2023-03-12 17:15:06.000000,EventFootballRush,"2-10-ARL 41 (9:41) 23 B. Hill rush to ARL 26 for 15 yards (29 S. Brown, 5 W. Hill)",,True,1,9,41,Half1,MaSourceTypeOfficialScoring,FOOTBALL_XFL_2023_3_12_ARL@STL,,QBStat,13,2302015-ARL-at-STL,581,1481,3281,9:41,5,,,,1.0,2,3,3,3,Visitor,41,2,41,0,0,2.0,10.0,20212,20693,,,StatusOfficial,,,,,,,3,15.0,Home,45.0,4.0,29.0,2:17, ,20688,,,,,,,,,,,,,,,,,,,,,,,0,0.0,0.0,0.0,0.0,0.0
2023,FOOTBALL_XFL_2023_3_12_ARL@STL,ARL,1,STL,5,outdoors,390,1678655752.0,58552,2023-03-12 17:15:52.000000,EventFootballRush,1-10-ARL 26 (8:54) 23 B. Hill rush to ARL 20 for 6 yards (53 D. Sankey),,True,1,8,54,Half1,MaSourceTypeOfficialScoring,FOOTBALL_XFL_2023_3_12_ARL@STL,,QBStat,14,2302015-ARL-at-STL,534,1434,3234,8:54,5,,,,1.0,2,3,3,3,Visitor,26,2,26,0,0,1.0,10.0,22886,,,,StatusOfficial,,,,,,,1,6.0,Home,45.0,5.0,35.0,2:51, ,20688,,,,,,,,,,,,,,,,,,,,,,,0,0.0,0.0,0.0,0.0,0.0
2023,FOOTBALL_XFL_2023_3_12_ARL@STL,ARL,1,STL,5,outdoors,391,1678655780.0,58580,2023-03-12 17:16:20.000000,EventFootballRush,"2-4-ARL 20 (8:26) 23 B. Hill rush to ARL 15 for 5 yards (45 W. Clarke, 18 D. Payne)",,True,1,8,26,Half1,MaSourceTypeOfficialScoring,FOOTBALL_XFL_2023_3_12_ARL@STL,,QBStat,15,2302015-ARL-at-STL,506,1406,3206,8:26,5,,,,1.0,2,3,3,3,Visitor,20,2,20,0,0,2.0,4.0,20296,22675,,,StatusOfficial,,,,,,,1,5.0,Home,45.0,6.0,40.0,3:20, ,20688,,,,,,,,,,,,,,,,,,,,,,,0,0.0,0.0,0.0,0.0,0.0
2023,FOOTBALL_XFL_2023_3_12_ARL@STL,ARL,1,STL,5,outdoors,392,1678655825.0,58625,2023-03-12 17:17:05.000000,EventFootballPass,1-10-ARL 15 (7:42) 10 A. McCarron pass incomplete to 13 A. Proehl,,True,1,7,42,Half1,MaSourceTypeOfficialScoring,FOOTBALL_XFL_2023_3_12_ARL@STL,,QBStat,16,2302015-ARL-at-STL,462,1362,3162,7:42,5,,,,1.0,2,3,3,3,Visitor,15,2,15,0,0,1.0,10.0,,,,,StatusOfficial,ResultPassIncomplete,,,,22026,21263,3,,Home,45.0,7.0,40.0,4:00, ,,,,,,,,,,,,,,,,,,,,,,,,0,0.0,0.0,0.0,0.0,0.0
2023,FOOTBALL_XFL_2023_3_12_ARL@STL,ARL,1,STL,5,outdoors,393,1678655866.0,58666,2023-03-12 17:17:46.000000,EventFootballRush,2-10-ARL 15 (7:09) 21 M. Durant rush to ARL 15 for 0 yards (5 W. Hill),,True,1,7,9,Half1,MaSourceTypeOfficialScoring,FOOTBALL_XFL_2023_3_12_ARL@STL,,QBStat,17,2302015-ARL-at-STL,429,1329,3129,7:09,5,,,,1.0,2,3,3,3,Visitor,15,2,15,0,0,2.0,10.0,20693,,,,StatusOfficial,,,,,,,2,0.0,Home,45.0,8.0,40.0,4:35, ,21856,,,,,,,,,,,,,,,,,,,,,,,0,0.0,0.0,0.0,0.0,0.0
2023,FOOTBALL_XFL_2023_3_12_ARL@STL,ARL,1,STL,5,outdoors,394,1678655907.0,58707,2023-03-12 17:18:27.000000,EventFootballPass,3-10-ARL 15 (6:27) 10 A. McCarron pass to 88 H. Butler to ARL 10 for 5 yards (53 D. Sankey),,True,1,6,27,Half1,MaSourceTypeOfficialScoring,FOOTBALL_XFL_2023_3_12_ARL@STL,,QBStat,18,2302015-ARL-at-STL,387,1287,3087,6:27,5,,,,1.0,2,3,3,3,Visitor,15,2,15,0,0,3.0,10.0,22886,,,,StatusOfficial,ResultPassComplete,,,,22026,22333,1,5.0,Home,45.0,9.0,45.0,5:20, ,,,,,,,,,,,,,,,,,,,,,,,,0,0.0,0.0,0.0,0.0,0.0
2023,FOOTBALL_XFL_2023_3_12_ARL@STL,ARL,1,STL,5,outdoors,395,1678655963.0,58763,2023-03-12 17:19:23.000000,EventFootballFg,4-5-ARL 10 (5:46) 2 D. Hageman 28 yard field goal is GOOD,,True,1,5,46,Half1,MaSourceTypeOfficialScoring,FOOTBALL_XFL_2023_3_12_ARL@STL,,QBStat,19,2302015-ARL-at-STL,346,1246,3046,5:46,5,,,,1.0,2,3,3,3,Visitor,10,2,10,0,0,4.0,5.0,,,22008,,StatusOfficial,ResultKickMade,,,,,,,28.0,Home,45.0,10.0,45.0,5:46,FG,,,,,ScoreTypeFg,,,,,,,,,,,,,,,,,,,0,0.0,0.0,1.0,1.0,0.0
2023,FOOTBALL_XFL_2023_3_12_ARL@STL,ARL,1,STL,5,outdoors,396,1678656192.0,58992,2023-03-12 17:23:12.000000,EventFootballKickoff,"2 D. Hageman kicks from STL 30. 20 K. Farrow to ARL 15 for 20 yards (27 M. Rose) PENALTY on 4 J. Powell, 10 yards",,True,1,5,36,Half1,MaSourceTypeOfficialScoring,FOOTBALL_XFL_2023_3_12_ARL@STL,,QBStat,20,2302015-ARL-at-STL,336,1236,3036,5:36,1,,,,0.0,2,3,2,2,Home,30,3,30,0,3,,,21340,,22305,21685,StatusOfficial,ResultKickReturned,20.0,Visitor,15.0,,,,,,,,,,,,,,,,1,21251,10.0,ResultPenaltyRepeatdown,NA,,,,,,,,,,,,,,0,0.0,0.0,0.0,0.0,0.0
2023,FOOTBALL_XFL_2023_3_12_ARL@STL,ARL,1,STL,5,outdoors,397,1678656254.0,59054,2023-03-12 17:24:14.000000,EventFootballRush,"1-10-ARL 15 (5:27) 2 D. Smith rush to ARL 19 for 4 yards (95 E. Lumor, 51 W. Harvey) PENALTY on 56 C. Hunt, 10 yards",,True,1,5,27,Half1,MaSourceTypeOfficialScoring,FOOTBALL_XFL_2023_3_12_ARL@STL,,QBStat,21,2302015-ARL-at-STL,327,1227,3027,5:27,1,,,,0.0,2,3,2,2,Visitor,15,3,85,0,3,1.0,10.0,20971,20647,,,StatusOfficial,,,,,,,2,4.0,Visitor,15.0,1.0,,0:47, ,22305,,,,,1,20735,10.0,ResultPenaltyLossdown,NA,,,,,,,,,,,,,,0,0.0,0.0,0.0,0.0,0.0
2023,FOOTBALL_XFL_2023_3_12_ARL@STL,ARL,1,STL,5,outdoors,398,1678656339.0,59139,2023-03-12 17:25:39.000000,EventFootballRush,2-16-ARL 9 (4:48) 10 K. Sloter rush to ARL 20 for 11 yards,,True,1,4,48,Half1,MaSourceTypeOfficialScoring,FOOTBALL_XFL_2023_3_12_ARL@STL,,QBStat,22,2302015-ARL-at-STL,288,1188,2988,4:48,1,,,,0.0,2,3,2,2,Visitor,9,3,91,0,3,2.0,16.0,,,,,StatusOfficial,,,,,,,2,11.0,Visitor,15.0,2.0,10.0,1:05, ,21884,,,,,,,,,,,,,,,,,,,,,,,0,0.0,0.0,0.0,0.0,0.0
2023,FOOTBALL_XFL_2023_3_12_ARL@STL,ARL,1,STL,5,outdoors,399,1678656372.0,59172,2023-03-12 17:26:12.000000,EventFootballPass,3-5-ARL 20 (4:23) 10 K. Sloter pass incomplete to 19 B. Arconado Pass Defended by 24 L. Hill,,True,1,4,23,Half1,MaSourceTypeOfficialScoring,FOOTBALL_XFL_2023_3_12_ARL@STL,,QBStat,23,2302015-ARL-at-STL,263,1163,2963,4:23,1,,,,0.0,2,3,2,2,Visitor,20,3,80,0,3,3.0,5.0,,,,,StatusOfficial,ResultPassIncomplete,,,,21884,20050,2,,Visitor,15.0,3.0,5.0,1:25, ,,,,22870,,,,,,,,,,,,,,,,,,,,0,0.0,0.0,0.0,0.0,0.0
2023,FOOTBALL_XFL_2023_3_12_ARL@STL,ARL,1,STL,5,outdoors,400,1678656412.0,59212,2023-03-12 17:26:52.000000,EventFootballPunt,"4-5-ARL 20 (3:47) 0 M. King punts 57 yards from ARL 20 to STL 23. 13 A. Proehl to STL 38 for 15 yards (36 C. Schooler, 11 L. Winningham)",,True,1,3,47,Half1,MaSourceTypeOfficialScoring,FOOTBALL_XFL_2023_3_12_ARL@STL,,QBStat,24,2302015-ARL-at-STL,227,1127,2927,3:47,1,,,,0.0,2,3,2,2,Visitor,20,3,80,0,3,4.0,5.0,36,21822,,,StatusOfficial,ResultKickReturned,,Home,38.0,,,,,Visitor,15.0,3.0,5.0,1:59,PUNT,,,,,,,,,,,20891,21263,57.0,15.0,,,,,,,,,,1,0.0,0.0,0.0,0.0,0.0
2023,FOOTBALL_XFL_2023_3_12_ARL@STL,ARL,1,STL,5,outdoors,401,1678656619.0,59419,2023-03-12 17:30:19.000000,EventFootballPass,1-10-STL 38 (3:44) 10 A. McCarron pass to 11 D. Shepherd to ARL 44 for 18 yards (36 C. Schooler),,True,1,3,44,Half1,MaSourceTypeOfficialScoring,FOOTBALL_XFL_2023_3_12_ARL@STL,,QBStat,25,2302015-ARL-at-STL,224,1124,2924,3:44,5,,,,1.0,2,3,3,3,Home,38,4,62,0,3,1.0,10.0,21379,,,,StatusOfficial,ResultPassComplete,,,,22026,21822,2,18.0,Home,38.0,1.0,18.0,0:32, ,,,,,,,,,,,,,,,,,,,,,,,,0,0.0,0.0,0.0,0.0,0.0
2023,FOOTBALL_XFL_2023_3_12_ARL@STL,ARL,1,STL,5,outdoors,402,1678656655.0,59455,2023-03-12 17:30:55.000000,EventFootballRush,1-10-ARL 44 (3:08) 23 B. Hill rush to ARL 38 for 6 yards (36 C. Schooler),,True,1,3,8,Half1,MaSourceTypeOfficialScoring,FOOTBALL_XFL_2023_3_12_ARL@STL,,QBStat,26,2302015-ARL-at-STL,188,1088,2888,3:08,5,,,,1.0,2,3,3,3,Visitor,44,4,44,0,3,1.0,10.0,21379,,,,StatusOfficial,,,,,,,1,6.0,Home,38.0,2.0,24.0,0:51, ,20688,,,,,,,,,,,,,,,,,,,,,,,0,0.0,0.0,0.0,0.0,0.0
2023,FOOTBALL_XFL_2023_3_12_ARL@STL,ARL,1,STL,5,outdoors,403,1678656687.0,59487,2023-03-12 17:31:27.000000,EventFootballPass,"2-4-ARL 38 (2:36) 10 A. McCarron pass to 88 H. Butler to ARL 36 for 2 yards (24 D. Evans, 41 D. Bausby)",,True,1,2,36,Half1,MaSourceTypeOfficialScoring,FOOTBALL_XFL_2023_3_12_ARL@STL,,QBStat,27,2302015-ARL-at-STL,156,1056,2856,2:36,5,,,,1.0,2,3,3,3,Visitor,38,4,38,0,3,2.0,4.0,22302,20099,,,StatusOfficial,ResultPassComplete,,,,22026,22333,3,2.0,Home,38.0,3.0,26.0,1:37, ,,,,,,,,,,,,,,,,,,,,,,,,0,0.0,0.0,0.0,0.0,0.0
2023,FOOTBALL_XFL_2023_3_12_ARL@STL,ARL,1,STL,5,outdoors,404,1678656730.0,59530,2023-03-12 17:32:10.000000,EventFootballRush,"3-2-ARL 36 (1:53) 23 B. Hill rush to ARL 40 for -4 yards (50 W. Taylor, 71 J. Coatney)",,True,1,1,53,Half1,MaSourceTypeOfficialScoring,FOOTBALL_XFL_2023_3_12_ARL@STL,,QBStat,28,2302015-ARL-at-STL,113,1013,2813,1:53,5,,,,1.0,2,3,3,3,Visitor,36,4,36,0,3,3.0,2.0,22375,21922,,,StatusOfficial,,,,,,,2,-4.0,Home,38.0,4.0,22.0,2:04, ,20688,,,,,,,,,,,,,,,,,,,,,,,0,0.0,0.0,0.0,0.0,0.0
2023,FOOTBALL_XFL_2023_3_12_ARL@STL,ARL,1,STL,5,outdoors,405,1678656762.0,59562,2023-03-12 17:32:42.000000,EventFootballPunt,"4-6-ARL 40 (1:21) 16 S. Hofrichter punts 29 yards from ARL 40 to 4 J. Powell, Fair Catch at ARL 11",,True,1,1,21,Half1,MaSourceTypeOfficialScoring,FOOTBALL_XFL_2023_3_12_ARL@STL,,QBStat,29,2302015-ARL-at-STL,81,981,2781,1:21,5,,,,1.0,2,3,3,3,Visitor,40,4,40,0,3,4.0,6.0,,,,,StatusOfficial,ResultKickFaircatch,,Visitor,11.0,,,,,Home,38.0,4.0,22.0,2:26,PUNT,,,,,,,,,,,20704,21251,29.0,,,,,,,,,,,1,0.0,0.0,0.0,0.0,0.0
2023,FOOTBALL_XFL_2023_3_12_ARL@STL,ARL,1,STL,5,outdoors,406,1678656832.0,59632,2023-03-12 17:33:52.000000,EventFootballPenalty,"1-10-ARL 11 (1:14) PENALTY on 96 L. London, 5 yards",,True,1,1,14,Half1,MaSourceTypeOfficialScoring,FOOTBALL_XFL_2023_3_12_ARL@STL,,QBStat,30,2302015-ARL-at-STL,74,974,2774,1:14,1,,,,0.0,2,3,2,2,Visitor,11,5,89,0,3,1.0,10.0,,,,,StatusOfficial,,,,,,,,,Visitor,11.0,,5.0,0:15, ,,,,,,5,20965,5.0,ResultPenaltyRepeatdown,NA,,,,,,,,,,,,,,0,0.0,0.0,0.0,0.0,0.0
2023,FOOTBALL_XFL_2023_3_12_ARL@STL,ARL,1,STL,5,outdoors,407,1678656864.0,59664,2023-03-12 17:34:24.000000,EventFootballPass,1-5-ARL 16 (0:52) 10 K. Sloter pass to 2 D. Smith to ARL 23 for 7 yards QB Hit by 56 T. Feeney (17 J. Alexander),,True,1,0,52,Half1,MaSourceTypeOfficialScoring,FOOTBALL_XFL_2023_3_12_ARL@STL,,QBStat,31,2302015-ARL-at-STL,52,952,2752,0:52,1,,,,0.0,2,3,2,2,Visitor,16,5,84,0,3,1.0,5.0,21842,,,,StatusOfficial,ResultPassComplete,,,,21884,22305,2,7.0,Visitor,11.0,1.0,12.0,0:49, ,,22503,,,,,,,,,,,,,,,,,,,,,,0,0.0,0.0,0.0,0.0,0.0
2023,FOOTBALL_XFL_2023_3_12_ARL@STL,ARL,1,STL,5,outdoors,408,1678656903.0,59703,2023-03-12 17:35:03.000000,EventFootballPass,1-10-ARL 23 (0:13) 10 K. Sloter pass incomplete to 13 C. Vander Esch Pass Defended by 17 J. Alexander,,True,1,0,13,Half1,MaSourceTypeOfficialScoring,FOOTBALL_XFL_2023_3_12_ARL@STL,,QBStat,32,2302015-ARL-at-STL,13,913,2713,0:13,1,,,,0.0,2,3,2,2,Visitor,23,5,77,0,3,1.0,10.0,,,,,StatusOfficial,ResultPassIncomplete,,,,21884,21601,6,,Visitor,11.0,2.0,12.0,1:08, ,,,,21842,,,,,,,,,,,,,,,,,,,,0,0.0,0.0,0.0,0.0,0.0
2023,FOOTBALL_XFL_2023_3_12_ARL@STL,ARL,1,STL,5,outdoors,409,1678657167.0,59967,2023-03-12 17:39:27.000000,EventFootballPass,2-10-ARL 23 (14:57) 10 K. Sloter pass dropped by 19 B. Arconado,,True,2,14,57,Half1,MaSourceTypeOfficialScoring,FOOTBALL_XFL_2023_3_12_ARL@STL,,QBStat,33,2302015-ARL-at-STL,897,897,2697,14:57,1,,,,0.0,2,3,2,2,Visitor,23,5,77,0,3,2.0,10.0,,,,,StatusOfficial,ResultPassDropped,,,,21884,20050,3,,Visitor,11.0,3.0,12.0,1:23, ,,,,,,,,,,,,,,,,,,,,,,,,0,0.0,0.0,0.0,0.0,0.0
2023,FOOTBALL_XFL_2023_3_12_ARL@STL,ARL,1,STL,5,outdoors,410,1678657207.0,60007,2023-03-12 17:40:07.000000,EventFootballPass,"3-10-ARL 23 (14:25) 10 K. Sloter pass to 19 B. Arconado to ARL 39 for 16 yards (17 J. Alexander, 24 L. Hill)",,True,2,14,25,Half1,MaSourceTypeOfficialScoring,FOOTBALL_XFL_2023_3_12_ARL@STL,,QBStat,34,2302015-ARL-at-STL,865,865,2665,14:25,1,,,,0.0,2,3,2,2,Visitor,23,5,77,0,3,3.0,10.0,21842,22870,,,StatusOfficial,ResultPassComplete,,,,21884,20050,3,16.0,Visitor,11.0,4.0,28.0,2:09, ,,,,,,,,,,,,,,,,,,,,,,,,0,0.0,0.0,0.0,0.0,0.0
2023,FOOTBALL_XFL_2023_3_12_ARL@STL,ARL,1,STL,5,outdoors,411,1678657238.0,60038,2023-03-12 17:40:38.000000,EventFootballRush,"1-10-ARL 39 (13:54) 20 K. Farrow rush to ARL 40 for 1 yard (25 L. Denis, 96 L. London)",,True,2,13,54,Half1,MaSourceTypeOfficialScoring,FOOTBALL_XFL_2023_3_12_ARL@STL,,QBStat,35,2302015-ARL-at-STL,834,834,2634,13:54,1,,,,0.0,2,3,2,2,Visitor,39,5,61,0,3,1.0,10.0,20385,20965,,,StatusOfficial,,,,,,,2,1.0,Visitor,11.0,5.0,29.0,2:44, ,20469,,,,,,,,,,,,,,,,,,,,,,,0,0.0,0.0,0.0,0.0,0.0
2023,FOOTBALL_XFL_2023_3_12_ARL@STL,ARL,1,STL,5,outdoors,412,1678657275.0,60075,2023-03-12 17:41:15.000000,EventFootballPass,2-9-ARL 40 (13:17) 10 K. Sloter pass to 80 S. Cannella to ARL 47 for 7 yards (29 S. Kelly),,True,2,13,17,Half1,MaSourceTypeOfficialScoring,FOOTBALL_XFL_2023_3_12_ARL@STL,,QBStat,36,2302015-ARL-at-STL,797,797,2597,13:17,1,,,,0.0,2,3,2,2,Visitor,40,5,60,0,3,2.0,9.0,21870,,,,StatusOfficial,ResultPassComplete,,,,21884,22030,2,7.0,Visitor,11.0,6.0,36.0,3:20, ,,,,,,,,,,,,,,,,,,,,,,,,0,0.0,0.0,0.0,0.0,0.0
2023,FOOTBALL_XFL_2023_3_12_ARL@STL,ARL,1,STL,5,outdoors,413,1678657321.0,60121,2023-03-12 17:42:01.000000,EventFootballPass,3-2-ARL 47 (12:32) 10 K. Sloter pass incomplete to 13 C. Vander Esch QB Hit by 29 S. Kelly,,True,2,12,32,Half1,MaSourceTypeOfficialScoring,FOOTBALL_XFL_2023_3_12_ARL@STL,,QBStat,37,2302015-ARL-at-STL,752,752,2552,12:32,1,,,,0.0,2,3,2,2,Visitor,47,5,53,0,3,3.0,2.0,,,,,StatusOfficial,ResultPassIncomplete,,,,21884,21601,1,,Visitor,11.0,7.0,36.0,3:59, ,,21870,,,,,,,,,,,,,,,,,,,,,,0,0.0,0.0,0.0,0.0,0.0
2023,FOOTBALL_XFL_2023_3_12_ARL@STL,ARL,1,STL,5,outdoors,414,1678657358.0,60158,2023-03-12 17:42:38.000000,EventFootballPunt,"4-2-ARL 47 (11:57) 0 M. King punts 39 yards from ARL 47 to 13 A. Proehl, Fair Catch at STL 14",,True,2,11,57,Half1,MaSourceTypeOfficialScoring,FOOTBALL_XFL_2023_3_12_ARL@STL,,QBStat,38,2302015-ARL-at-STL,717,717,2517,11:57,1,,,,0.0,2,3,2,2,Visitor,47,5,53,0,3,4.0,2.0,,,,,StatusOfficial,ResultKickFaircatch,,Home,14.0,,,,,Visitor,11.0,7.0,36.0,4:24,PUNT,,,,,,,,,,,20891,21263,39.0,,,,,,,,,,,1,0.0,0.0,0.0,0.0,0.0
2023,FOOTBALL_XFL_2023_3_12_ARL@STL,ARL,1,STL,5,outdoors,415,1678657601.0,60401,2023-03-12 17:46:41.000000,EventFootballRush,"1-10-STL 14 (11:53) 23 B. Hill rush to STL 16 for 2 yards (48 T. Laulile, 90 B. Hector)",,True,2,11,53,Half1,MaSourceTypeOfficialScoring,FOOTBALL_XFL_2023_3_12_ARL@STL,,QBStat,39,2302015-ARL-at-STL,713,713,2513,11:53,5,,,,1.0,2,3,3,3,Home,14,6,86,0,3,1.0,10.0,20931,22010,,,StatusOfficial,,,,,,,1,2.0,Home,14.0,1.0,2.0,0:20, ,20688,,,,,,,,,,,,,,,,,,,,,,,0,0.0,0.0,0.0,0.0,0.0
2023,FOOTBALL_XFL_2023_3_12_ARL@STL,ARL,1,STL,5,outdoors,416,1678657639.0,60439,2023-03-12 17:47:19.000000,EventFootballPass,2-8-STL 16 (11:16) 10 A. McCarron pass incomplete to 23 B. Hill,,True,2,11,16,Half1,MaSourceTypeOfficialScoring,FOOTBALL_XFL_2023_3_12_ARL@STL,,QBStat,40,2302015-ARL-at-STL,676,676,2476,11:16,5,,,,1.0,2,3,3,3,Home,16,6,84,0,3,2.0,8.0,,,,,StatusOfficial,ResultPassIncomplete,,,,22026,20688,3,,Home,14.0,2.0,2.0,0:41, ,,,,,,,,,,,,,,,,,,,,,,,,0,0.0,0.0,0.0,0.0,0.0
2023,FOOTBALL_XFL_2023_3_12_ARL@STL,ARL,1,STL,5,outdoors,417,1678657682.0,60482,2023-03-12 17:48:02.000000,EventFootballPass,3-8-STL 16 (10:40) 10 A. McCarron pass incomplete to 88 H. Butler Pass Defended by 5 W. Hill,,True,2,10,40,Half1,MaSourceTypeOfficialScoring,FOOTBALL_XFL_2023_3_12_ARL@STL,,QBStat,41,2302015-ARL-at-STL,640,640,2440,10:40,5,,,,1.0,2,3,3,3,Home,16,6,84,0,3,3.0,8.0,,,,,StatusOfficial,ResultPassIncomplete,,,,22026,22333,5,,Home,14.0,3.0,2.0,1:32, ,,,,20693,,,,,,,,,,,,,,,,,,,,0,0.0,0.0,0.0,0.0,0.0
2023,FOOTBALL_XFL_2023_3_12_ARL@STL,ARL,1,STL,5,outdoors,418,1678657723.0,60523,2023-03-12 17:48:43.000000,EventFootballPunt,"4-8-STL 16 (10:07) 16 S. Hofrichter punts 39 yards from STL 16 to ARL 45. 4 J. Powell to STL 40 for 10 yards (47 A. Matheson, 15 G. Campbell) PENALTY on 12 A. Killins, 5 yards",,True,2,10,7,Half1,MaSourceTypeOfficialScoring,FOOTBALL_XFL_2023_3_12_ARL@STL,,QBStat,42,2302015-ARL-at-STL,607,607,2407,10:07,5,,,,1.0,2,3,3,3,Home,16,6,84,0,3,4.0,8.0,47,15,,,StatusOfficial,ResultKickReturned,,Home,40.0,,,,,Home,14.0,3.0,2.0,2:25,PUNT,,,,,,1,20889,5.0,ResultPenaltyRepeatdown,NA,20704,21251,39.0,10.0,,,,,,,,,,1,0.0,0.0,0.0,0.0,0.0
2023,FOOTBALL_XFL_2023_3_12_ARL@STL,ARL,1,STL,5,outdoors,419,1678657812.0,60612,2023-03-12 17:50:12.000000,EventFootballPass,1-10-STL 40 (9:57) 10 K. Sloter pass incomplete to 81 N. Becker QB Hit by 95 E. Lumor,,True,2,9,57,Half1,MaSourceTypeOfficialScoring,FOOTBALL_XFL_2023_3_12_ARL@STL,,QBStat,43,2302015-ARL-at-STL,597,597,2397,9:57,1,,,,0.0,2,3,2,2,Home,40,7,40,0,3,1.0,10.0,,,,,StatusOfficial,ResultPassIncomplete,,,,21884,22326,3,,Home,40.0,1.0,,0:23, ,,20971,,,,,,,,,,,,,,,,,,,,,,0,0.0,0.0,0.0,0.0,0.0
2023,FOOTBALL_XFL_2023_3_12_ARL@STL,ARL,1,STL,5,outdoors,420,1678657852.0,60652,2023-03-12 17:50:52.000000,EventFootballRush,2-10-STL 40 (9:27) 2 D. Smith rush to STL 36 for 4 yards (95 E. Lumor),,True,2,9,27,Half1,MaSourceTypeOfficialScoring,FOOTBALL_XFL_2023_3_12_ARL@STL,,QBStat,44,2302015-ARL-at-STL,567,567,2367,9:27,1,,,,0.0,2,3,2,2,Home,40,7,40,0,3,2.0,10.0,20971,,,,StatusOfficial,,,,,,,2,4.0,Home,40.0,2.0,4.0,0:58, ,22305,,,,,,,,,,,,,,,,,,,,,,,0,0.0,0.0,0.0,0.0,0.0
2023,FOOTBALL_XFL_2023_3_12_ARL@STL,ARL,1,STL,5,outdoors,421,1678657895.0,60695,2023-03-12 17:51:35.000000,EventFootballPass,"3-6-STL 36 (8:44) 10 K. Sloter pass to 80 S. Cannella to STL 33 for 3 yards (33 T. Watson, 28 B. DeLuca)",,True,2,8,44,Half1,MaSourceTypeOfficialScoring,FOOTBALL_XFL_2023_3_12_ARL@STL,,QBStat,45,2302015-ARL-at-STL,524,524,2324,8:44,1,,,,0.0,2,3,2,2,Home,36,7,36,0,3,3.0,6.0,22297,20381,,,StatusOfficial,ResultPassComplete,,,,21884,22030,4,3.0,Home,40.0,3.0,7.0,1:41, ,,,,,,,,,,,,,,,,,,,,,,,,0,0.0,0.0,0.0,0.0,0.0
2023,FOOTBALL_XFL_2023_3_12_ARL@STL,ARL,1,STL,5,outdoors,422,1678657939.0,60739,2023-03-12 17:52:19.000000,EventFootballPass,4-3-STL 33 (8:03) 10 K. Sloter pass intended for 11 L. Winningham INTERCEPTED by 33 T. Watson returned 0 yards to STL 26 Pass Defended by 8 M. Hampton,,True,2,8,3,Half1,MaSourceTypeOfficialScoring,FOOTBALL_XFL_2023_3_12_ARL@STL,,QBStat,46,2302015-ARL-at-STL,483,483,2283,8:03,1,,,,0.0,2,3,2,2,Home,33,7,33,0,3,4.0,3.0,,,,,StatusOfficial,ResultPassInterception,,Home,26.0,21884,21707,2,,Home,40.0,4.0,7.0,2:04,INT,,,,21862,,,,,,,,,,,22297,,,,,,,,,0,0.0,0.0,0.0,0.0,0.0
2023,FOOTBALL_XFL_2023_3_12_ARL@STL,ARL,1,STL,5,outdoors,423,1678658200.0,61000,2023-03-12 17:56:40.000000,EventFootballPass,"1-10-STL 26 (7:59) 10 A. McCarron pass to 11 D. Shepherd to STL 38 for 12 yards (29 S. Brown, 18 D. Payne)",,True,2,7,59,Half1,MaSourceTypeOfficialScoring,FOOTBALL_XFL_2023_3_12_ARL@STL,,QBStat,47,2302015-ARL-at-STL,479,479,2279,7:59,5,,,,1.0,2,3,3,3,Home,26,8,74,0,3,1.0,10.0,20212,22675,,,StatusOfficial,ResultPassComplete,,,,22026,21822,3,12.0,Home,26.0,1.0,12.0,0:26, ,,,,,,,,,,,,,,,,,,,,,,,,0,0.0,0.0,0.0,0.0,0.0
2023,FOOTBALL_XFL_2023_3_12_ARL@STL,ARL,1,STL,5,outdoors,424,1678658239.0,61039,2023-03-12 17:57:19.000000,EventFootballPass,1-10-STL 38 (7:19) 10 A. McCarron pass to 11 D. Shepherd to STL 48 for 10 yards (4 J. Powell),,True,2,7,19,Half1,MaSourceTypeOfficialScoring,FOOTBALL_XFL_2023_3_12_ARL@STL,,QBStat,48,2302015-ARL-at-STL,439,439,2239,7:19,5,,,,1.0,2,3,3,3,Home,38,8,62,0,3,1.0,10.0,21251,,,,StatusOfficial,ResultPassComplete,,,,22026,21822,3,10.0,Home,26.0,2.0,22.0,0:56, ,,,,,,,,,,,,,,,,,,,,,,,,0,0.0,0.0,0.0,0.0,0.0
2023,FOOTBALL_XFL_2023_3_12_ARL@STL,ARL,1,STL,5,outdoors,425,1678658285.0,61085,2023-03-12 17:58:05.000000,EventFootballPenalty,"1-10-STL 48 (6:47) PENALTY on 74 S. Gonzalez, 10 yards",,True,2,6,47,Half1,MaSourceTypeOfficialScoring,FOOTBALL_XFL_2023_3_12_ARL@STL,,QBStat,49,2302015-ARL-at-STL,407,407,2207,6:47,5,,,,1.0,2,3,3,3,Home,48,8,52,0,3,1.0,10.0,,,,,StatusOfficial,,,,,,,,,Home,26.0,2.0,12.0,1:16, ,,,,,,5,20562,10.0,ResultPenaltyRepeatdown,NA,,,,,,,,,,,,,,0,0.0,0.0,0.0,0.0,0.0
2023,FOOTBALL_XFL_2023_3_12_ARL@STL,ARL,1,STL,5,outdoors,426,1678658333.0,61133,2023-03-12 17:58:53.000000,EventFootballPass,1-20-STL 38 (6:17) 10 A. McCarron pass intended for 13 A. Proehl INTERCEPTED by 4 J. Powell returned 33 yards to STL 23,,True,2,6,17,Half1,MaSourceTypeOfficialScoring,FOOTBALL_XFL_2023_3_12_ARL@STL,,QBStat,50,2302015-ARL-at-STL,377,377,2177,6:17,5,,,,1.0,2,3,3,3,Home,38,8,62,0,3,1.0,20.0,,,,,StatusOfficial,ResultPassInterception,,Home,23.0,22026,21263,2,,Home,26.0,3.0,12.0,1:46,INT,,,,,,,,,,,,,,,21251,,,,,,,,,0,0.0,0.0,0.0,0.0,0.0
2023,FOOTBALL_XFL_2023_3_12_ARL@STL,ARL,1,STL,5,outdoors,427,1678658397.0,61197,2023-03-12 17:59:57.000000,EventFootballPass,1-10-STL 23 (6:06) 10 K. Sloter pass incomplete to 85 T. Vaughns QB Hit by 91 T. Tupou Pass Defended by 24 L. Hill,,True,2,6,6,Half1,MaSourceTypeOfficialScoring,FOOTBALL_XFL_2023_3_12_ARL@STL,,QBStat,51,2302015-ARL-at-STL,366,366,2166,6:06,1,,,,0.0,2,3,2,2,Home,23,9,23,0,3,1.0,10.0,,,,,StatusOfficial,ResultPassIncomplete,,,,21884,22363,2,,Home,23.0,1.0,,0:11, ,,21578,,22870,,,,,,,,,,,,,,,,,,,,0,0.0,0.0,0.0,0.0,0.0
2023,FOOTBALL_XFL_2023_3_12_ARL@STL,ARL,1,STL,5,outdoors,428,1678658434.0,61234,2023-03-12 18:00:34.000000,EventFootballPass,2-10-STL 23 (5:36) 10 K. Sloter pass to 80 S. Cannella to STL 19 for 4 yards (28 B. DeLuca),,True,2,5,36,Half1,MaSourceTypeOfficialScoring,FOOTBALL_XFL_2023_3_12_ARL@STL,,QBStat,52,2302015-ARL-at-STL,336,336,2136,5:36,1,,,,0.0,2,3,2,2,Home,23,9,23,0,3,2.0,10.0,20381,,,,StatusOfficial,ResultPassComplete,,,,21884,22030,1,4.0,Home,23.0,2.0,4.0,0:54, ,,,,,,,,,,,,,,,,,,,,,,,,0,0.0,0.0,0.0,0.0,0.0
2023,FOOTBALL_XFL_2023_3_12_ARL@STL,ARL,1,STL,5,outdoors,429,1678658472.0,61272,2023-03-12 18:01:12.000000,EventFootballPass,3-6-STL 19 (4:57) 10 K. Sloter pass incomplete to 2 D. Smith,,True,2,4,57,Half1,MaSourceTypeOfficialScoring,FOOTBALL_XFL_2023_3_12_ARL@STL,,QBStat,53,2302015-ARL-at-STL,297,297,2097,4:57,1,,,,0.0,2,3,2,2,Home,19,9,19,0,3,3.0,6.0,,,,,StatusOfficial,ResultPassIncomplete,,,,21884,22305,4,,Home,23.0,3.0,4.0,1:13, ,,,,,,,,,,,,,,,,,,,,,,,,0,0.0,0.0,0.0,0.0,0.0
2023,FOOTBALL_XFL_2023_3_12_ARL@STL,ARL,1,STL,5,outdoors,430,1678658503.0,61303,2023-03-12 18:01:43.000000,EventFootballFg,4-6-STL 19 (4:35) 1 T. Russolino 37 yard field goal is GOOD,,True,2,4,35,Half1,MaSourceTypeOfficialScoring,FOOTBALL_XFL_2023_3_12_ARL@STL,,QBStat,54,2302015-ARL-at-STL,275,275,2075,4:35,1,,,,0.0,2,3,2,2,Home,19,9,19,0,3,4.0,6.0,,,21359,,StatusOfficial,ResultKickMade,,,,,,,37.0,Home,23.0,4.0,4.0,1:42,FG,,,,,ScoreTypeFg,,,,,,,,,,,,,,,,,,,0,0.0,0.0,1.0,1.0,0.0
2023,FOOTBALL_XFL_2023_3_12_ARL@STL,ARL,1,STL,5,outdoors,431,1678658580.0,61380,2023-03-12 18:03:00.000000,EventFootballKickoff,1 T. Russolino kicks from ARL 30. 11 D. Shepherd to STL 33 for 23 yards (13 C. Vander Esch),,True,2,4,27,Half1,MaSourceTypeOfficialScoring,FOOTBALL_XFL_2023_3_12_ARL@STL,,QBStat,55,2302015-ARL-at-STL,267,267,2067,4:27,5,,,,1.0,2,3,3,3,Visitor,30,10,30,3,3,,,21601,,20615,21707,StatusOfficial,ResultKickReturned,23.0,Home,33.0,,,,,,,,,,,,,,,,,,,,,,,,,,,,,,,,,,0,0.0,0.0,0.0,0.0,0.0
2023,FOOTBALL_XFL_2023_3_12_ARL@STL,ARL,1,STL,5,outdoors,432,1678658646.0,61446,2023-03-12 18:04:06.000000,EventFootballRush,"1-10-STL 33 (4:15) 21 M. Durant rush to STL 38 for 5 yards (18 D. Payne, 50 W. Taylor)",,True,2,4,15,Half1,MaSourceTypeOfficialScoring,FOOTBALL_XFL_2023_3_12_ARL@STL,,QBStat,56,2302015-ARL-at-STL,255,255,2055,4:15,5,,,,1.0,2,3,3,3,Home,33,10,67,3,3,1.0,10.0,22675,22375,,,StatusOfficial,,,,,,,2,5.0,Home,33.0,1.0,5.0,0:31, ,21856,,,,,,,,,,,,,,,,,,,,,,,0,0.0,0.0,0.0,0.0,0.0
2023,FOOTBALL_XFL_2023_3_12_ARL@STL,ARL,1,STL,5,outdoors,433,1678658676.0,61476,2023-03-12 18:04:36.000000,EventFootballRush,2-5-STL 38 (3:44) 21 M. Durant rush to STL 43 for 5 yards (18 D. Payne),,True,2,3,44,Half1,MaSourceTypeOfficialScoring,FOOTBALL_XFL_2023_3_12_ARL@STL,,QBStat,57,2302015-ARL-at-STL,224,224,2024,3:44,5,,,,1.0,2,3,3,3,Home,38,10,62,3,3,2.0,5.0,22675,,,,StatusOfficial,,,,,,,1,5.0,Home,33.0,2.0,10.0,1:01, ,21856,,,,,,,,,,,,,,,,,,,,,,,0,0.0,0.0,0.0,0.0,0.0
2023,FOOTBALL_XFL_2023_3_12_ARL@STL,ARL,1,STL,5,outdoors,434,1678658722.0,61522,2023-03-12 18:05:22.000000,EventFootballPass,"1-10-STL 43 (2:59) 10 A. McCarron pass to 23 B. Hill to STL 49 for 6 yards (18 D. Payne, 53 D. Sankey)",,True,2,2,59,Half1,MaSourceTypeOfficialScoring,FOOTBALL_XFL_2023_3_12_ARL@STL,,QBStat,58,2302015-ARL-at-STL,179,179,1979,2:59,5,,,,1.0,2,3,3,3,Home,43,10,57,3,3,1.0,10.0,22675,22886,,,StatusOfficial,ResultPassComplete,,,,22026,20688,2,6.0,Home,33.0,3.0,16.0,1:49, ,,,,,,,,,,,,,,,,,,,,,,,,0,0.0,0.0,0.0,0.0,0.0
2023,FOOTBALL_XFL_2023_3_12_ARL@STL,ARL,1,STL,5,outdoors,435,1678658758.0,61558,2023-03-12 18:05:58.000000,EventFootballRush,"2-4-STL 49 (2:23) 23 B. Hill rush to ARL 48 for 3 yards (44 B. Rotimi, 71 J. Coatney)",,True,2,2,23,Half1,MaSourceTypeOfficialScoring,FOOTBALL_XFL_2023_3_12_ARL@STL,,QBStat,59,2302015-ARL-at-STL,143,143,1943,2:23,5,,,,1.0,2,3,3,3,Home,49,10,51,3,3,2.0,4.0,21348,21922,,,StatusOfficial,,,,,,,2,3.0,Home,33.0,4.0,19.0,2:17, ,20688,,,,,,,,,,,,,,,,,,,,,,,0,0.0,0.0,0.0,0.0,0.0
2023,FOOTBALL_XFL_2023_3_12_ARL@STL,ARL,1,STL,5,outdoors,436,1678658986.0,61786,2023-03-12 18:09:46.000000,EventFootballPass,"3-1-ARL 48 (1:57) 10 A. McCarron pass to 13 A. Proehl to ARL 37 for 11 yards (4 J. Powell, 29 S. Brown)",,True,2,1,57,Half1,MaSourceTypeOfficialScoring,FOOTBALL_XFL_2023_3_12_ARL@STL,,QBStat,60,2302015-ARL-at-STL,117,117,1917,1:57,5,,,,1.0,2,3,3,3,Visitor,48,10,48,3,3,3.0,1.0,21251,20212,,,StatusOfficial,ResultPassComplete,,,,22026,21263,2,11.0,Home,33.0,5.0,30.0,2:42, ,,,,,,,,,,,,,,,,,,,,,,,,0,0.0,0.0,0.0,0.0,0.0
2023,FOOTBALL_XFL_2023_3_12_ARL@STL,ARL,1,STL,5,outdoors,437,1678659014.0,61814,2023-03-12 18:10:14.000000,EventFootballPass,1-10-ARL 37 (1:36) 10 A. McCarron pass to 13 A. Proehl to ARL 35 for 2 yards (5 W. Hill),,True,2,1,36,Half1,MaSourceTypeOfficialScoring,FOOTBALL_XFL_2023_3_12_ARL@STL,,QBStat,61,2302015-ARL-at-STL,96,96,1896,1:36,5,,,,1.0,2,3,3,3,Visitor,37,10,37,3,3,1.0,10.0,20693,,,,StatusOfficial,ResultPassComplete,,,,22026,21263,3,2.0,Home,33.0,6.0,32.0,3:10, ,,,,,,,,,,,,,,,,,,,,,,,,0,0.0,0.0,0.0,0.0,0.0
2023,FOOTBALL_XFL_2023_3_12_ARL@STL,ARL,1,STL,5,outdoors,438,1678659079.0,61879,2023-03-12 18:11:19.000000,EventFootballPenalty,"2-8-ARL 35 (0:58) PENALTY on 5 W. Hill, 5 yards",,True,2,0,58,Half1,MaSourceTypeOfficialScoring,FOOTBALL_XFL_2023_3_12_ARL@STL,,QBStat,62,2302015-ARL-at-STL,58,58,1858,0:58,5,,,,1.0,2,3,3,3,Visitor,35,10,35,3,3,2.0,8.0,,,,,StatusOfficial,,,,,,,,,Home,33.0,6.0,37.0,3:29, ,,,,,,1,20693,5.0,ResultPenaltyAuto1Stdown,NA,,,,,,,,,,,,,,0,0.0,0.0,0.0,0.0,0.0
2023,FOOTBALL_XFL_2023_3_12_ARL@STL,ARL,1,STL,5,outdoors,439,1678659113.0,61913,2023-03-12 18:11:53.000000,EventFootballRush,1-10-ARL 30 (0:56) 23 B. Hill rush to ARL 27 for 3 yards (53 D. Sankey),,True,2,0,56,Half1,MaSourceTypeOfficialScoring,FOOTBALL_XFL_2023_3_12_ARL@STL,,QBStat,63,2302015-ARL-at-STL,56,56,1856,0:56,5,,,,1.0,2,3,3,3,Visitor,30,10,30,3,3,1.0,10.0,22886,,,,StatusOfficial,,,,,,,2,3.0,Home,33.0,7.0,40.0,3:46, ,20688,,,,,,,,,,,,,,,,,,,,,,,0,0.0,0.0,0.0,0.0,0.0
2023,FOOTBALL_XFL_2023_3_12_ARL@STL,ARL,1,STL,5,outdoors,440,1678659159.0,61959,2023-03-12 18:12:39.000000,EventFootballPass,"2-7-ARL 27 (0:11) 10 A. McCarron pass to 11 D. Shepherd for 27 yards, TOUCHDOWN",,True,2,0,11,Half1,MaSourceTypeOfficialScoring,FOOTBALL_XFL_2023_3_12_ARL@STL,,QBStat,64,2302015-ARL-at-STL,11,11,1811,0:11,5,,,,1.0,2,3,3,3,Visitor,27,10,27,3,3,2.0,7.0,,,,,StatusOfficial,ResultPassComplete,,,,22026,21822,1,27.0,Home,33.0,8.0,67.0,4:24,TD,,,,,ScoreTypeTd,,,,,,,,,,,,,,,,,,,0,1.0,0.0,0.0,0.0,1.0
2023,FOOTBALL_XFL_2023_3_12_ARL@STL,ARL,1,STL,5,outdoors,441,1678659190.0,61990,2023-03-12 18:13:10.000000,EventFootballPat2PtPass,10 A. McCarron 2-pt conversion pass to 23 B. Hill GOOD,,True,2,0,11,Half1,MaSourceTypeOfficialScoring,FOOTBALL_XFL_2023_3_12_ARL@STL,,QBStat,65,2302015-ARL-at-STL,11,11,1811,0:11,5,,,,1.0,2,3,3,3,Visitor,5,10,5,3,9,,,,,,,StatusOfficial,ResultPassComplete,,,,22026,20688,2,0.0,,,,,,,,,,,ScoreTypeConv,,,,,,,,,,,2.0,,,,,,,,0,0.0,0.0,0.0,0.0,0.0
2023,FOOTBALL_XFL_2023_3_12_ARL@STL,ARL,1,STL,5,outdoors,442,1678659268.0,62068,2023-03-12 18:14:28.000000,EventFootballKickoff,2 D. Hageman kicks from STL 30. 12 A. Killins to ARL 35 for 33 yards (28 B. DeLuca),,True,2,0,11,Half1,MaSourceTypeOfficialScoring,FOOTBALL_XFL_2023_3_12_ARL@STL,,QBStat,66,2302015-ARL-at-STL,11,11,1811,0:11,1,,,,0.0,2,3,2,2,Home,30,11,30,3,11,,,20381,,22305,22038,StatusOfficial,ResultKickReturned,33.0,Visitor,35.0,,,,,,,,,,,,,,,,,,,,,,,,,,,,,,,,,,0,0.0,0.0,0.0,0.0,0.0
2023,FOOTBALL_XFL_2023_3_12_ARL@STL,ARL,1,STL,5,outdoors,443,1678659348.0,62148,2023-03-12 18:15:48.000000,EventFootballRush,1-10-ARL 35 (0:04) 2 D. Smith rush to ARL 36 for 1 yard (27 M. Rose),,True,2,0,4,Half1,MaSourceTypeOfficialScoring,FOOTBALL_XFL_2023_3_12_ARL@STL,,QBStat,67,2302015-ARL-at-STL,4,4,1804,0:04,1,,,,0.0,2,3,2,2,Visitor,35,11,65,3,11,1.0,10.0,21340,,,,StatusOfficial,,,,,,,1,1.0,Visitor,35.0,1.0,1.0,0:11,HALF,22305,,,,,,,,,,,,,,,,,,,,,,,0,0.0,0.0,0.0,0.0,0.0
2023,FOOTBALL_XFL_2023_3_12_ARL@STL,ARL,1,STL,5,outdoors,444,1678660090.0,62890,2023-03-12 18:28:10.000000,EventFootballKickoff,1 T. Russolino kicks from ARL 36. 11 D. Shepherd to STL 23 for 14 yards (4 J. Powell),,True,3,15,0,Half2,MaSourceTypeOfficialScoring,FOOTBALL_XFL_2023_3_12_ARL@STL,,QBStat,68,2302015-ARL-at-STL,900,1800,1800,15:00,5,,,,1.0,3,3,3,3,Visitor,36,12,36,3,11,1.0,10.0,21251,,20615,21707,StatusOfficial,ResultKickReturned,14.0,Home,23.0,,,,,,,,,,,,,,,,,,,,,,,,,,,,,,,,,,0,0.0,0.0,0.0,0.0,0.0
2023,FOOTBALL_XFL_2023_3_12_ARL@STL,ARL,1,STL,5,outdoors,445,1678660137.0,62937,2023-03-12 18:28:57.000000,EventFootballPass,1-10-STL 23 (14:50) 10 A. McCarron pass to 11 D. Shepherd to STL 26 for 3 yards (41 D. Bausby),,True,3,14,50,Half2,MaSourceTypeOfficialScoring,FOOTBALL_XFL_2023_3_12_ARL@STL,,QBStat,69,2302015-ARL-at-STL,890,1790,1790,14:50,5,,,,1.0,3,3,3,3,Home,23,12,77,3,11,1.0,10.0,20099,,,,StatusOfficial,ResultPassComplete,,,,22026,21822,1,3.0,Home,23.0,1.0,3.0,0:22, ,,,,,,,,,,,,,,,,,,,,,,,,0,0.0,0.0,0.0,0.0,0.0
2023,FOOTBALL_XFL_2023_3_12_ARL@STL,ARL,1,STL,5,outdoors,446,1678660169.0,62969,2023-03-12 18:29:29.000000,EventFootballRush,2-7-STL 26 (14:17) 23 B. Hill rush to STL 34 for 8 yards (45 W. Clarke),,True,3,14,17,Half2,MaSourceTypeOfficialScoring,FOOTBALL_XFL_2023_3_12_ARL@STL,,QBStat,70,2302015-ARL-at-STL,857,1757,1757,14:17,5,,,,1.0,3,3,3,3,Home,26,12,74,3,11,2.0,7.0,20296,,,,StatusOfficial,,,,,,,2,8.0,Home,23.0,2.0,11.0,0:55, ,20688,,,,,,,,,,,,,,,,,,,,,,,0,0.0,0.0,0.0,0.0,0.0
2023,FOOTBALL_XFL_2023_3_12_ARL@STL,ARL,1,STL,5,outdoors,447,1678660199.0,62999,2023-03-12 18:29:59.000000,EventFootballRush,1-10-STL 34 (13:48) 23 B. Hill rush to STL 43 for 9 yards (45 W. Clarke),,True,3,13,48,Half2,MaSourceTypeOfficialScoring,FOOTBALL_XFL_2023_3_12_ARL@STL,,QBStat,71,2302015-ARL-at-STL,828,1728,1728,13:48,5,,,,1.0,3,3,3,3,Home,34,12,66,3,11,1.0,10.0,20296,,,,StatusOfficial,,,,,,,2,9.0,Home,23.0,3.0,20.0,1:25, ,20688,,,,,,,,,,,,,,,,,,,,,,,0,0.0,0.0,0.0,0.0,0.0
2023,FOOTBALL_XFL_2023_3_12_ARL@STL,ARL,1,STL,5,outdoors,448,1678660239.0,63039,2023-03-12 18:30:39.000000,EventFootballPass,2-1-STL 43 (13:08) 10 A. McCarron pass incomplete to 21 M. Durant Pass Defended by 6 D. Lambert,,True,3,13,8,Half2,MaSourceTypeOfficialScoring,FOOTBALL_XFL_2023_3_12_ARL@STL,,QBStat,72,2302015-ARL-at-STL,788,1688,1688,13:08,5,,,,1.0,3,3,3,3,Home,43,12,57,3,11,2.0,1.0,,,,,StatusOfficial,ResultPassIncomplete,,,,22026,21856,2,,Home,23.0,4.0,20.0,2:01, ,,,,20919,,,,,,,,,,,,,,,,,,,,0,0.0,0.0,0.0,0.0,0.0
2023,FOOTBALL_XFL_2023_3_12_ARL@STL,ARL,1,STL,5,outdoors,449,1678660278.0,63078,2023-03-12 18:31:18.000000,EventFootballRush,3-1-STL 43 (12:36) 21 M. Durant rush to STL 43 for 0 yards (71 J. Coatney),,True,3,12,36,Half2,MaSourceTypeOfficialScoring,FOOTBALL_XFL_2023_3_12_ARL@STL,,QBStat,73,2302015-ARL-at-STL,756,1656,1656,12:36,5,,,,1.0,3,3,3,3,Home,43,12,57,3,11,3.0,1.0,21922,,,,StatusOfficial,,,,,,,2,0.0,Home,23.0,5.0,20.0,2:42, ,21856,,,,,,,,,,,,,,,,,,,,,,,0,0.0,0.0,0.0,0.0,0.0
2023,FOOTBALL_XFL_2023_3_12_ARL@STL,ARL,1,STL,5,outdoors,450,1678660313.0,63113,2023-03-12 18:31:53.000000,EventFootballPunt,"4-1-STL 43 (12:00) 16 S. Hofrichter punts 37 yards from STL 43 to ARL 20. 4 J. Powell to ARL 27 for 7 yards (27 M. Rose, 53 C. Wells)",,True,3,12,0,Half2,MaSourceTypeOfficialScoring,FOOTBALL_XFL_2023_3_12_ARL@STL,,QBStat,74,2302015-ARL-at-STL,720,1620,1620,12:00,5,,,,1.0,3,3,3,3,Home,43,12,57,3,11,4.0,1.0,22893,22886,,,StatusOfficial,ResultKickReturned,,Visitor,27.0,,,,,Home,23.0,5.0,20.0,3:00,PUNT,,,,,,,,,,,20704,21251,37.0,7.0,,,,,,,,,,1,0.0,0.0,0.0,0.0,0.0
2023,FOOTBALL_XFL_2023_3_12_ARL@STL,ARL,1,STL,5,outdoors,451,1678660363.0,63163,2023-03-12 18:32:43.000000,EventFootballPass,1-10-ARL 27 (11:53) 10 K. Sloter pass to 11 L. Winningham to ARL 31 for 4 yards (8 M. Hampton),,True,3,11,53,Half2,MaSourceTypeOfficialScoring,FOOTBALL_XFL_2023_3_12_ARL@STL,,QBStat,75,2302015-ARL-at-STL,713,1613,1613,11:53,1,,,,0.0,3,3,3,3,Visitor,27,13,73,3,11,1.0,10.0,21862,,,,StatusOfficial,ResultPassComplete,,,,21884,21707,1,4.0,Visitor,27.0,1.0,4.0,0:13, ,,,,,,,,,,,,,,,,,,,,,,,,0,0.0,0.0,0.0,0.0,0.0
2023,FOOTBALL_XFL_2023_3_12_ARL@STL,ARL,1,STL,5,outdoors,452,1678660399.0,63199,2023-03-12 18:33:19.000000,EventFootballRush,"2-6-ARL 31 (11:21) 2 D. Smith rush to ARL 33 for 2 yards (51 W. Harvey, 95 E. Lumor)",,True,3,11,21,Half2,MaSourceTypeOfficialScoring,FOOTBALL_XFL_2023_3_12_ARL@STL,,QBStat,76,2302015-ARL-at-STL,681,1581,1581,11:21,1,,,,0.0,3,3,3,3,Visitor,31,13,69,3,11,2.0,6.0,20647,20971,,,StatusOfficial,,,,,,,3,2.0,Visitor,27.0,2.0,6.0,0:51, ,22305,,,,,,,,,,,,,,,,,,,,,,,0,0.0,0.0,0.0,0.0,0.0
2023,FOOTBALL_XFL_2023_3_12_ARL@STL,ARL,1,STL,5,outdoors,453,1678660443.0,63243,2023-03-12 18:34:03.000000,EventFootballPass,3-4-ARL 33 (10:39) 10 K. Sloter pass incomplete to 17 J. Smallwood QB Hit by 95 E. Lumor Pass Defended by 8 M. Hampton,,True,3,10,39,Half2,MaSourceTypeOfficialScoring,FOOTBALL_XFL_2023_3_12_ARL@STL,,QBStat,77,2302015-ARL-at-STL,639,1539,1539,10:39,1,,,,0.0,3,3,3,3,Visitor,33,13,67,3,11,3.0,4.0,,,,,StatusOfficial,ResultPassIncomplete,,,,21884,21426,3,,Visitor,27.0,3.0,6.0,1:22, ,,20971,,21862,,,,,,,,,,,,,,,,,,,,0,0.0,0.0,0.0,0.0,0.0
2023,FOOTBALL_XFL_2023_3_12_ARL@STL,ARL,1,STL,5,outdoors,454,1678660484.0,63284,2023-03-12 18:34:44.000000,EventFootballPunt,4-4-ARL 33 (10:04) 0 M. King punts 45 yards from ARL 33 to STL 22. 13 A. Proehl to STL 32 for 10 yards (88 S. Beyer),,True,3,10,4,Half2,MaSourceTypeOfficialScoring,FOOTBALL_XFL_2023_3_12_ARL@STL,,QBStat,78,2302015-ARL-at-STL,604,1504,1504,10:04,1,,,,0.0,3,3,3,3,Visitor,33,13,67,3,11,4.0,4.0,22333,,,,StatusOfficial,ResultKickReturned,,Home,32.0,,,,,Visitor,27.0,3.0,6.0,1:56,PUNT,,,,,,,,,,,20891,21263,45.0,10.0,,,,,,,,,,1,0.0,0.0,0.0,0.0,0.0
2023,FOOTBALL_XFL_2023_3_12_ARL@STL,ARL,1,STL,5,outdoors,455,1678660693.0,63493,2023-03-12 18:38:13.000000,EventFootballPass,"1-10-STL 32 (9:55) 10 A. McCarron pass to 11 D. Shepherd to STL 32 for 0 yards QB Hit by 53 D. Sankey (4 J. Powell, 18 D. Payne)",,True,3,9,55,Half2,MaSourceTypeOfficialScoring,FOOTBALL_XFL_2023_3_12_ARL@STL,,QBStat,79,2302015-ARL-at-STL,595,1495,1495,9:55,5,,,,1.0,3,3,3,3,Home,32,14,68,3,11,1.0,10.0,21251,22675,,,StatusOfficial,ResultPassComplete,,,,22026,21822,3,0.0,Home,32.0,1.0,,0:29, ,,22886,,,,,,,,,,,,,,,,,,,,,,0,0.0,0.0,0.0,0.0,0.0
2023,FOOTBALL_XFL_2023_3_12_ARL@STL,ARL,1,STL,5,outdoors,456,1678660726.0,63526,2023-03-12 18:38:46.000000,EventFootballRush,2-10-STL 32 (9:22) 21 M. Durant rush to STL 35 for 3 yards (50 W. Taylor),,True,3,9,22,Half2,MaSourceTypeOfficialScoring,FOOTBALL_XFL_2023_3_12_ARL@STL,,QBStat,80,2302015-ARL-at-STL,562,1462,1462,9:22,5,,,,1.0,3,3,3,3,Home,32,14,68,3,11,2.0,10.0,22375,,,,StatusOfficial,,,,,,,1,3.0,Home,32.0,2.0,3.0,0:52, ,21856,,,,,,,,,,,,,,,,,,,,,,,0,0.0,0.0,0.0,0.0,0.0
2023,FOOTBALL_XFL_2023_3_12_ARL@STL,ARL,1,STL,5,outdoors,457,1678660762.0,63562,2023-03-12 18:39:22.000000,EventFootballPass,"3-7-STL 35 (8:46) 10 A. McCarron pass to 88 H. Butler to STL 46 for 11 yards (53 D. Sankey, 41 D. Bausby)",,True,3,8,46,Half2,MaSourceTypeOfficialScoring,FOOTBALL_XFL_2023_3_12_ARL@STL,,QBStat,81,2302015-ARL-at-STL,526,1426,1426,8:46,5,,,,1.0,3,3,3,3,Home,35,14,65,3,11,3.0,7.0,22886,20099,,,StatusOfficial,ResultPassComplete,,,,22026,22333,2,11.0,Home,32.0,3.0,14.0,1:38, ,,,,,,,,,,,,,,,,,,,,,,,,0,0.0,0.0,0.0,0.0,0.0
2023,FOOTBALL_XFL_2023_3_12_ARL@STL,ARL,1,STL,5,outdoors,458,1678660802.0,63602,2023-03-12 18:40:02.000000,EventFootballPass,"1-10-STL 46 (8:06) 10 A. McCarron pass to 22 S. Mitchell to ARL 34 for 20 yards (18 D. Payne, 53 D. Sankey)",,True,3,8,6,Half2,MaSourceTypeOfficialScoring,FOOTBALL_XFL_2023_3_12_ARL@STL,,QBStat,82,2302015-ARL-at-STL,486,1386,1386,8:06,5,,,,1.0,3,3,3,3,Home,46,14,54,3,11,1.0,10.0,22675,22886,,,StatusOfficial,ResultPassComplete,,,,22026,21081,2,20.0,Home,32.0,4.0,34.0,2:21, ,,,,,,,,,,,,,,,,,,,,,,,,0,0.0,0.0,0.0,0.0,0.0
2023,FOOTBALL_XFL_2023_3_12_ARL@STL,ARL,1,STL,5,outdoors,459,1678660840.0,63640,2023-03-12 18:40:40.000000,EventFootballPass,1-10-ARL 34 (7:28) 10 A. McCarron pass to 22 S. Mitchell to ARL 15 for 19 yards (18 D. Payne),,True,3,7,28,Half2,MaSourceTypeOfficialScoring,FOOTBALL_XFL_2023_3_12_ARL@STL,,QBStat,83,2302015-ARL-at-STL,448,1348,1348,7:28,5,,,,1.0,3,3,3,3,Visitor,34,14,34,3,11,1.0,10.0,22675,,,,StatusOfficial,ResultPassComplete,,,,22026,21081,1,19.0,Home,32.0,5.0,53.0,2:47, ,,,,,,,,,,,,,,,,,,,,,,,,0,0.0,0.0,0.0,0.0,0.0
2023,FOOTBALL_XFL_2023_3_12_ARL@STL,ARL,1,STL,5,outdoors,460,1678660980.0,63780,2023-03-12 18:43:00.000000,EventFootballRush,"1-10-ARL 15 (6:48) 23 B. Hill rush for 15 yards, TOUCHDOWN",,True,3,6,48,Half2,MaSourceTypeOfficialScoring,FOOTBALL_XFL_2023_3_12_ARL@STL,,QBStat,84,2302015-ARL-at-STL,408,1308,1308,6:48,5,,,,1.0,3,3,3,3,Visitor,15,14,15,3,11,1.0,10.0,,,,,StatusOfficial,,,,,,,2,15.0,Home,32.0,6.0,68.0,3:16,TD,20688,,,,ScoreTypeTd,,,,,,,,,,,,,,,,,,,0,0.0,1.0,0.0,0.0,1.0
2023,FOOTBALL_XFL_2023_3_12_ARL@STL,ARL,1,STL,5,outdoors,461,1678660989.0,63789,2023-03-12 18:43:09.000000,EventFootballPat2PtPass,10 A. McCarron 2-pt conversion pass to 88 H. Butler NO GOOD,,True,3,6,48,Half2,MaSourceTypeOfficialScoring,FOOTBALL_XFL_2023_3_12_ARL@STL,,QBStat,85,2302015-ARL-at-STL,408,1308,1308,6:48,5,,,,1.0,3,3,3,3,Visitor,5,14,5,3,17,,,,,,,StatusOfficial,ResultPassIncomplete,,,,22026,22333,3,,,,,,,,,,,,,,,,,,,,,,,2.0,,,,,,,,0,0.0,0.0,0.0,0.0,0.0
2023,FOOTBALL_XFL_2023_3_12_ARL@STL,ARL,1,STL,5,outdoors,462,1678661134.0,63934,2023-03-12 18:45:34.000000,EventFootballKickoff,2 D. Hageman kicks from STL 30. 20 K. Farrow to ARL 26 for 23 yards (39 C. Cooper),,True,3,6,48,Half2,MaSourceTypeOfficialScoring,FOOTBALL_XFL_2023_3_12_ARL@STL,,QBStat,86,2302015-ARL-at-STL,408,1308,1308,6:48,1,,,,0.0,3,3,3,3,Home,30,15,30,3,17,,,22336,,22305,21685,StatusOfficial,ResultKickReturned,23.0,Visitor,26.0,,,,,,,,,,,,,,,,,,,,,,,,,,,,,,,,,,0,0.0,0.0,0.0,0.0,0.0
2023,FOOTBALL_XFL_2023_3_12_ARL@STL,ARL,1,STL,5,outdoors,463,1678661228.0,64028,2023-03-12 18:47:08.000000,EventFootballPenalty,"1-10-ARL 26 (6:37) PENALTY on 68 J. Stetz, 10 yards",,True,3,6,37,Half2,MaSourceTypeOfficialScoring,FOOTBALL_XFL_2023_3_12_ARL@STL,,QBStat,87,2302015-ARL-at-STL,397,1297,1297,6:37,1,,,,0.0,3,3,3,3,Visitor,26,15,74,3,17,1.0,10.0,,,,,StatusOfficial,,,,,,,,,Visitor,26.0,,-10.0,0:11, ,,,,,,1,21479,10.0,ResultPenaltyRepeatdown,NA,,,,,,,,,,,,,,0,0.0,0.0,0.0,0.0,0.0
2023,FOOTBALL_XFL_2023_3_12_ARL@STL,ARL,1,STL,5,outdoors,464,1678661267.0,64067,2023-03-12 18:47:47.000000,EventFootballPass,1-20-ARL 16 (6:15) 10 K. Sloter pass to 19 B. Arconado to ARL 21 for 5 yards (8 M. Hampton),,True,3,6,15,Half2,MaSourceTypeOfficialScoring,FOOTBALL_XFL_2023_3_12_ARL@STL,,QBStat,88,2302015-ARL-at-STL,375,1275,1275,6:15,1,,,,0.0,3,3,3,3,Visitor,16,15,84,3,17,1.0,20.0,21862,,,,StatusOfficial,ResultPassComplete,,,,21884,20050,3,5.0,Visitor,26.0,1.0,-5.0,0:50, ,,,,,,,,,,,,,,,,,,,,,,,,0,0.0,0.0,0.0,0.0,0.0
2023,FOOTBALL_XFL_2023_3_12_ARL@STL,ARL,1,STL,5,outdoors,465,1678661301.0,64101,2023-03-12 18:48:21.000000,EventFootballRush,"2-15-ARL 21 (5:42) 2 D. Smith rush to ARL 23 for 2 yards (98 F. Akinmoladun, 33 T. Watson)",,True,3,5,42,Half2,MaSourceTypeOfficialScoring,FOOTBALL_XFL_2023_3_12_ARL@STL,,QBStat,89,2302015-ARL-at-STL,342,1242,1242,5:42,1,,,,0.0,3,3,3,3,Visitor,21,15,79,3,17,2.0,15.0,22386,22297,,,StatusOfficial,,,,,,,2,2.0,Visitor,26.0,2.0,-3.0,1:27, ,22305,,,,,,,,,,,,,,,,,,,,,,,0,0.0,0.0,0.0,0.0,0.0
2023,FOOTBALL_XFL_2023_3_12_ARL@STL,ARL,1,STL,5,outdoors,466,1678661346.0,64146,2023-03-12 18:49:06.000000,EventFootballPass,3-13-ARL 23 (4:56) 10 K. Sloter pass to 85 T. Vaughns to ARL 40 for 17 yards (6 L. Williams),,True,3,4,56,Half2,MaSourceTypeOfficialScoring,FOOTBALL_XFL_2023_3_12_ARL@STL,,QBStat,90,2302015-ARL-at-STL,296,1196,1196,4:56,1,,,,0.0,3,3,3,3,Visitor,23,15,77,3,17,3.0,13.0,21678,,,,StatusOfficial,ResultPassComplete,,,,21884,22363,2,17.0,Visitor,26.0,3.0,14.0,2:05, ,,,,,,,,,,,,,,,,,,,,,,,,0,0.0,0.0,0.0,0.0,0.0
2023,FOOTBALL_XFL_2023_3_12_ARL@STL,ARL,1,STL,5,outdoors,467,1678661389.0,64189,2023-03-12 18:49:49.000000,EventFootballPass,1-10-ARL 40 (4:15) 10 K. Sloter pass intended for 19 B. Arconado INTERCEPTED by 26 N. Meadors returned 20 yards to ARL 42,,True,3,4,15,Half2,MaSourceTypeOfficialScoring,FOOTBALL_XFL_2023_3_12_ARL@STL,,QBStat,91,2302015-ARL-at-STL,255,1155,1155,4:15,1,,,,0.0,3,3,3,3,Visitor,40,15,60,3,17,1.0,10.0,,,,,StatusOfficial,ResultPassInterception,,Visitor,42.0,21884,20050,2,,Visitor,26.0,4.0,14.0,2:33,INT,,,,,,,,,,,,,,,22352,,,,,,,,,0,0.0,0.0,0.0,0.0,0.0
2023,FOOTBALL_XFL_2023_3_12_ARL@STL,ARL,1,STL,5,outdoors,468,1678661457.0,64257,2023-03-12 18:50:57.000000,EventFootballRush,"1-10-ARL 42 (4:11) 23 B. Hill rush to ARL 46 for -4 yards (71 J. Coatney, 72 T. Barnes)",,True,3,4,11,Half2,MaSourceTypeOfficialScoring,FOOTBALL_XFL_2023_3_12_ARL@STL,,QBStat,92,2302015-ARL-at-STL,251,1151,1151,4:11,5,,,,1.0,3,3,3,3,Visitor,42,16,42,3,17,1.0,10.0,21922,20089,,,StatusOfficial,,,,,,,2,-4.0,Visitor,42.0,1.0,-4.0,0:29, ,20688,,,,,,,,,,,,,,,,,,,,,,,0,0.0,0.0,0.0,0.0,0.0
2023,FOOTBALL_XFL_2023_3_12_ARL@STL,ARL,1,STL,5,outdoors,469,1678661500.0,64300,2023-03-12 18:51:40.000000,EventFootballPass,2-14-ARL 46 (3:27) 10 A. McCarron pass to 13 A. Proehl to ARL 43 for 3 yards (27 B. Rusnak),,True,3,3,27,Half2,MaSourceTypeOfficialScoring,FOOTBALL_XFL_2023_3_12_ARL@STL,,QBStat,93,2302015-ARL-at-STL,207,1107,1107,3:27,5,,,,1.0,3,3,3,3,Visitor,46,16,46,3,17,2.0,14.0,22893,,,,StatusOfficial,ResultPassComplete,,,,22026,21263,2,3.0,Visitor,42.0,2.0,-1.0,1:09, ,,,,,,,,,,,,,,,,,,,,,,,,0,0.0,0.0,0.0,0.0,0.0
2023,FOOTBALL_XFL_2023_3_12_ARL@STL,ARL,1,STL,5,outdoors,470,1678661541.0,64341,2023-03-12 18:52:21.000000,EventFootballTimeout,Timeout by Arlington Renegades at 2:53,,True,3,2,53,Half2,MaSourceTypeOfficialScoring,FOOTBALL_XFL_2023_3_12_ARL@STL,,QBStat,94,2302015-ARL-at-STL,173,1073,1073,2:53,5,,,,1.0,3,3,3,3,Visitor,43,16,43,3,17,3.0,11.0,,,,,StatusOfficial,,,,,,,,,Visitor,42.0,2.0,-1.0,1:22, ,,,1,,,,,,,,,,,,,,,,,,,,,0,0.0,0.0,0.0,0.0,0.0
2023,FOOTBALL_XFL_2023_3_12_ARL@STL,ARL,1,STL,5,outdoors,471,1678661637.0,64437,2023-03-12 18:53:57.000000,EventFootballPass,3-11-ARL 43 (2:49) 10 A. McCarron pass incomplete to 22 S. Mitchell Pass Defended by 29 S. Brown,,True,3,2,49,Half2,MaSourceTypeOfficialScoring,FOOTBALL_XFL_2023_3_12_ARL@STL,,QBStat,95,2302015-ARL-at-STL,169,1069,1069,2:49,5,,,,1.0,2,3,3,3,Visitor,43,16,43,3,17,3.0,11.0,,,,,StatusOfficial,ResultPassIncomplete,,,,22026,21081,3,,Visitor,42.0,3.0,-1.0,1:27, ,,,,20212,,,,,,,,,,,,,,,,,,,,0,0.0,0.0,0.0,0.0,0.0
2023,FOOTBALL_XFL_2023_3_12_ARL@STL,ARL,1,STL,5,outdoors,472,1678661674.0,64474,2023-03-12 18:54:34.000000,EventFootballPunt,"4-11-ARL 43 (2:24) 16 S. Hofrichter punts 30 yards from ARL 43 to 12 A. Killins, Fair Catch at ARL 13",,True,3,2,24,Half2,MaSourceTypeOfficialScoring,FOOTBALL_XFL_2023_3_12_ARL@STL,,QBStat,96,2302015-ARL-at-STL,144,1044,1044,2:24,5,,,,1.0,2,3,3,3,Visitor,43,16,43,3,17,4.0,11.0,,,,,StatusOfficial,ResultKickFaircatch,,Visitor,13.0,,,,,Visitor,42.0,3.0,-1.0,1:51,PUNT,,,,,,,,,,,20704,20889,30.0,,,,,,,,,,,1,0.0,0.0,0.0,0.0,0.0
2023,FOOTBALL_XFL_2023_3_12_ARL@STL,ARL,1,STL,5,outdoors,473,1678661716.0,64516,2023-03-12 18:55:16.000000,EventFootballRush,1-10-ARL 13 (2:22) 20 K. Farrow rush to ARL 19 for 6 yards (8 M. Hampton),,True,3,2,22,Half2,MaSourceTypeOfficialScoring,FOOTBALL_XFL_2023_3_12_ARL@STL,,QBStat,97,2302015-ARL-at-STL,142,1042,1042,2:22,1,,,,0.0,2,3,2,2,Visitor,13,17,87,3,17,1.0,10.0,21862,,,,StatusOfficial,,,,,,,2,6.0,Visitor,13.0,1.0,6.0,0:19, ,20469,,,,,,,,,,,,,,,,,,,,,,,0,0.0,0.0,0.0,0.0,0.0
2023,FOOTBALL_XFL_2023_3_12_ARL@STL,ARL,1,STL,5,outdoors,474,1678661753.0,64553,2023-03-12 18:55:53.000000,EventFootballPass,2-4-ARL 19 (1:45) 10 K. Sloter pass to 81 N. Becker to ARL 25 for 6 yards (39 C. Cooper),,True,3,1,45,Half2,MaSourceTypeOfficialScoring,FOOTBALL_XFL_2023_3_12_ARL@STL,,QBStat,98,2302015-ARL-at-STL,105,1005,1005,1:45,1,,,,0.0,2,3,2,2,Visitor,19,17,81,3,17,2.0,4.0,22336,,,,StatusOfficial,ResultPassComplete,,,,21884,22326,2,6.0,Visitor,13.0,2.0,12.0,0:54, ,,,,,,,,,,,,,,,,,,,,,,,,0,0.0,0.0,0.0,0.0,0.0
2023,FOOTBALL_XFL_2023_3_12_ARL@STL,ARL,1,STL,5,outdoors,475,1678661788.0,64588,2023-03-12 18:56:28.000000,EventFootballPass,1-10-ARL 25 (1:10) 10 K. Sloter pass to 19 B. Arconado to ARL 39 for 14 yards (8 M. Hampton),,True,3,1,10,Half2,MaSourceTypeOfficialScoring,FOOTBALL_XFL_2023_3_12_ARL@STL,,QBStat,99,2302015-ARL-at-STL,70,970,970,1:10,1,,,,0.0,2,3,2,2,Visitor,25,17,75,3,17,1.0,10.0,21862,,,,StatusOfficial,ResultPassComplete,,,,21884,20050,3,14.0,Visitor,13.0,3.0,26.0,1:25, ,,,,,,,,,,,,,,,,,,,,,,,,0,0.0,0.0,0.0,0.0,0.0
2023,FOOTBALL_XFL_2023_3_12_ARL@STL,ARL,1,STL,5,outdoors,476,1678661831.0,64631,2023-03-12 18:57:11.000000,EventFootballPass,1-10-ARL 39 (0:28) 10 K. Sloter pass to 13 C. Vander Esch to STL 20 for 41 yards QB Hit by 96 L. London (17 J. Alexander),,True,3,0,28,Half2,MaSourceTypeOfficialScoring,FOOTBALL_XFL_2023_3_12_ARL@STL,,QBStat,100,2302015-ARL-at-STL,28,928,928,0:28,1,,,,0.0,2,3,2,2,Visitor,39,17,61,3,17,1.0,10.0,21842,,,,StatusOfficial,ResultPassComplete,,,,21884,21601,6,41.0,Visitor,13.0,4.0,67.0,2:24, ,,20965,,,,,,,,,,,,,,,,,,,,,,0,0.0,0.0,0.0,0.0,0.0
2023,FOOTBALL_XFL_2023_3_12_ARL@STL,ARL,1,STL,5,outdoors,477,1678662088.0,64888,2023-03-12 19:01:28.000000,EventFootballPass,1-10-STL 20 (14:56) 10 K. Sloter pass incomplete to 80 S. Cannella QB Hit by 53 C. Wells,,True,4,14,56,Half2,MaSourceTypeOfficialScoring,FOOTBALL_XFL_2023_3_12_ARL@STL,,QBStat,101,2302015-ARL-at-STL,896,896,896,14:56,1,,,,0.0,2,3,2,2,Home,20,17,20,3,17,1.0,10.0,,,,,StatusOfficial,ResultPassIncomplete,,,,21884,22030,3,,Visitor,13.0,5.0,67.0,2:31, ,,21833,,,,,,,,,,,,,,,,,,,,,,0,0.0,0.0,0.0,0.0,0.0
2023,FOOTBALL_XFL_2023_3_12_ARL@STL,ARL,1,STL,5,outdoors,478,1678662125.0,64925,2023-03-12 19:02:05.000000,EventFootballPenalty,"2-10-STL 20 (14:31) PENALTY on 77 G. Moore, 5 yards",,True,4,14,31,Half2,MaSourceTypeOfficialScoring,FOOTBALL_XFL_2023_3_12_ARL@STL,,QBStat,102,2302015-ARL-at-STL,871,871,871,14:31,1,,,,0.0,2,3,2,2,Home,20,17,20,3,17,2.0,10.0,,,,,StatusOfficial,,,,,,,,,Visitor,13.0,5.0,62.0,2:53, ,,,,,,1,21094,5.0,ResultPenaltyRepeatdown,NA,,,,,,,,,,,,,,0,0.0,0.0,0.0,0.0,0.0
2023,FOOTBALL_XFL_2023_3_12_ARL@STL,ARL,1,STL,5,outdoors,479,1678662157.0,64957,2023-03-12 19:02:37.000000,EventFootballRush,"2-15-STL 25 (14:27) 20 K. Farrow rush to STL 19 for 6 yards (53 C. Wells, 98 F. Akinmoladun)",,True,4,14,27,Half2,MaSourceTypeOfficialScoring,FOOTBALL_XFL_2023_3_12_ARL@STL,,QBStat,103,2302015-ARL-at-STL,867,867,867,14:27,1,,,,0.0,2,3,2,2,Home,25,17,25,3,17,2.0,15.0,21833,22386,,,StatusOfficial,,,,,,,3,6.0,Visitor,13.0,6.0,68.0,3:10, ,20469,,,,,,,,,,,,,,,,,,,,,,,0,0.0,0.0,0.0,0.0,0.0
2023,FOOTBALL_XFL_2023_3_12_ARL@STL,ARL,1,STL,5,outdoors,480,1678662194.0,64994,2023-03-12 19:03:14.000000,EventFootballPass,3-9-STL 19 (13:50) 10 K. Sloter pass to 85 T. Vaughns to STL 5 for 14 yards (24 L. Hill),,True,4,13,50,Half2,MaSourceTypeOfficialScoring,FOOTBALL_XFL_2023_3_12_ARL@STL,,QBStat,104,2302015-ARL-at-STL,830,830,830,13:50,1,,,,0.0,2,3,2,2,Home,19,17,19,3,17,3.0,9.0,22870,,,,StatusOfficial,ResultPassComplete,,,,21884,22363,3,14.0,Visitor,13.0,7.0,82.0,3:47, ,,,,,,,,,,,,,,,,,,,,,,,,0,0.0,0.0,0.0,0.0,0.0
2023,FOOTBALL_XFL_2023_3_12_ARL@STL,ARL,1,STL,5,outdoors,481,1678662233.0,65033,2023-03-12 19:03:53.000000,EventFootballPass,"1-5-STL 5 (13:11) 10 K. Sloter pass to 20 K. Farrow to STL 1 for 4 yards (6 L. Williams, 33 T. Watson)",,True,4,13,11,Half2,MaSourceTypeOfficialScoring,FOOTBALL_XFL_2023_3_12_ARL@STL,,QBStat,105,2302015-ARL-at-STL,791,791,791,13:11,1,,,,0.0,2,3,2,2,Home,5,17,5,3,17,1.0,5.0,21678,22297,,,StatusOfficial,ResultPassComplete,,,,21884,20469,2,4.0,Visitor,13.0,8.0,86.0,4:27, ,,,,,,,,,,,,,,,,,,,,,,,,0,0.0,0.0,0.0,0.0,0.0
2023,FOOTBALL_XFL_2023_3_12_ARL@STL,ARL,1,STL,5,outdoors,482,1678662275.0,65075,2023-03-12 19:04:35.000000,EventFootballRush,"2-1-STL 1 (12:40) 2 D. Smith rush for 1 yard, TOUCHDOWN",,True,4,12,40,Half2,MaSourceTypeOfficialScoring,FOOTBALL_XFL_2023_3_12_ARL@STL,,QBStat,106,2302015-ARL-at-STL,760,760,760,12:40,1,,,,0.0,2,3,2,2,Home,1,17,1,3,17,2.0,1.0,,,,,StatusOfficial,,,,,,,2,1.0,Visitor,13.0,9.0,87.0,4:44,TD,22305,,,,ScoreTypeTd,,,,,,,,,,,,,,,,,,,0,0.0,1.0,0.0,0.0,1.0
2023,FOOTBALL_XFL_2023_3_12_ARL@STL,ARL,1,STL,5,outdoors,483,1678662342.0,65142,2023-03-12 19:05:42.000000,EventFootballPat2PtPass,2 D. Smith 2-pt conversion pass to 80 S. Cannella GOOD,,True,4,12,40,Half2,MaSourceTypeOfficialScoring,FOOTBALL_XFL_2023_3_12_ARL@STL,,QBStat,107,2302015-ARL-at-STL,760,760,760,12:40,1,,,,0.0,2,3,2,2,Home,5,17,5,9,17,,,,,,,StatusOfficial,ResultPassComplete,,,,22305,22030,3,0.0,,,,,,,,,,,ScoreTypeConv,,,,,,,,,,,2.0,,,,,,,,0,0.0,0.0,0.0,0.0,0.0
2023,FOOTBALL_XFL_2023_3_12_ARL@STL,ARL,1,STL,5,outdoors,484,1678662561.0,65361,2023-03-12 19:09:21.000000,EventFootballKickoff,1 T. Russolino kicks from ARL 30. 11 D. Shepherd to STL 33 for 26 yards (25 J. Miller),,True,4,12,40,Half2,MaSourceTypeOfficialScoring,FOOTBALL_XFL_2023_3_12_ARL@STL,,QBStat,108,2302015-ARL-at-STL,760,760,760,12:40,5,,,,1.0,2,3,3,3,Visitor,30,18,30,11,17,,,22877,,20615,21707,StatusOfficial,ResultKickReturned,26.0,Home,33.0,,,,,,,,,,,,,,,,,,,,,,,,,,,,,,,,,,0,0.0,0.0,0.0,0.0,0.0
2023,FOOTBALL_XFL_2023_3_12_ARL@STL,ARL,1,STL,5,outdoors,485,1678662608.0,65408,2023-03-12 19:10:08.000000,EventFootballPass,1-10-STL 33 (12:27) 10 A. McCarron pass to 13 A. Proehl to STL 43 for 10 yards (27 B. Rusnak),,True,4,12,27,Half2,MaSourceTypeOfficialScoring,FOOTBALL_XFL_2023_3_12_ARL@STL,,QBStat,109,2302015-ARL-at-STL,747,747,747,12:27,5,,,,1.0,2,3,3,3,Home,33,18,67,11,17,1.0,10.0,22893,,,,StatusOfficial,ResultPassComplete,,,,22026,21263,3,10.0,Home,33.0,1.0,10.0,0:19, ,,,,,,,,,,,,,,,,,,,,,,,,0,0.0,0.0,0.0,0.0,0.0
2023,FOOTBALL_XFL_2023_3_12_ARL@STL,ARL,1,STL,5,outdoors,486,1678662636.0,65436,2023-03-12 19:10:36.000000,EventFootballRush,1-10-STL 43 (12:04) 23 B. Hill rush to STL 47 for 4 yards (52 I. Graham-Mobley),,True,4,12,4,Half2,MaSourceTypeOfficialScoring,FOOTBALL_XFL_2023_3_12_ARL@STL,,QBStat,110,2302015-ARL-at-STL,724,724,724,12:04,5,,,,1.0,2,3,3,3,Home,43,18,57,11,17,1.0,10.0,22024,,,,StatusOfficial,,,,,,,2,4.0,Home,33.0,2.0,14.0,0:49, ,20688,,,,,,,,,,,,,,,,,,,,,,,0,0.0,0.0,0.0,0.0,0.0
2023,FOOTBALL_XFL_2023_3_12_ARL@STL,ARL,1,STL,5,outdoors,487,1678662675.0,65475,2023-03-12 19:11:15.000000,EventFootballPass,2-6-STL 47 (11:26) 10 A. McCarron pass to 11 D. Shepherd to ARL 38 for 15 yards (24 D. Evans),,True,4,11,26,Half2,MaSourceTypeOfficialScoring,FOOTBALL_XFL_2023_3_12_ARL@STL,,QBStat,111,2302015-ARL-at-STL,686,686,686,11:26,5,,,,1.0,2,3,3,3,Home,47,18,53,11,17,2.0,6.0,22302,,,,StatusOfficial,ResultPassComplete,,,,22026,21822,2,15.0,Home,33.0,3.0,29.0,1:37, ,,,,,,,,,,,,,,,,,,,,,,,,0,0.0,0.0,0.0,0.0,0.0
2023,FOOTBALL_XFL_2023_3_12_ARL@STL,ARL,1,STL,5,outdoors,488,1678662706.0,65506,2023-03-12 19:11:46.000000,EventFootballRush,"1-10-ARL 38 (10:54) 23 B. Hill rush to ARL 30 for 8 yards (18 D. Payne, 53 D. Sankey)",,True,4,10,54,Half2,MaSourceTypeOfficialScoring,FOOTBALL_XFL_2023_3_12_ARL@STL,,QBStat,112,2302015-ARL-at-STL,654,654,654,10:54,5,,,,1.0,2,3,3,3,Visitor,38,18,38,11,17,1.0,10.0,22675,22886,,,StatusOfficial,,,,,,,2,8.0,Home,33.0,4.0,37.0,2:02, ,20688,,,,,,,,,,,,,,,,,,,,,,,0,0.0,0.0,0.0,0.0,0.0
2023,FOOTBALL_XFL_2023_3_12_ARL@STL,ARL,1,STL,5,outdoors,489,1678662730.0,65530,2023-03-12 19:12:10.000000,EventFootballRush,"2-2-ARL 30 (10:30) 23 B. Hill rush to ARL 25 for 5 yards (53 D. Sankey, 18 D. Payne)",,True,4,10,30,Half2,MaSourceTypeOfficialScoring,FOOTBALL_XFL_2023_3_12_ARL@STL,,QBStat,113,2302015-ARL-at-STL,630,630,630,10:30,5,,,,1.0,2,3,3,3,Visitor,30,18,30,11,17,2.0,2.0,22886,22675,,,StatusOfficial,,,,,,,2,5.0,Home,33.0,5.0,42.0,2:25, ,20688,,,,,,,,,,,,,,,,,,,,,,,0,0.0,0.0,0.0,0.0,0.0
2023,FOOTBALL_XFL_2023_3_12_ARL@STL,ARL,1,STL,5,outdoors,490,1678662768.0,65568,2023-03-12 19:12:48.000000,EventFootballPass,"1-10-ARL 25 (9:55) 10 A. McCarron pass to 88 H. Butler for 25 yards, TOUCHDOWN",,True,4,9,55,Half2,MaSourceTypeOfficialScoring,FOOTBALL_XFL_2023_3_12_ARL@STL,,QBStat,114,2302015-ARL-at-STL,595,595,595,9:55,5,,,,1.0,2,3,3,3,Visitor,25,18,25,11,17,1.0,10.0,,,,,StatusOfficial,ResultPassComplete,,,,22026,22333,3,25.0,Home,33.0,6.0,67.0,2:45,TD,,,,,ScoreTypeTd,,,,,,,,,,,,,,,,,,,0,1.0,0.0,0.0,0.0,1.0
2023,FOOTBALL_XFL_2023_3_12_ARL@STL,ARL,1,STL,5,outdoors,491,1678662803.0,65603,2023-03-12 19:13:23.000000,EventFootballPat1PtPass,10 A. McCarron 1-pt conversion pass to 84 J. Sutherland GOOD,,True,4,9,55,Half2,MaSourceTypeOfficialScoring,FOOTBALL_XFL_2023_3_12_ARL@STL,,QBStat,115,2302015-ARL-at-STL,595,595,595,9:55,5,,,,1.0,2,3,3,3,Visitor,2,18,2,11,23,,,,,,,StatusOfficial,ResultPassComplete,,,,22026,21501,2,0.0,,,,,,,,,,,ScoreTypeConv,,,,,,,,,,,1.0,,,,,,,,0,0.0,0.0,0.0,0.0,0.0
2023,FOOTBALL_XFL_2023_3_12_ARL@STL,ARL,1,STL,5,outdoors,492,1678662894.0,65694,2023-03-12 19:14:54.000000,EventFootballKickoff,2 D. Hageman kicks from STL 30. 20 K. Farrow to ARL 23 for 19 yards (12 G. Jennings),,True,4,9,55,Half2,MaSourceTypeOfficialScoring,FOOTBALL_XFL_2023_3_12_ARL@STL,,QBStat,116,2302015-ARL-at-STL,595,595,595,9:55,1,,,,0.0,2,3,2,2,Home,30,19,30,11,24,,,22038,,22305,21685,StatusOfficial,ResultKickReturned,19.0,Visitor,23.0,,,,,,,,,,,,,,,,,,,,,,,,,,,,,,,,,,0,0.0,0.0,0.0,0.0,0.0
2023,FOOTBALL_XFL_2023_3_12_ARL@STL,ARL,1,STL,5,outdoors,493,1678662950.0,65750,2023-03-12 19:15:50.000000,EventFootballPass,1-10-ARL 23 (9:48) 10 K. Sloter pass to 17 J. Smallwood to ARL 30 for 7 yards (25 L. Denis),,True,4,9,48,Half2,MaSourceTypeOfficialScoring,FOOTBALL_XFL_2023_3_12_ARL@STL,,QBStat,117,2302015-ARL-at-STL,588,588,588,9:48,1,,,,0.0,2,3,2,2,Visitor,23,19,77,11,24,1.0,10.0,20385,,,,StatusOfficial,ResultPassComplete,,,,21884,21426,3,7.0,Visitor,23.0,1.0,7.0,0:15, ,,,,,,,,,,,,,,,,,,,,,,,,0,0.0,0.0,0.0,0.0,0.0
2023,FOOTBALL_XFL_2023_3_12_ARL@STL,ARL,1,STL,5,outdoors,494,1678662980.0,65780,2023-03-12 19:16:20.000000,EventFootballRush,"2-3-ARL 30 (9:25) 2 D. Smith rush to ARL 31 for 1 yard (99 G. Robinson, 51 W. Harvey)",,True,4,9,25,Half2,MaSourceTypeOfficialScoring,FOOTBALL_XFL_2023_3_12_ARL@STL,,QBStat,118,2302015-ARL-at-STL,565,565,565,9:25,1,,,,0.0,2,3,2,2,Visitor,30,19,70,11,24,2.0,3.0,21319,20647,,,StatusOfficial,,,,,,,2,1.0,Visitor,23.0,2.0,8.0,0:47, ,22305,,,,,,,,,,,,,,,,,,,,,,,0,0.0,0.0,0.0,0.0,0.0
2023,FOOTBALL_XFL_2023_3_12_ARL@STL,ARL,1,STL,5,outdoors,495,1678663023.0,65823,2023-03-12 19:17:03.000000,EventFootballPass,"3-2-ARL 31 (8:42) 10 K. Sloter pass to 11 L. Winningham to ARL 37 for 6 yards QB Hit by 56 T. Feeney (26 N. Meadors) PENALTY on 56 T. Feeney, 15 yards",,True,4,8,42,Half2,MaSourceTypeOfficialScoring,FOOTBALL_XFL_2023_3_12_ARL@STL,,QBStat,119,2302015-ARL-at-STL,522,522,522,8:42,1,,,,0.0,2,3,2,2,Visitor,31,19,69,11,24,3.0,2.0,22352,,,,StatusOfficial,ResultPassComplete,,,,21884,21707,3,6.0,Visitor,23.0,3.0,29.0,1:29, ,,22503,,,,5,22503,15.0,ResultPenaltyOnkickoffpat,NA,,,,,,,,,,,,,,0,0.0,0.0,0.0,0.0,0.0
2023,FOOTBALL_XFL_2023_3_12_ARL@STL,ARL,1,STL,5,outdoors,496,1678663103.0,65903,2023-03-12 19:18:23.000000,EventFootballPenalty,"1-10-STL 48 (8:16) PENALTY on 90 K. Atkins, 5 yards",,True,4,8,16,Half2,MaSourceTypeOfficialScoring,FOOTBALL_XFL_2023_3_12_ARL@STL,,QBStat,120,2302015-ARL-at-STL,496,496,496,8:16,1,,,,0.0,2,3,2,2,Home,48,19,48,11,24,1.0,10.0,,,,,StatusOfficial,,,,,,,,,Visitor,23.0,3.0,34.0,1:39, ,,,,,,5,20061,5.0,ResultPenaltyRepeatdown,NA,,,,,,,,,,,,,,0,0.0,0.0,0.0,0.0,0.0
2023,FOOTBALL_XFL_2023_3_12_ARL@STL,ARL,1,STL,5,outdoors,497,1678663134.0,65934,2023-03-12 19:18:54.000000,EventFootballPass,"1-5-STL 43 (7:59) 10 K. Sloter pass to 80 S. Cannella to STL 38 for 5 yards (27 M. Rose, 51 W. Harvey)",,True,4,7,59,Half2,MaSourceTypeOfficialScoring,FOOTBALL_XFL_2023_3_12_ARL@STL,,QBStat,121,2302015-ARL-at-STL,479,479,479,7:59,1,,,,0.0,2,3,2,2,Home,43,19,43,11,24,1.0,5.0,21340,20647,,,StatusOfficial,ResultPassComplete,,,,21884,22030,2,5.0,Visitor,23.0,4.0,39.0,2:10, ,,,,,,,,,,,,,,,,,,,,,,,,0,0.0,0.0,0.0,0.0,0.0
2023,FOOTBALL_XFL_2023_3_12_ARL@STL,ARL,1,STL,5,outdoors,498,1678663174.0,65974,2023-03-12 19:19:34.000000,EventFootballPass,1-10-STL 38 (7:19) 10 K. Sloter pass to 20 K. Farrow to STL 34 for 4 yards (51 W. Harvey),,True,4,7,19,Half2,MaSourceTypeOfficialScoring,FOOTBALL_XFL_2023_3_12_ARL@STL,,QBStat,122,2302015-ARL-at-STL,439,439,439,7:19,1,,,,0.0,2,3,2,2,Home,38,19,38,11,24,1.0,10.0,20647,,,,StatusOfficial,ResultPassComplete,,,,21884,20469,2,4.0,Visitor,23.0,5.0,43.0,2:47, ,,,,,,,,,,,,,,,,,,,,,,,,0,0.0,0.0,0.0,0.0,0.0
2023,FOOTBALL_XFL_2023_3_12_ARL@STL,ARL,1,STL,5,outdoors,499,1678663210.0,66010,2023-03-12 19:20:10.000000,EventFootballPass,"2-6-STL 34 (6:43) 10 K. Sloter pass to 13 C. Vander Esch to STL 27 for 7 yards (26 N. Meadors, 51 W. Harvey)",,True,4,6,43,Half2,MaSourceTypeOfficialScoring,FOOTBALL_XFL_2023_3_12_ARL@STL,,QBStat,123,2302015-ARL-at-STL,403,403,403,6:43,1,,,,0.0,2,3,2,2,Home,34,19,34,11,24,2.0,6.0,22352,20647,,,StatusOfficial,ResultPassComplete,,,,21884,21601,3,7.0,Visitor,23.0,6.0,50.0,3:32, ,,,,,,,,,,,,,,,,,,,,,,,,0,0.0,0.0,0.0,0.0,0.0
2023,FOOTBALL_XFL_2023_3_12_ARL@STL,ARL,1,STL,5,outdoors,500,1678663246.0,66046,2023-03-12 19:20:46.000000,EventFootballPass,1-10-STL 27 (6:07) 10 K. Sloter pass incomplete to 13 C. Vander Esch,,True,4,6,7,Half2,MaSourceTypeOfficialScoring,FOOTBALL_XFL_2023_3_12_ARL@STL,,QBStat,124,2302015-ARL-at-STL,367,367,367,6:07,1,,,,0.0,2,3,2,2,Home,27,19,27,11,24,1.0,10.0,,,,,StatusOfficial,ResultPassIncomplete,,,,21884,21601,2,,Visitor,23.0,7.0,50.0,3:49, ,,,,,,,,,,,,,,,,,,,,,,,,0,0.0,0.0,0.0,0.0,0.0
2023,FOOTBALL_XFL_2023_3_12_ARL@STL,ARL,1,STL,5,outdoors,501,1678663280.0,66080,2023-03-12 19:21:20.000000,EventFootballRush,"2-10-STL 27 (5:40) 20 K. Farrow rush to STL 26 for 1 yard (26 N. Meadors, 51 W. Harvey)",,True,4,5,40,Half2,MaSourceTypeOfficialScoring,FOOTBALL_XFL_2023_3_12_ARL@STL,,QBStat,125,2302015-ARL-at-STL,340,340,340,5:40,1,,,,0.0,2,3,2,2,Home,27,19,27,11,24,2.0,10.0,22352,20647,,,StatusOfficial,,,,,,,3,1.0,Visitor,23.0,8.0,51.0,4:32, ,20469,,,,,,,,,,,,,,,,,,,,,,,0,0.0,0.0,0.0,0.0,0.0
2023,FOOTBALL_XFL_2023_3_12_ARL@STL,ARL,1,STL,5,outdoors,502,1678663319.0,66119,2023-03-12 19:21:59.000000,EventFootballPass,3-9-STL 26 (5:03) 10 K. Sloter pass incomplete to 85 T. Vaughns Pass Defended by 8 M. Hampton,,True,4,5,3,Half2,MaSourceTypeOfficialScoring,FOOTBALL_XFL_2023_3_12_ARL@STL,,QBStat,126,2302015-ARL-at-STL,303,303,303,5:03,1,,,,0.0,2,3,2,2,Home,26,19,26,11,24,3.0,9.0,,,,,StatusOfficial,ResultPassIncomplete,,,,21884,22363,3,,Visitor,23.0,9.0,51.0,5:15, ,,,,21862,,,,,,,,,,,,,,,,,,,,0,0.0,0.0,0.0,0.0,0.0
2023,FOOTBALL_XFL_2023_3_12_ARL@STL,ARL,1,STL,5,outdoors,503,1678663361.0,66161,2023-03-12 19:22:41.000000,EventFootballSack,"4-9-STL 26 (4:27) 10 K. Sloter sacked at STL 40 for -14 yards Fumbled by 10 K. Sloter,  Forced by 56 T. Feeney Recovered by 56 T. Feeney (56 T. Feeney, 53 C. Wells)",,True,4,4,27,Half2,MaSourceTypeOfficialScoring,FOOTBALL_XFL_2023_3_12_ARL@STL,,QBStat,127,2302015-ARL-at-STL,267,267,267,4:27,1,,,,0.0,2,3,2,2,Home,26,19,26,11,24,4.0,9.0,,,,,StatusOfficial,,,Home,40.0,21884,,,-14.0,Visitor,23.0,10.0,37.0,5:28,FUMBLE,,,,,,,,,,,,,,,,,22503,21833,1,21884,5,22503,22503,0,0.0,0.0,0.0,0.0,0.0
2023,FOOTBALL_XFL_2023_3_12_ARL@STL,ARL,1,STL,5,outdoors,504,1678663619.0,66419,2023-03-12 19:26:59.000000,EventFootballPass,1-10-STL 40 (4:22) 10 A. McCarron pass to 88 H. Butler to STL 49 for 9 yards (23 J. Johnson),,True,4,4,22,Half2,MaSourceTypeOfficialScoring,FOOTBALL_XFL_2023_3_12_ARL@STL,,QBStat,128,2302015-ARL-at-STL,262,262,262,4:22,5,,,,1.0,2,3,3,3,Home,40,20,60,11,24,1.0,10.0,20810,,,,StatusOfficial,ResultPassComplete,,,,22026,22333,2,9.0,Home,40.0,1.0,9.0,0:37, ,,,,,,,,,,,,,,,,,,,,,,,,0,0.0,0.0,0.0,0.0,0.0
2023,FOOTBALL_XFL_2023_3_12_ARL@STL,ARL,1,STL,5,outdoors,505,1678663661.0,66461,2023-03-12 19:27:41.000000,EventFootballRush,"2-1-STL 49 (3:40) 0 K. Walker rush to ARL 48 for 3 yards (45 W. Clarke, 72 T. Barnes)",,True,4,3,40,Half2,MaSourceTypeOfficialScoring,FOOTBALL_XFL_2023_3_12_ARL@STL,,QBStat,129,2302015-ARL-at-STL,220,220,220,3:40,5,,,,1.0,2,3,3,3,Home,49,20,51,11,24,2.0,1.0,20296,20089,,,StatusOfficial,,,,,,,2,3.0,Home,40.0,2.0,12.0,0:55, ,22033,,,,,,,,,,,,,,,,,,,,,,,0,0.0,0.0,0.0,0.0,0.0
2023,FOOTBALL_XFL_2023_3_12_ARL@STL,ARL,1,STL,5,outdoors,506,1678663702.0,66502,2023-03-12 19:28:22.000000,EventFootballRush,"1-10-ARL 48 (2:58) 0 K. Walker rush to ARL 46 for 2 yards (36 C. Schooler, 72 T. Barnes)",,True,4,2,58,Half2,MaSourceTypeOfficialScoring,FOOTBALL_XFL_2023_3_12_ARL@STL,,QBStat,130,2302015-ARL-at-STL,178,178,178,2:58,5,,,,1.0,2,3,3,3,Visitor,48,20,48,11,24,1.0,10.0,21379,20089,,,StatusOfficial,,,,,,,2,2.0,Home,40.0,3.0,14.0,1:36, ,22033,,,,,,,,,,,,,,,,,,,,,,,0,0.0,0.0,0.0,0.0,0.0
2023,FOOTBALL_XFL_2023_3_12_ARL@STL,ARL,1,STL,5,outdoors,507,1678663739.0,66539,2023-03-12 19:28:59.000000,EventFootballRush,"2-8-ARL 46 (2:21) 0 K. Walker rush to ARL 39 for 7 yards (36 C. Schooler, 18 D. Payne)",,True,4,2,21,Half2,MaSourceTypeOfficialScoring,FOOTBALL_XFL_2023_3_12_ARL@STL,,QBStat,131,2302015-ARL-at-STL,141,141,141,2:21,5,,,,1.0,2,3,3,3,Visitor,46,20,46,11,24,2.0,8.0,21379,22675,,,StatusOfficial,,,,,,,2,7.0,Home,40.0,4.0,21.0,2:20, ,22033,,,,,,,,,,,,,,,,,,,,,,,0,0.0,0.0,0.0,0.0,0.0
2023,FOOTBALL_XFL_2023_3_12_ARL@STL,ARL,1,STL,5,outdoors,508,1678663977.0,66777,2023-03-12 19:32:57.000000,EventFootballRush,3-1-ARL 39 (1:56) 23 B. Hill rush to ARL 39 for 0 yards (23 J. Johnson),,True,4,1,56,Half2,MaSourceTypeOfficialScoring,FOOTBALL_XFL_2023_3_12_ARL@STL,,QBStat,132,2302015-ARL-at-STL,116,116,116,1:56,5,,,,1.0,2,3,3,3,Visitor,39,20,39,11,24,3.0,1.0,20810,,,,StatusOfficial,,,,,,,2,0.0,Home,40.0,5.0,21.0,2:55, ,20688,,,,,,,,,,,,,,,,,,,,,,,0,0.0,0.0,0.0,0.0,0.0
2023,FOOTBALL_XFL_2023_3_12_ARL@STL,ARL,1,STL,5,outdoors,509,1678664023.0,66823,2023-03-12 19:33:43.000000,EventFootballTimeout,Timeout by St. Louis Battlehawks at 1:18,,True,4,1,18,Half2,MaSourceTypeOfficialScoring,FOOTBALL_XFL_2023_3_12_ARL@STL,,QBStat,133,2302015-ARL-at-STL,78,78,78,1:18,5,,,,1.0,2,3,3,3,Visitor,39,20,39,11,24,4.0,1.0,,,,,StatusOfficial,,,,,,,,,Home,40.0,5.0,21.0,3:07, ,,,5,,,,,,,,,,,,,,,,,,,,,0,0.0,0.0,0.0,0.0,0.0
2023,FOOTBALL_XFL_2023_3_12_ARL@STL,ARL,1,STL,5,outdoors,510,1678664106.0,66906,2023-03-12 19:35:06.000000,EventFootballRush,"4-1-ARL 39 (1:15) 23 B. Hill rush to ARL 39 for 0 yards (36 C. Schooler, 71 J. Coatney)",,True,4,1,15,Half2,MaSourceTypeOfficialScoring,FOOTBALL_XFL_2023_3_12_ARL@STL,,QBStat,134,2302015-ARL-at-STL,75,75,75,1:15,5,,,,1.0,2,2,2,2,Visitor,39,20,39,11,24,4.0,1.0,21379,21922,,,StatusOfficial,,,,,,,2,0.0,Home,40.0,6.0,21.0,3:12,DOWNS,20688,,,,,,,,,,,,,,,,,,,,,,,0,0.0,0.0,0.0,0.0,0.0
2023,FOOTBALL_XFL_2023_3_12_ARL@STL,ARL,1,STL,5,outdoors,511,1678664151.0,66951,2023-03-12 19:35:51.000000,EventFootballPass,"1-10-ARL 39 (1:11) 10 K. Sloter pass to 2 D. Smith to ARL 38 for -1 yards (8 M. Hampton, 27 M. Rose)",,True,4,1,11,Half2,MaSourceTypeOfficialScoring,FOOTBALL_XFL_2023_3_12_ARL@STL,,QBStat,135,2302015-ARL-at-STL,71,71,71,1:11,1,,,,0.0,2,2,2,2,Visitor,39,21,61,11,24,1.0,10.0,21862,21340,,,StatusOfficial,ResultPassComplete,,,,21884,22305,3,-1.0,Visitor,39.0,1.0,-2.0,0:10, ,,,,,,,,,,,,,,,,,,,,,,,,0,0.0,0.0,0.0,0.0,0.0
2023,FOOTBALL_XFL_2023_3_12_ARL@STL,ARL,1,STL,5,outdoors,512,1678664178.0,66978,2023-03-12 19:36:18.000000,EventFootballTimeout,Timeout by Arlington Renegades at 1:05,,True,4,1,5,Half2,MaSourceTypeOfficialScoring,FOOTBALL_XFL_2023_3_12_ARL@STL,,QBStat,136,2302015-ARL-at-STL,65,65,65,1:05,1,,,,0.0,2,2,2,2,Visitor,38,21,62,11,24,2.0,11.0,,,,,StatusOfficial,,,,,,,,,Visitor,39.0,1.0,-1.0,0:17, ,,,1,,,,,,,,,,,,,,,,,,,,,0,0.0,0.0,0.0,0.0,0.0
2023,FOOTBALL_XFL_2023_3_12_ARL@STL,ARL,1,STL,5,outdoors,513,1678664237.0,67037,2023-03-12 19:37:17.000000,EventFootballPass,2-11-ARL 38 (0:57) 10 K. Sloter pass to 80 S. Cannella to STL 49 for 13 yards (27 M. Rose),,True,4,0,57,Half2,MaSourceTypeOfficialScoring,FOOTBALL_XFL_2023_3_12_ARL@STL,,QBStat,137,2302015-ARL-at-STL,57,57,57,0:57,1,,,,0.0,1,2,1,1,Visitor,38,21,62,11,24,2.0,11.0,21340,,,,StatusOfficial,ResultPassComplete,,,,21884,22030,2,13.0,Visitor,39.0,2.0,10.0,0:27, ,,,,,,,,,,,,,,,,,,,,,,,,0,0.0,0.0,0.0,0.0,0.0
2023,FOOTBALL_XFL_2023_3_12_ARL@STL,ARL,1,STL,5,outdoors,514,1678664253.0,67053,2023-03-12 19:37:33.000000,EventFootballPass,1-10-STL 49 (0:48) 10 K. Sloter pass incomplete to 80 S. Cannella Pass Defended by 25 L. Denis,,True,4,0,48,Half2,MaSourceTypeOfficialScoring,FOOTBALL_XFL_2023_3_12_ARL@STL,,QBStat,138,2302015-ARL-at-STL,48,48,48,0:48,1,,,,0.0,1,2,1,1,Home,49,21,49,11,24,1.0,10.0,,,,,StatusOfficial,ResultPassIncomplete,,,,21884,22030,,,Visitor,39.0,3.0,10.0,0:27, ,,,,20385,,,,,,,,,,,,,,,,,,,,0,0.0,0.0,0.0,0.0,0.0
2023,FOOTBALL_XFL_2023_3_12_ARL@STL,ARL,1,STL,5,outdoors,515,1678664312.0,67112,2023-03-12 19:38:32.000000,EventFootballTimeout,Timeout by St. Louis Battlehawks at 0:48,,True,4,0,48,Half2,MaSourceTypeOfficialScoring,FOOTBALL_XFL_2023_3_12_ARL@STL,,QBStat,139,2302015-ARL-at-STL,48,48,48,0:48,1,,,,0.0,1,2,1,1,Home,49,21,49,11,24,2.0,10.0,,,,,StatusOfficial,,,,,,,,,Visitor,39.0,3.0,12.0,0:33, ,,,5,,,,,,,,,,,,,,,,,,,,,0,0.0,0.0,0.0,0.0,0.0
2023,FOOTBALL_XFL_2023_3_12_ARL@STL,ARL,1,STL,5,outdoors,516,1678664354.0,67154,2023-03-12 19:39:14.000000,EventFootballPass,2-10-STL 49 (0:42) 10 K. Sloter pass intended for 2 D. Smith INTERCEPTED by 29 S. Kelly returned 0 yards to STL 49,,True,4,0,42,Half2,MaSourceTypeOfficialScoring,FOOTBALL_XFL_2023_3_12_ARL@STL,,QBStat,140,2302015-ARL-at-STL,42,42,42,0:42,1,,,,0.0,1,1,1,1,Home,49,21,49,11,24,2.0,10.0,,,,,StatusOfficial,ResultPassInterception,,Home,49.0,21884,22305,3,,Visitor,39.0,4.0,12.0,0:33,INT,,,,,,,,,,,,,,,21870,,,,,,,,,0,0.0,0.0,0.0,0.0,0.0
2023,FOOTBALL_XFL_2023_3_12_ARL@STL,ARL,1,STL,5,outdoors,517,1678664395.0,67195,2023-03-12 19:39:55.000000,EventFootballRush,1-10-STL 49 (0:42) 10 A. McCarron rush to STL 47 for -2 yards,,True,4,0,42,Half2,MaSourceTypeOfficialScoring,FOOTBALL_XFL_2023_3_12_ARL@STL,,QBStat,141,2302015-ARL-at-STL,42,42,42,0:42,5,,,,1.0,1,1,1,1,Home,49,22,51,11,24,1.0,10.0,,,,,StatusOfficial,,,,,,,2,-2.0,Home,49.0,1.0,-2.0,0:35, ,22026,,,,,,,,,,,,,,,,,,,,,,,0,0.0,0.0,0.0,0.0,0.0
2023,FOOTBALL_XFL_2023_3_12_ARL@STL,ARL,1,STL,5,outdoors,518,1678664433.0,67233,2023-03-12 19:40:33.000000,EventFootballRush,2-12-STL 47 (0:06) 10 A. McCarron rush to STL 45 for -2 yards,,True,4,0,6,Half2,MaSourceTypeOfficialScoring,FOOTBALL_XFL_2023_3_12_ARL@STL,,QBStat,142,2302015-ARL-at-STL,6,6,6,0:06,5,,,,1.0,1,1,1,1,Home,47,22,53,11,24,2.0,12.0,,,,,StatusOfficial,,,,,,,2,-2.0,Home,49.0,2.0,-4.0,0:42,HALF,22026,,,,,,,,,,,,,,,,,,,,,,,0,0.0,0.0,0.0,0.0,0.0
2023,FOOTBALL_XFL_2023_3_12_ARL@STL,ARL,1,STL,5,outdoors,519,1678831692.3749604,,2023-03-14 18:08:12.374960,EventOfficial,Game Official Marker,,True,4,0,0,Half2,MaSourceTypeOfficialScoring,FOOTBALL_XFL_2023_3_12_ARL@STL,,QBStat,10025,2302015-ARL-at-STL,0,0,0,0:00,5,,,,1.0,1,1,1,1,Home,45,22,55,11,24,3.0,14.0,,,,,,,,,,,,,,,,,,,,,,,,,,,,,,,,,,,,,,,,,,,0,0.0,0.0,0.0,0.0,0.0
