season,game_id,away_team_abv,away_team,home_team_abv,home_team,roof,MarkerId,MarkerUTC,MarkerLTC,play_date_time,play_type,desc,comments,IsOfficial,qtr,ClockMinutes,ClockSeconds,game_half,SourceType,EventId,SituationCode,SourceId,SourceNativeMarkerId,OfficialCode,quarter_seconds_remaining,half_seconds_remaining,game_seconds_remaining,time,posteam,LastPlaySummary,LastPlayStatus,home_team_has_pos,posteam_abv,defteam_abv,receive_2h_ko_team,VisTimeouts,HomeTimeouts,posteam_timeouts_remaining,defteam_timeouts_remaining,BallOn_Side,BallOn_YardNum,DriveNum,yardline_100,spread_line,VisScore,HomeScore,MapRoleTackler1,MapRoleTackler2,MapRoleKicker,MapRoleKickreturner,FootballStatus,FootballPlayResult,FootballKickRetYards,FootballSetBallOn_VisOrHome,FootballSetBallOn_YardNum,down,ydstogo,FootballPenalty_TeamId,FootballPenalty_PlayerId,FootballPenalty_Yards,FootballPenalty_PenaltyResult,FootballPenalty_Description,Drive_Start_VisOrHome,Drive_Start_YardNum,Drive_Yards,Drive_TOP,Result,MapRoleRusher,FootballYards,Drive_Plays,MapRolePasser,MapRoleReceiver,FootballTimeoutTeamId,MapRoleQbHitter,FootballMainScoringPlay,FootballConvAttPts,MapRolePassDefender,MapRolePunter,MapRolePuntreturner,FootballPuntYards,MapRoleSacker1,FootballPuntRetYards,MapRoleInterceptor,FootballZone,punt_attempt,pass_touchdown,rush_touchdown,field_goal_attempt,field_goal_made,touchdown
2023,FOOTBALL_XFL_2023_4_16_SEA@STL,SEA,6,STL,5,outdoors,1,1681671907.6545494,,2023-04-16 19:05:07.654549,EventStart,Game Start Marker,,True,1,15,0,Half1,MaSourceTypeOfficialScoring,FOOTBALL_XFL_2023_4_16_SEA@STL,,QBStat,10005,2302036-SEA-at-STL,900,1800,3600,15:00,6,,,0.0,SEA,STL,0.0,3,3,3.0,3.0,Home,30,1,30.0,0,0,0,,,,,,,,,,,,,,,,,,,,,,,,,,,,,,,,,,,,,,,0,0.0,0.0,0.0,0.0,0.0
2023,FOOTBALL_XFL_2023_4_16_SEA@STL,SEA,6,STL,5,outdoors,60,1681671964.0,54364,2023-04-16 19:06:04.000000,EventFootballKickoff,"FROM STL 30 (15:00) 2 D. Hageman kicks from STL 30. 86 K. McKnight to SEA 26 for 20 yards (39 C. Cooper, 53 C. Wells)",,True,1,15,0,Half1,MaSourceTypeOfficialScoring,FOOTBALL_XFL_2023_4_16_SEA@STL,,QBStat,1,2302036-SEA-at-STL,900,1800,3600,15:00,6,,,0.0,SEA,STL,0.0,3,3,3.0,3.0,Home,30,1,30.0,0,0,0,22336,21833,22008,21875,StatusOfficial,ResultKickReturned,20.0,Visitor,26.0,,,,,,,,,,,,,,,,,,,,,,,,,,,,,,0,0.0,0.0,0.0,0.0,0.0
2023,FOOTBALL_XFL_2023_4_16_SEA@STL,SEA,6,STL,5,outdoors,61,1681672107.0,54507,2023-04-16 19:08:27.000000,EventFootballPenalty,"1-10-SEA 26 (14:55) PENALTY on (STL) 96 L. London, 5 yards",,True,1,14,55,Half1,MaSourceTypeOfficialScoring,FOOTBALL_XFL_2023_4_16_SEA@STL,,QBStat,2,2302036-SEA-at-STL,895,1795,3595,14:55,6,,,0.0,SEA,STL,0.0,3,3,3.0,3.0,Visitor,26,1,74.0,0,0,0,,,,,StatusOfficial,,,,,1.0,10.0,5,20965,5.0,ResultPenaltyRepeatdown,NA,Visitor,26.0,5.0,0:05, ,,,,,,,,,,,,,,,,,,0,0.0,0.0,0.0,0.0,0.0
2023,FOOTBALL_XFL_2023_4_16_SEA@STL,SEA,6,STL,5,outdoors,62,1681672135.0,54535,2023-04-16 19:08:55.000000,EventFootballRush,1-5-SEA 31 (14:51) 30 P. Lindsay rush to SEA 33 for 2 yards (53 C. Wells),,True,1,14,51,Half1,MaSourceTypeOfficialScoring,FOOTBALL_XFL_2023_4_16_SEA@STL,,QBStat,3,2302036-SEA-at-STL,891,1791,3591,14:51,6,,,0.0,SEA,STL,0.0,3,3,3.0,3.0,Visitor,31,1,69.0,0,0,0,21833,,,,StatusOfficial,,,,,1.0,5.0,,,,,,Visitor,26.0,7.0,0:20, ,22901,2.0,1.0,,,,,,,,,,,,,,,0,0.0,0.0,0.0,0.0,0.0
2023,FOOTBALL_XFL_2023_4_16_SEA@STL,SEA,6,STL,5,outdoors,63,1681672168.0,54568,2023-04-16 19:09:28.000000,EventFootballRush,2-3-SEA 33 (14:17) 30 P. Lindsay rush to SEA 36 for 3 yards (51 W. Harvey),,True,1,14,17,Half1,MaSourceTypeOfficialScoring,FOOTBALL_XFL_2023_4_16_SEA@STL,,QBStat,4,2302036-SEA-at-STL,857,1757,3557,14:17,6,,,0.0,SEA,STL,0.0,3,3,3.0,3.0,Visitor,33,1,67.0,0,0,0,20647,,,,StatusOfficial,,,,,2.0,3.0,,,,,,Visitor,26.0,10.0,0:51, ,22901,3.0,2.0,,,,,,,,,,,,,,,0,0.0,0.0,0.0,0.0,0.0
2023,FOOTBALL_XFL_2023_4_16_SEA@STL,SEA,6,STL,5,outdoors,64,1681672221.0,54621,2023-04-16 19:10:21.000000,EventFootballPenalty,"1-10-SEA 36 (13:43) PENALTY on St. Louis Battlehawks, 5 yards",,True,1,13,43,Half1,MaSourceTypeOfficialScoring,FOOTBALL_XFL_2023_4_16_SEA@STL,,QBStat,5,2302036-SEA-at-STL,823,1723,3523,13:43,6,,,0.0,SEA,STL,0.0,3,3,3.0,3.0,Visitor,36,1,64.0,0,0,0,,,,,StatusOfficial,,,,,1.0,10.0,5,TM,5.0,ResultPenaltyRepeatdown,NA,Visitor,26.0,15.0,1:18, ,,,2.0,,,,,,,,,,,,,,,0,0.0,0.0,0.0,0.0,0.0
2023,FOOTBALL_XFL_2023_4_16_SEA@STL,SEA,6,STL,5,outdoors,65,1681672251.0,54651,2023-04-16 19:10:51.000000,EventFootballPass,1-5-SEA 41 (13:20) 6 B. DiNucci pass dropped by 80 B. Jackson,,True,1,13,20,Half1,MaSourceTypeOfficialScoring,FOOTBALL_XFL_2023_4_16_SEA@STL,,QBStat,6,2302036-SEA-at-STL,800,1700,3500,13:20,6,,,0.0,SEA,STL,0.0,3,3,3.0,3.0,Visitor,41,1,59.0,0,0,0,,,,,StatusOfficial,ResultPassDropped,,,,1.0,5.0,,,,,,Visitor,26.0,15.0,1:41, ,,,3.0,21979,20761,,,,,,,,,,,,,0,0.0,0.0,0.0,0.0,0.0
2023,FOOTBALL_XFL_2023_4_16_SEA@STL,SEA,6,STL,5,outdoors,66,1681672288.0,54688,2023-04-16 19:11:28.000000,EventFootballPass,"2-5-SEA 41 (12:47) 6 B. DiNucci pass to 30 P. Lindsay to SEA 43 for 2 yards (26 N. Meadors, 25 L. Denis)",,True,1,12,47,Half1,MaSourceTypeOfficialScoring,FOOTBALL_XFL_2023_4_16_SEA@STL,,QBStat,7,2302036-SEA-at-STL,767,1667,3467,12:47,6,,,0.0,SEA,STL,0.0,3,3,3.0,3.0,Visitor,41,1,59.0,0,0,0,22352,20385,,,StatusOfficial,ResultPassComplete,,,,2.0,5.0,,,,,,Visitor,26.0,17.0,2:27, ,,2.0,4.0,21979,22901,,,,,,,,,,,,,0,0.0,0.0,0.0,0.0,0.0
2023,FOOTBALL_XFL_2023_4_16_SEA@STL,SEA,6,STL,5,outdoors,67,1681672339.0,54739,2023-04-16 19:12:19.000000,EventFootballTimeout,3-3-SEA 43 (12:11) Timeout by Seattle Sea Dragons at 12:11,,True,1,12,11,Half1,MaSourceTypeOfficialScoring,FOOTBALL_XFL_2023_4_16_SEA@STL,,QBStat,8,2302036-SEA-at-STL,731,1631,3431,12:11,6,,,0.0,SEA,STL,0.0,3,3,3.0,3.0,Visitor,43,1,57.0,0,0,0,,,,,StatusOfficial,,,,,3.0,3.0,,,,,,Visitor,26.0,17.0,2:49, ,,,4.0,,,6,,,,,,,,,,,,0,0.0,0.0,0.0,0.0,0.0
2023,FOOTBALL_XFL_2023_4_16_SEA@STL,SEA,6,STL,5,outdoors,68,1681672422.0,54822,2023-04-16 19:13:42.000000,EventFootballPass,3-3-SEA 43 (12:05) 6 B. DiNucci pass to 3 J. Pearson to STL 48 for 9 yards QB Hit by 25 L. Denis (24 L. Hill),,True,1,12,5,Half1,MaSourceTypeOfficialScoring,FOOTBALL_XFL_2023_4_16_SEA@STL,,QBStat,9,2302036-SEA-at-STL,725,1625,3425,12:05,6,,,0.0,SEA,STL,0.0,2,3,2.0,2.0,Visitor,43,1,57.0,0,0,0,22870,,,,StatusOfficial,ResultPassComplete,,,,3.0,3.0,,,,,,Visitor,26.0,26.0,3:21, ,,9.0,5.0,21979,21203,,20385,,,,,,,,,,,0,0.0,0.0,0.0,0.0,0.0
2023,FOOTBALL_XFL_2023_4_16_SEA@STL,SEA,6,STL,5,outdoors,69,1681672460.0,54860,2023-04-16 19:14:20.000000,EventFootballPass,1-10-STL 48 (11:26) 6 B. DiNucci pass to 15 D. Willis to STL 43 for 5 yards (8 M. Hampton),,True,1,11,26,Half1,MaSourceTypeOfficialScoring,FOOTBALL_XFL_2023_4_16_SEA@STL,,QBStat,10,2302036-SEA-at-STL,686,1586,3386,11:26,6,,,0.0,SEA,STL,0.0,2,3,2.0,2.0,Home,48,1,48.0,0,0,0,21862,,,,StatusOfficial,ResultPassComplete,,,,1.0,10.0,,,,,,Visitor,26.0,31.0,3:45, ,,5.0,6.0,21979,21695,,,,,,,,,,,,,0,0.0,0.0,0.0,0.0,0.0
2023,FOOTBALL_XFL_2023_4_16_SEA@STL,SEA,6,STL,5,outdoors,70,1681672509.0,54909,2023-04-16 19:15:09.000000,EventFootballPass,2-5-STL 43 (10:42) 6 B. DiNucci pass incomplete to 4 J. Green QB Hit by 53 C. Wells,,True,1,10,42,Half1,MaSourceTypeOfficialScoring,FOOTBALL_XFL_2023_4_16_SEA@STL,,QBStat,11,2302036-SEA-at-STL,642,1542,3342,10:42,6,,,0.0,SEA,STL,0.0,2,3,2.0,2.0,Home,43,1,43.0,0,0,0,,,,,StatusOfficial,ResultPassIncomplete,,,,2.0,5.0,,,,,,Visitor,26.0,31.0,4:28, ,,,7.0,21979,22035,,21833,,,,,,,,,,,0,0.0,0.0,0.0,0.0,0.0
2023,FOOTBALL_XFL_2023_4_16_SEA@STL,SEA,6,STL,5,outdoors,71,1681672549.0,54949,2023-04-16 19:15:49.000000,EventFootballPass,"3-5-STL 43 (10:03) 6 B. DiNucci pass to 80 B. Jackson to STL 38 for 5 yards (1 E. Hamilton, 39 C. Cooper)",,True,1,10,3,Half1,MaSourceTypeOfficialScoring,FOOTBALL_XFL_2023_4_16_SEA@STL,,QBStat,12,2302036-SEA-at-STL,603,1503,3303,10:03,6,,,0.0,SEA,STL,0.0,2,3,2.0,2.0,Home,43,1,43.0,0,0,0,20615,22336,,,StatusOfficial,ResultPassComplete,,,,3.0,5.0,,,,,,Visitor,26.0,36.0,5:07, ,,5.0,8.0,21979,20761,,,,,,,,,,,,,0,0.0,0.0,0.0,0.0,0.0
2023,FOOTBALL_XFL_2023_4_16_SEA@STL,SEA,6,STL,5,outdoors,72,1681672588.0,54988,2023-04-16 19:16:28.000000,EventFootballRush,1-10-STL 38 (9:24) 89 C. Taumoepeau rush to STL 31 for 7 yards (56 T. Feeney),,True,1,9,24,Half1,MaSourceTypeOfficialScoring,FOOTBALL_XFL_2023_4_16_SEA@STL,,QBStat,13,2302036-SEA-at-STL,564,1464,3264,9:24,6,,,0.0,SEA,STL,0.0,2,3,2.0,2.0,Home,38,1,38.0,0,0,0,22503,,,,StatusOfficial,,,,,1.0,10.0,,,,,,Visitor,26.0,43.0,5:47, ,21967,7.0,9.0,,,,,,,,,,,,,,,0,0.0,0.0,0.0,0.0,0.0
2023,FOOTBALL_XFL_2023_4_16_SEA@STL,SEA,6,STL,5,outdoors,73,1681672625.0,55025,2023-04-16 19:17:05.000000,EventFootballPass,2-3-STL 31 (8:49) 6 B. DiNucci pass to 3 J. Pearson to STL 23 for 8 yards (8 M. Hampton),,True,1,8,49,Half1,MaSourceTypeOfficialScoring,FOOTBALL_XFL_2023_4_16_SEA@STL,,QBStat,14,2302036-SEA-at-STL,529,1429,3229,8:49,6,,,0.0,SEA,STL,0.0,2,3,2.0,2.0,Home,31,1,31.0,0,0,0,21862,,,,StatusOfficial,ResultPassComplete,,,,2.0,3.0,,,,,,Visitor,26.0,51.0,6:29, ,,8.0,10.0,21979,21203,,,,,,,,,,,,,0,0.0,0.0,0.0,0.0,0.0
2023,FOOTBALL_XFL_2023_4_16_SEA@STL,SEA,6,STL,5,outdoors,74,1681672668.0,55068,2023-04-16 19:17:48.000000,EventFootballPass,1-10-STL 23 (8:11) 6 B. DiNucci pass to 4 J. Green to STL 9 for 14 yards (38 B. Sebastian),,True,1,8,11,Half1,MaSourceTypeOfficialScoring,FOOTBALL_XFL_2023_4_16_SEA@STL,,QBStat,15,2302036-SEA-at-STL,491,1391,3191,8:11,6,,,0.0,SEA,STL,0.0,2,3,2.0,2.0,Home,23,1,23.0,0,0,0,21389,,,,StatusOfficial,ResultPassComplete,,,,1.0,10.0,,,,,,Visitor,26.0,65.0,7:06, ,,14.0,11.0,21979,22035,,,,,,,,,,,,,0,0.0,0.0,0.0,0.0,0.0
2023,FOOTBALL_XFL_2023_4_16_SEA@STL,SEA,6,STL,5,outdoors,75,1681672710.0,55110,2023-04-16 19:18:30.000000,EventFootballRush,"1-9-STL 9 (7:35) 19 T. Hammonds rush for 9 yards, TOUCHDOWN",,True,1,7,35,Half1,MaSourceTypeOfficialScoring,FOOTBALL_XFL_2023_4_16_SEA@STL,,QBStat,16,2302036-SEA-at-STL,455,1355,3155,7:35,6,,,0.0,SEA,STL,0.0,2,3,2.0,2.0,Home,9,1,9.0,0,0,0,,,,,StatusOfficial,,,,,1.0,9.0,,,,,,Visitor,26.0,74.0,7:25,TD,20620,9.0,12.0,,,,,ScoreTypeTd,,,,,,,,,,0,0.0,1.0,0.0,0.0,1.0
2023,FOOTBALL_XFL_2023_4_16_SEA@STL,SEA,6,STL,5,outdoors,76,1681672730.0,55130,2023-04-16 19:18:50.000000,EventFootballPat2PtRush,FROM STL 5 (7:35) 30 P. Lindsay 2-pt conversion rush attempt GOOD,,True,1,7,35,Half1,MaSourceTypeOfficialScoring,FOOTBALL_XFL_2023_4_16_SEA@STL,,QBStat,17,2302036-SEA-at-STL,455,1355,3155,7:35,6,,,0.0,SEA,STL,0.0,2,3,2.0,2.0,Home,5,1,5.0,0,6,0,,,,,StatusOfficial,,,,,,,,,,,,,,,,,22901,5.0,,,,,,ScoreTypeConv,2.0,,,,,,,,,0,0.0,0.0,0.0,0.0,0.0
2023,FOOTBALL_XFL_2023_4_16_SEA@STL,SEA,6,STL,5,outdoors,77,1681672780.0,55180,2023-04-16 19:19:40.000000,EventFootballKickoff,"FROM SEA 30 (7:35) 11 D. Eberle kicks from SEA 30. 11 D. Shepherd to STL 29 for 20 yards (32 Q. Cole, 16 M. Wright)",,True,1,7,35,Half1,MaSourceTypeOfficialScoring,FOOTBALL_XFL_2023_4_16_SEA@STL,,QBStat,18,2302036-SEA-at-STL,455,1355,3155,7:35,5,,,1.0,STL,SEA,0.0,2,3,3.0,3.0,Visitor,30,2,30.0,0,8,0,20311,21721,22874,21822,StatusOfficial,ResultKickReturned,20.0,Home,29.0,,,,,,,,,,,,,,,,,,,,,,,,,,,,,,0,0.0,0.0,0.0,0.0,0.0
2023,FOOTBALL_XFL_2023_4_16_SEA@STL,SEA,6,STL,5,outdoors,78,1681673052.0,55452,2023-04-16 19:24:12.000000,EventFootballPass,1-10-STL 29 (7:24) 10 A. McCarron pass incomplete to 11 D. Shepherd,,True,1,7,24,Half1,MaSourceTypeOfficialScoring,FOOTBALL_XFL_2023_4_16_SEA@STL,,QBStat,19,2302036-SEA-at-STL,444,1344,3144,7:24,5,,,1.0,STL,SEA,0.0,2,3,3.0,3.0,Home,29,2,71.0,0,8,0,,,,,StatusOfficial,ResultPassIncomplete,,,,1.0,10.0,,,,,,Home,29.0,,0:13, ,,,1.0,22026,21822,,,,,,,,,,,,,0,0.0,0.0,0.0,0.0,0.0
2023,FOOTBALL_XFL_2023_4_16_SEA@STL,SEA,6,STL,5,outdoors,79,1681673088.0,55488,2023-04-16 19:24:48.000000,EventFootballRush,"2-10-STL 29 (6:50) 23 B. Hill rush to STL 32 for 3 yards (97 N. Lalos, 8 T. Walker)",,True,1,6,50,Half1,MaSourceTypeOfficialScoring,FOOTBALL_XFL_2023_4_16_SEA@STL,,QBStat,20,2302036-SEA-at-STL,410,1310,3110,6:50,5,,,1.0,STL,SEA,0.0,2,3,3.0,3.0,Home,29,2,71.0,0,8,0,20918,21620,,,StatusOfficial,,,,,2.0,10.0,,,,,,Home,29.0,3.0,0:56, ,20688,3.0,2.0,,,,,,,,,,,,,,,0,0.0,0.0,0.0,0.0,0.0
2023,FOOTBALL_XFL_2023_4_16_SEA@STL,SEA,6,STL,5,outdoors,80,1681673127.0,55527,2023-04-16 19:25:27.000000,EventFootballPass,3-7-STL 32 (6:10) 10 A. McCarron pass to 11 D. Shepherd to STL 45 for 13 yards (1 B. Thompson),,True,1,6,10,Half1,MaSourceTypeOfficialScoring,FOOTBALL_XFL_2023_4_16_SEA@STL,,QBStat,21,2302036-SEA-at-STL,370,1270,3070,6:10,5,,,1.0,STL,SEA,0.0,2,3,3.0,3.0,Home,32,2,68.0,0,8,0,22377,,,,StatusOfficial,ResultPassComplete,,,,3.0,7.0,,,,,,Home,29.0,16.0,1:37, ,,13.0,3.0,22026,21822,,,,,,,,,,,,,0,0.0,0.0,0.0,0.0,0.0
2023,FOOTBALL_XFL_2023_4_16_SEA@STL,SEA,6,STL,5,outdoors,81,1681673168.0,55568,2023-04-16 19:26:08.000000,EventFootballRush,1-10-STL 45 (5:30) 12 G. Jennings rush to SEA 45 for 10 yards (2 A. Brooks),,True,1,5,30,Half1,MaSourceTypeOfficialScoring,FOOTBALL_XFL_2023_4_16_SEA@STL,,QBStat,22,2302036-SEA-at-STL,330,1230,3030,5:30,5,,,1.0,STL,SEA,0.0,2,3,3.0,3.0,Home,45,2,55.0,0,8,0,21919,,,,StatusOfficial,,,,,1.0,10.0,,,,,,Home,29.0,26.0,2:17, ,22038,10.0,4.0,,,,,,,,,,,,,,,0,0.0,0.0,0.0,0.0,0.0
2023,FOOTBALL_XFL_2023_4_16_SEA@STL,SEA,6,STL,5,outdoors,82,1681673206.0,55606,2023-04-16 19:26:46.000000,EventFootballPass,1-10-SEA 45 (4:53) 10 A. McCarron pass to 3 M. Ateman to SEA 24 for 21 yards (5 C. Payton-Jones),,True,1,4,53,Half1,MaSourceTypeOfficialScoring,FOOTBALL_XFL_2023_4_16_SEA@STL,,QBStat,23,2302036-SEA-at-STL,293,1193,2993,4:53,5,,,1.0,STL,SEA,0.0,2,3,3.0,3.0,Visitor,45,2,45.0,0,8,0,20836,,,,StatusOfficial,ResultPassComplete,,,,1.0,10.0,,,,,,Home,29.0,47.0,2:52, ,,21.0,5.0,22026,20058,,,,,,,,,,,,,0,0.0,0.0,0.0,0.0,0.0
2023,FOOTBALL_XFL_2023_4_16_SEA@STL,SEA,6,STL,5,outdoors,83,1681673245.0,55645,2023-04-16 19:27:25.000000,EventFootballPass,1-10-SEA 24 (4:16) 10 A. McCarron pass to 11 D. Shepherd to SEA 27 for -3 yards (1 B. Thompson),,True,1,4,16,Half1,MaSourceTypeOfficialScoring,FOOTBALL_XFL_2023_4_16_SEA@STL,,QBStat,24,2302036-SEA-at-STL,256,1156,2956,4:16,5,,,1.0,STL,SEA,0.0,2,3,3.0,3.0,Visitor,24,2,24.0,0,8,0,22377,,,,StatusOfficial,ResultPassComplete,,,,1.0,10.0,,,,,,Home,29.0,44.0,3:31, ,,-3.0,6.0,22026,21822,,,,,,,,,,,,,0,0.0,0.0,0.0,0.0,0.0
2023,FOOTBALL_XFL_2023_4_16_SEA@STL,SEA,6,STL,5,outdoors,84,1681673284.0,55684,2023-04-16 19:28:04.000000,EventFootballPass,2-13-SEA 27 (3:39) 10 A. McCarron pass dropped by 23 B. Hill,,True,1,3,39,Half1,MaSourceTypeOfficialScoring,FOOTBALL_XFL_2023_4_16_SEA@STL,,QBStat,25,2302036-SEA-at-STL,219,1119,2919,3:39,5,,,1.0,STL,SEA,0.0,2,3,3.0,3.0,Visitor,27,2,27.0,0,8,0,,,,,StatusOfficial,ResultPassDropped,,,,2.0,13.0,,,,,,Home,29.0,44.0,4:07, ,,,7.0,22026,20688,,,,,,,,,,,,,0,0.0,0.0,0.0,0.0,0.0
2023,FOOTBALL_XFL_2023_4_16_SEA@STL,SEA,6,STL,5,outdoors,85,1681673325.0,55725,2023-04-16 19:28:45.000000,EventFootballPass,3-13-SEA 27 (3:07) 10 A. McCarron pass incomplete to 11 D. Shepherd Pass Defended by 36 Z. Kelly,,True,1,3,7,Half1,MaSourceTypeOfficialScoring,FOOTBALL_XFL_2023_4_16_SEA@STL,,QBStat,26,2302036-SEA-at-STL,187,1087,2887,3:07,5,,,1.0,STL,SEA,0.0,2,3,3.0,3.0,Visitor,27,2,27.0,0,8,0,,,,,StatusOfficial,ResultPassIncomplete,,,,3.0,13.0,,,,,,Home,29.0,44.0,4:33, ,,,8.0,22026,21822,,,,,20878,,,,,,,,0,0.0,0.0,0.0,0.0,0.0
2023,FOOTBALL_XFL_2023_4_16_SEA@STL,SEA,6,STL,5,outdoors,86,1681673345.0,55745,2023-04-16 19:29:05.000000,EventFootballFg,4-13-SEA 27 (2:48) 2 D. Hageman 45 yard field goal is GOOD,,True,1,2,48,Half1,MaSourceTypeOfficialScoring,FOOTBALL_XFL_2023_4_16_SEA@STL,,QBStat,27,2302036-SEA-at-STL,168,1068,2868,2:48,5,,,1.0,STL,SEA,0.0,2,3,3.0,3.0,Visitor,27,2,27.0,0,8,0,,,22008,,StatusOfficial,ResultKickMade,,,,4.0,13.0,,,,,,Home,29.0,44.0,4:47,FG,,45.0,9.0,,,,,ScoreTypeFg,,,,,,,,,,0,0.0,0.0,1.0,1.0,0.0
2023,FOOTBALL_XFL_2023_4_16_SEA@STL,SEA,6,STL,5,outdoors,88,1681673488.0,55888,2023-04-16 19:31:28.000000,EventFootballKickoff,"FROM STL 30 (2:36) 2 D. Hageman kicks from STL 30. 86 K. McKnight to SEA 33 for 20 yards (1 E. Hamilton, 29 S. Kelly)",,True,1,2,36,Half1,MaSourceTypeOfficialScoring,FOOTBALL_XFL_2023_4_16_SEA@STL,,QBStat,28,2302036-SEA-at-STL,156,1056,2856,2:36,6,,,0.0,SEA,STL,0.0,2,3,2.0,2.0,Home,30,3,30.0,0,8,3,20615,21870,22008,21875,StatusOfficial,ResultKickReturned,20.0,Visitor,33.0,,,,,,,,,,,,,,,,,,,,,,,,,,,,,,0,0.0,0.0,0.0,0.0,0.0
2023,FOOTBALL_XFL_2023_4_16_SEA@STL,SEA,6,STL,5,outdoors,90,1681673637.0,56037,2023-04-16 19:33:57.000000,EventFootballPass,1-10-SEA 33 (2:20) 6 B. DiNucci pass to 88 J. Veasy to SEA 40 for 7 yards (8 M. Hampton),,True,1,2,20,Half1,MaSourceTypeOfficialScoring,FOOTBALL_XFL_2023_4_16_SEA@STL,,QBStat,29,2302036-SEA-at-STL,140,1040,2840,2:20,6,,,0.0,SEA,STL,0.0,2,3,2.0,2.0,Visitor,33,3,67.0,0,8,3,21862,,,,StatusOfficial,ResultPassComplete,,,,1.0,10.0,,,,,,Visitor,33.0,7.0,0:26, ,,7.0,1.0,21979,22306,,,,,,,,,,,,,0,0.0,0.0,0.0,0.0,0.0
2023,FOOTBALL_XFL_2023_4_16_SEA@STL,SEA,6,STL,5,outdoors,92,1681673672.0,56072,2023-04-16 19:34:32.000000,EventFootballPass,2-3-SEA 40 (1:48) 6 B. DiNucci pass incomplete to 88 J. Veasy Pass Defended by 8 M. Hampton,,True,1,1,48,Half1,MaSourceTypeOfficialScoring,FOOTBALL_XFL_2023_4_16_SEA@STL,,QBStat,30,2302036-SEA-at-STL,108,1008,2808,1:48,6,,,0.0,SEA,STL,0.0,2,3,2.0,2.0,Visitor,40,3,60.0,0,8,3,,,,,StatusOfficial,ResultPassIncomplete,,,,2.0,3.0,,,,,,Visitor,33.0,7.0,0:48, ,,,2.0,21979,22306,,,,,21862,,,,,,,,0,0.0,0.0,0.0,0.0,0.0
2023,FOOTBALL_XFL_2023_4_16_SEA@STL,SEA,6,STL,5,outdoors,94,1681673722.0,56122,2023-04-16 19:35:22.000000,EventFootballPenalty,"3-3-SEA 40 (1:14) PENALTY on (STL) 39 C. Cooper, 5 yards",,True,1,1,14,Half1,MaSourceTypeOfficialScoring,FOOTBALL_XFL_2023_4_16_SEA@STL,,QBStat,31,2302036-SEA-at-STL,74,974,2774,1:14,6,,,0.0,SEA,STL,0.0,2,3,2.0,2.0,Visitor,40,3,60.0,0,8,3,,,,,StatusOfficial,,,,,3.0,3.0,5,22336,5.0,ResultPenaltyAuto1Stdown,NA,Visitor,33.0,12.0,1:22, ,,,2.0,,,,,,,,,,,,,,,0,0.0,0.0,0.0,0.0,0.0
2023,FOOTBALL_XFL_2023_4_16_SEA@STL,SEA,6,STL,5,outdoors,96,1681673770.0,56170,2023-04-16 19:36:10.000000,EventFootballRush,"1-10-SEA 45 (0:45) 30 P. Lindsay rush to SEA 48 for 3 yards (99 G. Robinson, 25 L. Denis)",,True,1,0,45,Half1,MaSourceTypeOfficialScoring,FOOTBALL_XFL_2023_4_16_SEA@STL,,QBStat,32,2302036-SEA-at-STL,45,945,2745,0:45,6,,,0.0,SEA,STL,0.0,2,3,2.0,2.0,Visitor,45,3,55.0,0,8,3,21319,20385,,,StatusOfficial,,,,,1.0,10.0,,,,,,Visitor,33.0,15.0,2:01, ,22901,3.0,3.0,,,,,,,,,,,,,,,0,0.0,0.0,0.0,0.0,0.0
2023,FOOTBALL_XFL_2023_4_16_SEA@STL,SEA,6,STL,5,outdoors,99,1681673859.0,56259,2023-04-16 19:37:39.000000,EventFootballRush,"2-7-SEA 48 (0:07) 30 P. Lindsay rush to SEA 48 for 0 yards (51 W. Harvey, 37 E. Hansen)",,True,1,0,7,Half1,MaSourceTypeOfficialScoring,FOOTBALL_XFL_2023_4_16_SEA@STL,,QBStat,33,2302036-SEA-at-STL,7,907,2707,0:07,6,,,0.0,SEA,STL,0.0,2,3,2.0,2.0,Visitor,48,3,52.0,0,8,3,20647,20622,,,StatusOfficial,,,,,2.0,7.0,,,,,,Visitor,33.0,15.0,2:36, ,22901,0.0,4.0,,,,,,,,,,,,,,,0,0.0,0.0,0.0,0.0,0.0
2023,FOOTBALL_XFL_2023_4_16_SEA@STL,SEA,6,STL,5,outdoors,102,1681674127.0,56527,2023-04-16 19:42:07.000000,EventFootballPenalty,"3-7-SEA 48 (14:48) PENALTY on (SEA) 69 B. Wesley, 10 yards",,True,2,14,48,Half1,MaSourceTypeOfficialScoring,FOOTBALL_XFL_2023_4_16_SEA@STL,,QBStat,34,2302036-SEA-at-STL,888,888,2688,14:48,6,,,0.0,SEA,STL,0.0,2,3,2.0,2.0,Visitor,48,3,52.0,0,8,3,,,,,StatusOfficial,,,,,3.0,7.0,6,21649,10.0,ResultPenaltyRepeatdown,NA,Visitor,33.0,5.0,2:49, ,,,4.0,,,,,,,,,,,,,,,0,0.0,0.0,0.0,0.0,0.0
2023,FOOTBALL_XFL_2023_4_16_SEA@STL,SEA,6,STL,5,outdoors,104,1681674196.0,56596,2023-04-16 19:43:16.000000,EventFootballRush,"3-17-SEA 38 (14:24) 19 T. Hammonds rush to STL 48 for 14 yards (25 L. Denis, 39 C. Cooper)",,True,2,14,24,Half1,MaSourceTypeOfficialScoring,FOOTBALL_XFL_2023_4_16_SEA@STL,,QBStat,35,2302036-SEA-at-STL,864,864,2664,14:24,6,,,0.0,SEA,STL,0.0,2,3,2.0,2.0,Visitor,38,3,62.0,0,8,3,20385,22336,,,StatusOfficial,,,,,3.0,17.0,,,,,,Visitor,33.0,19.0,3:25, ,20620,14.0,5.0,,,,,,,,,,,,,,,0,0.0,0.0,0.0,0.0,0.0
2023,FOOTBALL_XFL_2023_4_16_SEA@STL,SEA,6,STL,5,outdoors,106,1681674226.0,56626,2023-04-16 19:43:46.000000,EventFootballPunt,"4-3-STL 48 (13:54) 10 C. Nizialek punts 40 yards from STL 48 to 13 A. Proehl, Fair Catch at STL 8",,True,2,13,54,Half1,MaSourceTypeOfficialScoring,FOOTBALL_XFL_2023_4_16_SEA@STL,,QBStat,36,2302036-SEA-at-STL,834,834,2634,13:54,6,,,0.0,SEA,STL,0.0,2,3,2.0,2.0,Home,48,3,48.0,0,8,3,,,,,StatusOfficial,ResultKickFaircatch,,Home,8.0,4.0,3.0,,,,,,Visitor,33.0,19.0,3:54,PUNT,,,5.0,,,,,,,,21997,21263,40.0,,,,,1,0.0,0.0,0.0,0.0,0.0
2023,FOOTBALL_XFL_2023_4_16_SEA@STL,SEA,6,STL,5,outdoors,108,1681674303.0,56703,2023-04-16 19:45:03.000000,EventFootballPass,1-10-STL 8 (13:37) 10 A. McCarron pass incomplete to 12 G. Jennings Pass Defended by 32 Q. Cole,,True,2,13,37,Half1,MaSourceTypeOfficialScoring,FOOTBALL_XFL_2023_4_16_SEA@STL,,QBStat,37,2302036-SEA-at-STL,817,817,2617,13:37,5,,,1.0,STL,SEA,0.0,2,3,3.0,3.0,Home,8,4,92.0,0,8,3,,,,,StatusOfficial,ResultPassIncomplete,,,,1.0,10.0,,,,,,Home,8.0,,0:18, ,,,1.0,22026,22038,,,,,20311,,,,,,,,0,0.0,0.0,0.0,0.0,0.0
2023,FOOTBALL_XFL_2023_4_16_SEA@STL,SEA,6,STL,5,outdoors,110,1681674374.0,56774,2023-04-16 19:46:14.000000,EventFootballRush,"2-10-STL 8 (13:01) 23 B. Hill rush to STL 9 for 1 yard (32 Q. Cole, 8 T. Walker)",,True,2,13,1,Half1,MaSourceTypeOfficialScoring,FOOTBALL_XFL_2023_4_16_SEA@STL,,QBStat,38,2302036-SEA-at-STL,781,781,2581,13:01,5,,,1.0,STL,SEA,0.0,2,3,3.0,3.0,Home,8,4,92.0,0,8,3,20311,21620,,,StatusOfficial,,,,,2.0,10.0,,,,,,Home,8.0,1.0,0:42, ,20688,1.0,2.0,,,,,,,,,,,,,,,0,0.0,0.0,0.0,0.0,0.0
2023,FOOTBALL_XFL_2023_4_16_SEA@STL,SEA,6,STL,5,outdoors,113,1681674411.0,56811,2023-04-16 19:46:51.000000,EventFootballPass,3-9-STL 9 (12:34) 10 A. McCarron pass to 3 M. Ateman to STL 47 for 38 yards QB Hit by 48 S. Miller (53 T. Adams),,True,2,12,34,Half1,MaSourceTypeOfficialScoring,FOOTBALL_XFL_2023_4_16_SEA@STL,,QBStat,39,2302036-SEA-at-STL,754,754,2554,12:34,5,,,1.0,STL,SEA,0.0,2,3,3.0,3.0,Home,9,4,91.0,0,8,3,22899,,,,StatusOfficial,ResultPassComplete,,,,3.0,9.0,,,,,,Home,8.0,39.0,1:35, ,,38.0,3.0,22026,20058,,22630,,,,,,,,,,,0,0.0,0.0,0.0,0.0,0.0
2023,FOOTBALL_XFL_2023_4_16_SEA@STL,SEA,6,STL,5,outdoors,115,1681674452.0,56852,2023-04-16 19:47:32.000000,EventFootballPass,1-10-STL 47 (11:54) 10 A. McCarron pass incomplete to 3 M. Ateman Pass Defended by 21 L. Stephens,,True,2,11,54,Half1,MaSourceTypeOfficialScoring,FOOTBALL_XFL_2023_4_16_SEA@STL,,QBStat,40,2302036-SEA-at-STL,714,714,2514,11:54,5,,,1.0,STL,SEA,0.0,2,3,3.0,3.0,Home,47,4,53.0,0,8,3,,,,,StatusOfficial,ResultPassIncomplete,,,,1.0,10.0,,,,,,Home,8.0,39.0,1:50, ,,,4.0,22026,20058,,,,,21963,,,,,,,,0,0.0,0.0,0.0,0.0,0.0
2023,FOOTBALL_XFL_2023_4_16_SEA@STL,SEA,6,STL,5,outdoors,117,1681674493.0,56893,2023-04-16 19:48:13.000000,EventFootballPass,2-10-STL 47 (11:19) 10 A. McCarron pass to 11 D. Shepherd to SEA 48 for 5 yards (2 A. Brooks),,True,2,11,19,Half1,MaSourceTypeOfficialScoring,FOOTBALL_XFL_2023_4_16_SEA@STL,,QBStat,41,2302036-SEA-at-STL,679,679,2479,11:19,5,,,1.0,STL,SEA,0.0,2,3,3.0,3.0,Home,47,4,53.0,0,8,3,21919,,,,StatusOfficial,ResultPassComplete,,,,2.0,10.0,,,,,,Home,8.0,44.0,2:31, ,,5.0,5.0,22026,21822,,,,,,,,,,,,,0,0.0,0.0,0.0,0.0,0.0
2023,FOOTBALL_XFL_2023_4_16_SEA@STL,SEA,6,STL,5,outdoors,119,1681674534.0,56934,2023-04-16 19:48:54.000000,EventFootballPass,3-5-SEA 48 (10:38) 10 A. McCarron pass to 13 A. Proehl to SEA 42 for 6 yards (32 Q. Cole),,True,2,10,38,Half1,MaSourceTypeOfficialScoring,FOOTBALL_XFL_2023_4_16_SEA@STL,,QBStat,42,2302036-SEA-at-STL,638,638,2438,10:38,5,,,1.0,STL,SEA,0.0,2,3,3.0,3.0,Visitor,48,4,48.0,0,8,3,20311,,,,StatusOfficial,ResultPassComplete,,,,3.0,5.0,,,,,,Home,8.0,50.0,3:16, ,,6.0,6.0,22026,21263,,,,,,,,,,,,,0,0.0,0.0,0.0,0.0,0.0
2023,FOOTBALL_XFL_2023_4_16_SEA@STL,SEA,6,STL,5,outdoors,121,1681674584.0,56984,2023-04-16 19:49:44.000000,EventFootballPass,"1-10-SEA 42 (9:51) 10 A. McCarron pass to 11 D. Shepherd for 42 yards, TOUCHDOWN",,True,2,9,51,Half1,MaSourceTypeOfficialScoring,FOOTBALL_XFL_2023_4_16_SEA@STL,,QBStat,43,2302036-SEA-at-STL,591,591,2391,9:51,5,,,1.0,STL,SEA,0.0,2,3,3.0,3.0,Visitor,42,4,42.0,0,8,3,,,,,StatusOfficial,ResultPassComplete,,,,1.0,10.0,,,,,,Home,8.0,92.0,3:51,TD,,42.0,7.0,22026,21822,,,ScoreTypeTd,,,,,,,,,,0,1.0,0.0,0.0,0.0,1.0
2023,FOOTBALL_XFL_2023_4_16_SEA@STL,SEA,6,STL,5,outdoors,123,1681674684.0,57084,2023-04-16 19:51:24.000000,EventFootballPat2PtPass,FROM SEA 5 (9:51) 10 A. McCarron 2-pt conversion pass to 13 A. Proehl NO GOOD,,True,2,9,51,Half1,MaSourceTypeOfficialScoring,FOOTBALL_XFL_2023_4_16_SEA@STL,,QBStat,44,2302036-SEA-at-STL,591,591,2391,9:51,5,,,1.0,STL,SEA,0.0,2,3,3.0,3.0,Visitor,5,4,5.0,0,8,9,,,,,StatusOfficial,ResultPassIncomplete,,,,,,,,,,,,,,,,,,,22026,21263,,,,2.0,,,,,,,,,0,0.0,0.0,0.0,0.0,0.0
2023,FOOTBALL_XFL_2023_4_16_SEA@STL,SEA,6,STL,5,outdoors,125,1681674890.0,57290,2023-04-16 19:54:50.000000,EventFootballKickoff,FROM STL 30 (9:51) 2 D. Hageman kicks from STL 30. 86 K. McKnight to SEA 20 for 17 yards (39 C. Cooper),,True,2,9,51,Half1,MaSourceTypeOfficialScoring,FOOTBALL_XFL_2023_4_16_SEA@STL,,QBStat,45,2302036-SEA-at-STL,591,591,2391,9:51,6,,,0.0,SEA,STL,0.0,2,3,2.0,2.0,Home,30,5,30.0,0,8,9,22336,,22008,21875,StatusOfficial,ResultKickReturned,17.0,Visitor,20.0,,,,,,,,,,,,,,,,,,,,,,,,,,,,,,0,0.0,0.0,0.0,0.0,0.0
2023,FOOTBALL_XFL_2023_4_16_SEA@STL,SEA,6,STL,5,outdoors,127,1681675010.0,57410,2023-04-16 19:56:50.000000,EventFootballPass,"1-10-SEA 20 (9:38) 6 B. DiNucci pass to 0 J. Gordon to SEA 24 for 4 yards (38 B. Sebastian, 24 L. Hill)",,True,2,9,38,Half1,MaSourceTypeOfficialScoring,FOOTBALL_XFL_2023_4_16_SEA@STL,,QBStat,46,2302036-SEA-at-STL,578,578,2378,9:38,6,,,0.0,SEA,STL,0.0,2,3,2.0,2.0,Visitor,20,5,80.0,0,8,9,21389,22870,,,StatusOfficial,ResultPassComplete,,,,1.0,10.0,,,,,,Visitor,20.0,4.0,0:29, ,,4.0,1.0,21979,22840,,,,,,,,,,,,,0,0.0,0.0,0.0,0.0,0.0
2023,FOOTBALL_XFL_2023_4_16_SEA@STL,SEA,6,STL,5,outdoors,129,1681675041.0,57441,2023-04-16 19:57:21.000000,EventFootballSack,2-6-SEA 24 (9:07) 6 B. DiNucci sacked at SEA 17 for -7 yards (95 E. Lumor),,True,2,9,7,Half1,MaSourceTypeOfficialScoring,FOOTBALL_XFL_2023_4_16_SEA@STL,,QBStat,47,2302036-SEA-at-STL,547,547,2347,9:07,6,,,0.0,SEA,STL,0.0,2,3,2.0,2.0,Visitor,24,5,76.0,0,8,9,,,,,StatusOfficial,,,,,2.0,6.0,,,,,,Visitor,20.0,-3.0,1:01, ,,-7.0,2.0,21979,,,,,,,,,,20971,,,,0,0.0,0.0,0.0,0.0,0.0
2023,FOOTBALL_XFL_2023_4_16_SEA@STL,SEA,6,STL,5,outdoors,131,1681675088.0,57488,2023-04-16 19:58:08.000000,EventFootballPass,3-13-SEA 17 (8:25) 6 B. DiNucci pass incomplete to 3 J. Pearson QB Hit by 96 L. London,,True,2,8,25,Half1,MaSourceTypeOfficialScoring,FOOTBALL_XFL_2023_4_16_SEA@STL,,QBStat,48,2302036-SEA-at-STL,505,505,2305,8:25,6,,,0.0,SEA,STL,0.0,2,3,2.0,2.0,Visitor,17,5,83.0,0,8,9,,,,,StatusOfficial,ResultPassIncomplete,,,,3.0,13.0,,,,,,Visitor,20.0,-3.0,1:32, ,,,3.0,21979,21203,,20965,,,,,,,,,,,0,0.0,0.0,0.0,0.0,0.0
2023,FOOTBALL_XFL_2023_4_16_SEA@STL,SEA,6,STL,5,outdoors,133,1681675105.0,57505,2023-04-16 19:58:25.000000,EventFootballPunt,"4-13-SEA 17 (8:13) 10 C. Nizialek punts 52 yards from SEA 17 to STL 31. 13 A. Proehl to STL 17 for 1 yards (32 Q. Cole) PENALTY on (STL) 6 L. Williams, 15 yards",,True,2,8,13,Half1,MaSourceTypeOfficialScoring,FOOTBALL_XFL_2023_4_16_SEA@STL,,QBStat,49,2302036-SEA-at-STL,493,493,2293,8:13,6,,,0.0,SEA,STL,0.0,2,3,2.0,2.0,Visitor,17,5,83.0,0,8,9,20311,,,,StatusOfficial,ResultKickReturned,,Home,17.0,4.0,13.0,5,21678,15.0,ResultPenaltyOnkickoffpat,NA,Visitor,20.0,-3.0,1:38,PUNT,,,3.0,,,,,,,,21997,21263,52.0,,1.0,,,1,0.0,0.0,0.0,0.0,0.0
2023,FOOTBALL_XFL_2023_4_16_SEA@STL,SEA,6,STL,5,outdoors,135,1681675232.0,57632,2023-04-16 20:00:32.000000,EventFootballRush,1-10-STL 17 (7:40) 0 K. Walker rush to STL 20 for 3 yards (1 B. Thompson),,True,2,7,40,Half1,MaSourceTypeOfficialScoring,FOOTBALL_XFL_2023_4_16_SEA@STL,,QBStat,50,2302036-SEA-at-STL,460,460,2260,7:40,5,,,1.0,STL,SEA,0.0,2,3,3.0,3.0,Home,17,6,83.0,0,8,9,22377,,,,StatusOfficial,,,,,1.0,10.0,,,,,,Home,17.0,3.0,0:14, ,22033,3.0,1.0,,,,,,,,,,,,,,,0,0.0,0.0,0.0,0.0,0.0
2023,FOOTBALL_XFL_2023_4_16_SEA@STL,SEA,6,STL,5,outdoors,137,1681675269.0,57669,2023-04-16 20:01:09.000000,EventFootballSack,2-7-STL 20 (7:02) 10 A. McCarron sacked at STL 16 for -4 yards (97 N. Lalos),,True,2,7,2,Half1,MaSourceTypeOfficialScoring,FOOTBALL_XFL_2023_4_16_SEA@STL,,QBStat,51,2302036-SEA-at-STL,422,422,2222,7:02,5,,,1.0,STL,SEA,0.0,2,3,3.0,3.0,Home,20,6,80.0,0,8,9,,,,,StatusOfficial,,,,,2.0,7.0,,,,,,Home,17.0,-1.0,0:52, ,,-4.0,2.0,22026,,,,,,,,,,20918,,,,0,0.0,0.0,0.0,0.0,0.0
2023,FOOTBALL_XFL_2023_4_16_SEA@STL,SEA,6,STL,5,outdoors,139,1681675310.0,57710,2023-04-16 20:01:50.000000,EventFootballPass,3-11-STL 16 (6:24) 10 A. McCarron pass incomplete to 22 S. Mitchell Pass Defended by 9 C. Hicks,,True,2,6,24,Half1,MaSourceTypeOfficialScoring,FOOTBALL_XFL_2023_4_16_SEA@STL,,QBStat,52,2302036-SEA-at-STL,384,384,2184,6:24,5,,,1.0,STL,SEA,0.0,2,3,3.0,3.0,Home,16,6,84.0,0,8,9,,,,,StatusOfficial,ResultPassIncomplete,,,,3.0,11.0,,,,,,Home,17.0,-1.0,1:23, ,,,3.0,22026,21081,,,,,22344,,,,,,,,0,0.0,0.0,0.0,0.0,0.0
2023,FOOTBALL_XFL_2023_4_16_SEA@STL,SEA,6,STL,5,outdoors,142,1681675326.0,57726,2023-04-16 20:02:06.000000,EventFootballPunt,4-11-STL 16 (6:12) 16 S. Hofrichter punts 46 yards from STL 16 to SEA 38. 86 K. McKnight to SEA 47 for 9 yards (53 C. Wells),,True,2,6,12,Half1,MaSourceTypeOfficialScoring,FOOTBALL_XFL_2023_4_16_SEA@STL,,QBStat,53,2302036-SEA-at-STL,372,372,2172,6:12,5,,,1.0,STL,SEA,0.0,2,3,3.0,3.0,Home,16,6,84.0,0,8,9,21833,,,,StatusOfficial,ResultKickReturned,,Visitor,47.0,4.0,11.0,,,,,,Home,17.0,-1.0,2:01,PUNT,,,3.0,,,,,,,,20704,21875,46.0,,9.0,,,1,0.0,0.0,0.0,0.0,0.0
2023,FOOTBALL_XFL_2023_4_16_SEA@STL,SEA,6,STL,5,outdoors,144,1681675558.0,57958,2023-04-16 20:05:58.000000,EventFootballPass,1-10-SEA 47 (5:51) 6 B. DiNucci pass dropped by 4 J. Green QB Hit by 53 C. Wells,,True,2,5,51,Half1,MaSourceTypeOfficialScoring,FOOTBALL_XFL_2023_4_16_SEA@STL,,QBStat,54,2302036-SEA-at-STL,351,351,2151,5:51,6,,,0.0,SEA,STL,0.0,2,3,2.0,2.0,Visitor,47,7,53.0,0,8,9,,,,,StatusOfficial,ResultPassDropped,,,,1.0,10.0,,,,,,Visitor,47.0,,0:13, ,,,1.0,21979,22035,,21833,,,,,,,,,,,0,0.0,0.0,0.0,0.0,0.0
2023,FOOTBALL_XFL_2023_4_16_SEA@STL,SEA,6,STL,5,outdoors,146,1681675594.0,57994,2023-04-16 20:06:34.000000,EventFootballPass,2-10-SEA 47 (5:19) 6 B. DiNucci pass to 3 J. Pearson to STL 49 for 4 yards,,True,2,5,19,Half1,MaSourceTypeOfficialScoring,FOOTBALL_XFL_2023_4_16_SEA@STL,,QBStat,55,2302036-SEA-at-STL,319,319,2119,5:19,6,,,0.0,SEA,STL,0.0,2,3,2.0,2.0,Visitor,47,7,53.0,0,8,9,,,,,StatusOfficial,ResultPassComplete,,,,2.0,10.0,,,,,,Visitor,47.0,4.0,0:46, ,,4.0,2.0,21979,21203,,,,,,,,,,,,,0,0.0,0.0,0.0,0.0,0.0
2023,FOOTBALL_XFL_2023_4_16_SEA@STL,SEA,6,STL,5,outdoors,149,1681675638.0,58038,2023-04-16 20:07:18.000000,EventFootballRush,3-6-STL 49 (4:36) 6 B. DiNucci rush to STL 44 for 5 yards (96 L. London),,True,2,4,36,Half1,MaSourceTypeOfficialScoring,FOOTBALL_XFL_2023_4_16_SEA@STL,,QBStat,56,2302036-SEA-at-STL,276,276,2076,4:36,6,,,0.0,SEA,STL,0.0,2,3,2.0,2.0,Home,49,7,49.0,0,8,9,20965,,,,StatusOfficial,,,,,3.0,6.0,,,,,,Visitor,47.0,9.0,1:54, ,21979,5.0,3.0,,,,,,,,,,,,,,,0,0.0,0.0,0.0,0.0,0.0
2023,FOOTBALL_XFL_2023_4_16_SEA@STL,SEA,6,STL,5,outdoors,151,1681675690.0,58090,2023-04-16 20:08:10.000000,EventFootballTimeout,4-1-STL 44 (3:52) Timeout by Seattle Sea Dragons at 3:52,,True,2,3,52,Half1,MaSourceTypeOfficialScoring,FOOTBALL_XFL_2023_4_16_SEA@STL,,QBStat,57,2302036-SEA-at-STL,232,232,2032,3:52,6,,,0.0,SEA,STL,0.0,2,3,2.0,2.0,Home,44,7,44.0,0,8,9,,,,,StatusOfficial,,,,,4.0,1.0,,,,,,Visitor,47.0,9.0,2:03, ,,,3.0,,,6,,,,,,,,,,,,0,0.0,0.0,0.0,0.0,0.0
2023,FOOTBALL_XFL_2023_4_16_SEA@STL,SEA,6,STL,5,outdoors,153,1681675768.0,58168,2023-04-16 20:09:28.000000,EventFootballPass,4-1-STL 44 (3:48) 6 B. DiNucci pass to 0 J. Gordon to STL 2 for 42 yards (38 B. Sebastian),,True,2,3,48,Half1,MaSourceTypeOfficialScoring,FOOTBALL_XFL_2023_4_16_SEA@STL,,QBStat,58,2302036-SEA-at-STL,228,228,2028,3:48,6,,,0.0,SEA,STL,0.0,1,3,1.0,1.0,Home,44,7,44.0,0,8,9,21389,,,,StatusOfficial,ResultPassComplete,,,,4.0,1.0,,,,,,Visitor,47.0,51.0,2:20, ,,42.0,4.0,21979,22840,,,,,,,,,,,,,0,0.0,0.0,0.0,0.0,0.0
2023,FOOTBALL_XFL_2023_4_16_SEA@STL,SEA,6,STL,5,outdoors,155,1681675810.0,58210,2023-04-16 20:10:10.000000,EventFootballPass,"1-2-STL 2 (3:09) 6 B. DiNucci pass to 88 J. Veasy for 2 yards, TOUCHDOWN",,True,2,3,9,Half1,MaSourceTypeOfficialScoring,FOOTBALL_XFL_2023_4_16_SEA@STL,,QBStat,59,2302036-SEA-at-STL,189,189,1989,3:09,6,,,0.0,SEA,STL,0.0,1,3,1.0,1.0,Home,2,7,2.0,0,8,9,,,,,StatusOfficial,ResultPassComplete,,,,1.0,2.0,,,,,,Visitor,47.0,53.0,2:46,TD,,2.0,5.0,21979,22306,,,ScoreTypeTd,,,,,,,,,,0,1.0,0.0,0.0,0.0,1.0
2023,FOOTBALL_XFL_2023_4_16_SEA@STL,SEA,6,STL,5,outdoors,157,1681675847.0,58247,2023-04-16 20:10:47.000000,EventFootballPat2PtPass,FROM STL 5 (3:09) 6 B. DiNucci 2-pt conversion pass to 3 J. Pearson NO GOOD,,True,2,3,9,Half1,MaSourceTypeOfficialScoring,FOOTBALL_XFL_2023_4_16_SEA@STL,,QBStat,60,2302036-SEA-at-STL,189,189,1989,3:09,6,,,0.0,SEA,STL,0.0,1,3,1.0,1.0,Home,5,7,5.0,0,14,9,,,,,StatusOfficial,ResultPassIncomplete,,,,,,,,,,,,,,,,,,,21979,21203,,,,2.0,,,,,,,,,0,0.0,0.0,0.0,0.0,0.0
2023,FOOTBALL_XFL_2023_4_16_SEA@STL,SEA,6,STL,5,outdoors,164,1681675953.0,58353,2023-04-16 20:12:33.000000,EventFootballKickoff,"FROM SEA 30 (3:04) 11 D. Eberle kicks from SEA 30. 11 D. Shepherd to STL 12 for 5 yards (1 B. Thompson) PENALTY on (STL) 19 C. Hansen, 10 yards",,True,2,3,4,Half1,MaSourceTypeOfficialScoring,FOOTBALL_XFL_2023_4_16_SEA@STL,,QBStat,61,2302036-SEA-at-STL,184,184,1984,3:04,5,,,1.0,STL,SEA,0.0,1,3,3.0,3.0,Visitor,30,8,30.0,0,14,9,22377,,22874,21822,StatusOfficial,ResultKickReturned,5.0,Home,12.0,,,5,22342,10.0,ResultPenaltyOnkickoffpat,NA,,,,,,,,,,,,,,,,,,,,,,,0,0.0,0.0,0.0,0.0,0.0
2023,FOOTBALL_XFL_2023_4_16_SEA@STL,SEA,6,STL,5,outdoors,161,1681676025.0,58425,2023-04-16 20:13:45.000000,EventFootballPass,1-10-STL 12 (2:59) 10 A. McCarron pass to 11 D. Shepherd to STL 11 for -1 yards (1 B. Thompson),,True,2,2,59,Half1,MaSourceTypeOfficialScoring,FOOTBALL_XFL_2023_4_16_SEA@STL,,QBStat,62,2302036-SEA-at-STL,179,179,1979,2:59,5,,,1.0,STL,SEA,0.0,1,3,3.0,3.0,Home,12,8,88.0,0,14,9,22377,,,,StatusOfficial,ResultPassComplete,,,,1.0,10.0,,,,,,Home,12.0,-1.0,0:21, ,,-1.0,1.0,22026,21822,,,,,,,,,,,,,0,0.0,0.0,0.0,0.0,0.0
2023,FOOTBALL_XFL_2023_4_16_SEA@STL,SEA,6,STL,5,outdoors,163,1681676065.0,58465,2023-04-16 20:14:25.000000,EventFootballPass,2-11-STL 11 (2:20) 10 A. McCarron pass to 3 M. Ateman to STL 18 for 7 yards (16 M. Wright),,True,2,2,20,Half1,MaSourceTypeOfficialScoring,FOOTBALL_XFL_2023_4_16_SEA@STL,,QBStat,63,2302036-SEA-at-STL,140,140,1940,2:20,5,,,1.0,STL,SEA,0.0,1,3,3.0,3.0,Home,11,8,89.0,0,14,9,21721,,,,StatusOfficial,ResultPassComplete,,,,2.0,11.0,,,,,,Home,12.0,6.0,1:04, ,,7.0,2.0,22026,20058,,,,,,,,,,,,,0,0.0,0.0,0.0,0.0,0.0
2023,FOOTBALL_XFL_2023_4_16_SEA@STL,SEA,6,STL,5,outdoors,166,1681676320.0,58720,2023-04-16 20:18:40.000000,EventFootballPass,3-4-STL 18 (1:55) 10 A. McCarron pass to 3 M. Ateman to STL 32 for 14 yards (16 M. Wright),,True,2,1,55,Half1,MaSourceTypeOfficialScoring,FOOTBALL_XFL_2023_4_16_SEA@STL,,QBStat,64,2302036-SEA-at-STL,115,115,1915,1:55,5,,,1.0,STL,SEA,0.0,1,3,3.0,3.0,Home,18,8,82.0,0,14,9,21721,,,,StatusOfficial,ResultPassComplete,,,,3.0,4.0,,,,,,Home,12.0,20.0,1:21, ,,14.0,3.0,22026,20058,,,,,,,,,,,,,0,0.0,0.0,0.0,0.0,0.0
2023,FOOTBALL_XFL_2023_4_16_SEA@STL,SEA,6,STL,5,outdoors,168,1681676353.0,58753,2023-04-16 20:19:13.000000,EventFootballPass,1-10-STL 32 (1:29) 10 A. McCarron pass to 3 M. Ateman to STL 34 for 2 yards (16 M. Wright),,True,2,1,29,Half1,MaSourceTypeOfficialScoring,FOOTBALL_XFL_2023_4_16_SEA@STL,,QBStat,65,2302036-SEA-at-STL,89,89,1889,1:29,5,,,1.0,STL,SEA,0.0,1,3,3.0,3.0,Home,32,8,68.0,0,14,9,21721,,,,StatusOfficial,ResultPassComplete,,,,1.0,10.0,,,,,,Home,12.0,22.0,1:51, ,,2.0,4.0,22026,20058,,,,,,,,,,,,,0,0.0,0.0,0.0,0.0,0.0
2023,FOOTBALL_XFL_2023_4_16_SEA@STL,SEA,6,STL,5,outdoors,170,1681676379.0,58779,2023-04-16 20:19:39.000000,EventFootballPass,2-8-STL 34 (1:05) 10 A. McCarron pass incomplete to 3 M. Ateman,,True,2,1,5,Half1,MaSourceTypeOfficialScoring,FOOTBALL_XFL_2023_4_16_SEA@STL,,QBStat,66,2302036-SEA-at-STL,65,65,1865,1:05,5,,,1.0,STL,SEA,0.0,1,3,3.0,3.0,Home,34,8,66.0,0,14,9,,,,,StatusOfficial,ResultPassIncomplete,,,,2.0,8.0,,,,,,Home,12.0,22.0,2:04, ,,,5.0,22026,20058,,,,,,,,,,,,,0,0.0,0.0,0.0,0.0,0.0
2023,FOOTBALL_XFL_2023_4_16_SEA@STL,SEA,6,STL,5,outdoors,172,1681676424.0,58824,2023-04-16 20:20:24.000000,EventFootballPenalty,"3-8-STL 34 (1:05) PENALTY on St. Louis Battlehawks, 5 yards",,True,2,1,5,Half1,MaSourceTypeOfficialScoring,FOOTBALL_XFL_2023_4_16_SEA@STL,,QBStat,67,2302036-SEA-at-STL,65,65,1865,1:05,5,,,1.0,STL,SEA,0.0,1,3,3.0,3.0,Home,34,8,66.0,0,14,9,,,,,StatusOfficial,,,,,3.0,8.0,5,TM,5.0,ResultPenaltyRepeatdown,NA,Home,12.0,17.0,2:04, ,,,5.0,,,,,,,,,,,,,,,0,0.0,0.0,0.0,0.0,0.0
2023,FOOTBALL_XFL_2023_4_16_SEA@STL,SEA,6,STL,5,outdoors,174,1681676465.0,58865,2023-04-16 20:21:05.000000,EventFootballPass,3-13-STL 29 (1:00) 10 A. McCarron pass to 3 M. Ateman to STL 42 for 13 yards (16 M. Wright),,True,2,1,0,Half1,MaSourceTypeOfficialScoring,FOOTBALL_XFL_2023_4_16_SEA@STL,,QBStat,68,2302036-SEA-at-STL,60,60,1860,1:00,5,,,1.0,STL,SEA,0.0,1,3,3.0,3.0,Home,29,8,71.0,0,14,9,21721,,,,StatusOfficial,ResultPassComplete,,,,3.0,13.0,,,,,,Home,12.0,30.0,2:09, ,,13.0,6.0,22026,20058,,,,,,,,,,,,,0,0.0,0.0,0.0,0.0,0.0
2023,FOOTBALL_XFL_2023_4_16_SEA@STL,SEA,6,STL,5,outdoors,176,1681676510.0,58910,2023-04-16 20:21:50.000000,EventFootballPass,1-10-STL 42 (0:48) 10 A. McCarron pass intended for 12 G. Jennings INTERCEPTED by 32 Q. Cole returned 39 yards to SEA 47,,True,2,0,48,Half1,MaSourceTypeOfficialScoring,FOOTBALL_XFL_2023_4_16_SEA@STL,,QBStat,69,2302036-SEA-at-STL,48,48,1848,0:48,5,,,1.0,STL,SEA,0.0,1,3,3.0,3.0,Home,42,8,58.0,0,14,9,,,,,StatusOfficial,ResultPassInterception,,Visitor,47.0,1.0,10.0,,,,,,Home,12.0,30.0,2:21,INT,,,7.0,22026,22038,,,,,,,,,,,20311,,0,0.0,0.0,0.0,0.0,0.0
2023,FOOTBALL_XFL_2023_4_16_SEA@STL,SEA,6,STL,5,outdoors,178,1681676586.0,58986,2023-04-16 20:23:06.000000,EventFootballPass,1-10-SEA 47 (0:35) 6 B. DiNucci pass to 3 J. Pearson to STL 45 for 8 yards (24 L. Hill),,True,2,0,35,Half1,MaSourceTypeOfficialScoring,FOOTBALL_XFL_2023_4_16_SEA@STL,,QBStat,70,2302036-SEA-at-STL,35,35,1835,0:35,6,,,0.0,SEA,STL,0.0,1,3,1.0,1.0,Visitor,47,9,53.0,0,14,9,22870,,,,StatusOfficial,ResultPassComplete,,,,1.0,10.0,,,,,,Visitor,47.0,8.0,0:23, ,,8.0,1.0,21979,21203,,,,,,,,,,,,,0,0.0,0.0,0.0,0.0,0.0
2023,FOOTBALL_XFL_2023_4_16_SEA@STL,SEA,6,STL,5,outdoors,180,1681676620.0,59020,2023-04-16 20:23:40.000000,EventFootballPenalty,"2-2-STL 45 (0:15) PENALTY on (SEA) 67 C. Kelly, 10 yards",,True,2,0,15,Half1,MaSourceTypeOfficialScoring,FOOTBALL_XFL_2023_4_16_SEA@STL,,QBStat,71,2302036-SEA-at-STL,15,15,1815,0:15,6,,,0.0,SEA,STL,0.0,1,3,1.0,1.0,Home,45,9,45.0,0,14,9,,,,,StatusOfficial,,,,,2.0,2.0,6,22883,10.0,ResultPenaltyRepeatdown,NA,Visitor,47.0,-2.0,0:29, ,,,1.0,,,,,,,,,,,,,,,0,0.0,0.0,0.0,0.0,0.0
2023,FOOTBALL_XFL_2023_4_16_SEA@STL,SEA,6,STL,5,outdoors,182,1681676664.0,59064,2023-04-16 20:24:24.000000,EventFootballPass,2-12-SEA 45 (0:10) 6 B. DiNucci pass to 19 T. Hammonds to STL 48 for 7 yards (25 L. Denis),,True,2,0,10,Half1,MaSourceTypeOfficialScoring,FOOTBALL_XFL_2023_4_16_SEA@STL,,QBStat,72,2302036-SEA-at-STL,10,10,1810,0:10,6,,,0.0,SEA,STL,0.0,1,3,1.0,1.0,Visitor,45,9,55.0,0,14,9,20385,,,,StatusOfficial,ResultPassComplete,,,,2.0,12.0,,,,,,Visitor,47.0,5.0,0:34, ,,7.0,2.0,21979,20620,,,,,,,,,,,,,0,0.0,0.0,0.0,0.0,0.0
2023,FOOTBALL_XFL_2023_4_16_SEA@STL,SEA,6,STL,5,outdoors,184,1681676704.0,59104,2023-04-16 20:25:04.000000,EventFootballPass,3-5-STL 48 (0:05) 6 B. DiNucci pass to 19 T. Hammonds to SEA 48 for -4 yards (24 L. Hill),,True,2,0,5,Half1,MaSourceTypeOfficialScoring,FOOTBALL_XFL_2023_4_16_SEA@STL,,QBStat,73,2302036-SEA-at-STL,5,5,1805,0:05,6,,,0.0,SEA,STL,0.0,1,3,1.0,1.0,Home,48,9,48.0,0,14,9,22870,,,,StatusOfficial,ResultPassComplete,,,,3.0,5.0,,,,,,Visitor,47.0,1.0,0:39, ,,-4.0,3.0,21979,20620,,,,,,,,,,,,,0,0.0,0.0,0.0,0.0,0.0
2023,FOOTBALL_XFL_2023_4_16_SEA@STL,SEA,6,STL,5,outdoors,187,1681676752.0,59152,2023-04-16 20:25:52.000000,EventFootballPass,4-9-SEA 48 (0:00) 6 B. DiNucci pass to 89 C. Taumoepeau to STL 35 for 17 yards (25 L. Denis),,True,2,0,0,Half1,MaSourceTypeOfficialScoring,FOOTBALL_XFL_2023_4_16_SEA@STL,,QBStat,74,2302036-SEA-at-STL,0,0,1800,0:00,6,,,0.0,SEA,STL,0.0,1,3,1.0,1.0,Visitor,48,9,52.0,0,14,9,20385,,,,StatusOfficial,ResultPassComplete,,,,4.0,9.0,,,,,,Visitor,47.0,18.0,0:44,HALF,,17.0,4.0,21979,21967,,,,,,,,,,,,,0,0.0,0.0,0.0,0.0,0.0
2023,FOOTBALL_XFL_2023_4_16_SEA@STL,SEA,6,STL,5,outdoors,188,1681676883.1106336,,2023-04-16 20:28:03.110634,EventPeriodEnd,Halftime Marker,,True,2,0,0,Half1,MaSourceTypeOfficialScoring,FOOTBALL_XFL_2023_4_16_SEA@STL,,QBStat,10010,2302036-SEA-at-STL,0,0,1800,0:00,6,,,0.0,SEA,STL,0.0,3,3,3.0,3.0,Home,35,9,35.0,0,14,9,,,,,,,,,,1.0,10.0,,,,,,,,,,,,,,,,,,,,,,,,,,,,0,0.0,0.0,0.0,0.0,0.0
2023,FOOTBALL_XFL_2023_4_16_SEA@STL,SEA,6,STL,5,outdoors,197,1681677446.0,59846,2023-04-16 20:37:26.000000,EventFootballKickoff,"FROM SEA 30 (15:00) 11 D. Eberle kicks from SEA 30. 11 D. Shepherd to STL 18 for 8 yards (51 T. Skipper, 2 A. Brooks)",,True,3,15,0,Half2,MaSourceTypeOfficialScoring,FOOTBALL_XFL_2023_4_16_SEA@STL,,QBStat,75,2302036-SEA-at-STL,900,1800,1800,15:00,5,,,1.0,STL,SEA,0.0,3,3,3.0,3.0,Visitor,30,10,30.0,0,14,9,21422,21919,22874,21822,StatusOfficial,ResultKickReturned,8.0,Home,18.0,,,,,,,,,,,,,,,,,,,,,,,,,,,,,,0,0.0,0.0,0.0,0.0,0.0
2023,FOOTBALL_XFL_2023_4_16_SEA@STL,SEA,6,STL,5,outdoors,192,1681677514.0,59914,2023-04-16 20:38:34.000000,EventFootballRush,"1-10-STL 18 (14:49) 23 B. Hill rush to STL 20 for 2 yards (48 S. Miller, 58 A. Faoliu)",,True,3,14,49,Half2,MaSourceTypeOfficialScoring,FOOTBALL_XFL_2023_4_16_SEA@STL,,QBStat,76,2302036-SEA-at-STL,889,1789,1789,14:49,5,,,1.0,STL,SEA,0.0,3,3,3.0,3.0,Home,18,10,82.0,0,14,9,22630,20466,,,StatusOfficial,,,,,1.0,10.0,,,,,,Home,18.0,2.0,0:25, ,20688,2.0,1.0,,,,,,,,,,,,,,,0,0.0,0.0,0.0,0.0,0.0
2023,FOOTBALL_XFL_2023_4_16_SEA@STL,SEA,6,STL,5,outdoors,196,1681677609.0,60009,2023-04-16 20:40:09.000000,EventFootballRush,2-8-STL 20 (14:07) 23 B. Hill rush to STL 23 for 3 yards (51 T. Skipper),,True,3,14,7,Half2,MaSourceTypeOfficialScoring,FOOTBALL_XFL_2023_4_16_SEA@STL,,QBStat,77,2302036-SEA-at-STL,847,1747,1747,14:07,5,,,1.0,STL,SEA,0.0,3,3,3.0,3.0,Home,20,10,80.0,0,14,9,21422,,,,StatusOfficial,,,,,2.0,8.0,,,,,,Home,18.0,5.0,0:53, ,20688,3.0,2.0,,,,,,,,,,,,,,,0,0.0,0.0,0.0,0.0,0.0
2023,FOOTBALL_XFL_2023_4_16_SEA@STL,SEA,6,STL,5,outdoors,199,1681677650.0,60050,2023-04-16 20:40:50.000000,EventFootballRush,3-5-STL 23 (13:43) 10 A. McCarron rush to STL 24 for 1 yard (97 N. Lalos),,True,3,13,43,Half2,MaSourceTypeOfficialScoring,FOOTBALL_XFL_2023_4_16_SEA@STL,,QBStat,78,2302036-SEA-at-STL,823,1723,1723,13:43,5,,,1.0,STL,SEA,0.0,3,3,3.0,3.0,Home,23,10,77.0,0,14,9,20918,,,,StatusOfficial,,,,,3.0,5.0,,,,,,Home,18.0,6.0,1:27, ,22026,1.0,3.0,,,,,,,,,,,,,,,0,0.0,0.0,0.0,0.0,0.0
2023,FOOTBALL_XFL_2023_4_16_SEA@STL,SEA,6,STL,5,outdoors,201,1681677684.0,60084,2023-04-16 20:41:24.000000,EventFootballPunt,"4-4-STL 24 (13:11) 16 S. Hofrichter punts 46 yards from STL 24 to SEA 30. 86 K. McKnight to SEA 37 for 7 yards (39 C. Cooper, 15 G. Campbell)",,True,3,13,11,Half2,MaSourceTypeOfficialScoring,FOOTBALL_XFL_2023_4_16_SEA@STL,,QBStat,79,2302036-SEA-at-STL,791,1691,1691,13:11,5,,,1.0,STL,SEA,0.0,3,3,3.0,3.0,Home,24,10,76.0,0,14,9,22336,20249,,,StatusOfficial,ResultKickReturned,,Visitor,37.0,4.0,4.0,,,,,,Home,18.0,6.0,1:49,PUNT,,,3.0,,,,,,,,20704,21875,46.0,,7.0,,,1,0.0,0.0,0.0,0.0,0.0
2023,FOOTBALL_XFL_2023_4_16_SEA@STL,SEA,6,STL,5,outdoors,203,1681677729.0,60129,2023-04-16 20:42:09.000000,EventFootballRush,"1-10-SEA 37 (13:04) 30 P. Lindsay rush to SEA 37 for 0 yards (51 W. Harvey, 6 L. Williams)",,True,3,13,4,Half2,MaSourceTypeOfficialScoring,FOOTBALL_XFL_2023_4_16_SEA@STL,,QBStat,80,2302036-SEA-at-STL,784,1684,1684,13:04,6,,,0.0,SEA,STL,0.0,3,3,3.0,3.0,Visitor,37,11,63.0,0,14,9,20647,21678,,,StatusOfficial,,,,,1.0,10.0,,,,,,Visitor,37.0,,0:16, ,22901,0.0,1.0,,,,,,,,,,,,,,,0,0.0,0.0,0.0,0.0,0.0
2023,FOOTBALL_XFL_2023_4_16_SEA@STL,SEA,6,STL,5,outdoors,205,1681677768.0,60168,2023-04-16 20:42:48.000000,EventFootballSack,2-10-SEA 37 (12:25) 6 B. DiNucci sacked at SEA 32 for -5 yards (53 C. Wells),,True,3,12,25,Half2,MaSourceTypeOfficialScoring,FOOTBALL_XFL_2023_4_16_SEA@STL,,QBStat,81,2302036-SEA-at-STL,745,1645,1645,12:25,6,,,0.0,SEA,STL,0.0,3,3,3.0,3.0,Visitor,37,11,63.0,0,14,9,,,,,StatusOfficial,,,,,2.0,10.0,,,,,,Visitor,37.0,-5.0,0:56, ,,-5.0,2.0,21979,,,,,,,,,,21833,,,,0,0.0,0.0,0.0,0.0,0.0
2023,FOOTBALL_XFL_2023_4_16_SEA@STL,SEA,6,STL,5,outdoors,208,1681677820.0,60220,2023-04-16 20:43:40.000000,EventFootballPass,"3-15-SEA 32 (11:36) 6 B. DiNucci pass to 3 J. Pearson for 68 yards QB Hit by 56 T. Feeney, TOUCHDOWN",,True,3,11,36,Half2,MaSourceTypeOfficialScoring,FOOTBALL_XFL_2023_4_16_SEA@STL,,QBStat,82,2302036-SEA-at-STL,696,1596,1596,11:36,6,,,0.0,SEA,STL,0.0,3,3,3.0,3.0,Visitor,32,11,68.0,0,14,9,,,,,StatusOfficial,ResultPassComplete,,,,3.0,15.0,,,,,,Visitor,37.0,63.0,1:35,TD,,68.0,3.0,21979,21203,,22503,ScoreTypeTd,,,,,,,,,,0,1.0,0.0,0.0,0.0,1.0
2023,FOOTBALL_XFL_2023_4_16_SEA@STL,SEA,6,STL,5,outdoors,210,1681677967.0,60367,2023-04-16 20:46:07.000000,EventFootballTimeout,FROM STL 2 (11:36) Timeout by St. Louis Battlehawks at 11:36,,True,3,11,36,Half2,MaSourceTypeOfficialScoring,FOOTBALL_XFL_2023_4_16_SEA@STL,,QBStat,83,2302036-SEA-at-STL,696,1596,1596,11:36,6,,,0.0,SEA,STL,0.0,3,3,3.0,3.0,Home,2,11,2.0,0,20,9,,,,,StatusOfficial,,,,,,,,,,,,Visitor,37.0,61.0,1:35,TD,,,3.0,,,5,,,,,,,,,,,,0,0.0,0.0,0.0,0.0,0.0
2023,FOOTBALL_XFL_2023_4_16_SEA@STL,SEA,6,STL,5,outdoors,212,1681677995.0,60395,2023-04-16 20:46:35.000000,EventFootballPat3PtPass,FROM STL 10 (11:36) 6 B. DiNucci 3-pt conversion pass to 19 T. Hammonds NO GOOD,,True,3,11,36,Half2,MaSourceTypeOfficialScoring,FOOTBALL_XFL_2023_4_16_SEA@STL,,QBStat,84,2302036-SEA-at-STL,696,1596,1596,11:36,6,,,0.0,SEA,STL,0.0,3,2,3.0,3.0,Home,10,11,10.0,0,20,9,,,,,StatusOfficial,ResultPassIncomplete,,,,,,,,,,,,,,,,,,,21979,20620,,,,3.0,,,,,,,,,0,0.0,0.0,0.0,0.0,0.0
2023,FOOTBALL_XFL_2023_4_16_SEA@STL,SEA,6,STL,5,outdoors,214,1681678200.0,60600,2023-04-16 20:50:00.000000,EventFootballKickoff,"FROM SEA 10 (11:36) 11 D. Eberle kicks from SEA 10. 11 D. Shepherd to STL 31 for 20 yards (8 T. Walker, 51 T. Skipper)",,True,3,11,36,Half2,MaSourceTypeOfficialScoring,FOOTBALL_XFL_2023_4_16_SEA@STL,,QBStat,85,2302036-SEA-at-STL,696,1596,1596,11:36,5,,,1.0,STL,SEA,0.0,3,2,2.0,2.0,Visitor,10,12,10.0,0,20,9,21620,21422,22874,21822,StatusOfficial,ResultKickReturned,20.0,Home,31.0,,,,,,,,,,,,,,,,,,,,,,,,,,,,,,0,0.0,0.0,0.0,0.0,0.0
2023,FOOTBALL_XFL_2023_4_16_SEA@STL,SEA,6,STL,5,outdoors,216,1681678272.0,60672,2023-04-16 20:51:12.000000,EventFootballPass,1-10-STL 31 (11:24) 10 A. McCarron pass incomplete to 3 M. Ateman Pass Defended by 16 M. Wright,,True,3,11,24,Half2,MaSourceTypeOfficialScoring,FOOTBALL_XFL_2023_4_16_SEA@STL,,QBStat,86,2302036-SEA-at-STL,684,1584,1584,11:24,5,,,1.0,STL,SEA,0.0,3,2,2.0,2.0,Home,31,12,69.0,0,20,9,,,,,StatusOfficial,ResultPassIncomplete,,,,1.0,10.0,,,,,,Home,31.0,,0:23, ,,,1.0,22026,20058,,,,,21721,,,,,,,,0,0.0,0.0,0.0,0.0,0.0
2023,FOOTBALL_XFL_2023_4_16_SEA@STL,SEA,6,STL,5,outdoors,218,1681678312.0,60712,2023-04-16 20:51:52.000000,EventFootballRush,"2-10-STL 31 (10:47) 23 B. Hill rush to STL 33 for 2 yards (8 T. Walker, 9 C. Hicks)",,True,3,10,47,Half2,MaSourceTypeOfficialScoring,FOOTBALL_XFL_2023_4_16_SEA@STL,,QBStat,87,2302036-SEA-at-STL,647,1547,1547,10:47,5,,,1.0,STL,SEA,0.0,3,2,2.0,2.0,Home,31,12,69.0,0,20,9,21620,22344,,,StatusOfficial,,,,,2.0,10.0,,,,,,Home,31.0,2.0,0:59, ,20688,2.0,2.0,,,,,,,,,,,,,,,0,0.0,0.0,0.0,0.0,0.0
2023,FOOTBALL_XFL_2023_4_16_SEA@STL,SEA,6,STL,5,outdoors,220,1681678352.0,60752,2023-04-16 20:52:32.000000,EventFootballPass,3-8-STL 33 (10:10) 10 A. McCarron pass incomplete to 84 J. Sutherland,,True,3,10,10,Half2,MaSourceTypeOfficialScoring,FOOTBALL_XFL_2023_4_16_SEA@STL,,QBStat,88,2302036-SEA-at-STL,610,1510,1510,10:10,5,,,1.0,STL,SEA,0.0,3,2,2.0,2.0,Home,33,12,67.0,0,20,9,,,,,StatusOfficial,ResultPassIncomplete,,,,3.0,8.0,,,,,,Home,31.0,2.0,1:28, ,,,3.0,22026,21501,,,,,,,,,,,,,0,0.0,0.0,0.0,0.0,0.0
2023,FOOTBALL_XFL_2023_4_16_SEA@STL,SEA,6,STL,5,outdoors,222,1681678404.0,60804,2023-04-16 20:53:24.000000,EventFootballPunt,"4-8-STL 33 (9:37) 16 S. Hofrichter punts 44 yards from STL 33 to SEA 23. 86 K. McKnight to SEA 26 for 3 yards (6 L. Williams, 15 G. Campbell)",,True,3,9,37,Half2,MaSourceTypeOfficialScoring,FOOTBALL_XFL_2023_4_16_SEA@STL,,QBStat,89,2302036-SEA-at-STL,577,1477,1477,9:37,5,,,1.0,STL,SEA,0.0,3,2,2.0,2.0,Home,33,12,67.0,0,20,9,21678,20249,,,StatusOfficial,ResultKickReturned,,Visitor,26.0,4.0,8.0,,,,,,Home,31.0,2.0,1:59,PUNT,,,3.0,,,,,,,,20704,21875,44.0,,3.0,,,1,0.0,0.0,0.0,0.0,0.0
2023,FOOTBALL_XFL_2023_4_16_SEA@STL,SEA,6,STL,5,outdoors,224,1681678447.0,60847,2023-04-16 20:54:07.000000,EventFootballRush,1-10-SEA 26 (9:31) 6 B. DiNucci rush to SEA 29 for 3 yards,,True,3,9,31,Half2,MaSourceTypeOfficialScoring,FOOTBALL_XFL_2023_4_16_SEA@STL,,QBStat,90,2302036-SEA-at-STL,571,1471,1471,9:31,6,,,0.0,SEA,STL,0.0,3,2,3.0,3.0,Visitor,26,13,74.0,0,20,9,,,,,StatusOfficial,,,,,1.0,10.0,,,,,,Visitor,26.0,3.0,0:17, ,21979,3.0,1.0,,,,,,,,,,,,,,,0,0.0,0.0,0.0,0.0,0.0
2023,FOOTBALL_XFL_2023_4_16_SEA@STL,SEA,6,STL,5,outdoors,226,1681678480.0,60880,2023-04-16 20:54:40.000000,EventFootballRush,2-7-SEA 29 (8:58) 30 P. Lindsay rush to SEA 34 for 5 yards (39 C. Cooper),,True,3,8,58,Half2,MaSourceTypeOfficialScoring,FOOTBALL_XFL_2023_4_16_SEA@STL,,QBStat,91,2302036-SEA-at-STL,538,1438,1438,8:58,6,,,0.0,SEA,STL,0.0,3,2,3.0,3.0,Visitor,29,13,71.0,0,20,9,22336,,,,StatusOfficial,,,,,2.0,7.0,,,,,,Visitor,26.0,8.0,0:47, ,22901,5.0,2.0,,,,,,,,,,,,,,,0,0.0,0.0,0.0,0.0,0.0
2023,FOOTBALL_XFL_2023_4_16_SEA@STL,SEA,6,STL,5,outdoors,228,1681678525.0,60925,2023-04-16 20:55:25.000000,EventFootballPass,3-2-SEA 34 (8:19) 6 B. DiNucci pass incomplete to 80 B. Jackson Pass Defended by 25 L. Denis,,True,3,8,19,Half2,MaSourceTypeOfficialScoring,FOOTBALL_XFL_2023_4_16_SEA@STL,,QBStat,92,2302036-SEA-at-STL,499,1399,1399,8:19,6,,,0.0,SEA,STL,0.0,3,2,3.0,3.0,Visitor,34,13,66.0,0,20,9,,,,,StatusOfficial,ResultPassIncomplete,,,,3.0,2.0,,,,,,Visitor,26.0,8.0,1:25, ,,,3.0,21979,20761,,,,,20385,,,,,,,,0,0.0,0.0,0.0,0.0,0.0
2023,FOOTBALL_XFL_2023_4_16_SEA@STL,SEA,6,STL,5,outdoors,230,1681678567.0,60967,2023-04-16 20:56:07.000000,EventFootballPunt,4-2-SEA 34 (7:43) 10 C. Nizialek punts 36 yards from SEA 34 to STL 30. 13 A. Proehl to STL 40 for 10 yards,,True,3,7,43,Half2,MaSourceTypeOfficialScoring,FOOTBALL_XFL_2023_4_16_SEA@STL,,QBStat,93,2302036-SEA-at-STL,463,1363,1363,7:43,6,,,0.0,SEA,STL,0.0,3,2,3.0,3.0,Visitor,34,13,66.0,0,20,9,,,,,StatusOfficial,ResultKickReturned,,Home,40.0,4.0,2.0,,,,,,Visitor,26.0,8.0,1:54,PUNT,,,3.0,,,,,,,,21997,21263,36.0,,10.0,,,1,0.0,0.0,0.0,0.0,0.0
2023,FOOTBALL_XFL_2023_4_16_SEA@STL,SEA,6,STL,5,outdoors,232,1681678620.0,61020,2023-04-16 20:57:00.000000,EventFootballPass,1-10-STL 40 (7:38) 10 A. McCarron pass to 12 G. Jennings to STL 48 for 8 yards (1 B. Thompson),,True,3,7,38,Half2,MaSourceTypeOfficialScoring,FOOTBALL_XFL_2023_4_16_SEA@STL,,QBStat,94,2302036-SEA-at-STL,458,1358,1358,7:38,5,,,1.0,STL,SEA,0.0,3,2,2.0,2.0,Home,40,14,60.0,0,20,9,22377,,,,StatusOfficial,ResultPassComplete,,,,1.0,10.0,,,,,,Home,40.0,8.0,0:22, ,,8.0,1.0,22026,22038,,,,,,,,,,,,,0,0.0,0.0,0.0,0.0,0.0
2023,FOOTBALL_XFL_2023_4_16_SEA@STL,SEA,6,STL,5,outdoors,234,1681678649.0,61049,2023-04-16 20:57:29.000000,EventFootballRush,2-2-STL 48 (7:09) 12 G. Jennings rush to SEA 46 for 6 yards (53 T. Adams),,True,3,7,9,Half2,MaSourceTypeOfficialScoring,FOOTBALL_XFL_2023_4_16_SEA@STL,,QBStat,95,2302036-SEA-at-STL,429,1329,1329,7:09,5,,,1.0,STL,SEA,0.0,3,2,2.0,2.0,Home,48,14,52.0,0,20,9,22899,,,,StatusOfficial,,,,,2.0,2.0,,,,,,Home,40.0,14.0,0:46, ,22038,6.0,2.0,,,,,,,,,,,,,,,0,0.0,0.0,0.0,0.0,0.0
2023,FOOTBALL_XFL_2023_4_16_SEA@STL,SEA,6,STL,5,outdoors,236,1681678688.0,61088,2023-04-16 20:58:08.000000,EventFootballRush,"1-10-SEA 46 (6:31) 12 G. Jennings rush to SEA 29 for 17 yards (1 B. Thompson, 33 A. Holder)",,True,3,6,31,Half2,MaSourceTypeOfficialScoring,FOOTBALL_XFL_2023_4_16_SEA@STL,,QBStat,96,2302036-SEA-at-STL,391,1291,1291,6:31,5,,,1.0,STL,SEA,0.0,3,2,2.0,2.0,Visitor,46,14,46.0,0,20,9,22377,22552,,,StatusOfficial,,,,,1.0,10.0,,,,,,Home,40.0,31.0,1:25, ,22038,17.0,3.0,,,,,,,,,,,,,,,0,0.0,0.0,0.0,0.0,0.0
2023,FOOTBALL_XFL_2023_4_16_SEA@STL,SEA,6,STL,5,outdoors,238,1681678735.0,61135,2023-04-16 20:58:55.000000,EventFootballPass,1-10-SEA 29 (5:48) 10 A. McCarron pass incomplete to 3 M. Ateman,,True,3,5,48,Half2,MaSourceTypeOfficialScoring,FOOTBALL_XFL_2023_4_16_SEA@STL,,QBStat,97,2302036-SEA-at-STL,348,1248,1248,5:48,5,,,1.0,STL,SEA,0.0,3,2,2.0,2.0,Visitor,29,14,29.0,0,20,9,,,,,StatusOfficial,ResultPassIncomplete,,,,1.0,10.0,,,,,,Home,40.0,31.0,2:02, ,,,4.0,22026,20058,,,,,,,,,,,,,0,0.0,0.0,0.0,0.0,0.0
2023,FOOTBALL_XFL_2023_4_16_SEA@STL,SEA,6,STL,5,outdoors,240,1681678782.0,61182,2023-04-16 20:59:42.000000,EventFootballPenalty,"2-10-SEA 29 (5:10) PENALTY on (STL) 73 J. Bushell-Beatty, 10 yards",,True,3,5,10,Half2,MaSourceTypeOfficialScoring,FOOTBALL_XFL_2023_4_16_SEA@STL,,QBStat,98,2302036-SEA-at-STL,310,1210,1210,5:10,5,,,1.0,STL,SEA,0.0,3,2,2.0,2.0,Visitor,29,14,29.0,0,20,9,,,,,StatusOfficial,,,,,2.0,10.0,5,22443,10.0,ResultPenaltyRepeatdown,NA,Home,40.0,21.0,2:33, ,,,4.0,,,,,,,,,,,,,,,0,0.0,0.0,0.0,0.0,0.0
2023,FOOTBALL_XFL_2023_4_16_SEA@STL,SEA,6,STL,5,outdoors,242,1681678843.0,61243,2023-04-16 21:00:43.000000,EventFootballRush,"2-20-SEA 39 (4:40) 22 S. Mitchell rush to SEA 35 for 4 yards (53 T. Adams, 33 A. Holder)",,True,3,4,40,Half2,MaSourceTypeOfficialScoring,FOOTBALL_XFL_2023_4_16_SEA@STL,,QBStat,99,2302036-SEA-at-STL,280,1180,1180,4:40,5,,,1.0,STL,SEA,0.0,3,2,2.0,2.0,Visitor,39,14,39.0,0,20,9,22899,22552,,,StatusOfficial,,,,,2.0,20.0,,,,,,Home,40.0,25.0,3:13, ,21081,4.0,5.0,,,,,,,,,,,,,,,0,0.0,0.0,0.0,0.0,0.0
2023,FOOTBALL_XFL_2023_4_16_SEA@STL,SEA,6,STL,5,outdoors,244,1681678902.0,61302,2023-04-16 21:01:42.000000,EventFootballSack,3-16-SEA 35 (3:41) 10 A. McCarron sacked at SEA 36 for -1 yards (51 T. Skipper),,True,3,3,41,Half2,MaSourceTypeOfficialScoring,FOOTBALL_XFL_2023_4_16_SEA@STL,,QBStat,100,2302036-SEA-at-STL,221,1121,1121,3:41,5,,,1.0,STL,SEA,0.0,3,2,2.0,2.0,Visitor,35,14,35.0,0,20,9,,,,,StatusOfficial,,,,,3.0,16.0,,,,,,Home,40.0,24.0,4:14, ,,-1.0,6.0,22026,,,,,,,,,,21422,,,,0,0.0,0.0,0.0,0.0,0.0
2023,FOOTBALL_XFL_2023_4_16_SEA@STL,SEA,6,STL,5,outdoors,246,1681678924.0,61324,2023-04-16 21:02:04.000000,EventFootballFg,4-17-SEA 36 (3:24) 2 D. Hageman 54 yard field goal is GOOD,,True,3,3,24,Half2,MaSourceTypeOfficialScoring,FOOTBALL_XFL_2023_4_16_SEA@STL,,QBStat,101,2302036-SEA-at-STL,204,1104,1104,3:24,5,,,1.0,STL,SEA,0.0,3,2,2.0,2.0,Visitor,36,14,36.0,0,20,9,,,22008,,StatusOfficial,ResultKickMade,,,,4.0,17.0,,,,,,Home,40.0,24.0,4:19,FG,,54.0,7.0,,,,,ScoreTypeFg,,,,,,,,,,0,0.0,0.0,1.0,1.0,0.0
2023,FOOTBALL_XFL_2023_4_16_SEA@STL,SEA,6,STL,5,outdoors,248,1681679138.0,61538,2023-04-16 21:05:38.000000,EventFootballKickoff,FROM STL 30 (3:24) 2 D. Hageman kicks from STL 30. 86 K. McKnight to SEA 25 for 20 yards (0 K. Walker),,True,3,3,24,Half2,MaSourceTypeOfficialScoring,FOOTBALL_XFL_2023_4_16_SEA@STL,,QBStat,102,2302036-SEA-at-STL,204,1104,1104,3:24,6,,,0.0,SEA,STL,0.0,3,2,3.0,3.0,Home,30,15,30.0,0,20,12,22033,,22008,21875,StatusOfficial,ResultKickReturned,20.0,Visitor,25.0,,,,,,,,,,,,,,,,,,,,,,,,,,,,,,0,0.0,0.0,0.0,0.0,0.0
2023,FOOTBALL_XFL_2023_4_16_SEA@STL,SEA,6,STL,5,outdoors,251,1681679207.0,61607,2023-04-16 21:06:47.000000,EventFootballPass,1-10-SEA 25 (3:10) 6 B. DiNucci pass to 3 J. Pearson to SEA 35 for 10 yards (1 E. Hamilton),,True,3,3,10,Half2,MaSourceTypeOfficialScoring,FOOTBALL_XFL_2023_4_16_SEA@STL,,QBStat,103,2302036-SEA-at-STL,190,1090,1090,3:10,6,,,0.0,SEA,STL,0.0,3,2,3.0,3.0,Visitor,25,15,75.0,0,20,12,20615,,,,StatusOfficial,ResultPassComplete,,,,1.0,10.0,,,,,,Visitor,25.0,10.0,0:37, ,,10.0,1.0,21979,21203,,,,,,,,,,,,,0,0.0,0.0,0.0,0.0,0.0
2023,FOOTBALL_XFL_2023_4_16_SEA@STL,SEA,6,STL,5,outdoors,262,1681679246.0,61646,2023-04-16 21:07:26.000000,EventFootballRush,1-10-SEA 35 (2:34) 6 B. DiNucci rush to SEA 30 for -5 yards (56 T. Feeney),,True,3,2,34,Half2,MaSourceTypeOfficialScoring,FOOTBALL_XFL_2023_4_16_SEA@STL,,QBStat,104,2302036-SEA-at-STL,154,1054,1054,2:34,6,,,0.0,SEA,STL,0.0,3,2,3.0,3.0,Visitor,35,15,65.0,0,20,12,22503,,,,StatusOfficial,,,,,1.0,10.0,,,,,,Visitor,25.0,5.0,0:59, ,21979,-5.0,2.0,,,,,,,,,,,,,,-5,0,0.0,0.0,0.0,0.0,0.0
2023,FOOTBALL_XFL_2023_4_16_SEA@STL,SEA,6,STL,5,outdoors,255,1681679285.0,61685,2023-04-16 21:08:05.000000,EventFootballPass,2-15-SEA 30 (1:56) 6 B. DiNucci pass to 3 J. Pearson to SEA 38 for 8 yards (8 M. Hampton),,True,3,1,56,Half2,MaSourceTypeOfficialScoring,FOOTBALL_XFL_2023_4_16_SEA@STL,,QBStat,105,2302036-SEA-at-STL,116,1016,1016,1:56,6,,,0.0,SEA,STL,0.0,3,2,3.0,3.0,Visitor,30,15,70.0,0,20,12,21862,,,,StatusOfficial,ResultPassComplete,,,,2.0,15.0,,,,,,Visitor,25.0,13.0,1:41, ,,8.0,3.0,21979,21203,,,,,,,,,,,,,0,0.0,0.0,0.0,0.0,0.0
2023,FOOTBALL_XFL_2023_4_16_SEA@STL,SEA,6,STL,5,outdoors,257,1681679329.0,61729,2023-04-16 21:08:49.000000,EventFootballPass,3-7-SEA 38 (1:18) 6 B. DiNucci pass to 80 B. Jackson to SEA 48 for 10 yards (8 M. Hampton),,True,3,1,18,Half2,MaSourceTypeOfficialScoring,FOOTBALL_XFL_2023_4_16_SEA@STL,,QBStat,106,2302036-SEA-at-STL,78,978,978,1:18,6,,,0.0,SEA,STL,0.0,3,2,3.0,3.0,Visitor,38,15,62.0,0,20,12,21862,,,,StatusOfficial,ResultPassComplete,,,,3.0,7.0,,,,,,Visitor,25.0,23.0,2:15, ,,10.0,4.0,21979,20761,,,,,,,,,,,,,0,0.0,0.0,0.0,0.0,0.0
2023,FOOTBALL_XFL_2023_4_16_SEA@STL,SEA,6,STL,5,outdoors,259,1681679395.0,61795,2023-04-16 21:09:55.000000,EventFootballRush,"1-10-SEA 48 (0:47) 19 T. Hammonds rush to STL 47 for 5 yards (25 L. Denis, 53 C. Wells)",,True,3,0,47,Half2,MaSourceTypeOfficialScoring,FOOTBALL_XFL_2023_4_16_SEA@STL,,QBStat,107,2302036-SEA-at-STL,47,947,947,0:47,6,,,0.0,SEA,STL,0.0,3,2,3.0,3.0,Visitor,48,15,52.0,0,20,12,20385,21833,,,StatusOfficial,,,,,1.0,10.0,,,,,,Visitor,25.0,28.0,2:48, ,20620,5.0,5.0,,,,,,,,,,,,,,,0,0.0,0.0,0.0,0.0,0.0
2023,FOOTBALL_XFL_2023_4_16_SEA@STL,SEA,6,STL,5,outdoors,261,1681679429.0,61829,2023-04-16 21:10:29.000000,EventFootballPass,"2-5-STL 47 (0:17) 6 B. DiNucci pass to 4 J. Green to STL 31 for 16 yards (29 S. Kelly, 24 L. Hill)",,True,3,0,17,Half2,MaSourceTypeOfficialScoring,FOOTBALL_XFL_2023_4_16_SEA@STL,,QBStat,108,2302036-SEA-at-STL,17,917,917,0:17,6,,,0.0,SEA,STL,0.0,3,2,3.0,3.0,Home,47,15,47.0,0,20,12,21870,22870,,,StatusOfficial,ResultPassComplete,,,,2.0,5.0,,,,,,Visitor,25.0,44.0,3:21, ,,16.0,6.0,21979,22035,,,,,,,,,,,,,0,0.0,0.0,0.0,0.0,0.0
2023,FOOTBALL_XFL_2023_4_16_SEA@STL,SEA,6,STL,5,outdoors,264,1681679700.0,62100,2023-04-16 21:15:00.000000,EventFootballRush,"1-10-STL 31 (14:53) 89 C. Taumoepeau rush to STL 29 for 2 yards (6 L. Williams, 29 S. Kelly)",,True,4,14,53,Half2,MaSourceTypeOfficialScoring,FOOTBALL_XFL_2023_4_16_SEA@STL,,QBStat,109,2302036-SEA-at-STL,893,893,893,14:53,6,,,0.0,SEA,STL,0.0,3,2,3.0,3.0,Home,31,15,31.0,0,20,12,21678,21870,,,StatusOfficial,,,,,1.0,10.0,,,,,,Visitor,25.0,46.0,3:50, ,21967,2.0,7.0,,,,,,,,,,,,,,,0,0.0,0.0,0.0,0.0,0.0
2023,FOOTBALL_XFL_2023_4_16_SEA@STL,SEA,6,STL,5,outdoors,266,1681679735.0,62135,2023-04-16 21:15:35.000000,EventFootballPass,2-8-STL 29 (14:19) 6 B. DiNucci pass dropped by 80 B. Jackson,,True,4,14,19,Half2,MaSourceTypeOfficialScoring,FOOTBALL_XFL_2023_4_16_SEA@STL,,QBStat,110,2302036-SEA-at-STL,859,859,859,14:19,6,,,0.0,SEA,STL,0.0,3,2,3.0,3.0,Home,29,15,29.0,0,20,12,,,,,StatusOfficial,ResultPassDropped,,,,2.0,8.0,,,,,,Visitor,25.0,46.0,4:06, ,,,8.0,21979,20761,,,,,,,,,,,,,0,0.0,0.0,0.0,0.0,0.0
2023,FOOTBALL_XFL_2023_4_16_SEA@STL,SEA,6,STL,5,outdoors,268,1681679778.0,62178,2023-04-16 21:16:18.000000,EventFootballPass,3-8-STL 29 (13:41) 6 B. DiNucci pass incomplete to 0 J. Gordon Pass Defended by 98 F. Akinmoladun,,True,4,13,41,Half2,MaSourceTypeOfficialScoring,FOOTBALL_XFL_2023_4_16_SEA@STL,,QBStat,111,2302036-SEA-at-STL,821,821,821,13:41,6,,,0.0,SEA,STL,0.0,3,2,3.0,3.0,Home,29,15,29.0,0,20,12,,,,,StatusOfficial,ResultPassIncomplete,,,,3.0,8.0,,,,,,Visitor,25.0,46.0,4:50, ,,,9.0,21979,22840,,,,,22386,,,,,,,,0,0.0,0.0,0.0,0.0,0.0
2023,FOOTBALL_XFL_2023_4_16_SEA@STL,SEA,6,STL,5,outdoors,270,1681679822.0,62222,2023-04-16 21:17:02.000000,EventFootballPenalty,"4-8-STL 29 (13:14) PENALTY on (SEA) 72 M. Menet, 5 yards",,True,4,13,14,Half2,MaSourceTypeOfficialScoring,FOOTBALL_XFL_2023_4_16_SEA@STL,,QBStat,112,2302036-SEA-at-STL,794,794,794,13:14,6,,,0.0,SEA,STL,0.0,3,2,3.0,3.0,Home,29,15,29.0,0,20,12,,,,,StatusOfficial,,,,,4.0,8.0,6,21059,5.0,ResultPenaltyRepeatdown,NA,Visitor,25.0,41.0,5:10, ,,,9.0,,,,,,,,,,,,,,,0,0.0,0.0,0.0,0.0,0.0
2023,FOOTBALL_XFL_2023_4_16_SEA@STL,SEA,6,STL,5,outdoors,272,1681679876.0,62276,2023-04-16 21:17:56.000000,EventFootballFg,4-13-STL 34 (13:09) 11 D. Eberle 52 yard field goal is NO GOOD,,True,4,13,9,Half2,MaSourceTypeOfficialScoring,FOOTBALL_XFL_2023_4_16_SEA@STL,,QBStat,113,2302036-SEA-at-STL,789,789,789,13:09,6,,,0.0,SEA,STL,0.0,3,2,3.0,3.0,Home,34,15,34.0,0,20,12,,,22874,,StatusOfficial,ResultKickMissed,,,,4.0,13.0,,,,,,Visitor,25.0,41.0,5:15,MISSED FG,,52.0,10.0,,,,,,,,,,,,,,,0,0.0,0.0,0.0,0.0,0.0
2023,FOOTBALL_XFL_2023_4_16_SEA@STL,SEA,6,STL,5,outdoors,274,1681679953.0,62353,2023-04-16 21:19:13.000000,EventFootballPass,"1-10-STL 42 (12:53) 10 A. McCarron pass to 13 A. Proehl to STL 49 for 7 yards (1 B. Thompson, 2 A. Brooks)",,True,4,12,53,Half2,MaSourceTypeOfficialScoring,FOOTBALL_XFL_2023_4_16_SEA@STL,,QBStat,114,2302036-SEA-at-STL,773,773,773,12:53,5,,,1.0,STL,SEA,0.0,3,2,2.0,2.0,Home,42,16,58.0,0,20,12,22377,21919,,,StatusOfficial,ResultPassComplete,,,,1.0,10.0,,,,,,Home,42.0,7.0,0:27, ,,7.0,1.0,22026,21263,,,,,,,,,,,,,0,0.0,0.0,0.0,0.0,0.0
2023,FOOTBALL_XFL_2023_4_16_SEA@STL,SEA,6,STL,5,outdoors,276,1681679991.0,62391,2023-04-16 21:19:51.000000,EventFootballRush,2-3-STL 49 (12:15) 12 G. Jennings rush to SEA 49 for 2 yards (2 A. Brooks),,True,4,12,15,Half2,MaSourceTypeOfficialScoring,FOOTBALL_XFL_2023_4_16_SEA@STL,,QBStat,115,2302036-SEA-at-STL,735,735,735,12:15,5,,,1.0,STL,SEA,0.0,3,2,2.0,2.0,Home,49,16,51.0,0,20,12,21919,,,,StatusOfficial,,,,,2.0,3.0,,,,,,Home,42.0,9.0,0:53, ,22038,2.0,2.0,,,,,,,,,,,,,,,0,0.0,0.0,0.0,0.0,0.0
2023,FOOTBALL_XFL_2023_4_16_SEA@STL,SEA,6,STL,5,outdoors,281,1681680027.0,62427,2023-04-16 21:20:27.000000,EventFootballPass,3-1-SEA 49 (11:39) 10 A. McCarron pass to 11 D. Shepherd to SEA 45 for 4 yards (53 T. Adams),,True,4,11,39,Half2,MaSourceTypeOfficialScoring,FOOTBALL_XFL_2023_4_16_SEA@STL,,QBStat,116,2302036-SEA-at-STL,699,699,699,11:39,5,,,1.0,STL,SEA,0.0,3,2,2.0,2.0,Visitor,49,16,49.0,0,20,12,22899,,,,StatusOfficial,ResultPassComplete,,,,3.0,1.0,,,,,,Home,42.0,15.0,1:31, ,,4.0,3.0,22026,21822,,,,,,,,,,,,,0,0.0,0.0,0.0,0.0,0.0
2023,FOOTBALL_XFL_2023_4_16_SEA@STL,SEA,6,STL,5,outdoors,282,1681680068.0,62468,2023-04-16 21:21:08.000000,EventFootballPass,1-10-SEA 45 (11:00) 10 A. McCarron pass to 12 G. Jennings to SEA 40 for 5 yards (2 A. Brooks),,True,4,11,0,Half2,MaSourceTypeOfficialScoring,FOOTBALL_XFL_2023_4_16_SEA@STL,,QBStat,117,2302036-SEA-at-STL,660,660,660,11:00,5,,,1.0,STL,SEA,0.0,3,2,2.0,2.0,Visitor,45,16,45.0,0,20,12,21919,,,,StatusOfficial,ResultPassComplete,,,,1.0,10.0,,,,,,Home,42.0,18.0,2:30, ,,5.0,4.0,22026,22038,,,,,,,,,,,,,0,0.0,0.0,0.0,0.0,0.0
2023,FOOTBALL_XFL_2023_4_16_SEA@STL,SEA,6,STL,5,outdoors,284,1681680120.0,62520,2023-04-16 21:22:00.000000,EventFootballPass,2-5-SEA 40 (10:22) 10 A. McCarron pass incomplete to 88 H. Butler,,True,4,10,22,Half2,MaSourceTypeOfficialScoring,FOOTBALL_XFL_2023_4_16_SEA@STL,,QBStat,118,2302036-SEA-at-STL,622,622,622,10:22,5,,,1.0,STL,SEA,0.0,3,2,2.0,2.0,Visitor,40,16,40.0,0,20,12,,,,,StatusOfficial,ResultPassIncomplete,,,,2.0,5.0,,,,,,Home,42.0,18.0,2:39, ,,,5.0,22026,22333,,,,,,,,,,,,,0,0.0,0.0,0.0,0.0,0.0
2023,FOOTBALL_XFL_2023_4_16_SEA@STL,SEA,6,STL,5,outdoors,286,1681680154.0,62554,2023-04-16 21:22:34.000000,EventFootballPass,3-5-SEA 40 (9:55) 10 A. McCarron pass incomplete to 88 H. Butler Pass Defended by 33 A. Holder,,True,4,9,55,Half2,MaSourceTypeOfficialScoring,FOOTBALL_XFL_2023_4_16_SEA@STL,,QBStat,119,2302036-SEA-at-STL,595,595,595,9:55,5,,,1.0,STL,SEA,0.0,3,2,2.0,2.0,Visitor,40,16,40.0,0,20,12,,,,,StatusOfficial,ResultPassIncomplete,,,,3.0,5.0,,,,,,Home,42.0,18.0,3:06, ,,,6.0,22026,22333,,,,,22552,,,,,,,,0,0.0,0.0,0.0,0.0,0.0
2023,FOOTBALL_XFL_2023_4_16_SEA@STL,SEA,6,STL,5,outdoors,288,1681680204.0,62604,2023-04-16 21:23:24.000000,EventFootballPass,4-5-SEA 40 (9:11) 10 A. McCarron pass to 3 M. Ateman to SEA 36 for 4 yards (16 M. Wright),,True,4,9,11,Half2,MaSourceTypeOfficialScoring,FOOTBALL_XFL_2023_4_16_SEA@STL,,QBStat,120,2302036-SEA-at-STL,551,551,551,9:11,5,,,1.0,STL,SEA,0.0,3,2,2.0,2.0,Visitor,40,16,40.0,0,20,12,21721,,,,StatusOfficial,ResultPassComplete,,,,4.0,5.0,,,,,,Home,42.0,22.0,3:58,DOWNS,,4.0,7.0,22026,20058,,,,,,,,,,,,,0,0.0,0.0,0.0,0.0,0.0
2023,FOOTBALL_XFL_2023_4_16_SEA@STL,SEA,6,STL,5,outdoors,290,1681680428.0,62828,2023-04-16 21:27:08.000000,EventFootballPass,1-10-SEA 36 (9:05) 6 B. DiNucci pass incomplete to 88 J. Veasy,,True,4,9,5,Half2,MaSourceTypeOfficialScoring,FOOTBALL_XFL_2023_4_16_SEA@STL,,QBStat,121,2302036-SEA-at-STL,545,545,545,9:05,6,,,0.0,SEA,STL,0.0,3,2,3.0,3.0,Visitor,36,17,64.0,0,20,12,,,,,StatusOfficial,ResultPassIncomplete,,,,1.0,10.0,,,,,,Visitor,36.0,,0:10, ,,,1.0,21979,22306,,,,,,,,,,,,,0,0.0,0.0,0.0,0.0,0.0
2023,FOOTBALL_XFL_2023_4_16_SEA@STL,SEA,6,STL,5,outdoors,292,1681680465.0,62865,2023-04-16 21:27:45.000000,EventFootballRush,2-10-SEA 36 (8:31) 6 B. DiNucci rush to SEA 42 for 6 yards,,True,4,8,31,Half2,MaSourceTypeOfficialScoring,FOOTBALL_XFL_2023_4_16_SEA@STL,,QBStat,122,2302036-SEA-at-STL,511,511,511,8:31,6,,,0.0,SEA,STL,0.0,3,2,3.0,3.0,Visitor,36,17,64.0,0,20,12,,,,,StatusOfficial,,,,,2.0,10.0,,,,,,Visitor,36.0,6.0,0:57, ,21979,6.0,2.0,,,,,,,,,,,,,,,0,0.0,0.0,0.0,0.0,0.0
2023,FOOTBALL_XFL_2023_4_16_SEA@STL,SEA,6,STL,5,outdoors,294,1681680510.0,62910,2023-04-16 21:28:30.000000,EventFootballRush,3-4-SEA 42 (7:52) 6 B. DiNucci rush to SEA 49 for 7 yards (51 W. Harvey),,True,4,7,52,Half2,MaSourceTypeOfficialScoring,FOOTBALL_XFL_2023_4_16_SEA@STL,,QBStat,123,2302036-SEA-at-STL,472,472,472,7:52,6,,,0.0,SEA,STL,0.0,3,2,3.0,3.0,Visitor,42,17,58.0,0,20,12,20647,,,,StatusOfficial,,,,,3.0,4.0,,,,,,Visitor,36.0,13.0,1:30, ,21979,7.0,3.0,,,,,,,,,,,,,,,0,0.0,0.0,0.0,0.0,0.0
2023,FOOTBALL_XFL_2023_4_16_SEA@STL,SEA,6,STL,5,outdoors,297,1681680556.0,62956,2023-04-16 21:29:16.000000,EventFootballRush,1-10-SEA 49 (7:06) 6 B. DiNucci rush to STL 37 for 14 yards (17 J. Alexander),,True,4,7,6,Half2,MaSourceTypeOfficialScoring,FOOTBALL_XFL_2023_4_16_SEA@STL,,QBStat,124,2302036-SEA-at-STL,426,426,426,7:06,6,,,0.0,SEA,STL,0.0,3,2,3.0,3.0,Visitor,49,17,51.0,0,20,12,21842,,,,StatusOfficial,,,,,1.0,10.0,,,,,,Visitor,36.0,27.0,2:44, ,21979,14.0,4.0,,,,,,,,,,,,,,,0,0.0,0.0,0.0,0.0,0.0
2023,FOOTBALL_XFL_2023_4_16_SEA@STL,SEA,6,STL,5,outdoors,299,1681680624.0,63024,2023-04-16 21:30:24.000000,EventFootballTimeout,1-10-STL 37 (6:27) Timeout by Seattle Sea Dragons at 6:27,,True,4,6,27,Half2,MaSourceTypeOfficialScoring,FOOTBALL_XFL_2023_4_16_SEA@STL,,QBStat,125,2302036-SEA-at-STL,387,387,387,6:27,6,,,0.0,SEA,STL,0.0,3,2,3.0,3.0,Home,37,17,37.0,0,20,12,,,,,StatusOfficial,,,,,1.0,10.0,,,,,,Visitor,36.0,27.0,2:44, ,,,4.0,,,6,,,,,,,,,,,,0,0.0,0.0,0.0,0.0,0.0
2023,FOOTBALL_XFL_2023_4_16_SEA@STL,SEA,6,STL,5,outdoors,301,1681680717.0,63117,2023-04-16 21:31:57.000000,EventFootballRush,"1-10-STL 37 (6:17) 19 T. Hammonds rush to STL 34 for 3 yards (91 T. Tupou, 37 E. Hansen)",,True,4,6,17,Half2,MaSourceTypeOfficialScoring,FOOTBALL_XFL_2023_4_16_SEA@STL,,QBStat,126,2302036-SEA-at-STL,377,377,377,6:17,6,,,0.0,SEA,STL,0.0,2,2,2.0,2.0,Home,37,17,37.0,0,20,12,21578,20622,,,StatusOfficial,,,,,1.0,10.0,,,,,,Visitor,36.0,30.0,3:06, ,20620,3.0,5.0,,,,,,,,,,,,,,,0,0.0,0.0,0.0,0.0,0.0
2023,FOOTBALL_XFL_2023_4_16_SEA@STL,SEA,6,STL,5,outdoors,303,1681680766.0,63166,2023-04-16 21:32:46.000000,EventFootballPass,2-7-STL 34 (5:35) 6 B. DiNucci pass intended for 0 J. Gordon INTERCEPTED by 25 L. Denis returned 10 yards to STL 10 Pass Defended by 25 L. Denis,,True,4,5,35,Half2,MaSourceTypeOfficialScoring,FOOTBALL_XFL_2023_4_16_SEA@STL,,QBStat,127,2302036-SEA-at-STL,335,335,335,5:35,6,,,0.0,SEA,STL,0.0,2,2,2.0,2.0,Home,34,17,34.0,0,20,12,,,,,StatusOfficial,ResultPassInterception,,Home,10.0,2.0,7.0,,,,,,Visitor,36.0,30.0,3:36,INT,,,6.0,21979,22840,,,,,20385,,,,,,20385,,0,0.0,0.0,0.0,0.0,0.0
2023,FOOTBALL_XFL_2023_4_16_SEA@STL,SEA,6,STL,5,outdoors,305,1681680835.0,63235,2023-04-16 21:33:55.000000,EventFootballPass,1-10-STL 10 (5:27) 10 A. McCarron pass intended for 11 D. Shepherd INTERCEPTED by 1 B. Thompson returned 1 yards to STL 16 Pass Defended by 53 T. Adams,,True,4,5,27,Half2,MaSourceTypeOfficialScoring,FOOTBALL_XFL_2023_4_16_SEA@STL,,QBStat,128,2302036-SEA-at-STL,327,327,327,5:27,5,,,1.0,STL,SEA,0.0,2,2,2.0,2.0,Home,10,18,90.0,0,20,12,,,,,StatusOfficial,ResultPassInterception,,Home,16.0,1.0,10.0,,,,,,Home,10.0,,0:08,INT,,,1.0,22026,21822,,,,,22899,,,,,,22377,,0,0.0,0.0,0.0,0.0,0.0
2023,FOOTBALL_XFL_2023_4_16_SEA@STL,SEA,6,STL,5,outdoors,307,1681680906.0,63306,2023-04-16 21:35:06.000000,EventFootballRush,"1-10-STL 16 (5:20) 30 P. Lindsay rush to STL 8 for 8 yards (17 J. Alexander, 8 M. Hampton)",,True,4,5,20,Half2,MaSourceTypeOfficialScoring,FOOTBALL_XFL_2023_4_16_SEA@STL,,QBStat,129,2302036-SEA-at-STL,320,320,320,5:20,6,,,0.0,SEA,STL,0.0,2,2,2.0,2.0,Home,16,19,16.0,0,20,12,21842,21862,,,StatusOfficial,,,,,1.0,10.0,,,,,,Home,16.0,8.0,0:20, ,22901,8.0,1.0,,,,,,,,,,,,,,,0,0.0,0.0,0.0,0.0,0.0
2023,FOOTBALL_XFL_2023_4_16_SEA@STL,SEA,6,STL,5,outdoors,309,1681680951.0,63351,2023-04-16 21:35:51.000000,EventFootballRush,2-2-STL 8 (4:34) 30 P. Lindsay rush to STL 8 for 0 yards (29 S. Kelly),,True,4,4,34,Half2,MaSourceTypeOfficialScoring,FOOTBALL_XFL_2023_4_16_SEA@STL,,QBStat,130,2302036-SEA-at-STL,274,274,274,4:34,6,,,0.0,SEA,STL,0.0,2,2,2.0,2.0,Home,8,19,8.0,0,20,12,21870,,,,StatusOfficial,,,,,2.0,2.0,,,,,,Home,16.0,8.0,1:01, ,22901,0.0,2.0,,,,,,,,,,,,,,,0,0.0,0.0,0.0,0.0,0.0
2023,FOOTBALL_XFL_2023_4_16_SEA@STL,SEA,6,STL,5,outdoors,311,1681680993.0,63393,2023-04-16 21:36:33.000000,EventFootballRush,"3-2-STL 8 (4:00) 6 B. DiNucci rush for 8 yards, TOUCHDOWN",,True,4,4,0,Half2,MaSourceTypeOfficialScoring,FOOTBALL_XFL_2023_4_16_SEA@STL,,QBStat,131,2302036-SEA-at-STL,240,240,240,4:00,6,,,0.0,SEA,STL,0.0,2,2,2.0,2.0,Home,8,19,8.0,0,20,12,,,,,StatusOfficial,,,,,3.0,2.0,,,,,,Home,16.0,16.0,1:27,TD,21979,8.0,3.0,,,,,ScoreTypeTd,,,,,,,,,,0,0.0,1.0,0.0,0.0,1.0
2023,FOOTBALL_XFL_2023_4_16_SEA@STL,SEA,6,STL,5,outdoors,313,1681681192.0,63592,2023-04-16 21:39:52.000000,EventFootballPat1PtRush,FROM STL 2 (4:00) 30 P. Lindsay 1-pt conversion rush attempt GOOD,,True,4,4,0,Half2,MaSourceTypeOfficialScoring,FOOTBALL_XFL_2023_4_16_SEA@STL,,QBStat,132,2302036-SEA-at-STL,240,240,240,4:00,6,,,0.0,SEA,STL,0.0,2,2,2.0,2.0,Home,2,19,2.0,0,26,12,,,,,StatusOfficial,,,,,,,,,,,,,,,,,22901,2.0,,,,,,ScoreTypeConv,1.0,,,,,,,,,0,0.0,0.0,0.0,0.0,0.0
2023,FOOTBALL_XFL_2023_4_16_SEA@STL,SEA,6,STL,5,outdoors,315,1681681236.0,63636,2023-04-16 21:40:36.000000,EventFootballKickoff,FROM SEA 30 (4:00) 11 D. Eberle kicks from SEA 30. 11 D. Shepherd to STL 28 for 21 yards (53 T. Adams),,True,4,4,0,Half2,MaSourceTypeOfficialScoring,FOOTBALL_XFL_2023_4_16_SEA@STL,,QBStat,133,2302036-SEA-at-STL,240,240,240,4:00,5,,,1.0,STL,SEA,0.0,2,2,2.0,2.0,Visitor,30,20,30.0,0,27,12,22899,,22874,21822,StatusOfficial,ResultKickReturned,21.0,Home,28.0,,,,,,,,,,,,,,,,,,,,,,,,,,,,,,0,0.0,0.0,0.0,0.0,0.0
2023,FOOTBALL_XFL_2023_4_16_SEA@STL,SEA,6,STL,5,outdoors,317,1681681342.0,63742,2023-04-16 21:42:22.000000,EventFootballSack,1-10-STL 28 (3:45) 10 A. McCarron sacked at STL 23 for -5 yards (99 T. Tisdale),,True,4,3,45,Half2,MaSourceTypeOfficialScoring,FOOTBALL_XFL_2023_4_16_SEA@STL,,QBStat,134,2302036-SEA-at-STL,225,225,225,3:45,5,,,1.0,STL,SEA,0.0,2,2,2.0,2.0,Home,28,20,72.0,0,27,12,,,,,StatusOfficial,,,,,1.0,10.0,,,,,,Home,28.0,-5.0,0:26, ,,-5.0,1.0,22026,,,,,,,,,,21564,,,,0,0.0,0.0,0.0,0.0,0.0
2023,FOOTBALL_XFL_2023_4_16_SEA@STL,SEA,6,STL,5,outdoors,319,1681681373.0,63773,2023-04-16 21:42:53.000000,EventFootballPass,"2-15-STL 23 (3:14) 10 A. McCarron pass to 0 K. Walker to STL 24 for 1 yard (97 N. Lalos, 8 T. Walker)",,True,4,3,14,Half2,MaSourceTypeOfficialScoring,FOOTBALL_XFL_2023_4_16_SEA@STL,,QBStat,135,2302036-SEA-at-STL,194,194,194,3:14,5,,,1.0,STL,SEA,0.0,2,2,2.0,2.0,Home,23,20,77.0,0,27,12,20918,21620,,,StatusOfficial,ResultPassComplete,,,,2.0,15.0,,,,,,Home,28.0,-4.0,1:03, ,,1.0,2.0,22026,22033,,,,,,,,,,,,,0,0.0,0.0,0.0,0.0,0.0
2023,FOOTBALL_XFL_2023_4_16_SEA@STL,SEA,6,STL,5,outdoors,321,1681681407.0,63807,2023-04-16 21:43:27.000000,EventFootballSack,3-14-STL 24 (2:40) 10 A. McCarron sacked at STL 19 for -5 yards (99 T. Tisdale),,True,4,2,40,Half2,MaSourceTypeOfficialScoring,FOOTBALL_XFL_2023_4_16_SEA@STL,,QBStat,136,2302036-SEA-at-STL,160,160,160,2:40,5,,,1.0,STL,SEA,0.0,2,2,2.0,2.0,Home,24,20,76.0,0,27,12,,,,,StatusOfficial,,,,,3.0,14.0,,,,,,Home,28.0,-9.0,1:35, ,,-5.0,3.0,22026,,,,,,,,,,21564,,,,0,0.0,0.0,0.0,0.0,0.0
2023,FOOTBALL_XFL_2023_4_16_SEA@STL,SEA,6,STL,5,outdoors,323,1681681456.0,63856,2023-04-16 21:44:16.000000,EventFootballPunt,4-19-STL 19 (1:59) 16 S. Hofrichter punts 51 yards from STL 19 to SEA 30. 86 K. McKnight to SEA 40 for 10 yards (47 A. Matheson),,True,4,1,59,Half2,MaSourceTypeOfficialScoring,FOOTBALL_XFL_2023_4_16_SEA@STL,,QBStat,137,2302036-SEA-at-STL,119,119,119,1:59,5,,,1.0,STL,SEA,0.0,2,2,2.0,2.0,Home,19,20,81.0,0,27,12,22012,,,,StatusOfficial,ResultKickReturned,,Visitor,40.0,4.0,19.0,,,,,,Home,28.0,-9.0,2:01,PUNT,,,3.0,,,,,,,,20704,21875,51.0,,10.0,,,1,0.0,0.0,0.0,0.0,0.0
2023,FOOTBALL_XFL_2023_4_16_SEA@STL,SEA,6,STL,5,outdoors,325,1681681687.0,64087,2023-04-16 21:48:07.000000,EventFootballRush,"1-10-SEA 40 (1:51) 19 T. Hammonds rush to STL 41 for 19 yards (17 J. Alexander, 25 L. Denis)",,True,4,1,51,Half2,MaSourceTypeOfficialScoring,FOOTBALL_XFL_2023_4_16_SEA@STL,,QBStat,138,2302036-SEA-at-STL,111,111,111,1:51,6,,,0.0,SEA,STL,0.0,2,2,2.0,2.0,Visitor,40,21,60.0,0,27,12,21842,20385,,,StatusOfficial,,,,,1.0,10.0,,,,,,Visitor,40.0,19.0,0:08, ,20620,19.0,1.0,,,,,,,,,,,,,,,0,0.0,0.0,0.0,0.0,0.0
2023,FOOTBALL_XFL_2023_4_16_SEA@STL,SEA,6,STL,5,outdoors,327,1681681725.0,64125,2023-04-16 21:48:45.000000,EventFootballRush,1-10-STL 41 (1:43) 30 P. Lindsay rush to STL 40 for 1 yard (96 L. London),,True,4,1,43,Half2,MaSourceTypeOfficialScoring,FOOTBALL_XFL_2023_4_16_SEA@STL,,QBStat,139,2302036-SEA-at-STL,103,103,103,1:43,6,,,0.0,SEA,STL,0.0,2,2,2.0,2.0,Home,41,21,41.0,0,27,12,20965,,,,StatusOfficial,,,,,1.0,10.0,,,,,,Visitor,40.0,20.0,0:25, ,22901,1.0,2.0,,,,,,,,,,,,,,,0,0.0,0.0,0.0,0.0,0.0
2023,FOOTBALL_XFL_2023_4_16_SEA@STL,SEA,6,STL,5,outdoors,329,1681681763.0,64163,2023-04-16 21:49:23.000000,EventFootballRush,2-9-STL 40 (1:07) 30 P. Lindsay rush to STL 45 for -5 yards (53 C. Wells),,True,4,1,7,Half2,MaSourceTypeOfficialScoring,FOOTBALL_XFL_2023_4_16_SEA@STL,,QBStat,140,2302036-SEA-at-STL,67,67,67,1:07,6,,,0.0,SEA,STL,0.0,2,2,2.0,2.0,Home,40,21,40.0,0,27,12,21833,,,,StatusOfficial,,,,,2.0,9.0,,,,,,Visitor,40.0,15.0,0:52, ,22901,-5.0,3.0,,,,,,,,,,,,,,,0,0.0,0.0,0.0,0.0,0.0
2023,FOOTBALL_XFL_2023_4_16_SEA@STL,SEA,6,STL,5,outdoors,331,1681681775.0,64175,2023-04-16 21:49:35.000000,EventFootballTimeout,3-14-STL 45 (1:07) Timeout by St. Louis Battlehawks at 1:07,,True,4,1,7,Half2,MaSourceTypeOfficialScoring,FOOTBALL_XFL_2023_4_16_SEA@STL,,QBStat,141,2302036-SEA-at-STL,67,67,67,1:07,6,,,0.0,SEA,STL,0.0,2,2,2.0,2.0,Home,45,21,45.0,0,27,12,,,,,StatusOfficial,,,,,3.0,14.0,,,,,,Visitor,40.0,15.0,0:52, ,,,3.0,,,5,,,,,,,,,,,,0,0.0,0.0,0.0,0.0,0.0
2023,FOOTBALL_XFL_2023_4_16_SEA@STL,SEA,6,STL,5,outdoors,336,1681681829.0,64229,2023-04-16 21:50:29.000000,EventFootballPass,"3-14-STL 45 (0:59) 6 B. DiNucci pass to 86 K. McKnight to STL 27 for 18 yards (25 L. Denis, 51 W. Harvey)",,True,4,0,59,Half2,MaSourceTypeOfficialScoring,FOOTBALL_XFL_2023_4_16_SEA@STL,,QBStat,142,2302036-SEA-at-STL,59,59,59,0:59,6,,,0.0,SEA,STL,0.0,2,1,2.0,2.0,Home,45,21,45.0,0,27,12,20385,20647,,,StatusOfficial,ResultPassComplete,,,,3.0,14.0,,,,,,Visitor,40.0,33.0,1:09, ,,18.0,4.0,21979,21875,,,,,,,,,,,,,0,0.0,0.0,0.0,0.0,0.0
2023,FOOTBALL_XFL_2023_4_16_SEA@STL,SEA,6,STL,5,outdoors,335,1681681852.0,64252,2023-04-16 21:50:52.000000,EventFootballTimeout,1-10-STL 27 (0:50) Timeout by St. Louis Battlehawks at 0:50,,True,4,0,50,Half2,MaSourceTypeOfficialScoring,FOOTBALL_XFL_2023_4_16_SEA@STL,,QBStat,143,2302036-SEA-at-STL,50,50,50,0:50,6,,,0.0,SEA,STL,0.0,2,1,2.0,2.0,Home,27,21,27.0,0,27,12,,,,,StatusOfficial,,,,,1.0,10.0,,,,,,Visitor,40.0,33.0,1:09, ,,,4.0,,,5,,,,,,,,,,,,0,0.0,0.0,0.0,0.0,0.0
2023,FOOTBALL_XFL_2023_4_16_SEA@STL,SEA,6,STL,5,outdoors,338,1681681917.0,64317,2023-04-16 21:51:57.000000,EventFootballRush,"1-10-STL 27 (0:40) 19 T. Hammonds rush to STL 22 for 5 yards (17 J. Alexander, 25 L. Denis)",,True,4,0,40,Half2,MaSourceTypeOfficialScoring,FOOTBALL_XFL_2023_4_16_SEA@STL,,QBStat,144,2302036-SEA-at-STL,40,40,40,0:40,6,,,0.0,SEA,STL,0.0,2,0,2.0,2.0,Home,27,21,27.0,0,27,12,21842,20385,,,StatusOfficial,,,,,1.0,10.0,,,,,,Visitor,40.0,38.0,1:37, ,20620,5.0,5.0,,,,,,,,,,,,,,,0,0.0,0.0,0.0,0.0,0.0
2023,FOOTBALL_XFL_2023_4_16_SEA@STL,SEA,6,STL,5,outdoors,340,1681681953.0,64353,2023-04-16 21:52:33.000000,EventFootballRush,2-5-STL 22 (0:05) 19 T. Hammonds rush to STL 18 for 4 yards (24 L. Hill),,True,4,0,5,Half2,MaSourceTypeOfficialScoring,FOOTBALL_XFL_2023_4_16_SEA@STL,,QBStat,145,2302036-SEA-at-STL,5,5,5,0:05,6,,,0.0,SEA,STL,0.0,2,0,2.0,2.0,Home,22,21,22.0,0,27,12,22870,,,,StatusOfficial,,,,,2.0,5.0,,,,,,Visitor,40.0,42.0,1:54, ,20620,4.0,6.0,,,,,,,,,,,,,,,0,0.0,0.0,0.0,0.0,0.0
2023,FOOTBALL_XFL_2023_4_16_SEA@STL,SEA,6,STL,5,outdoors,342,1681681996.0,64396,2023-04-16 21:53:16.000000,EventFootballTimeout,3-1-STL 18 (0:05) Timeout by Seattle Sea Dragons at 0:05,,True,4,0,5,Half2,MaSourceTypeOfficialScoring,FOOTBALL_XFL_2023_4_16_SEA@STL,,QBStat,146,2302036-SEA-at-STL,5,5,5,0:05,6,,,0.0,SEA,STL,0.0,2,0,2.0,2.0,Home,18,21,18.0,0,27,12,,,,,StatusOfficial,,,,,3.0,1.0,,,,,,Visitor,40.0,42.0,1:54, ,,,6.0,,,6,,,,,,,,,,,,0,0.0,0.0,0.0,0.0,0.0
2023,FOOTBALL_XFL_2023_4_16_SEA@STL,SEA,6,STL,5,outdoors,345,1681682021.0,64421,2023-04-16 21:53:41.000000,EventFootballFg,3-1-STL 18 (0:05) 11 D. Eberle 36 yard field goal is GOOD,,True,4,0,5,Half2,MaSourceTypeOfficialScoring,FOOTBALL_XFL_2023_4_16_SEA@STL,,QBStat,147,2302036-SEA-at-STL,5,5,5,0:05,6,,,0.0,SEA,STL,0.0,1,0,1.0,1.0,Home,18,21,18.0,0,27,12,,,22874,,StatusOfficial,ResultKickMade,,,,3.0,1.0,,,,,,Visitor,40.0,42.0,1:54,FG,,36.0,7.0,,,,,ScoreTypeFg,,,,,,,,,,0,0.0,0.0,1.0,1.0,0.0
2023,FOOTBALL_XFL_2023_4_16_SEA@STL,SEA,6,STL,5,outdoors,346,1681682052.0932484,,2023-04-16 21:54:12.093248,EventEnd,Game End Marker,,True,4,0,0,Half2,MaSourceTypeOfficialScoring,FOOTBALL_XFL_2023_4_16_SEA@STL,,QBStat,10020,2302036-SEA-at-STL,0,0,0,0:00,5,,,1.0,STL,SEA,0.0,1,0,0.0,0.0,Visitor,30,22,30.0,0,30,12,,,,,,,,,,,,,,,,,,,,,,,,,,,,,,,,,,,,,,,0,0.0,0.0,0.0,0.0,0.0
2023,FOOTBALL_XFL_2023_4_16_SEA@STL,SEA,6,STL,5,outdoors,347,1681682077.9689736,,2023-04-16 21:54:37.968974,EventOfficial,Game Official Marker,,True,4,0,0,Half2,MaSourceTypeOfficialScoring,FOOTBALL_XFL_2023_4_16_SEA@STL,,QBStat,10025,2302036-SEA-at-STL,0,0,0,0:00,5,,,1.0,STL,SEA,0.0,1,0,0.0,0.0,Visitor,30,22,30.0,0,30,12,,,,,,,,,,,,,,,,,,,,,,,,,,,,,,,,,,,,,,,0,0.0,0.0,0.0,0.0,0.0
