season,game_id,away_team_abv,away_team,home_team_abv,home_team,roof,MarkerId,MarkerUTC,MarkerLTC,play_date_time,play_type,desc,comments,IsOfficial,qtr,ClockMinutes,ClockSeconds,game_half,SourceType,EventId,SituationCode,SourceId,SourceNativeMarkerId,OfficialCode,quarter_seconds_remaining,half_seconds_remaining,game_seconds_remaining,time,posteam,LastPlaySummary,LastPlayStatus,home_team_has_pos,posteam_abv,defteam_abv,receive_2h_ko_team,VisTimeouts,HomeTimeouts,posteam_timeouts_remaining,defteam_timeouts_remaining,BallOn_Side,BallOn_YardNum,DriveNum,yardline_100,spread_line,MapRoleTackler1,MapRoleTackler2,MapRoleKicker,MapRoleKickreturner,VisScore,HomeScore,down,ydstogo,FootballStatus,FootballPlayResult,FootballKickRetYards,FootballSetBallOn_VisOrHome,FootballSetBallOn_YardNum,MapRolePasser,MapRoleReceiver,FootballYards,Drive_Start_VisOrHome,Drive_Start_YardNum,Drive_Plays,Drive_Yards,Drive_TOP,Result,MapRoleRusher,FootballMainScoringPlay,FootballConvAttPts,FootballPenalty_TeamId,FootballPenalty_PlayerId,FootballPenalty_Yards,FootballPenalty_PenaltyResult,FootballPenalty_Description,FootballTimeoutTeamId,MapRolePassDefender,MapRolePunter,MapRolePuntreturner,FootballPuntYards,FootballPuntRetYards,MapRoleQbHitter,MapRoleSacker1,FootballFumble_TeamFumbled,FootballFumble_PlayerFumbled,FootballFumble_TeamRecovered,FootballFumble_PlayerRecovered,FootballFumble_PlayerForcedFumble,FootballKickYards,punt_attempt,pass_touchdown,rush_touchdown,field_goal_attempt,field_goal_made,touchdown
2023,FOOTBALL_XFL_2023_4_1_DC@ORL,DC,8,ORL,4,outdoors,27,1680386696.0,65096,2023-04-01 18:04:56.000000,EventFootballKickoff,"1-10-ORL 35 (14:55) 0 J. Borregales kicks from ORL 35. 9 K. Sails to DC 26 for 12 yards (81 J. Thomas, 38 M. Murphy)",,True,1,14,55,Half1,MaSourceTypeOfficialScoring,FOOTBALL_XFL_2023_4_1_DC@ORL,,QBStat,1,2302028-DC-at-ORL,895,1795,3595,14:55,8,,,0.0,DC,ORL,0.0,3,3,3.0,3.0,Home,35,1,35.0,0,21546,21121,21741,21360,0,0,1.0,10.0,StatusOfficial,ResultKickReturned,12.0,Visitor,26.0,,,,,,,,,,,,,,,,,,,,,,,,,,,,,,,,0,0.0,0.0,0.0,0.0,0.0
2023,FOOTBALL_XFL_2023_4_1_DC@ORL,DC,8,ORL,4,outdoors,28,1680386740.0,65140,2023-04-01 18:05:40.000000,EventFootballPass,1-10-DC 26 (14:47) 10 J. Ta'amu pass to 12 J. Ezzard to DC 38 for 12 yards (20 B. Buchanan),,True,1,14,47,Half1,MaSourceTypeOfficialScoring,FOOTBALL_XFL_2023_4_1_DC@ORL,,QBStat,2,2302028-DC-at-ORL,887,1787,3587,14:47,8,,,0.0,DC,ORL,0.0,3,3,3.0,3.0,Visitor,26,1,74.0,0,20221,,,,0,0,1.0,10.0,StatusOfficial,ResultPassComplete,,,,22296,21933,12.0,Visitor,26.0,1.0,12.0,0:31, ,,,,,,,,,,,,,,,,,,,,,,,0,0.0,0.0,0.0,0.0,0.0
2023,FOOTBALL_XFL_2023_4_1_DC@ORL,DC,8,ORL,4,outdoors,29,1680386759.0,65159,2023-04-01 18:05:59.000000,EventFootballPass,1-10-DC 38 (14:28) 10 J. Ta'amu pass to 1 C. Blair to DC 47 for 9 yards (23 N. Hosein),,True,1,14,28,Half1,MaSourceTypeOfficialScoring,FOOTBALL_XFL_2023_4_1_DC@ORL,,QBStat,3,2302028-DC-at-ORL,868,1768,3568,14:28,8,,,0.0,DC,ORL,0.0,3,3,3.0,3.0,Visitor,38,1,62.0,0,20723,,,,0,0,1.0,10.0,StatusOfficial,ResultPassComplete,,,,22296,20133,9.0,Visitor,26.0,2.0,21.0,0:43, ,,,,,,,,,,,,,,,,,,,,,,,0,0.0,0.0,0.0,0.0,0.0
2023,FOOTBALL_XFL_2023_4_1_DC@ORL,DC,8,ORL,4,outdoors,30,1680386782.0,65182,2023-04-01 18:06:22.000000,EventFootballRush,2-1-DC 47 (14:05) 4 A. Smith rush to ORL 37 for 16 yards (23 N. Hosein),,True,1,14,5,Half1,MaSourceTypeOfficialScoring,FOOTBALL_XFL_2023_4_1_DC@ORL,,QBStat,4,2302028-DC-at-ORL,845,1745,3545,14:05,8,,,0.0,DC,ORL,0.0,3,3,3.0,3.0,Visitor,47,1,53.0,0,20723,,,,0,0,2.0,1.0,StatusOfficial,,,,,,,16.0,Visitor,26.0,3.0,37.0,1:32, ,21427,,,,,,,,,,,,,,,,,,,,,,0,0.0,0.0,0.0,0.0,0.0
2023,FOOTBALL_XFL_2023_4_1_DC@ORL,DC,8,ORL,4,outdoors,234,1680386821.0,65221,2023-04-01 18:07:01.000000,EventFootballRush,"1-10-ORL 37 (13:26) 4 A. Smith rush to ORL 32 for 5 yards (88 C. Patton, 44 T. Plummer)",,True,1,13,26,Half1,MaSourceTypeOfficialScoring,FOOTBALL_XFL_2023_4_1_DC@ORL,,QBStat,5,2302028-DC-at-ORL,806,1706,3506,13:26,8,,,0.0,DC,ORL,0.0,3,3,3.0,3.0,Home,37,1,37.0,0,22001,21244,,,0,0,1.0,10.0,StatusOfficial,,,,,,,5.0,Visitor,26.0,4.0,42.0,1:45, ,21427,,,,,,,,,,,,,,,,,,,,,,0,0.0,0.0,0.0,0.0,0.0
2023,FOOTBALL_XFL_2023_4_1_DC@ORL,DC,8,ORL,4,outdoors,32,1680386840.0,65240,2023-04-01 18:07:20.000000,EventFootballPass,"2-5-ORL 32 (13:08) 10 J. Ta'amu pass to 11 L. Jackson for 32 yards, TOUCHDOWN",,True,1,13,8,Half1,MaSourceTypeOfficialScoring,FOOTBALL_XFL_2023_4_1_DC@ORL,,QBStat,6,2302028-DC-at-ORL,788,1688,3488,13:08,8,,,0.0,DC,ORL,0.0,3,3,3.0,3.0,Home,32,1,32.0,0,,,,,0,0,2.0,5.0,StatusOfficial,ResultPassComplete,,,,22296,20766,32.0,Visitor,26.0,5.0,74.0,1:52,TD,,ScoreTypeTd,,,,,,,,,,,,,,,,,,,,,0,1.0,0.0,0.0,0.0,1.0
2023,FOOTBALL_XFL_2023_4_1_DC@ORL,DC,8,ORL,4,outdoors,33,1680386864.0,65264,2023-04-01 18:07:44.000000,EventFootballPat2PtPass,FROM ORL 5 (13:08) 10 J. Ta'amu 2-pt conversion pass to 1 C. Blair GOOD,,True,1,13,8,Half1,MaSourceTypeOfficialScoring,FOOTBALL_XFL_2023_4_1_DC@ORL,,QBStat,7,2302028-DC-at-ORL,788,1688,3488,13:08,8,,,0.0,DC,ORL,0.0,3,3,3.0,3.0,Home,5,1,5.0,0,,,,,6,0,,,StatusOfficial,ResultPassComplete,,,,22296,20133,0.0,,,,,,,,ScoreTypeConv,2.0,,,,,,,,,,,,,,,,,,,,0,0.0,0.0,0.0,0.0,0.0
2023,FOOTBALL_XFL_2023_4_1_DC@ORL,DC,8,ORL,4,outdoors,34,1680386960.0,65360,2023-04-01 18:09:20.000000,EventFootballKickoff,FROM DC 30 (13:08) 34 M. McCrane kicks the kickoff short of 20 yd line,,True,1,13,8,Half1,MaSourceTypeOfficialScoring,FOOTBALL_XFL_2023_4_1_DC@ORL,,QBStat,8,2302028-DC-at-ORL,788,1688,3488,13:08,4,,,1.0,ORL,DC,0.0,3,3,3.0,3.0,Visitor,30,2,30.0,0,,,21028,,8,0,,,StatusOfficial,ResultKickShortof20,,Visitor,45.0,,,,,,,,,,,,,,,,,,,,,,,,,,,,,,,,0,0.0,0.0,0.0,0.0,0.0
2023,FOOTBALL_XFL_2023_4_1_DC@ORL,DC,8,ORL,4,outdoors,35,1680387028.0,65428,2023-04-01 18:10:28.000000,EventFootballPenalty,"1-10-DC 45 (13:03) PENALTY on (DC) 17 D. Bellamy, 15 yards",,True,1,13,3,Half1,MaSourceTypeOfficialScoring,FOOTBALL_XFL_2023_4_1_DC@ORL,,QBStat,9,2302028-DC-at-ORL,783,1683,3483,13:03,4,,,1.0,ORL,DC,0.0,3,3,3.0,3.0,Visitor,45,2,45.0,0,,,,,8,0,1.0,10.0,StatusOfficial,,,,,,,,Visitor,45.0,,15.0,0:05, ,,,,8,22416,15.0,ResultPenaltyAuto1Stdown,NA,,,,,,,,,,,,,,,0,0.0,0.0,0.0,0.0,0.0
2023,FOOTBALL_XFL_2023_4_1_DC@ORL,DC,8,ORL,4,outdoors,36,1680387064.0,65464,2023-04-01 18:11:04.000000,EventFootballPass,1-10-DC 30 (12:45) 12 Q. Dormady pass to 14 C. Rambo to DC 15 for 15 yards (26 D. Neal),,True,1,12,45,Half1,MaSourceTypeOfficialScoring,FOOTBALL_XFL_2023_4_1_DC@ORL,,QBStat,10,2302028-DC-at-ORL,765,1665,3465,12:45,4,,,1.0,ORL,DC,0.0,3,3,3.0,3.0,Visitor,30,2,30.0,0,21133,,,,8,0,1.0,10.0,StatusOfficial,ResultPassComplete,,,,20407,22018,15.0,Visitor,45.0,1.0,30.0,0:37, ,,,,,,,,,,,,,,,,,,,,,,,0,0.0,0.0,0.0,0.0,0.0
2023,FOOTBALL_XFL_2023_4_1_DC@ORL,DC,8,ORL,4,outdoors,37,1680387083.0,65483,2023-04-01 18:11:23.000000,EventFootballPass,1-10-DC 15 (12:27) 12 Q. Dormady pass to 11 C. Latimer to DC 6 for 9 yards (38 N. Rouse),,True,1,12,27,Half1,MaSourceTypeOfficialScoring,FOOTBALL_XFL_2023_4_1_DC@ORL,,QBStat,11,2302028-DC-at-ORL,747,1647,3447,12:27,4,,,1.0,ORL,DC,0.0,3,3,3.0,3.0,Visitor,15,2,15.0,0,21350,,,,8,0,1.0,10.0,StatusOfficial,ResultPassComplete,,,,20407,20929,9.0,Visitor,45.0,2.0,39.0,0:51, ,,,,,,,,,,,,,,,,,,,,,,,0,0.0,0.0,0.0,0.0,0.0
2023,FOOTBALL_XFL_2023_4_1_DC@ORL,DC,8,ORL,4,outdoors,38,1680387105.0,65505,2023-04-01 18:11:45.000000,EventFootballRush,2-1-DC 6 (12:08) 26 D. Darrington rush to DC 4 for 2 yards (17 D. Bellamy),,True,1,12,8,Half1,MaSourceTypeOfficialScoring,FOOTBALL_XFL_2023_4_1_DC@ORL,,QBStat,12,2302028-DC-at-ORL,728,1628,3428,12:08,4,,,1.0,ORL,DC,0.0,3,3,3.0,3.0,Visitor,6,2,6.0,0,22416,,,,8,0,2.0,1.0,StatusOfficial,,,,,,,2.0,Visitor,45.0,3.0,41.0,1:15, ,20357,,,,,,,,,,,,,,,,,,,,,,0,0.0,0.0,0.0,0.0,0.0
2023,FOOTBALL_XFL_2023_4_1_DC@ORL,DC,8,ORL,4,outdoors,40,1680387141.0,65541,2023-04-01 18:12:21.000000,EventFootballPass,1-4-DC 4 (11:32) 12 Q. Dormady pass to 87 L. Carter to DC 1 for 3 yards (26 D. Neal),,True,1,11,32,Half1,MaSourceTypeOfficialScoring,FOOTBALL_XFL_2023_4_1_DC@ORL,,QBStat,13,2302028-DC-at-ORL,692,1592,3392,11:32,4,,,1.0,ORL,DC,0.0,3,3,3.0,3.0,Visitor,4,2,4.0,0,21133,,,,8,0,1.0,4.0,StatusOfficial,ResultPassComplete,,,,20407,20272,3.0,Visitor,45.0,4.0,44.0,1:37, ,,,,,,,,,,,,,,,,,,,,,,,0,0.0,0.0,0.0,0.0,0.0
2023,FOOTBALL_XFL_2023_4_1_DC@ORL,DC,8,ORL,4,outdoors,45,1680387193.0,65593,2023-04-01 18:13:13.000000,EventFootballRush,2-1-DC 1 (11:06) 26 D. Darrington rush to DC 1 for 0 yards (97 C. Reid),,True,1,11,6,Half1,MaSourceTypeOfficialScoring,FOOTBALL_XFL_2023_4_1_DC@ORL,,QBStat,14,2302028-DC-at-ORL,666,1566,3366,11:06,4,,,1.0,ORL,DC,0.0,3,3,3.0,3.0,Visitor,1,2,1.0,0,22356,,,,8,0,2.0,1.0,StatusOfficial,,,,,,,0.0,Visitor,45.0,5.0,44.0,2:17, ,20357,,,,,,,,,,,,,,,,,,,,,,0,0.0,0.0,0.0,0.0,0.0
2023,FOOTBALL_XFL_2023_4_1_DC@ORL,DC,8,ORL,4,outdoors,54,1680387324.0,65724,2023-04-01 18:15:24.000000,EventFootballRush,"3-1-DC 1 (10:47) 12 Q. Dormady rush for 1 yard, TOUCHDOWN",,True,1,10,47,Half1,MaSourceTypeOfficialScoring,FOOTBALL_XFL_2023_4_1_DC@ORL,,QBStat,15,2302028-DC-at-ORL,647,1547,3347,10:47,4,,,1.0,ORL,DC,0.0,3,3,3.0,3.0,Visitor,1,2,1.0,0,,,,,8,6,3.0,1.0,StatusOfficial,,,,,,,1.0,Visitor,45.0,6.0,45.0,2:21,TD,20407,ScoreTypeTd,,,,,,,,,,,,,,,,,,,,,0,0.0,1.0,0.0,0.0,1.0
2023,FOOTBALL_XFL_2023_4_1_DC@ORL,DC,8,ORL,4,outdoors,53,1680387336.0,65736,2023-04-01 18:15:36.000000,EventFootballPat1PtRush,FROM DC 2 (10:47) 5 Q. Flowers 1-pt conversion rush attempt NO GOOD,,True,1,10,47,Half1,MaSourceTypeOfficialScoring,FOOTBALL_XFL_2023_4_1_DC@ORL,,QBStat,16,2302028-DC-at-ORL,647,1547,3347,10:47,4,,,1.0,ORL,DC,0.0,3,3,3.0,3.0,Visitor,2,2,2.0,0,,,,,8,6,,,StatusOfficial,,,,,,,0.0,,,,,,,20490,,1.0,,,,,,,,,,,,,,,,,,,,0,0.0,0.0,0.0,0.0,0.0
2023,FOOTBALL_XFL_2023_4_1_DC@ORL,DC,8,ORL,4,outdoors,56,1680387460.0,65860,2023-04-01 18:17:40.000000,EventFootballKickoff,"FROM ORL 30 (10:47) 0 J. Borregales kicks from ORL 30. 9 K. Sails to DC 15 for 20 yards (0 J. Borregales) PENALTY on (DC) 26 D. Neal, 10 yards",,True,1,10,47,Half1,MaSourceTypeOfficialScoring,FOOTBALL_XFL_2023_4_1_DC@ORL,,QBStat,17,2302028-DC-at-ORL,647,1547,3347,10:47,8,,,0.0,DC,ORL,0.0,3,3,3.0,3.0,Home,30,3,30.0,0,21741,,21741,21360,8,6,,,StatusOfficial,ResultKickReturned,20.0,Visitor,15.0,,,,,,,,,,,,,8,21133,10.0,ResultPenaltyRepeatdown,NA,,,,,,,,,,,,,,,0,0.0,0.0,0.0,0.0,0.0
2023,FOOTBALL_XFL_2023_4_1_DC@ORL,DC,8,ORL,4,outdoors,58,1680387578.0,65978,2023-04-01 18:19:38.000000,EventFootballTimeout,1-10-DC 15 (10:40) Timeout by D.C. Defenders at 10:40,,True,1,10,40,Half1,MaSourceTypeOfficialScoring,FOOTBALL_XFL_2023_4_1_DC@ORL,,QBStat,18,2302028-DC-at-ORL,640,1540,3340,10:40,8,,,0.0,DC,ORL,0.0,3,3,3.0,3.0,Visitor,15,3,85.0,0,,,,,8,6,1.0,10.0,StatusOfficial,,,,,,,,Visitor,26.0,5.0,74.0,1:52,TD,,,,,,,,,8,,,,,,,,,,,,,,0,0.0,0.0,0.0,0.0,0.0
2023,FOOTBALL_XFL_2023_4_1_DC@ORL,DC,8,ORL,4,outdoors,61,1680387605.0,66005,2023-04-01 18:20:05.000000,EventFootballRush,1-10-DC 15 (10:38) 4 A. Smith rush to DC 18 for 3 yards (48 J. Blakely),,True,1,10,38,Half1,MaSourceTypeOfficialScoring,FOOTBALL_XFL_2023_4_1_DC@ORL,,QBStat,19,2302028-DC-at-ORL,638,1538,3338,10:38,8,,,0.0,DC,ORL,0.0,2,3,2.0,2.0,Visitor,15,3,85.0,0,20134,,,,8,6,1.0,10.0,StatusOfficial,,,,,,,3.0,Visitor,15.0,1.0,3.0,0:33, ,21427,,,,,,,,,,,,,,,,,,,,,,0,0.0,0.0,0.0,0.0,0.0
2023,FOOTBALL_XFL_2023_4_1_DC@ORL,DC,8,ORL,4,outdoors,63,1680387634.0,66034,2023-04-01 18:20:34.000000,EventFootballRush,"2-7-DC 18 (10:09) 4 A. Smith rush to DC 24 for 6 yards (9 G. Willis, 1 C. Holmes)",,True,1,10,9,Half1,MaSourceTypeOfficialScoring,FOOTBALL_XFL_2023_4_1_DC@ORL,,QBStat,20,2302028-DC-at-ORL,609,1509,3309,10:09,8,,,0.0,DC,ORL,0.0,2,3,2.0,2.0,Visitor,18,3,82.0,0,21696,20713,,,8,6,2.0,7.0,StatusOfficial,,,,,,,6.0,Visitor,15.0,2.0,9.0,0:57, ,21427,,,,,,,,,,,,,,,,,,,,,,0,0.0,0.0,0.0,0.0,0.0
2023,FOOTBALL_XFL_2023_4_1_DC@ORL,DC,8,ORL,4,outdoors,65,1680387663.0,66063,2023-04-01 18:21:03.000000,EventFootballPass,3-1-DC 24 (9:42) 10 J. Ta'amu pass incomplete to 1 C. Blair Pass Defended by 20 B. Buchanan,,True,1,9,42,Half1,MaSourceTypeOfficialScoring,FOOTBALL_XFL_2023_4_1_DC@ORL,,QBStat,21,2302028-DC-at-ORL,582,1482,3282,9:42,8,,,0.0,DC,ORL,0.0,2,3,2.0,2.0,Visitor,24,3,76.0,0,,,,,8,6,3.0,1.0,StatusOfficial,ResultPassIncomplete,,,,22296,20133,,Visitor,15.0,3.0,9.0,1:13, ,,,,,,,,,,20221,,,,,,,,,,,,,0,0.0,0.0,0.0,0.0,0.0
2023,FOOTBALL_XFL_2023_4_1_DC@ORL,DC,8,ORL,4,outdoors,67,1680387682.0,66082,2023-04-01 18:21:22.000000,EventFootballPunt,4-1-DC 24 (9:25) 19 D. Whelan punts 41 yards from DC 24 to ORL 35. 17 E. Rogers to ORL 42 for 7 yards (57 A. Hines),,True,1,9,25,Half1,MaSourceTypeOfficialScoring,FOOTBALL_XFL_2023_4_1_DC@ORL,,QBStat,22,2302028-DC-at-ORL,565,1465,3265,9:25,8,,,0.0,DC,ORL,0.0,2,3,2.0,2.0,Visitor,24,3,76.0,0,20699,,,,8,6,4.0,1.0,StatusOfficial,ResultKickReturned,,Home,42.0,,,,Visitor,15.0,3.0,9.0,1:22,PUNT,,,,,,,,,,,21835,22708,41.0,7.0,,,,,,,,,1,0.0,0.0,0.0,0.0,0.0
2023,FOOTBALL_XFL_2023_4_1_DC@ORL,DC,8,ORL,4,outdoors,69,1680387745.0,66145,2023-04-01 18:22:25.000000,EventFootballPass,1-10-ORL 42 (9:06) 12 Q. Dormady pass incomplete to 17 E. Rogers,,True,1,9,6,Half1,MaSourceTypeOfficialScoring,FOOTBALL_XFL_2023_4_1_DC@ORL,,QBStat,23,2302028-DC-at-ORL,546,1446,3246,9:06,4,,,1.0,ORL,DC,0.0,2,3,3.0,3.0,Home,42,4,58.0,0,,,,,8,6,1.0,10.0,StatusOfficial,ResultPassIncomplete,,,,20407,22708,,Home,42.0,1.0,,0:08, ,,,,,,,,,,,,,,,,,,,,,,,0,0.0,0.0,0.0,0.0,0.0
2023,FOOTBALL_XFL_2023_4_1_DC@ORL,DC,8,ORL,4,outdoors,71,1680387776.0,66176,2023-04-01 18:22:56.000000,EventFootballPass,"2-10-ORL 42 (8:37) 12 Q. Dormady pass to 14 C. Rambo to DC 41 for 17 yards (43 F. Bernard, 6 F. Brown)",,True,1,8,37,Half1,MaSourceTypeOfficialScoring,FOOTBALL_XFL_2023_4_1_DC@ORL,,QBStat,24,2302028-DC-at-ORL,517,1417,3217,8:37,4,,,1.0,ORL,DC,0.0,2,3,3.0,3.0,Home,42,4,58.0,0,22329,20201,,,8,6,2.0,10.0,StatusOfficial,ResultPassComplete,,,,20407,22018,17.0,Home,42.0,2.0,17.0,0:52, ,,,,,,,,,,,,,,,,,,,,,,,0,0.0,0.0,0.0,0.0,0.0
2023,FOOTBALL_XFL_2023_4_1_DC@ORL,DC,8,ORL,4,outdoors,76,1680387815.0,66215,2023-04-01 18:23:35.000000,EventFootballPass,"1-10-DC 41 (8:01) 12 Q. Dormady pass to 15 K. Cannon for 41 yards, TOUCHDOWN",,True,1,8,1,Half1,MaSourceTypeOfficialScoring,FOOTBALL_XFL_2023_4_1_DC@ORL,,QBStat,25,2302028-DC-at-ORL,481,1381,3181,8:01,4,,,1.0,ORL,DC,0.0,2,3,3.0,3.0,Visitor,41,4,41.0,0,,,,,8,6,1.0,10.0,StatusOfficial,ResultPassComplete,,,,20407,20257,41.0,Home,42.0,3.0,58.0,1:24,TD,,ScoreTypeTd,,,,,,,,,,,,,,,,,,,,,0,1.0,0.0,0.0,0.0,1.0
2023,FOOTBALL_XFL_2023_4_1_DC@ORL,DC,8,ORL,4,outdoors,77,1680387845.0,66245,2023-04-01 18:24:05.000000,EventFootballPat1PtPass,FROM DC 2 (8:01) 12 Q. Dormady 1-pt conversion pass to 14 C. Rambo NO GOOD,,True,1,8,1,Half1,MaSourceTypeOfficialScoring,FOOTBALL_XFL_2023_4_1_DC@ORL,,QBStat,26,2302028-DC-at-ORL,481,1381,3181,8:01,4,,,1.0,ORL,DC,0.0,2,3,3.0,3.0,Visitor,2,4,2.0,0,,,,,8,12,,,StatusOfficial,ResultPassIncomplete,,,,20407,22018,,,,,,,,,,1.0,,,,,,,,,,,,,,,,,,,,0,0.0,0.0,0.0,0.0,0.0
2023,FOOTBALL_XFL_2023_4_1_DC@ORL,DC,8,ORL,4,outdoors,79,1680387942.0,66342,2023-04-01 18:25:42.000000,EventFootballKickoff,FROM ORL 30 (8:01) 0 J. Borregales kicks from ORL 30. 16 B. Smith to DC 31 for 17 yards (41 J. Gemmel),,True,1,8,1,Half1,MaSourceTypeOfficialScoring,FOOTBALL_XFL_2023_4_1_DC@ORL,,QBStat,27,2302028-DC-at-ORL,481,1381,3181,8:01,8,,,0.0,DC,ORL,0.0,2,3,2.0,2.0,Home,30,5,30.0,0,20546,,21741,22889,8,12,,,StatusOfficial,ResultKickReturned,17.0,Visitor,31.0,,,,,,,,,,,,,,,,,,,,,,,,,,,,,,,,0,0.0,0.0,0.0,0.0,0.0
2023,FOOTBALL_XFL_2023_4_1_DC@ORL,DC,8,ORL,4,outdoors,82,1680387988.0,66388,2023-04-01 18:26:28.000000,EventFootballPass,"1-10-DC 31 (7:55) 10 J. Ta'amu pass to 0 J. Hammond to DC 33 for 2 yards (1 C. Holmes, 44 T. Plummer)",,True,1,7,55,Half1,MaSourceTypeOfficialScoring,FOOTBALL_XFL_2023_4_1_DC@ORL,,QBStat,28,2302028-DC-at-ORL,475,1375,3175,7:55,8,,,0.0,DC,ORL,0.0,2,3,2.0,2.0,Visitor,31,5,69.0,0,20713,21244,,,8,12,1.0,10.0,StatusOfficial,ResultPassComplete,,,,22296,20618,2.0,Visitor,31.0,1.0,2.0,0:32, ,,,,,,,,,,,,,,,,,,,,,,,0,0.0,0.0,0.0,0.0,0.0
2023,FOOTBALL_XFL_2023_4_1_DC@ORL,DC,8,ORL,4,outdoors,87,1680388016.0,66416,2023-04-01 18:26:56.000000,EventFootballRush,"2-8-DC 33 (7:27) 23 R. Armstead rush to DC 40 for 7 yards (23 N. Hosein, 88 C. Patton)",,True,1,7,27,Half1,MaSourceTypeOfficialScoring,FOOTBALL_XFL_2023_4_1_DC@ORL,,QBStat,29,2302028-DC-at-ORL,447,1347,3147,7:27,8,,,0.0,DC,ORL,0.0,2,3,2.0,2.0,Visitor,33,5,67.0,0,20723,22001,,,8,12,2.0,8.0,StatusOfficial,,,,,,,7.0,Visitor,31.0,2.0,9.0,0:49, ,20053,,,,,,,,,,,,,,,,,,,,,,0,0.0,0.0,0.0,0.0,0.0
2023,FOOTBALL_XFL_2023_4_1_DC@ORL,DC,8,ORL,4,outdoors,86,1680388040.0,66440,2023-04-01 18:27:20.000000,EventFootballRush,"3-1-DC 40 (7:03) 23 R. Armstead rush to DC 44 for 4 yards (20 B. Buchanan, 44 T. Plummer)",,True,1,7,3,Half1,MaSourceTypeOfficialScoring,FOOTBALL_XFL_2023_4_1_DC@ORL,,QBStat,30,2302028-DC-at-ORL,423,1323,3123,7:03,8,,,0.0,DC,ORL,0.0,2,3,2.0,2.0,Visitor,40,5,60.0,0,20221,21244,,,8,12,3.0,1.0,StatusOfficial,,,,,,,4.0,Visitor,31.0,3.0,13.0,1:10, ,20053,,,,,,,,,,,,,,,,,,,,,,0,0.0,0.0,0.0,0.0,0.0
2023,FOOTBALL_XFL_2023_4_1_DC@ORL,DC,8,ORL,4,outdoors,89,1680388061.0,66461,2023-04-01 18:27:41.000000,EventFootballPass,1-10-DC 44 (6:42) 10 J. Ta'amu pass to 88 B. Moore-Mckinney to Midfield for 6 yards (22 M. Elam),,True,1,6,42,Half1,MaSourceTypeOfficialScoring,FOOTBALL_XFL_2023_4_1_DC@ORL,,QBStat,31,2302028-DC-at-ORL,402,1302,3102,6:42,8,,,0.0,DC,ORL,0.0,2,3,2.0,2.0,Visitor,44,5,56.0,0,20444,,,,8,12,1.0,10.0,StatusOfficial,ResultPassComplete,,,,22296,21983,6.0,Visitor,31.0,4.0,19.0,1:31, ,,,,,,,,,,,,,,,,,,,,,,,0,0.0,0.0,0.0,0.0,0.0
2023,FOOTBALL_XFL_2023_4_1_DC@ORL,DC,8,ORL,4,outdoors,91,1680388080.0,66480,2023-04-01 18:28:00.000000,EventFootballPass,2-4-Midfield (6:22) 10 J. Ta'amu pass to 88 B. Moore-Mckinney to ORL 45 for 5 yards (23 N. Hosein),,True,1,6,22,Half1,MaSourceTypeOfficialScoring,FOOTBALL_XFL_2023_4_1_DC@ORL,,QBStat,32,2302028-DC-at-ORL,382,1282,3082,6:22,8,,,0.0,DC,ORL,0.0,2,3,2.0,2.0,Visitor,50,5,50.0,0,20723,,,,8,12,2.0,4.0,StatusOfficial,ResultPassComplete,,,,22296,21983,5.0,Visitor,31.0,5.0,24.0,1:50, ,,,,,,,,,,,,,,,,,,,,,,,0,0.0,0.0,0.0,0.0,0.0
2023,FOOTBALL_XFL_2023_4_1_DC@ORL,DC,8,ORL,4,outdoors,93,1680388107.0,66507,2023-04-01 18:28:27.000000,EventFootballRush,1-10-ORL 45 (5:56) 4 A. Smith rush to ORL 22 for 23 yards (22 M. Elam),,True,1,5,56,Half1,MaSourceTypeOfficialScoring,FOOTBALL_XFL_2023_4_1_DC@ORL,,QBStat,33,2302028-DC-at-ORL,356,1256,3056,5:56,8,,,0.0,DC,ORL,0.0,2,3,2.0,2.0,Home,45,5,45.0,0,20444,,,,8,12,1.0,10.0,StatusOfficial,,,,,,,23.0,Visitor,31.0,6.0,47.0,2:12, ,21427,,,,,,,,,,,,,,,,,,,,,,0,0.0,0.0,0.0,0.0,0.0
2023,FOOTBALL_XFL_2023_4_1_DC@ORL,DC,8,ORL,4,outdoors,95,1680388162.0,66562,2023-04-01 18:29:22.000000,EventFootballRush,1-10-ORL 22 (5:36) 23 R. Armstead rush to ORL 17 for 5 yards (8 T. Smith),,True,1,5,36,Half1,MaSourceTypeOfficialScoring,FOOTBALL_XFL_2023_4_1_DC@ORL,,QBStat,34,2302028-DC-at-ORL,336,1236,3036,5:36,8,,,0.0,DC,ORL,0.0,2,3,2.0,2.0,Home,22,5,22.0,0,21448,,,,8,12,1.0,10.0,StatusOfficial,,,,,,,5.0,Visitor,31.0,7.0,52.0,2:40, ,20053,,,,,,,,,,,,,,,,,,,,,,0,0.0,0.0,0.0,0.0,0.0
2023,FOOTBALL_XFL_2023_4_1_DC@ORL,DC,8,ORL,4,outdoors,97,1680388199.0,66599,2023-04-01 18:29:59.000000,EventFootballPass,2-5-ORL 17 (4:59) 10 J. Ta'amu pass to 88 B. Moore-Mckinney to ORL 17 for 0 yards QB Hit by 48 J. Blakely (22 M. Elam),,True,1,4,59,Half1,MaSourceTypeOfficialScoring,FOOTBALL_XFL_2023_4_1_DC@ORL,,QBStat,35,2302028-DC-at-ORL,299,1199,2999,4:59,8,,,0.0,DC,ORL,0.0,2,3,2.0,2.0,Home,17,5,17.0,0,20444,,,,8,12,2.0,5.0,StatusOfficial,ResultPassComplete,,,,22296,21983,0.0,Visitor,31.0,8.0,52.0,3:15, ,,,,,,,,,,,,,,,20134,,,,,,,,0,0.0,0.0,0.0,0.0,0.0
2023,FOOTBALL_XFL_2023_4_1_DC@ORL,DC,8,ORL,4,outdoors,99,1680388230.0,66630,2023-04-01 18:30:30.000000,EventFootballPass,3-5-ORL 17 (4:28) 10 J. Ta'amu pass to 0 J. Hammond to ORL 10 for 7 yards (8 T. Smith),,True,1,4,28,Half1,MaSourceTypeOfficialScoring,FOOTBALL_XFL_2023_4_1_DC@ORL,,QBStat,36,2302028-DC-at-ORL,268,1168,2968,4:28,8,,,0.0,DC,ORL,0.0,2,3,2.0,2.0,Home,17,5,17.0,0,21448,,,,8,12,3.0,5.0,StatusOfficial,ResultPassComplete,,,,22296,20618,7.0,Visitor,31.0,9.0,59.0,3:48, ,,,,,,,,,,,,,,,,,,,,,,,0,0.0,0.0,0.0,0.0,0.0
2023,FOOTBALL_XFL_2023_4_1_DC@ORL,DC,8,ORL,4,outdoors,101,1680388266.0,66666,2023-04-01 18:31:06.000000,EventFootballRush,"1-10-ORL 10 (3:55) 4 A. Smith rush to ORL 1 for 9 yards (20 B. Buchanan, 8 T. Smith)",,True,1,3,55,Half1,MaSourceTypeOfficialScoring,FOOTBALL_XFL_2023_4_1_DC@ORL,,QBStat,37,2302028-DC-at-ORL,235,1135,2935,3:55,8,,,0.0,DC,ORL,0.0,2,3,2.0,2.0,Home,10,5,10.0,0,20221,21448,,,8,12,1.0,10.0,StatusOfficial,,,,,,,9.0,Visitor,31.0,10.0,68.0,4:21, ,21427,,,,,,,,,,,,,,,,,,,,,,0,0.0,0.0,0.0,0.0,0.0
2023,FOOTBALL_XFL_2023_4_1_DC@ORL,DC,8,ORL,4,outdoors,116,1680388639.0,67039,2023-04-01 18:37:19.000000,EventFootballRush,"2-1-ORL 1 (3:14) 4 A. Smith rush for 1 yard, TOUCHDOWN",,True,1,3,14,Half1,MaSourceTypeOfficialScoring,FOOTBALL_XFL_2023_4_1_DC@ORL,,QBStat,38,2302028-DC-at-ORL,194,1094,2894,3:14,8,,,0.0,DC,ORL,0.0,2,3,2.0,2.0,Home,1,5,1.0,0,,,,,8,12,2.0,1.0,StatusOfficial,,,,,,,1.0,Visitor,31.0,11.0,69.0,4:47,TD,21427,ScoreTypeTd,,,,,,,,,,,,,,,,,,,,,0,0.0,1.0,0.0,0.0,1.0
2023,FOOTBALL_XFL_2023_4_1_DC@ORL,DC,8,ORL,4,outdoors,117,1680388654.0,67054,2023-04-01 18:37:34.000000,EventFootballPat2PtPass,FROM ORL 5 (3:14) 10 J. Ta'amu 2-pt conversion pass to 0 J. Hammond NO GOOD,,True,1,3,14,Half1,MaSourceTypeOfficialScoring,FOOTBALL_XFL_2023_4_1_DC@ORL,,QBStat,39,2302028-DC-at-ORL,194,1094,2894,3:14,8,,,0.0,DC,ORL,0.0,2,3,2.0,2.0,Home,5,5,5.0,0,,,,,14,12,,,StatusOfficial,ResultPassIncomplete,,,,22296,20618,,,,,,,,,,2.0,,,,,,,,,,,,,,,,,,,,0,0.0,0.0,0.0,0.0,0.0
2023,FOOTBALL_XFL_2023_4_1_DC@ORL,DC,8,ORL,4,outdoors,516,1680388663.0,67063,2023-04-01 18:37:43.000000,EventFootballKickoff,FROM DC 30 (3:14) 34 M. McCrane kicks from DC 30. 81 J. Thomas to ORL 26 for 17 yards (31 C. Lewis),,True,1,3,14,Half1,MaSourceTypeOfficialScoring,FOOTBALL_XFL_2023_4_1_DC@ORL,,QBStat,40,2302028-DC-at-ORL,194,1094,2894,3:14,4,,,1.0,ORL,DC,0.0,2,3,3.0,3.0,Visitor,30,6,30.0,0,20951,,21028,21546,14,12,,,StatusOfficial,ResultKickReturned,17.0,Home,26.0,,,,,,,,,,,,,,,,,,,,,,,,,,,,,,,,0,0.0,0.0,0.0,0.0,0.0
2023,FOOTBALL_XFL_2023_4_1_DC@ORL,DC,8,ORL,4,outdoors,115,1680388696.0,67096,2023-04-01 18:38:16.000000,EventFootballRush,1-10-ORL 26 (2:43) 30 J. Martin rush to ORL 24 for -2 yards (99 J. Wallace),,True,1,2,43,Half1,MaSourceTypeOfficialScoring,FOOTBALL_XFL_2023_4_1_DC@ORL,,QBStat,41,2302028-DC-at-ORL,163,1063,2863,2:43,4,,,1.0,ORL,DC,0.0,2,3,3.0,3.0,Home,26,6,74.0,0,21623,,,,14,12,1.0,10.0,StatusOfficial,,,,,,,-2.0,Home,26.0,1.0,-2.0,0:32, ,20997,,,,,,,,,,,,,,,,,,,,,,0,0.0,0.0,0.0,0.0,0.0
2023,FOOTBALL_XFL_2023_4_1_DC@ORL,DC,8,ORL,4,outdoors,119,1680388742.0,67142,2023-04-01 18:39:02.000000,EventFootballPass,2-12-ORL 24 (2:33) 12 Q. Dormady pass to 17 E. Rogers to ORL 30 for 6 yards (5 R. Northrup),,True,1,2,33,Half1,MaSourceTypeOfficialScoring,FOOTBALL_XFL_2023_4_1_DC@ORL,,QBStat,42,2302028-DC-at-ORL,153,1053,2853,2:33,4,,,1.0,ORL,DC,0.0,2,3,3.0,3.0,Home,24,6,76.0,0,21148,,,,14,12,2.0,12.0,StatusOfficial,ResultPassComplete,,,,20407,22708,6.0,Home,26.0,2.0,4.0,0:51, ,,,,,,,,,,,,,,,,,,,,,,,0,0.0,0.0,0.0,0.0,0.0
2023,FOOTBALL_XFL_2023_4_1_DC@ORL,DC,8,ORL,4,outdoors,121,1680388780.0,67180,2023-04-01 18:39:40.000000,EventFootballPass,3-6-ORL 30 (1:55) 12 Q. Dormady pass incomplete to 17 E. Rogers Pass Defended by 15 M. Joseph,,True,1,1,55,Half1,MaSourceTypeOfficialScoring,FOOTBALL_XFL_2023_4_1_DC@ORL,,QBStat,43,2302028-DC-at-ORL,115,1015,2815,1:55,4,,,1.0,ORL,DC,0.0,2,3,3.0,3.0,Home,30,6,70.0,0,,,,,14,12,3.0,6.0,StatusOfficial,ResultPassIncomplete,,,,20407,22708,,Home,26.0,3.0,4.0,1:35, ,,,,,,,,,,22862,,,,,,,,,,,,,0,0.0,0.0,0.0,0.0,0.0
2023,FOOTBALL_XFL_2023_4_1_DC@ORL,DC,8,ORL,4,outdoors,123,1680388804.0,67204,2023-04-01 18:40:04.000000,EventFootballPunt,4-6-ORL 30 (1:34) 19 M. Brown punts 38 yards from ORL 30 to DC 32. 0 J. Hammond to ORL 48 for 20 yards (31 L. Henry),,True,1,1,34,Half1,MaSourceTypeOfficialScoring,FOOTBALL_XFL_2023_4_1_DC@ORL,,QBStat,44,2302028-DC-at-ORL,94,994,2794,1:34,4,,,1.0,ORL,DC,0.0,2,3,3.0,3.0,Home,30,6,70.0,0,21941,,,,14,12,4.0,6.0,StatusOfficial,ResultKickReturned,,Home,48.0,,,,Home,26.0,3.0,4.0,1:40,PUNT,,,,,,,,,,,20208,20618,38.0,20.0,,,,,,,,,1,0.0,0.0,0.0,0.0,0.0
2023,FOOTBALL_XFL_2023_4_1_DC@ORL,DC,8,ORL,4,outdoors,125,1680388868.0,67268,2023-04-01 18:41:08.000000,EventFootballRush,1-10-ORL 48 (1:15) 3 D. King rush to ORL 49 for -1 yards (56 S. Maponga),,True,1,1,15,Half1,MaSourceTypeOfficialScoring,FOOTBALL_XFL_2023_4_1_DC@ORL,,QBStat,45,2302028-DC-at-ORL,75,975,2775,1:15,8,,,0.0,DC,ORL,0.0,2,3,2.0,2.0,Home,48,7,48.0,0,20992,,,,14,12,1.0,10.0,StatusOfficial,,,,,,,-1.0,Home,48.0,1.0,-1.0,0:14, ,21981,,,,,,,,,,,,,,,,,,,,,,0,0.0,0.0,0.0,0.0,0.0
2023,FOOTBALL_XFL_2023_4_1_DC@ORL,DC,8,ORL,4,outdoors,127,1680388888.0,67288,2023-04-01 18:41:28.000000,EventFootballPass,2-11-ORL 49 (0:54) 10 J. Ta'amu pass to 11 L. Jackson to ORL 40 for 9 yards (23 N. Hosein),,True,1,0,54,Half1,MaSourceTypeOfficialScoring,FOOTBALL_XFL_2023_4_1_DC@ORL,,QBStat,46,2302028-DC-at-ORL,54,954,2754,0:54,8,,,0.0,DC,ORL,0.0,2,3,2.0,2.0,Home,49,7,49.0,0,20723,,,,14,12,2.0,11.0,StatusOfficial,ResultPassComplete,,,,22296,20766,9.0,Home,48.0,2.0,8.0,0:44, ,,,,,,,,,,,,,,,,,,,,,,,0,0.0,0.0,0.0,0.0,0.0
2023,FOOTBALL_XFL_2023_4_1_DC@ORL,DC,8,ORL,4,outdoors,129,1680388916.0,67316,2023-04-01 18:41:56.000000,EventFootballRush,3-2-ORL 40 (0:26) 23 R. Armstead rush to ORL 36 for 4 yards (36 J. Jones),,True,1,0,26,Half1,MaSourceTypeOfficialScoring,FOOTBALL_XFL_2023_4_1_DC@ORL,,QBStat,47,2302028-DC-at-ORL,26,926,2726,0:26,8,,,0.0,DC,ORL,0.0,2,3,2.0,2.0,Home,40,7,40.0,0,20841,,,,14,12,3.0,2.0,StatusOfficial,,,,,,,4.0,Home,48.0,3.0,12.0,1:13, ,20053,,,,,,,,,,,,,,,,,,,,,,0,0.0,0.0,0.0,0.0,0.0
2023,FOOTBALL_XFL_2023_4_1_DC@ORL,DC,8,ORL,4,outdoors,131,1680388941.0,67341,2023-04-01 18:42:21.000000,EventFootballPass,1-10-ORL 36 (0:02) 10 J. Ta'amu pass to 11 L. Jackson to ORL 32 for 4 yards (38 M. Murphy),,True,1,0,2,Half1,MaSourceTypeOfficialScoring,FOOTBALL_XFL_2023_4_1_DC@ORL,,QBStat,48,2302028-DC-at-ORL,2,902,2702,0:02,8,,,0.0,DC,ORL,0.0,2,3,2.0,2.0,Home,36,7,36.0,0,21121,,,,14,12,1.0,10.0,StatusOfficial,ResultPassComplete,,,,22296,20766,4.0,Home,48.0,4.0,16.0,1:20, ,,,,,,,,,,,,,,,,,,,,,,,0,0.0,0.0,0.0,0.0,0.0
2023,FOOTBALL_XFL_2023_4_1_DC@ORL,DC,8,ORL,4,outdoors,133,1680389158.0,67558,2023-04-01 18:45:58.000000,EventFootballRush,2-6-ORL 32 (14:57) 4 A. Smith rush to ORL 35 for -3 yards (36 J. Jones),,True,2,14,57,Half1,MaSourceTypeOfficialScoring,FOOTBALL_XFL_2023_4_1_DC@ORL,,QBStat,49,2302028-DC-at-ORL,897,897,2697,14:57,8,,,0.0,DC,ORL,0.0,2,3,2.0,2.0,Home,32,7,32.0,0,20841,,,,14,12,2.0,6.0,StatusOfficial,,,,,,,-3.0,Home,48.0,5.0,13.0,1:38, ,21427,,,,,,,,,,,,,,,,,,,,,,0,0.0,0.0,0.0,0.0,0.0
2023,FOOTBALL_XFL_2023_4_1_DC@ORL,DC,8,ORL,4,outdoors,135,1680389188.0,67588,2023-04-01 18:46:28.000000,EventFootballRush,3-9-ORL 35 (14:26) 3 D. King rush to ORL 13 for 22 yards (21 S. Wiggins),,True,2,14,26,Half1,MaSourceTypeOfficialScoring,FOOTBALL_XFL_2023_4_1_DC@ORL,,QBStat,50,2302028-DC-at-ORL,866,866,2666,14:26,8,,,0.0,DC,ORL,0.0,2,3,2.0,2.0,Home,35,7,35.0,0,21664,,,,14,12,3.0,9.0,StatusOfficial,,,,,,,22.0,Home,48.0,6.0,35.0,2:16, ,21981,,,,,,,,,,,,,,,,,,,,,,0,0.0,0.0,0.0,0.0,0.0
2023,FOOTBALL_XFL_2023_4_1_DC@ORL,DC,8,ORL,4,outdoors,137,1680389235.0,67635,2023-04-01 18:47:15.000000,EventFootballTimeout,1-10-ORL 13 (14:04) Timeout by Orlando Guardians at 14:04,,True,2,14,4,Half1,MaSourceTypeOfficialScoring,FOOTBALL_XFL_2023_4_1_DC@ORL,,QBStat,51,2302028-DC-at-ORL,844,844,2644,14:04,8,,,0.0,DC,ORL,0.0,2,3,2.0,2.0,Home,13,7,13.0,0,,,,,14,12,1.0,10.0,StatusOfficial,,,,,,,,Home,48.0,6.0,35.0,2:16, ,,,,,,,,,4,,,,,,,,,,,,,,0,0.0,0.0,0.0,0.0,0.0
2023,FOOTBALL_XFL_2023_4_1_DC@ORL,DC,8,ORL,4,outdoors,139,1680389284.0,67684,2023-04-01 18:48:04.000000,EventFootballRush,"1-10-ORL 13 (14:00) 3 D. King rush to ORL 14 for -1 yards (56 S. Maponga, 44 T. Plummer)",,True,2,14,0,Half1,MaSourceTypeOfficialScoring,FOOTBALL_XFL_2023_4_1_DC@ORL,,QBStat,52,2302028-DC-at-ORL,840,840,2640,14:00,8,,,0.0,DC,ORL,0.0,2,2,2.0,2.0,Home,13,7,13.0,0,20992,21244,,,14,12,1.0,10.0,StatusOfficial,,,,,,,-1.0,Home,48.0,7.0,34.0,2:33, ,21981,,,,,,,,,,,,,,,,,,,,,,0,0.0,0.0,0.0,0.0,0.0
2023,FOOTBALL_XFL_2023_4_1_DC@ORL,DC,8,ORL,4,outdoors,232,1680389304.0,67704,2023-04-01 18:48:24.000000,EventFootballRush,"2-11-ORL 14 (13:41) 23 R. Armstead rush to ORL 12 for 2 yards (88 C. Patton, 9 G. Willis)",,True,2,13,41,Half1,MaSourceTypeOfficialScoring,FOOTBALL_XFL_2023_4_1_DC@ORL,,QBStat,53,2302028-DC-at-ORL,821,821,2621,13:41,8,,,0.0,DC,ORL,0.0,2,2,2.0,2.0,Home,14,7,14.0,0,22001,21696,,,14,12,2.0,11.0,StatusOfficial,,,,,,,2.0,Home,48.0,8.0,36.0,2:53, ,20053,,,,,,,,,,,,,,,,,,,,,,0,0.0,0.0,0.0,0.0,0.0
2023,FOOTBALL_XFL_2023_4_1_DC@ORL,DC,8,ORL,4,outdoors,149,1680389347.0,67747,2023-04-01 18:49:07.000000,EventFootballPass,"3-9-ORL 12 (13:00) 3 D. King pass to 88 B. Moore-Mckinney for 12 yards QB Hit by 31 L. Henry, TOUCHDOWN",,True,2,13,0,Half1,MaSourceTypeOfficialScoring,FOOTBALL_XFL_2023_4_1_DC@ORL,,QBStat,54,2302028-DC-at-ORL,780,780,2580,13:00,8,,,0.0,DC,ORL,0.0,2,2,2.0,2.0,Home,12,7,12.0,0,,,,,14,12,3.0,9.0,StatusOfficial,ResultPassComplete,,,,21981,21983,12.0,Home,48.0,9.0,48.0,3:34,TD,,ScoreTypeTd,,,,,,,,,,,,,21941,,,,,,,,0,1.0,0.0,0.0,0.0,1.0
2023,FOOTBALL_XFL_2023_4_1_DC@ORL,DC,8,ORL,4,outdoors,145,1680389443.0,67843,2023-04-01 18:50:43.000000,EventFootballTimeout,FROM ORL 2 (13:00) Timeout by Orlando Guardians at 13:00,,True,2,13,0,Half1,MaSourceTypeOfficialScoring,FOOTBALL_XFL_2023_4_1_DC@ORL,,QBStat,55,2302028-DC-at-ORL,780,780,2580,13:00,8,,,0.0,DC,ORL,0.0,2,2,2.0,2.0,Home,2,7,2.0,0,,,,,20,12,,,StatusOfficial,,,,,,,,Home,48.0,9.0,46.0,3:20,TD,,,,,,,,,4,,,,,,,,,,,,,,0,0.0,0.0,0.0,0.0,0.0
2023,FOOTBALL_XFL_2023_4_1_DC@ORL,DC,8,ORL,4,outdoors,148,1680389462.0,67862,2023-04-01 18:51:02.000000,EventFootballPat2PtPass,FROM ORL 5 (13:00) 10 J. Ta'amu 2-pt conversion pass to 18 A. Ellis GOOD,,True,2,13,0,Half1,MaSourceTypeOfficialScoring,FOOTBALL_XFL_2023_4_1_DC@ORL,,QBStat,56,2302028-DC-at-ORL,780,780,2580,13:00,8,,,0.0,DC,ORL,0.0,2,1,2.0,2.0,Home,5,7,5.0,0,,,,,20,12,,,StatusOfficial,ResultPassComplete,,,,22296,20448,0.0,,,,,,,,ScoreTypeConv,2.0,,,,,,,,,,,,,,,,,,,,0,0.0,0.0,0.0,0.0,0.0
2023,FOOTBALL_XFL_2023_4_1_DC@ORL,DC,8,ORL,4,outdoors,151,1680389704.0,68104,2023-04-01 18:55:04.000000,EventFootballKickoff,FROM DC 30 (13:00) 34 M. McCrane kicks from DC 30. 10 D. Thomas to ORL 21 for 18 yards (26 D. Neal),,True,2,13,0,Half1,MaSourceTypeOfficialScoring,FOOTBALL_XFL_2023_4_1_DC@ORL,,QBStat,57,2302028-DC-at-ORL,780,780,2580,13:00,4,,,1.0,ORL,DC,0.0,2,1,1.0,1.0,Visitor,30,8,30.0,0,21133,,21028,21891,22,12,,,StatusOfficial,ResultKickReturned,18.0,Home,21.0,,,,,,,,,,,,,,,,,,,,,,,,,,,,,,,,0,0.0,0.0,0.0,0.0,0.0
2023,FOOTBALL_XFL_2023_4_1_DC@ORL,DC,8,ORL,4,outdoors,153,1680389768.0,68168,2023-04-01 18:56:08.000000,EventFootballPenalty,"1-10-ORL 21 (12:55) PENALTY on (ORL) 81 J. Thomas, 5 yards",,True,2,12,55,Half1,MaSourceTypeOfficialScoring,FOOTBALL_XFL_2023_4_1_DC@ORL,,QBStat,58,2302028-DC-at-ORL,775,775,2575,12:55,4,,,1.0,ORL,DC,0.0,2,1,1.0,1.0,Home,21,8,79.0,0,,,,,22,12,1.0,10.0,StatusOfficial,,,,,,,,Home,21.0,,-5.0,0:04, ,,,,4,21546,5.0,ResultPenaltyRepeatdown,NA,,,,,,,,,,,,,,,0,0.0,0.0,0.0,0.0,0.0
2023,FOOTBALL_XFL_2023_4_1_DC@ORL,DC,8,ORL,4,outdoors,155,1680389795.0,68195,2023-04-01 18:56:35.000000,EventFootballRush,"1-15-ORL 16 (12:54) 30 J. Martin rush to ORL 17 for 1 yard (5 R. Northrup, 6 F. Brown)",,True,2,12,54,Half1,MaSourceTypeOfficialScoring,FOOTBALL_XFL_2023_4_1_DC@ORL,,QBStat,59,2302028-DC-at-ORL,774,774,2574,12:54,4,,,1.0,ORL,DC,0.0,2,1,1.0,1.0,Home,16,8,84.0,0,21148,20201,,,22,12,1.0,15.0,StatusOfficial,,,,,,,1.0,Home,21.0,1.0,-4.0,0:22, ,20997,,,,,,,,,,,,,,,,,,,,,,0,0.0,0.0,0.0,0.0,0.0
2023,FOOTBALL_XFL_2023_4_1_DC@ORL,DC,8,ORL,4,outdoors,233,1680389828.0,68228,2023-04-01 18:57:08.000000,EventFootballPass,"2-14-ORL 17 (12:21) 12 Q. Dormady pass to 10 D. Thomas to ORL 23 for 6 yards (5 R. Northrup, 97 C. Reid)",,True,2,12,21,Half1,MaSourceTypeOfficialScoring,FOOTBALL_XFL_2023_4_1_DC@ORL,,QBStat,60,2302028-DC-at-ORL,741,741,2541,12:21,4,,,1.0,ORL,DC,0.0,2,1,1.0,1.0,Home,17,8,83.0,0,21148,22356,,,22,12,2.0,14.0,StatusOfficial,ResultPassComplete,,,,20407,21891,6.0,Home,21.0,2.0,2.0,1:08, ,,,,,,,,,,,,,,,,,,,,,,,0,0.0,0.0,0.0,0.0,0.0
2023,FOOTBALL_XFL_2023_4_1_DC@ORL,DC,8,ORL,4,outdoors,160,1680389866.0,68266,2023-04-01 18:57:46.000000,EventFootballPass,3-8-ORL 23 (11:43) 12 Q. Dormady pass to 11 C. Latimer to ORL 32 for 9 yards (15 M. Joseph),,True,2,11,43,Half1,MaSourceTypeOfficialScoring,FOOTBALL_XFL_2023_4_1_DC@ORL,,QBStat,61,2302028-DC-at-ORL,703,703,2503,11:43,4,,,1.0,ORL,DC,0.0,2,1,1.0,1.0,Home,23,8,77.0,0,22862,,,,22,12,3.0,8.0,StatusOfficial,ResultPassComplete,,,,20407,20929,9.0,Home,21.0,3.0,11.0,1:40, ,,,,,,,,,,,,,,,,,,,,,,,0,0.0,0.0,0.0,0.0,0.0
2023,FOOTBALL_XFL_2023_4_1_DC@ORL,DC,8,ORL,4,outdoors,163,1680389893.0,68293,2023-04-01 18:58:13.000000,EventFootballPass,1-10-ORL 32 (11:16) 12 Q. Dormady pass to 11 C. Latimer to ORL 37 for 5 yards (57 A. Hines),,True,2,11,16,Half1,MaSourceTypeOfficialScoring,FOOTBALL_XFL_2023_4_1_DC@ORL,,QBStat,62,2302028-DC-at-ORL,676,676,2476,11:16,4,,,1.0,ORL,DC,0.0,2,1,1.0,1.0,Home,32,8,68.0,0,20699,,,,22,12,1.0,10.0,StatusOfficial,ResultPassComplete,,,,20407,20929,5.0,Home,21.0,4.0,16.0,2:09, ,,,,,,,,,,,,,,,,,,,,,,,0,0.0,0.0,0.0,0.0,0.0
2023,FOOTBALL_XFL_2023_4_1_DC@ORL,DC,8,ORL,4,outdoors,165,1680389927.0,68327,2023-04-01 18:58:47.000000,EventFootballRush,2-5-ORL 37 (10:42) 12 Q. Dormady rush to ORL 41 for 4 yards,,True,2,10,42,Half1,MaSourceTypeOfficialScoring,FOOTBALL_XFL_2023_4_1_DC@ORL,,QBStat,63,2302028-DC-at-ORL,642,642,2442,10:42,4,,,1.0,ORL,DC,0.0,2,1,1.0,1.0,Home,37,8,63.0,0,,,,,22,12,2.0,5.0,StatusOfficial,,,,,,,4.0,Home,21.0,5.0,20.0,2:32, ,20407,,,,,,,,,,,,,,,,,,,,,,0,0.0,0.0,0.0,0.0,0.0
2023,FOOTBALL_XFL_2023_4_1_DC@ORL,DC,8,ORL,4,outdoors,167,1680389954.0,68354,2023-04-01 18:59:14.000000,EventFootballRush,"3-1-ORL 41 (10:15) 30 J. Martin rush to ORL 45 for 4 yards (20 J. Brooks, 43 F. Bernard)",,True,2,10,15,Half1,MaSourceTypeOfficialScoring,FOOTBALL_XFL_2023_4_1_DC@ORL,,QBStat,64,2302028-DC-at-ORL,615,615,2415,10:15,4,,,1.0,ORL,DC,0.0,2,1,1.0,1.0,Home,41,8,59.0,0,20189,22329,,,22,12,3.0,1.0,StatusOfficial,,,,,,,4.0,Home,21.0,6.0,24.0,3:05, ,20997,,,,,,,,,,,,,,,,,,,,,,0,0.0,0.0,0.0,0.0,0.0
2023,FOOTBALL_XFL_2023_4_1_DC@ORL,DC,8,ORL,4,outdoors,169,1680389991.0,68391,2023-04-01 18:59:51.000000,EventFootballPass,1-10-ORL 45 (9:37) 12 Q. Dormady pass to 17 E. Rogers to DC 47 for 8 yards (26 D. Neal),,True,2,9,37,Half1,MaSourceTypeOfficialScoring,FOOTBALL_XFL_2023_4_1_DC@ORL,,QBStat,65,2302028-DC-at-ORL,577,577,2377,9:37,4,,,1.0,ORL,DC,0.0,2,1,1.0,1.0,Home,45,8,55.0,0,21133,,,,22,12,1.0,10.0,StatusOfficial,ResultPassComplete,,,,20407,22708,8.0,Home,21.0,7.0,32.0,3:42, ,,,,,,,,,,,,,,,,,,,,,,,0,0.0,0.0,0.0,0.0,0.0
2023,FOOTBALL_XFL_2023_4_1_DC@ORL,DC,8,ORL,4,outdoors,171,1680390030.0,68430,2023-04-01 19:00:30.000000,EventFootballRush,"2-2-DC 47 (8:59) 30 J. Martin rush to DC 43 for 4 yards (96 J. Panasiuk, 20 J. Brooks)",,True,2,8,59,Half1,MaSourceTypeOfficialScoring,FOOTBALL_XFL_2023_4_1_DC@ORL,,QBStat,66,2302028-DC-at-ORL,539,539,2339,8:59,4,,,1.0,ORL,DC,0.0,2,1,1.0,1.0,Visitor,47,8,47.0,0,21182,20189,,,22,12,2.0,2.0,StatusOfficial,,,,,,,4.0,Home,21.0,8.0,36.0,4:21, ,20997,,,,,,,,,,,,,,,,,,,,,,0,0.0,0.0,0.0,0.0,0.0
2023,FOOTBALL_XFL_2023_4_1_DC@ORL,DC,8,ORL,4,outdoors,173,1680390068.0,68468,2023-04-01 19:01:08.000000,EventFootballPass,1-10-DC 43 (8:21) 12 Q. Dormady pass to 10 D. Thomas to DC 39 for 4 yards (20 J. Brooks),,True,2,8,21,Half1,MaSourceTypeOfficialScoring,FOOTBALL_XFL_2023_4_1_DC@ORL,,QBStat,67,2302028-DC-at-ORL,501,501,2301,8:21,4,,,1.0,ORL,DC,0.0,2,1,1.0,1.0,Visitor,43,8,43.0,0,20189,,,,22,12,1.0,10.0,StatusOfficial,ResultPassComplete,,,,20407,21891,4.0,Home,21.0,9.0,40.0,4:54, ,,,,,,,,,,,,,,,,,,,,,,,0,0.0,0.0,0.0,0.0,0.0
2023,FOOTBALL_XFL_2023_4_1_DC@ORL,DC,8,ORL,4,outdoors,176,1680390108.0,68508,2023-04-01 19:01:48.000000,EventFootballPass,2-6-DC 39 (7:42) 12 Q. Dormady pass dropped by 26 D. Darrington,,True,2,7,42,Half1,MaSourceTypeOfficialScoring,FOOTBALL_XFL_2023_4_1_DC@ORL,,QBStat,68,2302028-DC-at-ORL,462,462,2262,7:42,4,,,1.0,ORL,DC,0.0,2,1,1.0,1.0,Visitor,39,8,39.0,0,,,,,22,12,2.0,6.0,StatusOfficial,ResultPassDropped,,,,20407,20357,,Home,21.0,10.0,40.0,5:44, ,,,,,,,,,,,,,,,,,,,,,,,0,0.0,0.0,0.0,0.0,0.0
2023,FOOTBALL_XFL_2023_4_1_DC@ORL,DC,8,ORL,4,outdoors,178,1680390148.0,68548,2023-04-01 19:02:28.000000,EventFootballRush,3-6-DC 39 (7:04) 26 D. Darrington rush to DC 44 for -5 yards (57 A. Hines),,True,2,7,4,Half1,MaSourceTypeOfficialScoring,FOOTBALL_XFL_2023_4_1_DC@ORL,,QBStat,69,2302028-DC-at-ORL,424,424,2224,7:04,4,,,1.0,ORL,DC,0.0,2,1,1.0,1.0,Visitor,39,8,39.0,0,20699,,,,22,12,3.0,6.0,StatusOfficial,,,,,,,-5.0,Home,21.0,11.0,35.0,6:07, ,20357,,,,,,,,,,,,,,,,,,,,,,0,0.0,0.0,0.0,0.0,0.0
2023,FOOTBALL_XFL_2023_4_1_DC@ORL,DC,8,ORL,4,outdoors,181,1680390181.0,68581,2023-04-01 19:03:01.000000,EventFootballPunt,"4-11-DC 44 (6:32) 19 M. Brown punts 32 yards from DC 44 to 0 J. Hammond, Fair Catch at DC 12",,True,2,6,32,Half1,MaSourceTypeOfficialScoring,FOOTBALL_XFL_2023_4_1_DC@ORL,,QBStat,70,2302028-DC-at-ORL,392,392,2192,6:32,4,,,1.0,ORL,DC,0.0,2,1,1.0,1.0,Visitor,44,8,44.0,0,,,,,22,12,4.0,11.0,StatusOfficial,ResultKickFaircatch,,Visitor,12.0,,,,Home,21.0,11.0,35.0,6:28,PUNT,,,,,,,,,,,20208,20618,32.0,,,,,,,,,,1,0.0,0.0,0.0,0.0,0.0
2023,FOOTBALL_XFL_2023_4_1_DC@ORL,DC,8,ORL,4,outdoors,183,1680390382.0,68782,2023-04-01 19:06:22.000000,EventFootballRush,1-10-DC 12 (6:27) 4 A. Smith rush to DC 28 for 16 yards (22 M. Elam),,True,2,6,27,Half1,MaSourceTypeOfficialScoring,FOOTBALL_XFL_2023_4_1_DC@ORL,,QBStat,71,2302028-DC-at-ORL,387,387,2187,6:27,8,,,0.0,DC,ORL,0.0,2,1,2.0,2.0,Visitor,12,9,88.0,0,20444,,,,22,12,1.0,10.0,StatusOfficial,,,,,,,16.0,Visitor,12.0,1.0,16.0,0:17, ,21427,,,,,,,,,,,,,,,,,,,,,,0,0.0,0.0,0.0,0.0,0.0
2023,FOOTBALL_XFL_2023_4_1_DC@ORL,DC,8,ORL,4,outdoors,185,1680390402.0,68802,2023-04-01 19:06:42.000000,EventFootballPass,1-10-DC 28 (6:07) 10 J. Ta'amu pass to 0 J. Hammond to DC 29 for 1 yard (1 C. Holmes),,True,2,6,7,Half1,MaSourceTypeOfficialScoring,FOOTBALL_XFL_2023_4_1_DC@ORL,,QBStat,72,2302028-DC-at-ORL,367,367,2167,6:07,8,,,0.0,DC,ORL,0.0,2,1,2.0,2.0,Visitor,28,9,72.0,0,20713,,,,22,12,1.0,10.0,StatusOfficial,ResultPassComplete,,,,22296,20618,1.0,Visitor,12.0,2.0,17.0,0:35, ,,,,,,,,,,,,,,,,,,,,,,,0,0.0,0.0,0.0,0.0,0.0
2023,FOOTBALL_XFL_2023_4_1_DC@ORL,DC,8,ORL,4,outdoors,190,1680390432.0,68832,2023-04-01 19:07:12.000000,EventFootballRush,"2-9-DC 29 (5:37) 4 A. Smith rush to DC 34 for 5 yards (9 G. Willis, 1 C. Holmes)",,True,2,5,37,Half1,MaSourceTypeOfficialScoring,FOOTBALL_XFL_2023_4_1_DC@ORL,,QBStat,73,2302028-DC-at-ORL,337,337,2137,5:37,8,,,0.0,DC,ORL,0.0,2,1,2.0,2.0,Visitor,29,9,71.0,0,21696,20713,,,22,12,2.0,9.0,StatusOfficial,,,,,,,5.0,Visitor,12.0,3.0,22.0,1:10, ,21427,,,,,,,,,,,,,,,,,,,,,,0,0.0,0.0,0.0,0.0,0.0
2023,FOOTBALL_XFL_2023_4_1_DC@ORL,DC,8,ORL,4,outdoors,191,1680390470.0,68870,2023-04-01 19:07:50.000000,EventFootballPass,3-4-DC 34 (4:59) 10 J. Ta'amu pass incomplete to 0 J. Hammond Pass Defended by 44 T. Plummer,,True,2,4,59,Half1,MaSourceTypeOfficialScoring,FOOTBALL_XFL_2023_4_1_DC@ORL,,QBStat,74,2302028-DC-at-ORL,299,299,2099,4:59,8,,,0.0,DC,ORL,0.0,2,1,2.0,2.0,Visitor,34,9,66.0,0,,,,,22,12,3.0,4.0,StatusOfficial,ResultPassIncomplete,,,,22296,20618,,Visitor,12.0,4.0,22.0,1:49, ,,,,,,,,,,21244,,,,,,,,,,,,,0,0.0,0.0,0.0,0.0,0.0
2023,FOOTBALL_XFL_2023_4_1_DC@ORL,DC,8,ORL,4,outdoors,518,1680390497.0,68897,2023-04-01 19:08:17.000000,EventFootballPunt,"4-4-DC 34 (4:39) 19 D. Whelan punts 42 yards from DC 34 to ORL 24. 14 C. Rambo to ORL 45 for 24 yards (57 A. Hines, 23 R. Armstead)",,True,2,4,39,Half1,MaSourceTypeOfficialScoring,FOOTBALL_XFL_2023_4_1_DC@ORL,,QBStat,75,2302028-DC-at-ORL,279,279,2079,4:39,8,,,0.0,DC,ORL,0.0,2,1,2.0,2.0,Visitor,34,9,66.0,0,20699,20053,,,22,12,4.0,4.0,StatusOfficial,ResultKickReturned,,Home,45.0,,,,Visitor,12.0,4.0,22.0,1:53,PUNT,,,,,,,,,,,21835,22018,42.0,24.0,,,,,,,,,1,0.0,0.0,0.0,0.0,0.0
2023,FOOTBALL_XFL_2023_4_1_DC@ORL,DC,8,ORL,4,outdoors,196,1680390589.0,68989,2023-04-01 19:09:49.000000,EventFootballPenalty,"1-10-ORL 45 (4:19) PENALTY on (DC) 17 D. Bellamy, 5 yards",,True,2,4,19,Half1,MaSourceTypeOfficialScoring,FOOTBALL_XFL_2023_4_1_DC@ORL,,QBStat,76,2302028-DC-at-ORL,259,259,2059,4:19,4,,,1.0,ORL,DC,0.0,2,1,1.0,1.0,Home,45,10,55.0,0,,,,,22,12,1.0,10.0,StatusOfficial,,,,,,,,Home,45.0,,5.0,0:00, ,,,,8,22416,5.0,ResultPenaltyRepeatdown,NA,,,,,,,,,,,,,,,0,0.0,0.0,0.0,0.0,0.0
2023,FOOTBALL_XFL_2023_4_1_DC@ORL,DC,8,ORL,4,outdoors,198,1680390620.0,69020,2023-04-01 19:10:20.000000,EventFootballPass,1-5-Midfield (4:19) 12 Q. Dormady pass to 83 D. Williams to DC 46 for 4 yards (15 M. Joseph),,True,2,4,19,Half1,MaSourceTypeOfficialScoring,FOOTBALL_XFL_2023_4_1_DC@ORL,,QBStat,77,2302028-DC-at-ORL,259,259,2059,4:19,4,,,1.0,ORL,DC,0.0,2,1,1.0,1.0,Home,50,10,50.0,0,22862,,,,22,12,1.0,5.0,StatusOfficial,ResultPassComplete,,,,20407,21672,4.0,Home,45.0,1.0,9.0,0:19, ,,,,,,,,,,,,,,,,,,,,,,,0,0.0,0.0,0.0,0.0,0.0
2023,FOOTBALL_XFL_2023_4_1_DC@ORL,DC,8,ORL,4,outdoors,200,1680390659.0,69059,2023-04-01 19:10:59.000000,EventFootballRush,2-1-DC 46 (3:40) 12 Q. Dormady rush to DC 34 for 12 yards (39 S. Ramirez),,True,2,3,40,Half1,MaSourceTypeOfficialScoring,FOOTBALL_XFL_2023_4_1_DC@ORL,,QBStat,78,2302028-DC-at-ORL,220,220,2020,3:40,4,,,1.0,ORL,DC,0.0,2,1,1.0,1.0,Visitor,46,10,46.0,0,21278,,,,22,12,2.0,1.0,StatusOfficial,,,,,,,12.0,Home,45.0,2.0,21.0,0:57, ,20407,,,,,,,,,,,,,,,,,,,,,,0,0.0,0.0,0.0,0.0,0.0
2023,FOOTBALL_XFL_2023_4_1_DC@ORL,DC,8,ORL,4,outdoors,202,1680390687.0,69087,2023-04-01 19:11:27.000000,EventFootballPenalty,"1-10-DC 34 (3:17) PENALTY on (ORL) 83 D. Williams, 5 yards",,True,2,3,17,Half1,MaSourceTypeOfficialScoring,FOOTBALL_XFL_2023_4_1_DC@ORL,,QBStat,79,2302028-DC-at-ORL,197,197,1997,3:17,4,,,1.0,ORL,DC,0.0,2,1,1.0,1.0,Visitor,34,10,34.0,0,,,,,22,12,1.0,10.0,StatusOfficial,,,,,,,,Home,45.0,2.0,16.0,1:02, ,,,,4,21672,5.0,ResultPenaltyRepeatdown,NA,,,,,,,,,,,,,,,0,0.0,0.0,0.0,0.0,0.0
2023,FOOTBALL_XFL_2023_4_1_DC@ORL,DC,8,ORL,4,outdoors,204,1680390753.0,69153,2023-04-01 19:12:33.000000,EventFootballPenalty,"1-15-DC 39 (2:49) PENALTY on (DC) 95 J. Owens, 5 yards",,True,2,2,49,Half1,MaSourceTypeOfficialScoring,FOOTBALL_XFL_2023_4_1_DC@ORL,,QBStat,80,2302028-DC-at-ORL,169,169,1969,2:49,4,,,1.0,ORL,DC,0.0,2,1,1.0,1.0,Visitor,39,10,39.0,0,,,,,22,12,1.0,15.0,StatusOfficial,,,,,,,,Home,45.0,2.0,21.0,1:30, ,,,,8,21174,5.0,ResultPenaltyRepeatdown,NA,,,,,,,,,,,,,,,0,0.0,0.0,0.0,0.0,0.0
2023,FOOTBALL_XFL_2023_4_1_DC@ORL,DC,8,ORL,4,outdoors,206,1680390785.0,69185,2023-04-01 19:13:05.000000,EventFootballSack,1-10-DC 34 (2:24) 12 Q. Dormady sacked at DC 43 for -9 yards (24 A. Kelly),,True,2,2,24,Half1,MaSourceTypeOfficialScoring,FOOTBALL_XFL_2023_4_1_DC@ORL,,QBStat,81,2302028-DC-at-ORL,144,144,1944,2:24,4,,,1.0,ORL,DC,0.0,2,1,1.0,1.0,Visitor,34,10,34.0,0,,,,,22,12,1.0,10.0,StatusOfficial,,,,,20407,,-9.0,Home,45.0,3.0,12.0,2:19, ,,,,,,,,,,,,,,,,20873,,,,,,,0,0.0,0.0,0.0,0.0,0.0
2023,FOOTBALL_XFL_2023_4_1_DC@ORL,DC,8,ORL,4,outdoors,208,1680391006.0,69406,2023-04-01 19:16:46.000000,EventFootballSack,"2-19-DC 43 (1:52) 12 Q. Dormady sacked at Midfield for -7 yards Fumbled by 12 Q. Dormady,  Forced by 17 D. Bellamy Recovered by 26 D. Darrington (17 D. Bellamy)",,True,2,1,52,Half1,MaSourceTypeOfficialScoring,FOOTBALL_XFL_2023_4_1_DC@ORL,,QBStat,82,2302028-DC-at-ORL,112,112,1912,1:52,4,,,1.0,ORL,DC,0.0,2,1,1.0,1.0,Visitor,43,10,43.0,0,,,,,22,12,2.0,19.0,StatusOfficial,,,Visitor,43.0,20407,,-7.0,Home,45.0,4.0,12.0,2:23, ,,,,,,,,,,,,,,,,22416,4,20407,4,20357,22416,,0,0.0,0.0,0.0,0.0,0.0
2023,FOOTBALL_XFL_2023_4_1_DC@ORL,DC,8,ORL,4,outdoors,210,1680391069.0,69469,2023-04-01 19:17:49.000000,EventFootballPass,3-19-DC 43 (1:51) 12 Q. Dormady pass to 14 C. Rambo to DC 12 for 31 yards (17 D. Bellamy),,True,2,1,51,Half1,MaSourceTypeOfficialScoring,FOOTBALL_XFL_2023_4_1_DC@ORL,,QBStat,83,2302028-DC-at-ORL,111,111,1911,1:51,4,,,1.0,ORL,DC,0.0,2,1,1.0,1.0,Visitor,43,10,43.0,0,22416,,,,22,12,3.0,19.0,StatusOfficial,ResultPassComplete,,,,20407,22018,31.0,Home,45.0,5.0,43.0,2:37, ,,,,,,,,,,,,,,,,,,,,,,,0,0.0,0.0,0.0,0.0,0.0
2023,FOOTBALL_XFL_2023_4_1_DC@ORL,DC,8,ORL,4,outdoors,212,1680391107.0,69507,2023-04-01 19:18:27.000000,EventFootballPenalty,"1-10-DC 12 (1:36) PENALTY on (ORL) 59 Z. Furcron, 10 yards",,True,2,1,36,Half1,MaSourceTypeOfficialScoring,FOOTBALL_XFL_2023_4_1_DC@ORL,,QBStat,84,2302028-DC-at-ORL,96,96,1896,1:36,4,,,1.0,ORL,DC,0.0,2,1,1.0,1.0,Visitor,12,10,12.0,0,,,,,22,12,1.0,10.0,StatusOfficial,,,,,,,,Home,45.0,5.0,33.0,2:43, ,,,,4,20527,10.0,ResultPenaltyRepeatdown,NA,,,,,,,,,,,,,,,0,0.0,0.0,0.0,0.0,0.0
2023,FOOTBALL_XFL_2023_4_1_DC@ORL,DC,8,ORL,4,outdoors,214,1680391140.0,69540,2023-04-01 19:19:00.000000,EventFootballPenalty,"1-20-DC 22 (1:31) PENALTY on (DC) 29 K. Brice, 21 yards",,True,2,1,31,Half1,MaSourceTypeOfficialScoring,FOOTBALL_XFL_2023_4_1_DC@ORL,,QBStat,85,2302028-DC-at-ORL,91,91,1891,1:31,4,,,1.0,ORL,DC,0.0,2,1,1.0,1.0,Visitor,22,10,22.0,0,,,,,22,12,1.0,20.0,StatusOfficial,,,,,,,,Home,45.0,5.0,54.0,2:48, ,,,,8,20180,21.0,ResultPenaltyAuto1Stdown,NA,,,,,,,,,,,,,,,0,0.0,0.0,0.0,0.0,0.0
2023,FOOTBALL_XFL_2023_4_1_DC@ORL,DC,8,ORL,4,outdoors,216,1680391180.0,69580,2023-04-01 19:19:40.000000,EventFootballRush,1-1-DC 1 (1:26) 26 D. Darrington rush to DC 9 for -8 yards (95 J. Owens),,True,2,1,26,Half1,MaSourceTypeOfficialScoring,FOOTBALL_XFL_2023_4_1_DC@ORL,,QBStat,86,2302028-DC-at-ORL,86,86,1886,1:26,4,,,1.0,ORL,DC,0.0,2,1,1.0,1.0,Visitor,1,10,1.0,0,21174,,,,22,12,1.0,1.0,StatusOfficial,,,,,,,-8.0,Home,45.0,6.0,46.0,3:06, ,20357,,,,,,,,,,,,,,,,,,,,,,0,0.0,0.0,0.0,0.0,0.0
2023,FOOTBALL_XFL_2023_4_1_DC@ORL,DC,8,ORL,4,outdoors,218,1680391222.0,69622,2023-04-01 19:20:22.000000,EventFootballPass,2-9-DC 9 (0:45) 12 Q. Dormady pass to 39 J. Smith to DC 2 for 7 yards (5 R. Northrup),,True,2,0,45,Half1,MaSourceTypeOfficialScoring,FOOTBALL_XFL_2023_4_1_DC@ORL,,QBStat,87,2302028-DC-at-ORL,45,45,1845,0:45,4,,,1.0,ORL,DC,0.0,2,1,1.0,1.0,Visitor,9,10,9.0,0,21148,,,,22,12,2.0,9.0,StatusOfficial,ResultPassComplete,,,,20407,21439,7.0,Home,45.0,7.0,53.0,3:45, ,,,,,,,,,,,,,,,,,,,,,,,0,0.0,0.0,0.0,0.0,0.0
2023,FOOTBALL_XFL_2023_4_1_DC@ORL,DC,8,ORL,4,outdoors,231,1680391241.0,69641,2023-04-01 19:20:41.000000,EventFootballRush,"3-2-DC 2 (0:25) 12 Q. Dormady rush to DC 1 for 1 yard (99 J. Wallace, 5 R. Northrup)",,True,2,0,25,Half1,MaSourceTypeOfficialScoring,FOOTBALL_XFL_2023_4_1_DC@ORL,,QBStat,88,2302028-DC-at-ORL,25,25,1825,0:25,4,,,1.0,ORL,DC,0.0,2,1,1.0,1.0,Visitor,2,10,2.0,0,21623,21148,,,22,12,3.0,2.0,StatusOfficial,,,,,,,1.0,Home,45.0,8.0,54.0,4:11, ,20407,,,,,,,,,,,,,,,,,,,,,,0,0.0,0.0,0.0,0.0,0.0
2023,FOOTBALL_XFL_2023_4_1_DC@ORL,DC,8,ORL,4,outdoors,223,1680391344.0,69744,2023-04-01 19:22:24.000000,EventFootballTimeout,4-1-DC 1 (0:03) Timeout by Orlando Guardians at 0:03,,True,2,0,3,Half1,MaSourceTypeOfficialScoring,FOOTBALL_XFL_2023_4_1_DC@ORL,,QBStat,89,2302028-DC-at-ORL,3,3,1803,0:03,4,,,1.0,ORL,DC,0.0,2,1,1.0,1.0,Visitor,1,10,1.0,0,,,,,22,12,4.0,1.0,StatusOfficial,,,,,,,,Home,45.0,8.0,54.0,4:16, ,,,,,,,,,4,,,,,,,,,,,,,,0,0.0,0.0,0.0,0.0,0.0
2023,FOOTBALL_XFL_2023_4_1_DC@ORL,DC,8,ORL,4,outdoors,230,1680391486.9704688,,2023-04-01 19:24:46.970469,EventPeriodEnd,Halftime Marker,,True,2,0,0,Half1,MaSourceTypeOfficialScoring,FOOTBALL_XFL_2023_4_1_DC@ORL,,QBStat,10010,2302028-DC-at-ORL,0,0,1800,0:00,8,,,0.0,DC,ORL,0.0,3,3,3.0,3.0,Home,30,11,30.0,0,,,,,22,12,,,,,,,,,,,,,,,,,,,,,,,,,,,,,,,,,,,,,,,0,0.0,0.0,0.0,0.0,0.0
2023,FOOTBALL_XFL_2023_4_1_DC@ORL,DC,8,ORL,4,outdoors,241,1680391998.0,70398,2023-04-01 19:33:18.000000,EventFootballRush,"4-1-DC 1 (0:03) 12 Q. Dormady rush for 1 yard, TOUCHDOWN",,True,2,0,3,Half1,MaSourceTypeOfficialScoring,FOOTBALL_XFL_2023_4_1_DC@ORL,,QBStat,91,2302028-DC-at-ORL,3,3,1803,0:03,4,,,1.0,ORL,DC,0.0,2,0,0.0,0.0,Visitor,1,10,1.0,0,,,,,22,12,4.0,1.0,StatusOfficial,,,,,,,1.0,Home,45.0,9.0,55.0,4:19,TD,20407,ScoreTypeTd,,,,,,,,,,,,,,,,,,,,,0,0.0,1.0,0.0,0.0,1.0
2023,FOOTBALL_XFL_2023_4_1_DC@ORL,DC,8,ORL,4,outdoors,243,1680392025.0,70425,2023-04-01 19:33:45.000000,EventFootballPat2PtRush,FROM DC 5 (0:00) 12 Q. Dormady 2-pt conversion rush attempt NO GOOD,,True,2,0,0,Half1,MaSourceTypeOfficialScoring,FOOTBALL_XFL_2023_4_1_DC@ORL,,QBStat,92,2302028-DC-at-ORL,0,0,1800,0:00,4,,,1.0,ORL,DC,0.0,2,0,0.0,0.0,Visitor,5,10,5.0,0,,,,,22,18,,,StatusOfficial,,,,,,,0.0,,,,,,,20407,,2.0,,,,,,,,,,,,,,,,,,,,0,0.0,0.0,0.0,0.0,0.0
2023,FOOTBALL_XFL_2023_4_1_DC@ORL,DC,8,ORL,4,outdoors,246,1680392155.0,70555,2023-04-01 19:35:55.000000,EventFootballKickoff,1-10-ORL 30 (15:00) 34 M. McCrane kicks from ORL 30. 10 D. Thomas to DC 46 for 46 yards (8 J. Ferguson),,True,3,15,0,Half2,MaSourceTypeOfficialScoring,FOOTBALL_XFL_2023_4_1_DC@ORL,,QBStat,93,2302028-DC-at-ORL,900,1800,1800,15:00,4,,,1.0,ORL,DC,0.0,3,3,3.0,3.0,Home,30,12,70.0,0,20474,,21028,21891,22,18,1.0,10.0,StatusOfficial,ResultKickReturned,46.0,Visitor,46.0,,,,,,,,,,,,,,,,,,,,,,,,,,,,,,,,0,0.0,0.0,0.0,0.0,0.0
2023,FOOTBALL_XFL_2023_4_1_DC@ORL,DC,8,ORL,4,outdoors,248,1680392215.0,70615,2023-04-01 19:36:55.000000,EventFootballRush,1-10-DC 46 (14:46) 30 J. Martin rush to DC 43 for 3 yards (26 D. Neal),,True,3,14,46,Half2,MaSourceTypeOfficialScoring,FOOTBALL_XFL_2023_4_1_DC@ORL,,QBStat,94,2302028-DC-at-ORL,886,1786,1786,14:46,4,,,1.0,ORL,DC,0.0,3,3,3.0,3.0,Visitor,46,12,46.0,0,21133,,,,22,18,1.0,10.0,StatusOfficial,,,,,,,3.0,Visitor,46.0,1.0,3.0,0:27, ,20997,,,,,,,,,,,,,,,,,,,,,,0,0.0,0.0,0.0,0.0,0.0
2023,FOOTBALL_XFL_2023_4_1_DC@ORL,DC,8,ORL,4,outdoors,250,1680392264.0,70664,2023-04-01 19:37:44.000000,EventFootballPenalty,"2-7-DC 43 (14:11) PENALTY on (DC) 39 S. Ramirez, 5 yards",,True,3,14,11,Half2,MaSourceTypeOfficialScoring,FOOTBALL_XFL_2023_4_1_DC@ORL,,QBStat,95,2302028-DC-at-ORL,851,1751,1751,14:11,4,,,1.0,ORL,DC,0.0,3,3,3.0,3.0,Visitor,43,12,43.0,0,,,,,22,18,2.0,7.0,StatusOfficial,,,,,,,,Visitor,46.0,1.0,8.0,0:49, ,,,,8,21278,5.0,ResultPenaltyRepeatdown,NA,,,,,,,,,,,,,,,0,0.0,0.0,0.0,0.0,0.0
2023,FOOTBALL_XFL_2023_4_1_DC@ORL,DC,8,ORL,4,outdoors,253,1680392301.0,70701,2023-04-01 19:38:21.000000,EventFootballRush,2-2-DC 38 (13:43) 30 J. Martin rush to DC 38 for 0 yards (15 M. Joseph),,True,3,13,43,Half2,MaSourceTypeOfficialScoring,FOOTBALL_XFL_2023_4_1_DC@ORL,,QBStat,96,2302028-DC-at-ORL,823,1723,1723,13:43,4,,,1.0,ORL,DC,0.0,3,3,3.0,3.0,Visitor,38,12,38.0,0,22862,,,,22,18,2.0,2.0,StatusOfficial,,,,,,,0.0,Visitor,46.0,2.0,8.0,1:37, ,20997,,,,,,,,,,,,,,,,,,,,,,0,0.0,0.0,0.0,0.0,0.0
2023,FOOTBALL_XFL_2023_4_1_DC@ORL,DC,8,ORL,4,outdoors,255,1680392386.0,70786,2023-04-01 19:39:46.000000,EventFootballRush,3-2-DC 38 (13:18) 26 D. Darrington rush to DC 27 for 11 yards (39 S. Ramirez),,True,3,13,18,Half2,MaSourceTypeOfficialScoring,FOOTBALL_XFL_2023_4_1_DC@ORL,,QBStat,97,2302028-DC-at-ORL,798,1698,1698,13:18,4,,,1.0,ORL,DC,0.0,3,3,3.0,3.0,Visitor,38,12,38.0,0,21278,,,,22,18,3.0,2.0,StatusOfficial,,,,,,,11.0,Visitor,46.0,3.0,19.0,1:55, ,20357,,,,,,,,,,,,,,,,,,,,,,0,0.0,0.0,0.0,0.0,0.0
2023,FOOTBALL_XFL_2023_4_1_DC@ORL,DC,8,ORL,4,outdoors,257,1680392428.0,70828,2023-04-01 19:40:28.000000,EventFootballPass,1-10-DC 27 (12:37) 12 Q. Dormady pass incomplete to 17 E. Rogers,,True,3,12,37,Half2,MaSourceTypeOfficialScoring,FOOTBALL_XFL_2023_4_1_DC@ORL,,QBStat,98,2302028-DC-at-ORL,757,1657,1657,12:37,4,,,1.0,ORL,DC,0.0,3,3,3.0,3.0,Visitor,27,12,27.0,0,,,,,22,18,1.0,10.0,StatusOfficial,ResultPassIncomplete,,,,20407,22708,,Visitor,46.0,4.0,19.0,2:26, ,,,,,,,,,,,,,,,,,,,,,,,0,0.0,0.0,0.0,0.0,0.0
2023,FOOTBALL_XFL_2023_4_1_DC@ORL,DC,8,ORL,4,outdoors,259,1680392464.0,70864,2023-04-01 19:41:04.000000,EventFootballRush,"2-10-DC 27 (12:02) 26 D. Darrington rush to DC 26 for 1 yard (98 G. Wright, 39 S. Ramirez)",,True,3,12,2,Half2,MaSourceTypeOfficialScoring,FOOTBALL_XFL_2023_4_1_DC@ORL,,QBStat,99,2302028-DC-at-ORL,722,1622,1622,12:02,4,,,1.0,ORL,DC,0.0,3,3,3.0,3.0,Visitor,27,12,27.0,0,21720,21278,,,22,18,2.0,10.0,StatusOfficial,,,,,,,1.0,Visitor,46.0,5.0,20.0,3:13, ,20357,,,,,,,,,,,,,,,,,,,,,,0,0.0,0.0,0.0,0.0,0.0
2023,FOOTBALL_XFL_2023_4_1_DC@ORL,DC,8,ORL,4,outdoors,261,1680392498.0,70898,2023-04-01 19:41:38.000000,EventFootballPass,3-9-DC 26 (11:28) 12 Q. Dormady pass to 11 C. Latimer to DC 16 for 10 yards (24 A. Kelly),,True,3,11,28,Half2,MaSourceTypeOfficialScoring,FOOTBALL_XFL_2023_4_1_DC@ORL,,QBStat,100,2302028-DC-at-ORL,688,1588,1588,11:28,4,,,1.0,ORL,DC,0.0,3,3,3.0,3.0,Visitor,26,12,26.0,0,20873,,,,22,18,3.0,9.0,StatusOfficial,ResultPassComplete,,,,20407,20929,10.0,Visitor,46.0,6.0,30.0,3:41, ,,,,,,,,,,,,,,,,,,,,,,,0,0.0,0.0,0.0,0.0,0.0
2023,FOOTBALL_XFL_2023_4_1_DC@ORL,DC,8,ORL,4,outdoors,263,1680392603.0,71003,2023-04-01 19:43:23.000000,EventFootballRush,"1-10-DC 16 (11:03) 30 J. Martin rush to DC 12 for 4 yards (97 C. Reid, 6 F. Brown)",,True,3,11,3,Half2,MaSourceTypeOfficialScoring,FOOTBALL_XFL_2023_4_1_DC@ORL,,QBStat,101,2302028-DC-at-ORL,663,1563,1563,11:03,4,,,1.0,ORL,DC,0.0,3,3,3.0,3.0,Visitor,16,12,16.0,0,22356,20201,,,22,18,1.0,10.0,StatusOfficial,,,,,,,4.0,Visitor,46.0,7.0,34.0,4:13, ,20997,,,,,,,,,,,,,,,,,,,,,,0,0.0,0.0,0.0,0.0,0.0
2023,FOOTBALL_XFL_2023_4_1_DC@ORL,DC,8,ORL,4,outdoors,266,1680392645.0,71045,2023-04-01 19:44:05.000000,EventFootballPass,"2-6-DC 12 (10:20) 12 Q. Dormady pass to 30 J. Martin to DC 15 for -3 yards (6 F. Brown, 98 G. Wright)",,True,3,10,20,Half2,MaSourceTypeOfficialScoring,FOOTBALL_XFL_2023_4_1_DC@ORL,,QBStat,102,2302028-DC-at-ORL,620,1520,1520,10:20,4,,,1.0,ORL,DC,0.0,3,3,3.0,3.0,Visitor,12,12,12.0,0,20201,21720,,,22,18,2.0,6.0,StatusOfficial,ResultPassComplete,,,,20407,20997,-3.0,Visitor,46.0,8.0,31.0,5:17, ,,,,,,,,,,,,,,,,,,,,,,,0,0.0,0.0,0.0,0.0,0.0
2023,FOOTBALL_XFL_2023_4_1_DC@ORL,DC,8,ORL,4,outdoors,268,1680392692.0,71092,2023-04-01 19:44:52.000000,EventFootballTimeout,3-9-DC 15 (9:43) Timeout by Orlando Guardians at 9:43,,True,3,9,43,Half2,MaSourceTypeOfficialScoring,FOOTBALL_XFL_2023_4_1_DC@ORL,,QBStat,103,2302028-DC-at-ORL,583,1483,1483,9:43,4,,,1.0,ORL,DC,0.0,3,3,3.0,3.0,Visitor,15,12,15.0,0,,,,,22,18,3.0,9.0,StatusOfficial,,,,,,,,Visitor,46.0,8.0,31.0,5:17, ,,,,,,,,,4,,,,,,,,,,,,,,0,0.0,0.0,0.0,0.0,0.0
2023,FOOTBALL_XFL_2023_4_1_DC@ORL,DC,8,ORL,4,outdoors,270,1680392882.0,71282,2023-04-01 19:48:02.000000,EventFootballPass,"3-9-DC 15 (9:38) 12 Q. Dormady pass to 81 J. Thomas for 15 yards, TOUCHDOWN",,True,3,9,38,Half2,MaSourceTypeOfficialScoring,FOOTBALL_XFL_2023_4_1_DC@ORL,,QBStat,104,2302028-DC-at-ORL,578,1478,1478,9:38,4,,,1.0,ORL,DC,0.0,3,2,2.0,2.0,Visitor,15,12,15.0,0,,,,,22,18,3.0,9.0,StatusOfficial,ResultPassComplete,,,,20407,21546,15.0,Visitor,46.0,9.0,46.0,5:22,TD,,ScoreTypeTd,,,,,,,,,,,,,,,,,,,,,0,1.0,0.0,0.0,0.0,1.0
2023,FOOTBALL_XFL_2023_4_1_DC@ORL,DC,8,ORL,4,outdoors,272,1680392945.0,71345,2023-04-01 19:49:05.000000,EventFootballPat1PtRush,FROM DC 2 (9:38) 30 J. Martin 1-pt conversion rush attempt GOOD,,True,3,9,38,Half2,MaSourceTypeOfficialScoring,FOOTBALL_XFL_2023_4_1_DC@ORL,,QBStat,105,2302028-DC-at-ORL,578,1478,1478,9:38,4,,,1.0,ORL,DC,0.0,3,2,2.0,2.0,Visitor,2,12,2.0,0,,,,,22,24,,,StatusOfficial,,,,,,,0.0,,,,,,,20997,ScoreTypeConv,1.0,,,,,,,,,,,,,,,,,,,,0,0.0,0.0,0.0,0.0,0.0
2023,FOOTBALL_XFL_2023_4_1_DC@ORL,DC,8,ORL,4,outdoors,282,1680393006.0,71406,2023-04-01 19:50:06.000000,EventFootballKickoff,"FROM ORL 30 (9:38) 0 J. Borregales kicks from ORL 30. 16 B. Smith to DC 15 for 16 yards (41 J. Gemmel) PENALTY on (DC) 38 N. Rouse, 10 yards",,True,3,9,38,Half2,MaSourceTypeOfficialScoring,FOOTBALL_XFL_2023_4_1_DC@ORL,,QBStat,106,2302028-DC-at-ORL,578,1478,1478,9:38,8,,,0.0,DC,ORL,0.0,3,2,3.0,3.0,Home,30,13,30.0,0,20546,,21741,22889,22,25,,,StatusOfficial,ResultKickReturned,16.0,Visitor,15.0,,,,,,,,,,,,,8,21350,10.0,ResultPenaltyRepeatdown,NA,,,,,,,,,,,,,,,0,0.0,0.0,0.0,0.0,0.0
2023,FOOTBALL_XFL_2023_4_1_DC@ORL,DC,8,ORL,4,outdoors,277,1680393086.0,71486,2023-04-01 19:51:26.000000,EventFootballRush,"1-10-DC 15 (9:24) 4 A. Smith rush to DC 18 for 3 yards (88 C. Patton, 99 T. Sanders)",,True,3,9,24,Half2,MaSourceTypeOfficialScoring,FOOTBALL_XFL_2023_4_1_DC@ORL,,QBStat,107,2302028-DC-at-ORL,564,1464,1464,9:24,8,,,0.0,DC,ORL,0.0,3,2,3.0,3.0,Visitor,15,13,85.0,0,22001,21365,,,22,25,1.0,10.0,StatusOfficial,,,,,,,3.0,Visitor,15.0,1.0,3.0,0:25, ,21427,,,,,,,,,,,,,,,,,,,,,,0,0.0,0.0,0.0,0.0,0.0
2023,FOOTBALL_XFL_2023_4_1_DC@ORL,DC,8,ORL,4,outdoors,279,1680393114.0,71514,2023-04-01 19:51:54.000000,EventFootballSack,2-7-DC 18 (8:56) 10 J. Ta'amu sacked at DC 14 for -4 yards (36 J. Jones),,True,3,8,56,Half2,MaSourceTypeOfficialScoring,FOOTBALL_XFL_2023_4_1_DC@ORL,,QBStat,108,2302028-DC-at-ORL,536,1436,1436,8:56,8,,,0.0,DC,ORL,0.0,3,2,3.0,3.0,Visitor,18,13,82.0,0,,,,,22,25,2.0,7.0,StatusOfficial,,,,,22296,,-4.0,Visitor,15.0,2.0,-1.0,0:49, ,,,,,,,,,,,,,,,,20841,,,,,,,0,0.0,0.0,0.0,0.0,0.0
2023,FOOTBALL_XFL_2023_4_1_DC@ORL,DC,8,ORL,4,outdoors,281,1680393137.0,71537,2023-04-01 19:52:17.000000,EventFootballPass,"3-11-DC 14 (8:33) 10 J. Ta'amu pass to 1 C. Blair for 86 yards, TOUCHDOWN",,True,3,8,33,Half2,MaSourceTypeOfficialScoring,FOOTBALL_XFL_2023_4_1_DC@ORL,,QBStat,109,2302028-DC-at-ORL,513,1413,1413,8:33,8,,,0.0,DC,ORL,0.0,3,2,3.0,3.0,Visitor,14,13,86.0,0,,,,,22,25,3.0,11.0,StatusOfficial,ResultPassComplete,,,,22296,20133,86.0,Visitor,15.0,3.0,85.0,1:09,TD,,ScoreTypeTd,,,,,,,,,,,,,,,,,,,,,0,1.0,0.0,0.0,0.0,1.0
2023,FOOTBALL_XFL_2023_4_1_DC@ORL,DC,8,ORL,4,outdoors,284,1680393185.0,71585,2023-04-01 19:53:05.000000,EventFootballPat2PtPass,FROM ORL 5 (8:29) 10 J. Ta'amu 2-pt conversion pass to 11 L. Jackson NO GOOD,,True,3,8,29,Half2,MaSourceTypeOfficialScoring,FOOTBALL_XFL_2023_4_1_DC@ORL,,QBStat,110,2302028-DC-at-ORL,509,1409,1409,8:29,8,,,0.0,DC,ORL,0.0,3,2,3.0,3.0,Home,5,13,5.0,0,,,,,28,25,,,StatusOfficial,ResultPassIncomplete,,,,22296,20766,,,,,,,,,,2.0,,,,,,,,,,,,,,,,,,,,0,0.0,0.0,0.0,0.0,0.0
2023,FOOTBALL_XFL_2023_4_1_DC@ORL,DC,8,ORL,4,outdoors,286,1680393245.0,71645,2023-04-01 19:54:05.000000,EventFootballKickoff,"FROM DC 30 (8:29) 34 M. McCrane kicks from DC 30. 10 D. Thomas to ORL 40 for 38 yards (31 C. Lewis, 2 E. Dungey)",,True,3,8,29,Half2,MaSourceTypeOfficialScoring,FOOTBALL_XFL_2023_4_1_DC@ORL,,QBStat,111,2302028-DC-at-ORL,509,1409,1409,8:29,4,,,1.0,ORL,DC,0.0,3,2,2.0,2.0,Visitor,30,14,30.0,0,20951,20419,21028,21891,28,25,,,StatusOfficial,ResultKickReturned,38.0,Home,40.0,,,,,,,,,,,,,,,,,,,,,,,,,,,,,,,,0,0.0,0.0,0.0,0.0,0.0
2023,FOOTBALL_XFL_2023_4_1_DC@ORL,DC,8,ORL,4,outdoors,288,1680393351.0,71751,2023-04-01 19:55:51.000000,EventFootballRush,1-10-ORL 40 (8:17) 12 Q. Dormady rush to ORL 42 for 2 yards (6 F. Brown),,True,3,8,17,Half2,MaSourceTypeOfficialScoring,FOOTBALL_XFL_2023_4_1_DC@ORL,,QBStat,112,2302028-DC-at-ORL,497,1397,1397,8:17,4,,,1.0,ORL,DC,0.0,3,2,2.0,2.0,Home,40,14,60.0,0,20201,,,,28,25,1.0,10.0,StatusOfficial,,,,,,,2.0,Home,40.0,1.0,2.0,0:19, ,20407,,,,,,,,,,,,,,,,,,,,,,0,0.0,0.0,0.0,0.0,0.0
2023,FOOTBALL_XFL_2023_4_1_DC@ORL,DC,8,ORL,4,outdoors,290,1680393400.0,71800,2023-04-01 19:56:40.000000,EventFootballTimeout,2-8-ORL 42 (7:41) Timeout by Orlando Guardians at 7:41,,True,3,7,41,Half2,MaSourceTypeOfficialScoring,FOOTBALL_XFL_2023_4_1_DC@ORL,,QBStat,113,2302028-DC-at-ORL,461,1361,1361,7:41,4,,,1.0,ORL,DC,0.0,3,2,2.0,2.0,Home,42,14,58.0,0,,,,,28,25,2.0,8.0,StatusOfficial,,,,,,,,Home,40.0,1.0,2.0,0:48, ,,,,,,,,,4,,,,,,,,,,,,,,0,0.0,0.0,0.0,0.0,0.0
2023,FOOTBALL_XFL_2023_4_1_DC@ORL,DC,8,ORL,4,outdoors,292,1680393457.0,71857,2023-04-01 19:57:37.000000,EventFootballRush,2-8-ORL 42 (7:36) 26 D. Darrington rush to DC 49 for 9 yards (5 R. Northrup),,True,3,7,36,Half2,MaSourceTypeOfficialScoring,FOOTBALL_XFL_2023_4_1_DC@ORL,,QBStat,114,2302028-DC-at-ORL,456,1356,1356,7:36,4,,,1.0,ORL,DC,0.0,2,1,1.0,1.0,Home,42,14,58.0,0,21148,,,,28,25,2.0,8.0,StatusOfficial,,,,,,,9.0,Home,40.0,2.0,11.0,1:05, ,20357,,,,,,,,,,,,,,,,,,,,,,0,0.0,0.0,0.0,0.0,0.0
2023,FOOTBALL_XFL_2023_4_1_DC@ORL,DC,8,ORL,4,outdoors,294,1680393497.0,71897,2023-04-01 19:58:17.000000,EventFootballPass,1-10-DC 49 (6:56) 12 Q. Dormady pass to 26 D. Darrington to DC 33 for 16 yards (39 S. Ramirez),,True,3,6,56,Half2,MaSourceTypeOfficialScoring,FOOTBALL_XFL_2023_4_1_DC@ORL,,QBStat,115,2302028-DC-at-ORL,416,1316,1316,6:56,4,,,1.0,ORL,DC,0.0,2,1,1.0,1.0,Visitor,49,14,49.0,0,21278,,,,28,25,1.0,10.0,StatusOfficial,ResultPassComplete,,,,20407,20357,16.0,Home,40.0,3.0,27.0,1:51, ,,,,,,,,,,,,,,,,,,,,,,,0,0.0,0.0,0.0,0.0,0.0
2023,FOOTBALL_XFL_2023_4_1_DC@ORL,DC,8,ORL,4,outdoors,297,1680393519.0,71919,2023-04-01 19:58:39.000000,EventFootballPass,1-10-DC 33 (6:37) 12 Q. Dormady pass incomplete to 39 J. Smith Pass Defended by 39 S. Ramirez,,True,3,6,37,Half2,MaSourceTypeOfficialScoring,FOOTBALL_XFL_2023_4_1_DC@ORL,,QBStat,116,2302028-DC-at-ORL,397,1297,1297,6:37,4,,,1.0,ORL,DC,0.0,2,1,1.0,1.0,Visitor,33,14,33.0,0,,,,,28,25,1.0,10.0,StatusOfficial,ResultPassIncomplete,,,,20407,21439,,Home,40.0,4.0,27.0,2:22, ,,,,,,,,,,21278,,,,,,,,,,,,,0,0.0,0.0,0.0,0.0,0.0
2023,FOOTBALL_XFL_2023_4_1_DC@ORL,DC,8,ORL,4,outdoors,299,1680393561.0,71961,2023-04-01 19:59:21.000000,EventFootballRush,2-10-DC 33 (6:06) 30 J. Martin rush to DC 14 for 19 yards (29 K. Brice),,True,3,6,6,Half2,MaSourceTypeOfficialScoring,FOOTBALL_XFL_2023_4_1_DC@ORL,,QBStat,117,2302028-DC-at-ORL,366,1266,1266,6:06,4,,,1.0,ORL,DC,0.0,2,1,1.0,1.0,Visitor,33,14,33.0,0,20180,,,,28,25,2.0,10.0,StatusOfficial,,,,,,,19.0,Home,40.0,5.0,46.0,2:37, ,20997,,,,,,,,,,,,,,,,,,,,,,0,0.0,0.0,0.0,0.0,0.0
2023,FOOTBALL_XFL_2023_4_1_DC@ORL,DC,8,ORL,4,outdoors,302,1680393581.0,71981,2023-04-01 19:59:41.000000,EventFootballRush,1-10-DC 14 (5:47) 30 J. Martin rush to DC 14 for 0 yards (5 R. Northrup),,True,3,5,47,Half2,MaSourceTypeOfficialScoring,FOOTBALL_XFL_2023_4_1_DC@ORL,,QBStat,118,2302028-DC-at-ORL,347,1247,1247,5:47,4,,,1.0,ORL,DC,0.0,2,1,1.0,1.0,Visitor,14,14,14.0,0,21148,,,,28,25,1.0,10.0,StatusOfficial,,,,,,,0.0,Home,40.0,6.0,46.0,3:12, ,20997,,,,,,,,,,,,,,,,,,,,,,0,0.0,0.0,0.0,0.0,0.0
2023,FOOTBALL_XFL_2023_4_1_DC@ORL,DC,8,ORL,4,outdoors,304,1680393621.0,72021,2023-04-01 20:00:21.000000,EventFootballPass,"2-10-DC 14 (5:08) 12 Q. Dormady pass to 81 J. Thomas to DC 3 for 11 yards (5 R. Northrup, 29 K. Brice)",,True,3,5,8,Half2,MaSourceTypeOfficialScoring,FOOTBALL_XFL_2023_4_1_DC@ORL,,QBStat,119,2302028-DC-at-ORL,308,1208,1208,5:08,4,,,1.0,ORL,DC,0.0,2,1,1.0,1.0,Visitor,14,14,14.0,0,21148,20180,,,28,25,2.0,10.0,StatusOfficial,ResultPassComplete,,,,20407,21546,11.0,Home,40.0,7.0,57.0,3:38, ,,,,,,,,,,,,,,,,,,,,,,,0,0.0,0.0,0.0,0.0,0.0
2023,FOOTBALL_XFL_2023_4_1_DC@ORL,DC,8,ORL,4,outdoors,306,1680393650.0,72050,2023-04-01 20:00:50.000000,EventFootballRush,1-3-DC 3 (4:38) 26 D. Darrington rush to DC 6 for -3 yards (98 G. Wright),,True,3,4,38,Half2,MaSourceTypeOfficialScoring,FOOTBALL_XFL_2023_4_1_DC@ORL,,QBStat,120,2302028-DC-at-ORL,278,1178,1178,4:38,4,,,1.0,ORL,DC,0.0,2,1,1.0,1.0,Visitor,3,14,3.0,0,21720,,,,28,25,1.0,3.0,StatusOfficial,,,,,,,-3.0,Home,40.0,8.0,54.0,4:08, ,20357,,,,,,,,,,,,,,,,,,,,,,0,0.0,0.0,0.0,0.0,0.0
2023,FOOTBALL_XFL_2023_4_1_DC@ORL,DC,8,ORL,4,outdoors,308,1680393684.0,72084,2023-04-01 20:01:24.000000,EventFootballPenalty,"2-6-DC 6 (4:11) PENALTY on (DC) 26 D. Neal, 5 yards",,True,3,4,11,Half2,MaSourceTypeOfficialScoring,FOOTBALL_XFL_2023_4_1_DC@ORL,,QBStat,121,2302028-DC-at-ORL,251,1151,1151,4:11,4,,,1.0,ORL,DC,0.0,2,1,1.0,1.0,Visitor,6,14,6.0,0,,,,,28,25,2.0,6.0,StatusOfficial,,,,,,,,Home,40.0,8.0,59.0,4:18, ,,,,8,21133,5.0,ResultPenaltyAuto1Stdown,NA,,,,,,,,,,,,,,,0,0.0,0.0,0.0,0.0,0.0
2023,FOOTBALL_XFL_2023_4_1_DC@ORL,DC,8,ORL,4,outdoors,311,1680393754.0,72154,2023-04-01 20:02:34.000000,EventFootballRush,"1-1-DC 1 (4:01) 12 Q. Dormady rush to DC 1 for 0 yards (5 R. Northrup, 99 J. Wallace)",,True,3,4,1,Half2,MaSourceTypeOfficialScoring,FOOTBALL_XFL_2023_4_1_DC@ORL,,QBStat,122,2302028-DC-at-ORL,241,1141,1141,4:01,4,,,1.0,ORL,DC,0.0,2,1,1.0,1.0,Visitor,1,14,1.0,0,21148,21623,,,28,25,1.0,1.0,StatusOfficial,,,,,,,0.0,Home,40.0,9.0,59.0,4:44, ,20407,,,,,,,,,,,,,,,,,,,,,,0,0.0,0.0,0.0,0.0,0.0
2023,FOOTBALL_XFL_2023_4_1_DC@ORL,DC,8,ORL,4,outdoors,313,1680393993.0,72393,2023-04-01 20:06:33.000000,EventFootballRush,"2-1-DC 1 (3:31) 12 Q. Dormady rush for 1 yard, TOUCHDOWN",,True,3,3,31,Half2,MaSourceTypeOfficialScoring,FOOTBALL_XFL_2023_4_1_DC@ORL,,QBStat,123,2302028-DC-at-ORL,211,1111,1111,3:31,4,,,1.0,ORL,DC,0.0,2,1,1.0,1.0,Visitor,1,14,1.0,0,,,,,28,25,2.0,1.0,StatusOfficial,,,,,,,1.0,Home,40.0,10.0,60.0,4:58,TD,20407,ScoreTypeTd,,,,,,,,,,,,,,,,,,,,,0,0.0,1.0,0.0,0.0,1.0
2023,FOOTBALL_XFL_2023_4_1_DC@ORL,DC,8,ORL,4,outdoors,315,1680394020.0,72420,2023-04-01 20:07:00.000000,EventFootballPat1PtRush,FROM DC 2 (3:31) 26 D. Darrington 1-pt conversion rush attempt NO GOOD,,True,3,3,31,Half2,MaSourceTypeOfficialScoring,FOOTBALL_XFL_2023_4_1_DC@ORL,,QBStat,124,2302028-DC-at-ORL,211,1111,1111,3:31,4,,,1.0,ORL,DC,0.0,2,1,1.0,1.0,Visitor,2,14,2.0,0,,,,,28,31,,,StatusOfficial,,,,,,,0.0,,,,,,,20357,,1.0,,,,,,,,,,,,,,,,,,,,0,0.0,0.0,0.0,0.0,0.0
2023,FOOTBALL_XFL_2023_4_1_DC@ORL,DC,8,ORL,4,outdoors,317,1680394104.0,72504,2023-04-01 20:08:24.000000,EventFootballKickoff,"FROM ORL 30 (3:31) 0 J. Borregales kicks from ORL 30. 16 B. Smith to DC 41 for 28 yards (29 T. Washington, 41 J. Gemmel)",,True,3,3,31,Half2,MaSourceTypeOfficialScoring,FOOTBALL_XFL_2023_4_1_DC@ORL,,QBStat,125,2302028-DC-at-ORL,211,1111,1111,3:31,8,,,0.0,DC,ORL,0.0,2,1,2.0,2.0,Home,30,15,30.0,0,22888,20546,21741,22889,28,31,,,StatusOfficial,ResultKickReturned,28.0,Visitor,41.0,,,,,,,,,,,,,,,,,,,,,,,,,,,,,,,,0,0.0,0.0,0.0,0.0,0.0
2023,FOOTBALL_XFL_2023_4_1_DC@ORL,DC,8,ORL,4,outdoors,319,1680394160.0,72560,2023-04-01 20:09:20.000000,EventFootballPass,1-10-DC 41 (3:22) 10 J. Ta'amu pass to 1 C. Blair to ORL 47 for 12 yards (27 T. Smith),,True,3,3,22,Half2,MaSourceTypeOfficialScoring,FOOTBALL_XFL_2023_4_1_DC@ORL,,QBStat,126,2302028-DC-at-ORL,202,1102,1102,3:22,8,,,0.0,DC,ORL,0.0,2,1,2.0,2.0,Visitor,41,15,59.0,0,21825,,,,28,31,1.0,10.0,StatusOfficial,ResultPassComplete,,,,22296,20133,12.0,Visitor,41.0,1.0,12.0,0:28, ,,,,,,,,,,,,,,,,,,,,,,,0,0.0,0.0,0.0,0.0,0.0
2023,FOOTBALL_XFL_2023_4_1_DC@ORL,DC,8,ORL,4,outdoors,321,1680394183.0,72583,2023-04-01 20:09:43.000000,EventFootballRush,1-10-ORL 47 (2:59) 23 R. Armstead rush to ORL 44 for 3 yards (27 T. Smith),,True,3,2,59,Half2,MaSourceTypeOfficialScoring,FOOTBALL_XFL_2023_4_1_DC@ORL,,QBStat,127,2302028-DC-at-ORL,179,1079,1079,2:59,8,,,0.0,DC,ORL,0.0,2,1,2.0,2.0,Home,47,15,47.0,0,21825,,,,28,31,1.0,10.0,StatusOfficial,,,,,,,3.0,Visitor,41.0,2.0,15.0,0:49, ,20053,,,,,,,,,,,,,,,,,,,,,,0,0.0,0.0,0.0,0.0,0.0
2023,FOOTBALL_XFL_2023_4_1_DC@ORL,DC,8,ORL,4,outdoors,360,1680394205.0,72605,2023-04-01 20:10:05.000000,EventFootballRush,2-7-ORL 44 (2:37) 10 J. Ta'amu rush to ORL 34 for 10 yards (23 N. Hosein),,True,3,2,37,Half2,MaSourceTypeOfficialScoring,FOOTBALL_XFL_2023_4_1_DC@ORL,,QBStat,128,2302028-DC-at-ORL,157,1057,1057,2:37,8,,,0.0,DC,ORL,0.0,2,1,2.0,2.0,Home,44,15,44.0,0,20723,,,,28,31,2.0,7.0,StatusOfficial,,,,,,,10.0,Visitor,41.0,3.0,25.0,1:12, ,22296,,,,,,,,,,,,,,,,,,,,,,0,0.0,0.0,0.0,0.0,0.0
2023,FOOTBALL_XFL_2023_4_1_DC@ORL,DC,8,ORL,4,outdoors,325,1680394232.0,72632,2023-04-01 20:10:32.000000,EventFootballPass,1-10-ORL 34 (2:13) 10 J. Ta'amu pass to 1 C. Blair to ORL 21 for 13 yards (22 M. Elam),,True,3,2,13,Half2,MaSourceTypeOfficialScoring,FOOTBALL_XFL_2023_4_1_DC@ORL,,QBStat,129,2302028-DC-at-ORL,133,1033,1033,2:13,8,,,0.0,DC,ORL,0.0,2,1,2.0,2.0,Home,34,15,34.0,0,20444,,,,28,31,1.0,10.0,StatusOfficial,ResultPassComplete,,,,22296,20133,13.0,Visitor,41.0,4.0,38.0,1:32, ,,,,,,,,,,,,,,,,,,,,,,,0,0.0,0.0,0.0,0.0,0.0
2023,FOOTBALL_XFL_2023_4_1_DC@ORL,DC,8,ORL,4,outdoors,328,1680394251.0,72651,2023-04-01 20:10:51.000000,EventFootballRush,"1-10-ORL 21 (1:54) 4 A. Smith rush to ORL 11 for 10 yards (48 J. Blakely, 8 T. Smith)",,True,3,1,54,Half2,MaSourceTypeOfficialScoring,FOOTBALL_XFL_2023_4_1_DC@ORL,,QBStat,130,2302028-DC-at-ORL,114,1014,1014,1:54,8,,,0.0,DC,ORL,0.0,2,1,2.0,2.0,Home,21,15,21.0,0,20134,21448,,,28,31,1.0,10.0,StatusOfficial,,,,,,,10.0,Visitor,41.0,5.0,48.0,2:08, ,21427,,,,,,,,,,,,,,,,,,,,,,0,0.0,0.0,0.0,0.0,0.0
2023,FOOTBALL_XFL_2023_4_1_DC@ORL,DC,8,ORL,4,outdoors,330,1680394284.0,72684,2023-04-01 20:11:24.000000,EventFootballRush,"1-10-ORL 11 (1:21) 4 A. Smith rush to ORL 11 for 0 yards (99 T. Sanders, 44 T. Plummer)",,True,3,1,21,Half2,MaSourceTypeOfficialScoring,FOOTBALL_XFL_2023_4_1_DC@ORL,,QBStat,131,2302028-DC-at-ORL,81,981,981,1:21,8,,,0.0,DC,ORL,0.0,2,1,2.0,2.0,Home,11,15,11.0,0,21365,21244,,,28,31,1.0,10.0,StatusOfficial,,,,,,,0.0,Visitor,41.0,6.0,48.0,2:27, ,21427,,,,,,,,,,,,,,,,,,,,,,0,0.0,0.0,0.0,0.0,0.0
2023,FOOTBALL_XFL_2023_4_1_DC@ORL,DC,8,ORL,4,outdoors,333,1680394314.0,72714,2023-04-01 20:11:54.000000,EventFootballPass,2-10-ORL 11 (0:52) 10 J. Ta'amu pass incomplete to 1 C. Blair Pass Defended by 38 M. Murphy,,True,3,0,52,Half2,MaSourceTypeOfficialScoring,FOOTBALL_XFL_2023_4_1_DC@ORL,,QBStat,132,2302028-DC-at-ORL,52,952,952,0:52,8,,,0.0,DC,ORL,0.0,2,1,2.0,2.0,Home,11,15,11.0,0,,,,,28,31,2.0,10.0,StatusOfficial,ResultPassIncomplete,,,,22296,20133,,Visitor,41.0,7.0,48.0,3:04, ,,,,,,,,,,21121,,,,,,,,,,,,,0,0.0,0.0,0.0,0.0,0.0
2023,FOOTBALL_XFL_2023_4_1_DC@ORL,DC,8,ORL,4,outdoors,335,1680394351.0,72751,2023-04-01 20:12:31.000000,EventFootballPass,3-10-ORL 11 (0:19) 10 J. Ta'amu pass incomplete to 11 L. Jackson,,True,3,0,19,Half2,MaSourceTypeOfficialScoring,FOOTBALL_XFL_2023_4_1_DC@ORL,,QBStat,133,2302028-DC-at-ORL,19,919,919,0:19,8,,,0.0,DC,ORL,0.0,2,1,2.0,2.0,Home,11,15,11.0,0,,,,,28,31,3.0,10.0,StatusOfficial,ResultPassIncomplete,,,,22296,20766,,Visitor,41.0,8.0,48.0,3:23, ,,,,,,,,,,,,,,,,,,,,,,,0,0.0,0.0,0.0,0.0,0.0
2023,FOOTBALL_XFL_2023_4_1_DC@ORL,DC,8,ORL,4,outdoors,337,1680394575.0,72975,2023-04-01 20:16:15.000000,EventFootballFg,4-10-ORL 11 (15:00) 34 M. McCrane 29 yard field goal is NO GOOD,,True,4,15,0,Half2,MaSourceTypeOfficialScoring,FOOTBALL_XFL_2023_4_1_DC@ORL,,QBStat,134,2302028-DC-at-ORL,900,900,900,15:00,8,,,0.0,DC,ORL,0.0,2,1,2.0,2.0,Home,11,15,11.0,0,,,20308,,28,31,4.0,10.0,StatusOfficial,ResultKickMissed,,,,,,29.0,Visitor,41.0,9.0,48.0,3:31,MISSED FG,,,,,,,,,,,,,,,,,,,,,,,0,0.0,0.0,0.0,0.0,0.0
2023,FOOTBALL_XFL_2023_4_1_DC@ORL,DC,8,ORL,4,outdoors,339,1680394681.0,73081,2023-04-01 20:18:01.000000,EventFootballRush,"1-10-ORL 20 (14:53) 30 J. Martin rush to ORL 20 for 0 yards (97 C. Reid, 43 F. Bernard)",,True,4,14,53,Half2,MaSourceTypeOfficialScoring,FOOTBALL_XFL_2023_4_1_DC@ORL,,QBStat,135,2302028-DC-at-ORL,893,893,893,14:53,4,,,1.0,ORL,DC,0.0,2,1,1.0,1.0,Home,20,16,80.0,0,22356,22329,,,28,31,1.0,10.0,StatusOfficial,,,,,,,0.0,Home,20.0,1.0,,0:16, ,20997,,,,,,,,,,,,,,,,,,,,,,0,0.0,0.0,0.0,0.0,0.0
2023,FOOTBALL_XFL_2023_4_1_DC@ORL,DC,8,ORL,4,outdoors,341,1680394716.0,73116,2023-04-01 20:18:36.000000,EventFootballRush,2-10-ORL 20 (14:18) 30 J. Martin rush to ORL 39 for 19 yards (29 K. Brice),,True,4,14,18,Half2,MaSourceTypeOfficialScoring,FOOTBALL_XFL_2023_4_1_DC@ORL,,QBStat,136,2302028-DC-at-ORL,858,858,858,14:18,4,,,1.0,ORL,DC,0.0,2,1,1.0,1.0,Home,20,16,80.0,0,20180,,,,28,31,2.0,10.0,StatusOfficial,,,,,,,19.0,Home,20.0,2.0,19.0,0:54, ,20997,,,,,,,,,,,,,,,,,,,,,,0,0.0,0.0,0.0,0.0,0.0
2023,FOOTBALL_XFL_2023_4_1_DC@ORL,DC,8,ORL,4,outdoors,343,1680394736.0,73136,2023-04-01 20:18:56.000000,EventFootballPass,"1-10-ORL 39 (13:58) 12 Q. Dormady pass to 11 C. Latimer to ORL 47 for 8 yards (26 D. Neal, 43 F. Bernard)",,True,4,13,58,Half2,MaSourceTypeOfficialScoring,FOOTBALL_XFL_2023_4_1_DC@ORL,,QBStat,137,2302028-DC-at-ORL,838,838,838,13:58,4,,,1.0,ORL,DC,0.0,2,1,1.0,1.0,Home,39,16,61.0,0,21133,22329,,,28,31,1.0,10.0,StatusOfficial,ResultPassComplete,,,,20407,20929,8.0,Home,20.0,3.0,27.0,1:21, ,,,,,,,,,,,,,,,,,,,,,,,0,0.0,0.0,0.0,0.0,0.0
2023,FOOTBALL_XFL_2023_4_1_DC@ORL,DC,8,ORL,4,outdoors,346,1680394774.0,73174,2023-04-01 20:19:34.000000,EventFootballPass,"2-2-ORL 47 (13:22) 12 Q. Dormady pass to 17 E. Rogers to DC 48 for 5 yards Fumbled by 17 E. Rogers,  Forced by 15 M. Joseph Recovered by 99 J. Wallace",,True,4,13,22,Half2,MaSourceTypeOfficialScoring,FOOTBALL_XFL_2023_4_1_DC@ORL,,QBStat,138,2302028-DC-at-ORL,802,802,802,13:22,4,,,1.0,ORL,DC,0.0,2,1,1.0,1.0,Home,47,16,53.0,0,,,,,28,31,2.0,2.0,StatusOfficial,ResultPassComplete,,Visitor,50.0,20407,22708,5.0,Home,20.0,4.0,30.0,1:38,FUMBLE,,,,,,,,,,,,,,,,,4,22708,8,21623,22862,,0,0.0,0.0,0.0,0.0,0.0
2023,FOOTBALL_XFL_2023_4_1_DC@ORL,DC,8,ORL,4,outdoors,349,1680394852.0,73252,2023-04-01 20:20:52.000000,EventFootballPass,1-10-Midfield (13:12) 10 J. Ta'amu pass to 0 J. Hammond to ORL 30 for 20 yards (22 M. Elam),,True,4,13,12,Half2,MaSourceTypeOfficialScoring,FOOTBALL_XFL_2023_4_1_DC@ORL,,QBStat,139,2302028-DC-at-ORL,792,792,792,13:12,8,,,0.0,DC,ORL,0.0,2,1,2.0,2.0,Visitor,50,17,50.0,0,20444,,,,28,31,1.0,10.0,StatusOfficial,ResultPassComplete,,,,22296,20618,20.0,Home,50.0,1.0,20.0,0:18, ,,,,,,,,,,,,,,,,,,,,,,,0,0.0,0.0,0.0,0.0,0.0
2023,FOOTBALL_XFL_2023_4_1_DC@ORL,DC,8,ORL,4,outdoors,351,1680394892.0,73292,2023-04-01 20:21:32.000000,EventFootballRush,"1-10-ORL 30 (12:47) 4 A. Smith rush to ORL 23 for 7 yards (8 T. Smith, 38 M. Murphy)",,True,4,12,47,Half2,MaSourceTypeOfficialScoring,FOOTBALL_XFL_2023_4_1_DC@ORL,,QBStat,140,2302028-DC-at-ORL,767,767,767,12:47,8,,,0.0,DC,ORL,0.0,2,1,2.0,2.0,Home,30,17,30.0,0,21448,21121,,,28,31,1.0,10.0,StatusOfficial,,,,,,,7.0,Home,50.0,2.0,27.0,0:45, ,21427,,,,,,,,,,,,,,,,,,,,,,0,0.0,0.0,0.0,0.0,0.0
2023,FOOTBALL_XFL_2023_4_1_DC@ORL,DC,8,ORL,4,outdoors,353,1680394913.0,73313,2023-04-01 20:21:53.000000,EventFootballPass,2-3-ORL 23 (12:27) 10 J. Ta'amu pass to 18 A. Ellis to ORL 15 for 8 yards (22 M. Elam),,True,4,12,27,Half2,MaSourceTypeOfficialScoring,FOOTBALL_XFL_2023_4_1_DC@ORL,,QBStat,141,2302028-DC-at-ORL,747,747,747,12:27,8,,,0.0,DC,ORL,0.0,2,1,2.0,2.0,Home,23,17,23.0,0,20444,,,,28,31,2.0,3.0,StatusOfficial,ResultPassComplete,,,,22296,20448,8.0,Home,50.0,3.0,35.0,1:03, ,,,,,,,,,,,,,,,,,,,,,,,0,0.0,0.0,0.0,0.0,0.0
2023,FOOTBALL_XFL_2023_4_1_DC@ORL,DC,8,ORL,4,outdoors,355,1680394933.0,73333,2023-04-01 20:22:13.000000,EventFootballRush,1-10-ORL 15 (12:06) 23 R. Armstead rush to ORL 15 for 0 yards (34 N. Coe),,True,4,12,6,Half2,MaSourceTypeOfficialScoring,FOOTBALL_XFL_2023_4_1_DC@ORL,,QBStat,142,2302028-DC-at-ORL,726,726,726,12:06,8,,,0.0,DC,ORL,0.0,2,1,2.0,2.0,Home,15,17,15.0,0,20308,,,,28,31,1.0,10.0,StatusOfficial,,,,,,,0.0,Home,50.0,4.0,35.0,1:20, ,20053,,,,,,,,,,,,,,,,,,,,,,0,0.0,0.0,0.0,0.0,0.0
2023,FOOTBALL_XFL_2023_4_1_DC@ORL,DC,8,ORL,4,outdoors,357,1680394963.0,73363,2023-04-01 20:22:43.000000,EventFootballPass,"2-10-ORL 15 (11:37) 10 J. Ta'amu pass to 11 L. Jackson for 15 yards, TOUCHDOWN",,True,4,11,37,Half2,MaSourceTypeOfficialScoring,FOOTBALL_XFL_2023_4_1_DC@ORL,,QBStat,143,2302028-DC-at-ORL,697,697,697,11:37,8,,,0.0,DC,ORL,0.0,2,1,2.0,2.0,Home,15,17,15.0,0,,,,,28,31,2.0,10.0,StatusOfficial,ResultPassComplete,,,,22296,20766,15.0,Home,50.0,5.0,50.0,1:39,TD,,ScoreTypeTd,,,,,,,,,,,,,,,,,,,,,0,1.0,0.0,0.0,0.0,1.0
2023,FOOTBALL_XFL_2023_4_1_DC@ORL,DC,8,ORL,4,outdoors,359,1680394995.0,73395,2023-04-01 20:23:15.000000,EventFootballPat2PtPass,FROM ORL 5 (11:37) 10 J. Ta'amu 2-pt conversion pass to 18 A. Ellis GOOD,,True,4,11,37,Half2,MaSourceTypeOfficialScoring,FOOTBALL_XFL_2023_4_1_DC@ORL,,QBStat,144,2302028-DC-at-ORL,697,697,697,11:37,8,,,0.0,DC,ORL,0.0,2,1,2.0,2.0,Home,5,17,5.0,0,,,,,34,31,,,StatusOfficial,ResultPassComplete,,,,22296,20448,0.0,,,,,,,,ScoreTypeConv,2.0,,,,,,,,,,,,,,,,,,,,0,0.0,0.0,0.0,0.0,0.0
2023,FOOTBALL_XFL_2023_4_1_DC@ORL,DC,8,ORL,4,outdoors,362,1680395223.0,73623,2023-04-01 20:27:03.000000,EventFootballKickoff,"FROM DC 30 (11:37) 34 M. McCrane kicks 65 yards from DC 30 to end zone, Touchback",,True,4,11,37,Half2,MaSourceTypeOfficialScoring,FOOTBALL_XFL_2023_4_1_DC@ORL,,QBStat,145,2302028-DC-at-ORL,697,697,697,11:37,4,,,1.0,ORL,DC,0.0,2,1,1.0,1.0,Visitor,30,18,30.0,0,,,21028,,36,31,,,StatusOfficial,ResultKickTouchback,,Home,35.0,,,,,,,,,,,,,,,,,,,,,,,,,,,,,,,65.0,0,0.0,0.0,0.0,0.0,0.0
2023,FOOTBALL_XFL_2023_4_1_DC@ORL,DC,8,ORL,4,outdoors,364,1680395271.0,73671,2023-04-01 20:27:51.000000,EventFootballPass,1-10-ORL 35 (11:30) 12 Q. Dormady pass incomplete to 14 C. Rambo,,True,4,11,30,Half2,MaSourceTypeOfficialScoring,FOOTBALL_XFL_2023_4_1_DC@ORL,,QBStat,146,2302028-DC-at-ORL,690,690,690,11:30,4,,,1.0,ORL,DC,0.0,2,1,1.0,1.0,Home,35,18,65.0,0,,,,,36,31,1.0,10.0,StatusOfficial,ResultPassIncomplete,,,,20407,22018,,Home,35.0,1.0,,0:12, ,,,,,,,,,,,,,,,,,,,,,,,0,0.0,0.0,0.0,0.0,0.0
2023,FOOTBALL_XFL_2023_4_1_DC@ORL,DC,8,ORL,4,outdoors,366,1680395308.0,73708,2023-04-01 20:28:28.000000,EventFootballRush,"2-10-ORL 35 (10:53) 26 D. Darrington rush to ORL 35 for 0 yards (39 S. Ramirez, 95 J. Owens)",,True,4,10,53,Half2,MaSourceTypeOfficialScoring,FOOTBALL_XFL_2023_4_1_DC@ORL,,QBStat,147,2302028-DC-at-ORL,653,653,653,10:53,4,,,1.0,ORL,DC,0.0,2,1,1.0,1.0,Home,35,18,65.0,0,21278,21174,,,36,31,2.0,10.0,StatusOfficial,,,,,,,0.0,Home,35.0,2.0,,1:02, ,20357,,,,,,,,,,,,,,,,,,,,,,0,0.0,0.0,0.0,0.0,0.0
2023,FOOTBALL_XFL_2023_4_1_DC@ORL,DC,8,ORL,4,outdoors,368,1680395349.0,73749,2023-04-01 20:29:09.000000,EventFootballPass,3-10-ORL 35 (10:13) 12 Q. Dormady pass to 83 D. Williams to Midfield for 15 yards QB Hit by 15 M. Joseph (31 C. Lewis),,True,4,10,13,Half2,MaSourceTypeOfficialScoring,FOOTBALL_XFL_2023_4_1_DC@ORL,,QBStat,148,2302028-DC-at-ORL,613,613,613,10:13,4,,,1.0,ORL,DC,0.0,2,1,1.0,1.0,Home,35,18,65.0,0,20951,,,,36,31,3.0,10.0,StatusOfficial,ResultPassComplete,,,,20407,21672,15.0,Home,35.0,3.0,15.0,1:24, ,,,,,,,,,,,,,,,22862,,,,,,,,0,0.0,0.0,0.0,0.0,0.0
2023,FOOTBALL_XFL_2023_4_1_DC@ORL,DC,8,ORL,4,outdoors,370,1680395390.0,73790,2023-04-01 20:29:50.000000,EventFootballPass,1-10-Midfield (10:03) 12 Q. Dormady pass incomplete to 11 C. Latimer Pass Defended by 96 J. Panasiuk,,True,4,10,3,Half2,MaSourceTypeOfficialScoring,FOOTBALL_XFL_2023_4_1_DC@ORL,,QBStat,149,2302028-DC-at-ORL,603,603,603,10:03,4,,,1.0,ORL,DC,0.0,2,1,1.0,1.0,Home,50,18,50.0,0,,,,,36,31,1.0,10.0,StatusOfficial,ResultPassIncomplete,,,,20407,20929,,Home,35.0,4.0,15.0,1:46, ,,,,,,,,,,21182,,,,,,,,,,,,,0,0.0,0.0,0.0,0.0,0.0
2023,FOOTBALL_XFL_2023_4_1_DC@ORL,DC,8,ORL,4,outdoors,372,1680395424.0,73824,2023-04-01 20:30:24.000000,EventFootballPass,2-10-Midfield (9:34) 12 Q. Dormady pass to 17 E. Rogers to DC 44 for 6 yards (5 R. Northrup),,True,4,9,34,Half2,MaSourceTypeOfficialScoring,FOOTBALL_XFL_2023_4_1_DC@ORL,,QBStat,150,2302028-DC-at-ORL,574,574,574,9:34,4,,,1.0,ORL,DC,0.0,2,1,1.0,1.0,Home,50,18,50.0,0,21148,,,,36,31,2.0,10.0,StatusOfficial,ResultPassComplete,,,,20407,22708,6.0,Home,35.0,5.0,21.0,2:23, ,,,,,,,,,,,,,,,,,,,,,,,0,0.0,0.0,0.0,0.0,0.0
2023,FOOTBALL_XFL_2023_4_1_DC@ORL,DC,8,ORL,4,outdoors,374,1680395469.0,73869,2023-04-01 20:31:09.000000,EventFootballPass,"3-4-DC 44 (8:50) 12 Q. Dormady pass to 11 C. Latimer for 44 yards, TOUCHDOWN",,True,4,8,50,Half2,MaSourceTypeOfficialScoring,FOOTBALL_XFL_2023_4_1_DC@ORL,,QBStat,151,2302028-DC-at-ORL,530,530,530,8:50,4,,,1.0,ORL,DC,0.0,2,1,1.0,1.0,Visitor,44,18,44.0,0,,,,,36,31,3.0,4.0,StatusOfficial,ResultPassComplete,,,,20407,20929,44.0,Home,35.0,6.0,65.0,2:47,TD,,ScoreTypeTd,,,,,,,,,,,,,,,,,,,,,0,1.0,0.0,0.0,0.0,1.0
2023,FOOTBALL_XFL_2023_4_1_DC@ORL,DC,8,ORL,4,outdoors,376,1680395617.0,74017,2023-04-01 20:33:37.000000,EventFootballPat2PtPass,FROM DC 5 (8:50) 12 Q. Dormady 2-pt conversion pass to 11 C. Latimer NO GOOD,,True,4,8,50,Half2,MaSourceTypeOfficialScoring,FOOTBALL_XFL_2023_4_1_DC@ORL,,QBStat,152,2302028-DC-at-ORL,530,530,530,8:50,4,,,1.0,ORL,DC,0.0,2,1,1.0,1.0,Visitor,5,18,5.0,0,,,,,36,37,,,StatusOfficial,ResultPassIncomplete,,,,20407,20929,,,,,,,,,,2.0,,,,,,,,,,,,,,,,,,,,0,0.0,0.0,0.0,0.0,0.0
2023,FOOTBALL_XFL_2023_4_1_DC@ORL,DC,8,ORL,4,outdoors,378,1680395645.0,74045,2023-04-01 20:34:05.000000,EventFootballTimeout,FROM ORL 30 (8:50) Timeout by D.C. Defenders at 8:50,,True,4,8,50,Half2,MaSourceTypeOfficialScoring,FOOTBALL_XFL_2023_4_1_DC@ORL,,QBStat,153,2302028-DC-at-ORL,530,530,530,8:50,8,,,0.0,DC,ORL,0.0,2,1,2.0,2.0,Home,30,19,30.0,0,,,,,36,37,,,StatusOfficial,,,,,,,,Home,,,,0:00, ,,,,,,,,,8,,,,,,,,,,,,,,0,0.0,0.0,0.0,0.0,0.0
2023,FOOTBALL_XFL_2023_4_1_DC@ORL,DC,8,ORL,4,outdoors,380,1680395810.0,74210,2023-04-01 20:36:50.000000,EventFootballKickoff,FROM ORL 30 (8:50) 0 J. Borregales kicks from ORL 30. 16 B. Smith to DC 22 for 21 yards (41 J. Gemmel),,True,4,8,50,Half2,MaSourceTypeOfficialScoring,FOOTBALL_XFL_2023_4_1_DC@ORL,,QBStat,154,2302028-DC-at-ORL,530,530,530,8:50,8,,,0.0,DC,ORL,0.0,1,1,1.0,1.0,Home,30,19,30.0,0,20546,,21741,22889,36,37,,,StatusOfficial,ResultKickReturned,21.0,Visitor,22.0,,,,,,,,,,,,,,,,,,,,,,,,,,,,,,,,0,0.0,0.0,0.0,0.0,0.0
2023,FOOTBALL_XFL_2023_4_1_DC@ORL,DC,8,ORL,4,outdoors,385,1680395896.0,74296,2023-04-01 20:38:16.000000,EventFootballRush,"1-10-DC 22 (8:44) 4 A. Smith rush to DC 33 for 11 yards (22 M. Elam, 23 N. Hosein)",,True,4,8,44,Half2,MaSourceTypeOfficialScoring,FOOTBALL_XFL_2023_4_1_DC@ORL,,QBStat,155,2302028-DC-at-ORL,524,524,524,8:44,8,,,0.0,DC,ORL,0.0,1,1,1.0,1.0,Visitor,22,19,78.0,0,20444,20723,,,36,37,1.0,10.0,StatusOfficial,,,,,,,11.0,Visitor,22.0,1.0,11.0,0:30, ,21427,,,,,,,,,,,,,,,,,,,,,,0,0.0,0.0,0.0,0.0,0.0
2023,FOOTBALL_XFL_2023_4_1_DC@ORL,DC,8,ORL,4,outdoors,384,1680395932.0,74332,2023-04-01 20:38:52.000000,EventFootballPass,1-10-DC 33 (8:08) 10 J. Ta'amu pass incomplete to 11 L. Jackson,,True,4,8,8,Half2,MaSourceTypeOfficialScoring,FOOTBALL_XFL_2023_4_1_DC@ORL,,QBStat,156,2302028-DC-at-ORL,488,488,488,8:08,8,,,0.0,DC,ORL,0.0,1,1,1.0,1.0,Visitor,33,19,67.0,0,,,,,36,37,1.0,10.0,StatusOfficial,ResultPassIncomplete,,,,22296,20766,,Visitor,22.0,2.0,11.0,0:42, ,,,,,,,,,,,,,,,,,,,,,,,0,0.0,0.0,0.0,0.0,0.0
2023,FOOTBALL_XFL_2023_4_1_DC@ORL,DC,8,ORL,4,outdoors,387,1680395965.0,74365,2023-04-01 20:39:25.000000,EventFootballRush,"2-10-DC 33 (7:39) 4 A. Smith rush to DC 34 for 1 yard (88 C. Patton, 40 E. Thompson)",,True,4,7,39,Half2,MaSourceTypeOfficialScoring,FOOTBALL_XFL_2023_4_1_DC@ORL,,QBStat,157,2302028-DC-at-ORL,459,459,459,7:39,8,,,0.0,DC,ORL,0.0,1,1,1.0,1.0,Visitor,33,19,67.0,0,22001,21550,,,36,37,2.0,10.0,StatusOfficial,,,,,,,1.0,Visitor,22.0,3.0,12.0,1:26, ,21427,,,,,,,,,,,,,,,,,,,,,,0,0.0,0.0,0.0,0.0,0.0
2023,FOOTBALL_XFL_2023_4_1_DC@ORL,DC,8,ORL,4,outdoors,389,1680396002.0,74402,2023-04-01 20:40:02.000000,EventFootballPass,3-9-DC 34 (7:03) 10 J. Ta'amu pass incomplete to 88 B. Moore-Mckinney Pass Defended by 27 T. Smith,,True,4,7,3,Half2,MaSourceTypeOfficialScoring,FOOTBALL_XFL_2023_4_1_DC@ORL,,QBStat,158,2302028-DC-at-ORL,423,423,423,7:03,8,,,0.0,DC,ORL,0.0,1,1,1.0,1.0,Visitor,34,19,66.0,0,,,,,36,37,3.0,9.0,StatusOfficial,ResultPassIncomplete,,,,22296,21983,,Visitor,22.0,4.0,12.0,1:57, ,,,,,,,,,,21825,,,,,,,,,,,,,0,0.0,0.0,0.0,0.0,0.0
2023,FOOTBALL_XFL_2023_4_1_DC@ORL,DC,8,ORL,4,outdoors,397,1680396044.0,74444,2023-04-01 20:40:44.000000,EventFootballPunt,"4-9-DC 34 (6:25) 19 D. Whelan punts 66 yards from DC 34 to end zone, Touchback PENALTY on Orlando Guardians, 5 yards",,True,4,6,25,Half2,MaSourceTypeOfficialScoring,FOOTBALL_XFL_2023_4_1_DC@ORL,,QBStat,159,2302028-DC-at-ORL,385,385,385,6:25,8,,,0.0,DC,ORL,0.0,1,1,1.0,1.0,Visitor,34,19,66.0,0,,,,,36,37,4.0,9.0,StatusOfficial,ResultKickTouchback,,Home,35.0,,,,Visitor,22.0,4.0,12.0,2:25,PUNT,,,,4,TM,5.0,ResultPenaltyRepeatdown,NA,,,21835,,66.0,,,,,,,,,,1,0.0,0.0,0.0,0.0,0.0
2023,FOOTBALL_XFL_2023_4_1_DC@ORL,DC,8,ORL,4,outdoors,396,1680396130.0,74530,2023-04-01 20:42:10.000000,EventFootballPenalty,"1-10-ORL 30 (6:25) PENALTY on (ORL) 58 J. Spady, 5 yards",,True,4,6,25,Half2,MaSourceTypeOfficialScoring,FOOTBALL_XFL_2023_4_1_DC@ORL,,QBStat,160,2302028-DC-at-ORL,385,385,385,6:25,4,,,1.0,ORL,DC,0.0,1,1,1.0,1.0,Home,30,20,70.0,0,,,,,36,37,1.0,10.0,StatusOfficial,,,,,,,,Home,30.0,,-5.0,0:00, ,,,,4,21461,5.0,ResultPenaltyRepeatdown,NA,,,,,,,,,,,,,,,0,0.0,0.0,0.0,0.0,0.0
2023,FOOTBALL_XFL_2023_4_1_DC@ORL,DC,8,ORL,4,outdoors,404,1680396182.0,74582,2023-04-01 20:43:02.000000,EventFootballPenalty,"1-20-ORL 25 (6:20) PENALTY on (ORL) 58 J. Spady, 5 yards",,True,4,6,20,Half2,MaSourceTypeOfficialScoring,FOOTBALL_XFL_2023_4_1_DC@ORL,,QBStat,161,2302028-DC-at-ORL,380,380,380,6:20,4,,,1.0,ORL,DC,0.0,1,1,1.0,1.0,Home,25,20,75.0,0,,,,,36,37,1.0,20.0,StatusOfficial,,,,,,,,Home,30.0,,-10.0,0:07, ,,,,4,21461,5.0,ResultPenaltyRepeatdown,NA,,,,,,,,,,,,,,,0,0.0,0.0,0.0,0.0,0.0
2023,FOOTBALL_XFL_2023_4_1_DC@ORL,DC,8,ORL,4,outdoors,401,1680396206.0,74606,2023-04-01 20:43:26.000000,EventFootballPass,"1-25-ORL 20 (6:14) 12 Q. Dormady pass to 83 D. Williams to ORL 36 for 16 yards (43 F. Bernard) PENALTY on (DC) 43 F. Bernard, 15 yards",,True,4,6,14,Half2,MaSourceTypeOfficialScoring,FOOTBALL_XFL_2023_4_1_DC@ORL,,QBStat,162,2302028-DC-at-ORL,374,374,374,6:14,4,,,1.0,ORL,DC,0.0,1,1,1.0,1.0,Home,20,20,80.0,0,22329,,,,36,37,1.0,25.0,StatusOfficial,ResultPassComplete,,,,20407,21672,16.0,Home,30.0,1.0,21.0,0:16, ,,,,8,22329,15.0,ResultPenaltyOnkickoffpat,NA,,,,,,,,,,,,,,,0,0.0,0.0,0.0,0.0,0.0
2023,FOOTBALL_XFL_2023_4_1_DC@ORL,DC,8,ORL,4,outdoors,408,1680396259.0,74659,2023-04-01 20:44:19.000000,EventFootballPass,"1-10-DC 49 (6:03) 12 Q. Dormady pass to 83 D. Williams to DC 37 for 12 yards Fumbled by 83 D. Williams,  Forced by 38 N. Rouse Recovered by 15 M. Joseph (38 N. Rouse)",,True,4,6,3,Half2,MaSourceTypeOfficialScoring,FOOTBALL_XFL_2023_4_1_DC@ORL,,QBStat,163,2302028-DC-at-ORL,363,363,363,6:03,4,,,1.0,ORL,DC,0.0,1,1,1.0,1.0,Visitor,49,20,49.0,0,21350,,,,36,37,1.0,10.0,StatusOfficial,ResultPassComplete,,Visitor,38.0,20407,21672,12.0,Home,30.0,2.0,32.0,0:22,FUMBLE,,,,,,,,,,,,,,,,,4,21672,8,22862,21350,,0,0.0,0.0,0.0,0.0,0.0
2023,FOOTBALL_XFL_2023_4_1_DC@ORL,DC,8,ORL,4,outdoors,407,1680396384.0,74784,2023-04-01 20:46:24.000000,EventFootballRush,"1-10-DC 38 (5:52) 4 A. Smith rush to DC 42 for 4 yards (44 T. Plummer, 88 C. Patton)",,True,4,5,52,Half2,MaSourceTypeOfficialScoring,FOOTBALL_XFL_2023_4_1_DC@ORL,,QBStat,164,2302028-DC-at-ORL,352,352,352,5:52,8,,,0.0,DC,ORL,0.0,1,1,1.0,1.0,Visitor,38,21,62.0,0,21244,22001,,,36,37,1.0,10.0,StatusOfficial,,,,,,,4.0,Visitor,38.0,1.0,4.0,0:17, ,21427,,,,,,,,,,,,,,,,,,,,,,0,0.0,0.0,0.0,0.0,0.0
2023,FOOTBALL_XFL_2023_4_1_DC@ORL,DC,8,ORL,4,outdoors,410,1680396443.0,74843,2023-04-01 20:47:23.000000,EventFootballPass,2-6-DC 42 (5:22) 10 J. Ta'amu pass to 16 B. Smith to ORL 42 for 16 yards (27 T. Smith),,True,4,5,22,Half2,MaSourceTypeOfficialScoring,FOOTBALL_XFL_2023_4_1_DC@ORL,,QBStat,165,2302028-DC-at-ORL,322,322,322,5:22,8,,,0.0,DC,ORL,0.0,1,1,1.0,1.0,Visitor,42,21,58.0,0,21825,,,,36,37,2.0,6.0,StatusOfficial,ResultPassComplete,,,,22296,22889,16.0,Visitor,38.0,2.0,20.0,0:49, ,,,,,,,,,,,,,,,,,,,,,,,0,0.0,0.0,0.0,0.0,0.0
2023,FOOTBALL_XFL_2023_4_1_DC@ORL,DC,8,ORL,4,outdoors,412,1680396463.0,74863,2023-04-01 20:47:43.000000,EventFootballPass,"1-10-ORL 42 (5:02) 10 J. Ta'amu pass to 16 B. Smith to ORL 39 for 3 yards (41 J. Gemmel, 27 T. Smith)",,True,4,5,2,Half2,MaSourceTypeOfficialScoring,FOOTBALL_XFL_2023_4_1_DC@ORL,,QBStat,166,2302028-DC-at-ORL,302,302,302,5:02,8,,,0.0,DC,ORL,0.0,1,1,1.0,1.0,Home,42,21,42.0,0,20546,21825,,,36,37,1.0,10.0,StatusOfficial,ResultPassComplete,,,,22296,22889,3.0,Visitor,38.0,3.0,23.0,1:06, ,,,,,,,,,,,,,,,,,,,,,,,0,0.0,0.0,0.0,0.0,0.0
2023,FOOTBALL_XFL_2023_4_1_DC@ORL,DC,8,ORL,4,outdoors,414,1680396491.0,74891,2023-04-01 20:48:11.000000,EventFootballPass,2-7-ORL 39 (4:37) 10 J. Ta'amu pass to 88 B. Moore-Mckinney to ORL 33 for 6 yards (21 S. Wiggins),,True,4,4,37,Half2,MaSourceTypeOfficialScoring,FOOTBALL_XFL_2023_4_1_DC@ORL,,QBStat,167,2302028-DC-at-ORL,277,277,277,4:37,8,,,0.0,DC,ORL,0.0,1,1,1.0,1.0,Home,39,21,39.0,0,21664,,,,36,37,2.0,7.0,StatusOfficial,ResultPassComplete,,,,22296,21983,6.0,Visitor,38.0,4.0,29.0,1:36, ,,,,,,,,,,,,,,,,,,,,,,,0,0.0,0.0,0.0,0.0,0.0
2023,FOOTBALL_XFL_2023_4_1_DC@ORL,DC,8,ORL,4,outdoors,523,1680396515.0,74915,2023-04-01 20:48:35.000000,EventFootballRush,"3-1-ORL 33 (4:13) 4 A. Smith rush to ORL 23 for 10 yards Fumbled by 4 A. Smith,  Forced by 9 G. Willis Recovered by 9 G. Willis (9 G. Willis)",,True,4,4,13,Half2,MaSourceTypeOfficialScoring,FOOTBALL_XFL_2023_4_1_DC@ORL,,QBStat,168,2302028-DC-at-ORL,253,253,253,4:13,8,,,0.0,DC,ORL,0.0,1,1,1.0,1.0,Home,33,21,33.0,0,21696,,,,36,37,3.0,1.0,StatusOfficial,,,Home,23.0,,,10.0,Visitor,38.0,5.0,39.0,1:50,FUMBLE,21427,,,,,,,,,,,,,,,,8,21427,4,21696,21696,,0,0.0,0.0,0.0,0.0,0.0
2023,FOOTBALL_XFL_2023_4_1_DC@ORL,DC,8,ORL,4,outdoors,418,1680396608.0,75008,2023-04-01 20:50:08.000000,EventFootballRush,1-10-ORL 23 (3:43) 26 D. Darrington rush to ORL 26 for 3 yards (5 R. Northrup),,True,4,3,43,Half2,MaSourceTypeOfficialScoring,FOOTBALL_XFL_2023_4_1_DC@ORL,,QBStat,169,2302028-DC-at-ORL,223,223,223,3:43,4,,,1.0,ORL,DC,0.0,1,1,1.0,1.0,Home,23,22,77.0,0,21148,,,,36,37,1.0,10.0,StatusOfficial,,,,,,,3.0,Home,23.0,1.0,3.0,0:23, ,20357,,,,,,,,,,,,,,,,,,,,,,0,0.0,0.0,0.0,0.0,0.0
2023,FOOTBALL_XFL_2023_4_1_DC@ORL,DC,8,ORL,4,outdoors,421,1680396648.0,75048,2023-04-01 20:50:48.000000,EventFootballRush,2-7-ORL 26 (3:03) 26 D. Darrington rush to ORL 27 for 1 yard (17 D. Bellamy),,True,4,3,3,Half2,MaSourceTypeOfficialScoring,FOOTBALL_XFL_2023_4_1_DC@ORL,,QBStat,170,2302028-DC-at-ORL,183,183,183,3:03,4,,,1.0,ORL,DC,0.0,1,1,1.0,1.0,Home,26,22,74.0,0,22416,,,,36,37,2.0,7.0,StatusOfficial,,,,,,,1.0,Home,23.0,2.0,4.0,0:58, ,20357,,,,,,,,,,,,,,,,,,,,,,0,0.0,0.0,0.0,0.0,0.0
2023,FOOTBALL_XFL_2023_4_1_DC@ORL,DC,8,ORL,4,outdoors,425,1680396688.0,75088,2023-04-01 20:51:28.000000,EventFootballPass,"3-6-ORL 27 (2:22) 12 Q. Dormady pass to 11 C. Latimer to ORL 35 for 8 yards (39 S. Ramirez, 26 D. Neal)",,True,4,2,22,Half2,MaSourceTypeOfficialScoring,FOOTBALL_XFL_2023_4_1_DC@ORL,,QBStat,171,2302028-DC-at-ORL,142,142,142,2:22,4,,,1.0,ORL,DC,0.0,1,1,1.0,1.0,Home,27,22,73.0,0,21278,21133,,,36,37,3.0,6.0,StatusOfficial,ResultPassComplete,,,,20407,20929,8.0,Home,23.0,3.0,12.0,1:46, ,,,,,,,,,,,,,,,,,,,,,,,0,0.0,0.0,0.0,0.0,0.0
2023,FOOTBALL_XFL_2023_4_1_DC@ORL,DC,8,ORL,4,outdoors,427,1680396918.0,75318,2023-04-01 20:55:18.000000,EventFootballRush,1-10-ORL 35 (1:56) 26 D. Darrington rush to ORL 39 for 4 yards (96 J. Panasiuk),,True,4,1,56,Half2,MaSourceTypeOfficialScoring,FOOTBALL_XFL_2023_4_1_DC@ORL,,QBStat,172,2302028-DC-at-ORL,116,116,116,1:56,4,,,1.0,ORL,DC,0.0,1,1,1.0,1.0,Home,35,22,65.0,0,21182,,,,36,37,1.0,10.0,StatusOfficial,,,,,,,4.0,Home,23.0,4.0,16.0,1:51, ,20357,,,,,,,,,,,,,,,,,,,,,,0,0.0,0.0,0.0,0.0,0.0
2023,FOOTBALL_XFL_2023_4_1_DC@ORL,DC,8,ORL,4,outdoors,429,1680396935.0,75335,2023-04-01 20:55:35.000000,EventFootballTimeout,2-6-ORL 39 (1:55) Timeout by D.C. Defenders at 1:55,,True,4,1,55,Half2,MaSourceTypeOfficialScoring,FOOTBALL_XFL_2023_4_1_DC@ORL,,QBStat,173,2302028-DC-at-ORL,115,115,115,1:55,4,,,1.0,ORL,DC,0.0,1,1,1.0,1.0,Home,39,22,61.0,0,,,,,36,37,2.0,6.0,StatusOfficial,,,,,,,,Home,23.0,4.0,16.0,1:51, ,,,,,,,,,8,,,,,,,,,,,,,,0,0.0,0.0,0.0,0.0,0.0
2023,FOOTBALL_XFL_2023_4_1_DC@ORL,DC,8,ORL,4,outdoors,431,1680396983.0,75383,2023-04-01 20:56:23.000000,EventFootballRush,2-6-ORL 39 (1:52) 26 D. Darrington rush to ORL 41 for 2 yards (6 F. Brown),,True,4,1,52,Half2,MaSourceTypeOfficialScoring,FOOTBALL_XFL_2023_4_1_DC@ORL,,QBStat,174,2302028-DC-at-ORL,112,112,112,1:52,4,,,1.0,ORL,DC,0.0,0,1,1.0,1.0,Home,39,22,61.0,0,20201,,,,36,37,2.0,6.0,StatusOfficial,,,,,,,2.0,Home,23.0,5.0,18.0,2:06, ,20357,,,,,,,,,,,,,,,,,,,,,,0,0.0,0.0,0.0,0.0,0.0
2023,FOOTBALL_XFL_2023_4_1_DC@ORL,DC,8,ORL,4,outdoors,433,1680397032.0,75432,2023-04-01 20:57:12.000000,EventFootballSack,3-4-ORL 41 (1:04) 12 Q. Dormady sacked at ORL 38 for -3 yards (6 F. Brown),,True,4,1,4,Half2,MaSourceTypeOfficialScoring,FOOTBALL_XFL_2023_4_1_DC@ORL,,QBStat,175,2302028-DC-at-ORL,64,64,64,1:04,4,,,1.0,ORL,DC,0.0,0,1,1.0,1.0,Home,41,22,59.0,0,,,,,36,37,3.0,4.0,StatusOfficial,,,,,20407,,-3.0,Home,23.0,6.0,15.0,3:08, ,,,,,,,,,,,,,,,,20201,,,,,,,0,0.0,0.0,0.0,0.0,0.0
2023,FOOTBALL_XFL_2023_4_1_DC@ORL,DC,8,ORL,4,outdoors,436,1680397081.0,75481,2023-04-01 20:58:01.000000,EventFootballTimeout,4-7-ORL 38 (0:30) Timeout by Orlando Guardians at 0:30,,True,4,0,30,Half2,MaSourceTypeOfficialScoring,FOOTBALL_XFL_2023_4_1_DC@ORL,,QBStat,176,2302028-DC-at-ORL,30,30,30,0:30,4,,,1.0,ORL,DC,0.0,0,1,1.0,1.0,Home,38,22,62.0,0,,,,,36,37,4.0,7.0,StatusOfficial,,,,,,,,Home,23.0,6.0,15.0,3:16, ,,,,,,,,,4,,,,,,,,,,,,,,0,0.0,0.0,0.0,0.0,0.0
2023,FOOTBALL_XFL_2023_4_1_DC@ORL,DC,8,ORL,4,outdoors,438,1680397122.0,75522,2023-04-01 20:58:42.000000,EventFootballPunt,4-7-ORL 38 (0:30) 19 M. Brown punts 44 yards from ORL 38 to DC 18. 0 J. Hammond to DC 23 for 5 yards (48 J. Blakely),,True,4,0,30,Half2,MaSourceTypeOfficialScoring,FOOTBALL_XFL_2023_4_1_DC@ORL,,QBStat,177,2302028-DC-at-ORL,30,30,30,0:30,4,,,1.0,ORL,DC,0.0,0,0,0.0,0.0,Home,38,22,62.0,0,20134,,,,36,37,4.0,7.0,StatusOfficial,ResultKickReturned,,Visitor,23.0,,,,Home,23.0,6.0,15.0,3:43,PUNT,,,,,,,,,,,20208,20618,44.0,5.0,,,,,,,,,1,0.0,0.0,0.0,0.0,0.0
2023,FOOTBALL_XFL_2023_4_1_DC@ORL,DC,8,ORL,4,outdoors,443,1680397203.0,75603,2023-04-01 21:00:03.000000,EventFootballPass,1-10-DC 23 (0:15) 10 J. Ta'amu pass to 1 C. Blair to DC 42 for 19 yards (41 J. Gemmel),,True,4,0,15,Half2,MaSourceTypeOfficialScoring,FOOTBALL_XFL_2023_4_1_DC@ORL,,QBStat,178,2302028-DC-at-ORL,15,15,15,0:15,8,,,0.0,DC,ORL,0.0,0,0,0.0,0.0,Visitor,23,23,77.0,0,20546,,,,36,37,1.0,10.0,StatusOfficial,ResultPassComplete,,,,22296,20133,19.0,Visitor,23.0,1.0,18.0,0:07, ,,,,,,,,,,,,,,,,,,,,,,,0,0.0,0.0,0.0,0.0,0.0
2023,FOOTBALL_XFL_2023_4_1_DC@ORL,DC,8,ORL,4,outdoors,452,1680397215.0,75615,2023-04-01 21:00:15.000000,EventFootballPass,1-10-DC 42 (0:13) 10 J. Ta'amu pass incomplete,,True,4,0,13,Half2,MaSourceTypeOfficialScoring,FOOTBALL_XFL_2023_4_1_DC@ORL,,QBStat,179,2302028-DC-at-ORL,13,13,13,0:13,8,,,0.0,DC,ORL,0.0,0,0,0.0,0.0,Visitor,42,23,58.0,0,,,,,36,37,1.0,10.0,StatusOfficial,ResultPassIncomplete,,,,22296,,,Visitor,23.0,2.0,18.0,0:07, ,,,,,,,,,,,,,,,,,,,,,,,0,0.0,0.0,0.0,0.0,0.0
2023,FOOTBALL_XFL_2023_4_1_DC@ORL,DC,8,ORL,4,outdoors,445,1680397255.0,75655,2023-04-01 21:00:55.000000,EventFootballRush,2-10-DC 42 (0:06) 10 J. Ta'amu rush to ORL 45 for 13 yards (44 T. Plummer),,True,4,0,6,Half2,MaSourceTypeOfficialScoring,FOOTBALL_XFL_2023_4_1_DC@ORL,,QBStat,180,2302028-DC-at-ORL,6,6,6,0:06,8,,,0.0,DC,ORL,0.0,0,0,0.0,0.0,Visitor,42,23,58.0,0,21244,,,,36,37,2.0,10.0,StatusOfficial,,,,,,,13.0,Visitor,23.0,3.0,32.0,0:16, ,22296,,,,,,,,,,,,,,,,,,,,,,0,0.0,0.0,0.0,0.0,0.0
2023,FOOTBALL_XFL_2023_4_1_DC@ORL,DC,8,ORL,4,outdoors,447,1680397268.0,75668,2023-04-01 21:01:08.000000,EventFootballPass,1-10-ORL 45 (0:04) 10 J. Ta'amu pass incomplete,,True,4,0,4,Half2,MaSourceTypeOfficialScoring,FOOTBALL_XFL_2023_4_1_DC@ORL,,QBStat,181,2302028-DC-at-ORL,4,4,4,0:04,8,,,0.0,DC,ORL,0.0,0,0,0.0,0.0,Home,45,23,45.0,0,,,,,36,37,1.0,10.0,StatusOfficial,ResultPassIncomplete,,,,22296,,,Visitor,23.0,4.0,32.0,0:16, ,,,,,,,,,,,,,,,,,,,,,,,0,0.0,0.0,0.0,0.0,0.0
2023,FOOTBALL_XFL_2023_4_1_DC@ORL,DC,8,ORL,4,outdoors,521,1680397289.0,75689,2023-04-01 21:01:29.000000,EventFootballFg,2-10-ORL 45 (0:04) 34 M. McCrane 63 yard field goal is NO GOOD,,True,4,0,4,Half2,MaSourceTypeOfficialScoring,FOOTBALL_XFL_2023_4_1_DC@ORL,,QBStat,182,2302028-DC-at-ORL,4,4,4,0:04,8,,,0.0,DC,ORL,0.0,0,0,0.0,0.0,Home,45,23,45.0,0,,,21028,,36,37,2.0,10.0,StatusOfficial,ResultKickMissed,,,,,,63.0,Visitor,23.0,5.0,32.0,0:26,MISSED FG,,,,,,,,,,,,,,,,,,,,,,,0,0.0,0.0,0.0,0.0,0.0
2023,FOOTBALL_XFL_2023_4_1_DC@ORL,DC,8,ORL,4,outdoors,451,1680397312.7031195,,2023-04-01 21:01:52.703120,EventEnd,Game End Marker,,True,4,0,0,Half2,MaSourceTypeOfficialScoring,FOOTBALL_XFL_2023_4_1_DC@ORL,,QBStat,10020,2302028-DC-at-ORL,0,0,0,0:00,4,,,1.0,ORL,DC,0.0,0,0,0.0,0.0,Visitor,47,24,47.0,0,,,,,36,37,1.0,10.0,,,,,,,,,,,,,,,,,,,,,,,,,,,,,,,,,,,,,0,0.0,0.0,0.0,0.0,0.0
2023,FOOTBALL_XFL_2023_4_1_DC@ORL,DC,8,ORL,4,outdoors,524,1680644969.55862,,2023-04-04 17:49:29.558620,EventOfficial,Game Official Marker,,True,4,0,0,Half2,MaSourceTypeOfficialScoring,FOOTBALL_XFL_2023_4_1_DC@ORL,,QBStat,10025,2302028-DC-at-ORL,0,0,0,0:00,4,,,1.0,ORL,DC,0.0,0,0,0.0,0.0,Visitor,47,24,47.0,0,,,,,36,37,1.0,10.0,,,,,,,,,,,,,,,,,,,,,,,,,,,,,,,,,,,,,0,0.0,0.0,0.0,0.0,0.0
