Season,OfficialID,JerseyNum,FirstName,LastName,LastNameSuffix,Position,PositionLongName,NAbbrev,Height,DOB,POB,Hometown,Country,CountryCode,Nickname,InjuryStatus,InjuryDesc,Headshot,Initials,TeamId,Affiliate,CloudHeadshotURL,SquadId,College,LeagueStatus
2023,20017,42,Otaro,Alaka,,LB,,O. Alaka,6030,1996-05-18,,,,,,,,,,1,,https://res.cloudinary.com/xfl-production/image/upload/v1668132138/xfl-prod/headshots/Otaro_Alaka_20017.png,,Texas A&M,Active
2023,20041,14,Kevin,Anderson,,QB,,K. Anderson,6007,1994-09-14,,,,,,,,,,1,,https://res.cloudinary.com/xfl-production/image/upload/v1668132138/xfl-prod/headshots/Kevin_Anderson_20041.png,,Fordham,Active
2023,20050,19,Brandon,Arconado,,WR,,B. Arconado,5116,1997-08-08,,,,,,,,,,1,,https://res.cloudinary.com/xfl-production/image/upload/v1668132138/xfl-prod/headshots/Brandon_Arconado_20050.png,,Washington St,Active
2023,20089,72,T.J.,Barnes,,DL,,T. Barnes,6062,1990-06-14,,,,,,,,,,1,,,,Georgia Tech,Active
2023,20099,41,De Vante,Bausby,,DB,,D. Bausby,6005,1993-01-15,,,,,,,,,,1,,,,Pittsburg St-Ks,Active
2023,20123,88,Shaun,Beyer,,TE,,S. Beyer,6047,1996-11-11,,,,,,,,,,1,,https://res.cloudinary.com/xfl-production/image/upload/v1668132138/xfl-prod/headshots/Shaun_Beyer_20123.png,,Iowa,Active
2023,20212,29,Shakur,Brown,,DB,,S. Brown,5096,1999-04-01,,,,,,,,,,1,,,,Michigan St,Active
2023,20270,22,Jamal,Carter,,DB,,J. Carter,6007,1994-04-12,,,,,,,,,,1,,,,Miami-Fl,Active
2023,20296,45,Will,Clarke,,DL,,W. Clarke,6061,1991-05-04,,,,,,,,,,1,,,,West Virginia,Active
2023,20331,58,Doug,Costin,,DL,,D. Costin,6020,1997-10-05,,,,,,,,,,1,,https://res.cloudinary.com/xfl-production/image/upload/v1668132138/xfl-prod/headshots/Doug_Costin_20331.png,,Miami-Oh,Active
2023,20448,15,Alex,Ellis,,TE,,A. Ellis,6044,1993-02-10,,,,,,,,,,1,,https://res.cloudinary.com/xfl-production/image/upload/v1668132138/xfl-prod/headshots/Alex_Ellis_20448.png,,Tennessee,Active
2023,20496,64,Brian,Folkerts,,OL,,B. Folkerts,6035,1990-01-30,,,,,,,,,,1,,https://res.cloudinary.com/xfl-production/image/upload/v1668132138/xfl-prod/headshots/Brian_Folkerts_20496.png,,Washburn,Active
2023,20502,23,Keith,Ford,,RB,,K. Ford,5101,,,,,,,,,,,1,,,,Texas A&M,Active
2023,20589,37,Nasir,Greer,,DB,,N. Greer,6006,,,,,,,,,,,1,,https://res.cloudinary.com/xfl-production/image/upload/v1668132138/xfl-prod/headshots/Nasir_Greer_20589.png,,Wake Forest,Reserve List
2023,20654,28,Josh,Hawkins,,DB,,J. Hawkins,5104,1993-01-23,,,,,,,,,,1,,https://res.cloudinary.com/xfl-production/image/upload/v1668132138/xfl-prod/headshots/Josh_Hawkins_20654.png,,East Carolina,Active
2023,20693,5,Will,Hill,,DB,,W. Hill,6006,1990-03-07,,,,,,,,,,1,,https://res.cloudinary.com/xfl-production/image/upload/v1668132138/xfl-prod/headshots/Will_Hill_20693.png,,Florida,Active
2023,20722,70,Mike,Horton,,OL,,M. Horton,6032,1996-10-07,,,,,,,,,,1,,https://res.cloudinary.com/xfl-production/image/upload/v1668132138/xfl-prod/headshots/Mike_Horton_20722.png,,Auburn,Active
2023,20735,56,Cameron,Hunt,,OL,,C. Hunt,6037,1994-12-17,,,,,,,,,,1,,,,Oregon,Active
2023,20889,12,Adrian,Killins,,RB,,A. Killins,5073,1998-01-02,,,,,,,,,,1,,https://res.cloudinary.com/xfl-production/image/upload/v1668132138/xfl-prod/headshots/Adrian_Killins_20889.png,,Central Florida,Active
2023,20891,0,Marquette,King,,ST,,M. King,6001,1988-10-26,,,,,,,,,,1,,https://res.cloudinary.com/xfl-production/image/upload/v1668132138/xfl-prod/headshots/Marquette_King_20891.png,,Fort Valley St,Active
2023,20919,6,Davonte,Lambert,,DL,,D. Lambert,6014,1994-06-23,,,,,,,,,,1,,https://res.cloudinary.com/xfl-production/image/upload/v1668132138/xfl-prod/headshots/Davonte_Lambert_20919.png,,Auburn,Active
2023,20931,48,Tomasi,Laulile,,DL,,T. Laulile,6026,1995-05-22,,,,,,,,,,1,,,,Brigham Young,Active
2023,20944,,Jessie,Lemonier,,LB,,J. Lemonier,6016,1997-01-31,,,,,,,,,,1,,,,Liberty,Reserve List
2023,21040,55,Garrett,McGhin,,OL,,G. McGhin,6061,1994-10-13,,,,,,,,,,1,,,,East Carolina,Active
2023,21094,77,George,Moore,,OL,,G. Moore,6056,,,,,,,,,,,1,,https://res.cloudinary.com/xfl-production/image/upload/v1668132138/xfl-prod/headshots/George_Moore_21094.png,,Oregon,Active
2023,21129,3,Flynn,Nagel,,WR,,F. Nagel,5112,,,,,,,,,,,1,,https://res.cloudinary.com/xfl-production/image/upload/v1668132138/xfl-prod/headshots/Flynn_Nagel_21129.png,,Northwestern,Reserve List
2023,21142,,Robert,Nelson,,DB,,R. Nelson,5094,1990-02-16,,,,,,,,,,1,,,,Arizona St,Reserve List
2023,21243,9,Drew,Plitt,,QB,,D. Plitt,6022,,,,,,,,,,,1,,,,Ball St,Active
2023,21251,4,Joe,Powell,,DB,,J. Powell,6001,1994-02-25,,,,,,,,,,1,,https://res.cloudinary.com/xfl-production/image/upload/v1668132138/xfl-prod/headshots/Joe_Powell_21251.png,,Globe JC,Active
2023,21318,30,Edmond,Robinson,,LB,,E. Robinson,6025,1992-02-23,,,,,,,,,,1,,https://res.cloudinary.com/xfl-production/image/upload/v1668132138/xfl-prod/headshots/Edmond_Robinson_21318.png,,Newberry,Active
2023,21359,1,Taylor,Russolino,,ST,,T. Russolino,5110,1989-05-23,,,,,,,,,,1,,https://res.cloudinary.com/xfl-production/image/upload/v1668132138/xfl-prod/headshots/Taylor_Russolino_21359.png,,Millsaps,Active
2023,21379,36,Colin,Schooler,,LB,,C. Schooler,5116,,,,,,,,,,,1,,,,Texas Tech,Active
2023,21426,17,Jordan,Smallwood,,WR,,J. Smallwood,6010,1995-01-18,,,,,,,,,,1,,https://res.cloudinary.com/xfl-production/image/upload/v1668132138/xfl-prod/headshots/Jordan_Smallwood_21426.png,,Oklahoma,Active
2023,21479,68,Jake,Stetz,,OL,,J. Stetz,6025,1998-05-30,,,,,,,,,,1,,https://res.cloudinary.com/xfl-production/image/upload/v1668132138/xfl-prod/headshots/Jake_Stetz_21479.png,,Boise St,Active
2023,21497,11,Jacorey,Sullivan,,WR,,J. Sullivan,6012,,,,,,,,,,,1,,,,Central Michigan,Reserve List
2023,21707,11,Lujuan,Winningham,,WR,,L. Winningham,6030,,,,,,,,,,,1,,,,Central Arkansas,Active
2023,21798,21,Cre'Von,LeBlanc,,DB,,C. LeBlanc,5097,1994-07-25,,,,,,,,,,1,,,,Florida Atlantic,Active
2023,21845,73,Willie,Beavers,,OL,,W. Beavers,6045,1993-10-02,,,,,,,,,,1,,,,Western Michigan,Active
2023,21861,,T.J.,Green,,DB,,T. Green,6024,1995-03-15,,,,,,,,,,1,,,,Clemson,Reserve List
2023,21876,18,Isaac,Nauta,,TE,,I. Nauta,6032,1997-05-21,,,,,,,,,,1,,https://res.cloudinary.com/xfl-production/image/upload/v1668132138/xfl-prod/headshots/Isaac_Nauta_21876.png,,Georgia,Reserve List
2023,21884,10,Kyle,Sloter,,QB,,K. Sloter,6046,1994-02-07,,,,,,,,,,1,,https://res.cloudinary.com/xfl-production/image/upload/v1668132138/xfl-prod/headshots/Kyle_Sloter_21884.png,,Northern Colorado,Active
2023,21902,,Chad,Williams,,WR,,C. Williams,6005,1994-10-19,,,,,,,,,,1,,,,Grambling,Reserve List
2023,21903,,Dexter,Williams,,RB,,D. Williams,5111,1997-01-06,,,,,,,,,,1,,,,Notre Dame,Reserve List
2023,21906,84,Dominick,Wood-Anderson,,TE,,D. Wood-Anderson,6035,,,,,,,,,,,1,,,,Tennessee,Reserve List
2023,21913,51,Aaron,Adeoye,,DL,,A. Adeoye,6060,1993-08-26,,,,,,,,,,1,,,,Southeast Missouri St,Active
2023,21922,71,Josiah,Coatney,,DL,,J. Coatney,6033,1996-01-04,,,,,,,,,,1,,https://res.cloudinary.com/xfl-production/image/upload/v1668132138/xfl-prod/headshots/Josiah_Coatney_21922.png,,Mississippi,Active
2023,21942,,Delonte,Hood,,DB,,D. Hood,5112,,,,,,,,,,,1,,,,Peru St,Reserve List
2023,21959,,Debione,Renfro,,DB,,D. Renfro,6010,1999-01-19,,,,,,,,,,1,,https://res.cloudinary.com/xfl-production/image/upload/v1668132138/xfl-prod/headshots/Debione_Renfro_21959.png,,Texas A&M,Reserve List
2023,22000,49,Antonio,Ortiz,,ST,,A. Ortiz,6037,,,,,,,,,,,1,,,,Texas Christian,Active
2023,22010,90,Bruce,Hector,,DL,,B. Hector,6022,1994-10-07,,,,,,,,,,1,,,,South Florida,Active
2023,22014,8,Sean,Modster,,WR,,S. Modster,5106,1995-11-13,,,,,,,,,,1,,,,Boise St,Active
2023,22024,52,Isaiah,Graham-Mobley,,LB,,I. Graham-Mobley,6010,,,,,,,,,,,1,,,,Boston College,Active
2023,22030,80,Sal,Cannella,,TE,,S. Cannella,6045,1996-12-02,,,,,,,,,,1,,,,Auburn,Active
2023,22302,24,Darren,Evans,,DB,,D. Evans,6022,,,,,,,,,,,1,,,,Louisiana St,Active
2023,22305,2,Deveon,Smith,,RB,,D. Smith,5112,1994-11-08,,,,,,,,,,1,,,,Michigan,Active
2023,22326,81,Nate,Becker,,TE,,N. Becker,6047,1996-03-24,,,,,,,,,,1,,,,Miami-Oh,Active
2023,22363,85,Tyler,Vaughns,,WR,,T. Vaughns,6020,1997-06-01,,,,,,,,,,1,,,,USC,Active
2023,22375,50,Willie,Taylor,,LB,,W. Taylor,6026,,,,,,,,,,,1,,,,Eastern Kentucky,Active
2023,22529,16,Rannell,Hall,,DB,,R. Hall,6010,,,,,,,,,,,1,,,,Central Florida,Active
2023,22675,18,Donald,Payne,,LB,,D. Payne,6000,,,,,,,,,,,1,,,,Stetson,Active
2023,22718,79,Teton,Saltes,,OL,,T. Saltes,6050,,,,,,,,,,,1,,,,New Mexico,Active
2023,22837,81,Kameron,Brown,,WR,,K. Brown,6023,,,,,,,,,,,1,,,,Coastal Carolina,Reserve List
2023,22877,25,Jordan,Miller,,DB,,J. Miller,6007,,,,,,,,,,,1,,,,Washington,Active
2023,22886,53,Darnell,Sankey,,LB,,D. Sankey,6010,,,,,,,,,,,1,,,,Cal St-Sacramento,Active
2023,20029,21,Joshua,Allen,,DB,,J. Allen,5113,1996-11-08,,,,,,,,,,8,,https://res.cloudinary.com/xfl-production/image/upload/v1668132138/xfl-prod/headshots/Joshua_Allen_20029.png,,Miami-Oh,Active
2023,20045,41,Jesse,Aniebonam,,DL,,J. Aniebonam,6035,,,,,,,,,,,8,,https://res.cloudinary.com/xfl-production/image/upload/v1668132138/xfl-prod/headshots/Jesse_Aniebonam_20045.png,,Maryland,Reserve List
2023,20053,23,Ryquell,Armstead,,RB,,R. Armstead,5110,1996-10-30,,,,,,,,,,8,,,,Temple,Active
2023,20094,80,Trae,Barry,,ST,,T. Barry,6060,,,,,,,,,,,8,,https://res.cloudinary.com/xfl-production/image/upload/v1668132138/xfl-prod/headshots/Trae_Barry_20094.png,,Boston College,Active
2023,20133,1,Chris,Blair,,WR,,C. Blair,6020,,,,,,,,,,,8,,,,Alcorn St,Active
2023,20180,29,Kentrell,Brice,,DB,,K. Brice,5110,1994-08-11,,,,,,,,,,8,,,,Louisiana Tech,Active
2023,20189,20,Jamal,Brooks,,LB,,J. Brooks,6010,,,,,,,,,,,8,,https://res.cloudinary.com/xfl-production/image/upload/v1668132138/xfl-prod/headshots/Jamal_Brooks_20189.png,,South Alabama,Active
2023,20201,6,Fadol,Brown,,DL,,F. Brown,6040,1993-04-15,,,,,,,,,,8,,https://res.cloudinary.com/xfl-production/image/upload/v1668132138/xfl-prod/headshots/Fadol_Brown_20201.png,,Mississippi,Active
2023,20257,81,K.D.,Cannon,,WR,,K. Cannon,5110,1995-11-05,,,,,,,,,,8,,,,Baylor,Reserve List
2023,20277,,Tyler,Catalina,,OL,,T. Catalina,6035,1993-01-24,,,,,,,,,,8,,,,Georgia,Reserve List
2023,20298,66,Ty,Clary,,OL,,T. Clary,6040,,,,,,,,,,,8,,,,Arkansas,Active
2023,20319,67,Cody,Conway,,OL,,C. Conway,6060,1996-07-09,,,,,,,,,,8,,https://res.cloudinary.com/xfl-production/image/upload/v1668132138/xfl-prod/headshots/Cody_Conway_20319.png,,Syracuse,Active
2023,20327,69,Sam,Cooper,,OL,,S. Cooper,6014,,,,,,,,,,,8,,,,Merrimack,Reserve List
2023,20419,2,Eric,Dungey,,QB,,E. Dungey,6040,1996-06-12,,,,,,,,,,8,,https://res.cloudinary.com/xfl-production/image/upload/v1668132138/xfl-prod/headshots/Eric_Dungey_20419.png,,Syracuse,Active
2023,20474,92,Jazz,Ferguson,,WR,,J. Ferguson,6045,1997-01-12,,,,,,,,,,8,,https://res.cloudinary.com/xfl-production/image/upload/v1668132138/xfl-prod/headshots/Jazz_Ferguson_20474.png,,Northwestern St,Reserve List
2023,20480,92,Malik,Fisher,,DL,,M. Fisher,6034,1999-01-28,,,,,,,,,,8,,https://res.cloudinary.com/xfl-production/image/upload/v1668132138/xfl-prod/headshots/Malik_Fisher_20480.png,,Villanova,Active
2023,20503,77,Liam,Fornadel,,OL,,L. Fornadel,6040,,,,,,,,,,,8,,https://res.cloudinary.com/xfl-production/image/upload/v1668132138/xfl-prod/headshots/Liam_Fornadel_20503.png,,James Madison,Active
2023,20618,0,Josh,Hammond,,WR,,J. Hammond,6001,1998-07-24,,,,,,,,,,8,,https://res.cloudinary.com/xfl-production/image/upload/v1668132138/xfl-prod/headshots/Josh_Hammond_20618.png,,Florida,Active
2023,20699,57,Anthony,Hines,,LB,,A. Hines,6030,,,,,,,,,,,8,,,,Texas A&M,Active
2023,20766,11,Lucky,Jackson,,WR,,L. Jackson,6000,1997-07-17,,,,,,,,,,8,,,,Western Kentucky,Active
2023,20873,24,Anthoula,Kelly,,DB,,A. Kelly,5090,1996-01-28,,,,,,,,,,8,,https://res.cloudinary.com/xfl-production/image/upload/v1668132138/xfl-prod/headshots/Anthoula_Kelly_20873.png,,Fresno St,Active
2023,20951,31,Cameron,Lewis,,DB,,C. Lewis,6003,,,,,,,,,,,8,,https://res.cloudinary.com/xfl-production/image/upload/v1668132138/xfl-prod/headshots/Cameron_Lewis_20951.png,,Louisiana St,Active
2023,20966,,Greg,Long,,OL,,G. Long,6034,,,,,,,,,,,8,,,,Purdue,Reserve List
2023,20982,51,Michael,Maietti,,OL,,M. Maietti,6010,,,,,,,,,,,8,,,,Missouri,Active
2023,21028,34,Matthew,McCrane,,ST,,M. McCrane,5100,1994-09-08,,,,,,,,,,8,,https://res.cloudinary.com/xfl-production/image/upload/v1668132138/xfl-prod/headshots/Matthew_Mccrane_21028.png,,Kansas St,Active
2023,21080,48,Andre,Mintze,,LB,,A. Mintze,6030,,,,,,,,,,,8,,,,Vanderbilt,Active
2023,21114,,Parnell,Motley,,DB,,P. Motley,6001,1997-10-28,,,,,,,,,,8,,https://res.cloudinary.com/xfl-production/image/upload/v1668132138/xfl-prod/headshots/Parnell_Motley_21114.png,,Oklahoma,Reserve List
2023,21132,98,Dame,Ndiaye,,DL,,D. Ndiaye,6040,1992-04-13,,,,,,,,,,8,,,,Portland St,Reserve List
2023,21133,26,Dejuan,Neal,,DB,,D. Neal,6000,1996-08-05,,,,,,,,,,8,,https://res.cloudinary.com/xfl-production/image/upload/v1668132138/xfl-prod/headshots/Dejuan_Neal_21133.png,,Shepherd,Active
2023,21148,5,Reggie,Northrup,,LB,,R. Northrup,6010,1993-10-17,,,,,,,,,,8,,https://res.cloudinary.com/xfl-production/image/upload/v1668132138/xfl-prod/headshots/Reggie_Northrup_21148.png,,Florida St,Active
2023,21174,95,Jarrell,Owens,,DL,,J. Owens,6030,1994-10-11,,,,,,,,,,8,,,,Oklahoma St,Active
2023,21182,96,Jacub,Panasiuk,,DL,,J. Panasiuk,6040,,,,,,,,,,,8,,,,Michigan St,Active
2023,21229,28,Artavis,Pierce,,RB,,A. Pierce,5110,1996-05-17,,,,,,,,,,8,,https://res.cloudinary.com/xfl-production/image/upload/v1668132138/xfl-prod/headshots/Artavis_Pierce_21229.png,,Oregon St,Active
2023,21278,39,Santos,Ramirez,,DB,,S. Ramirez,6020,,,,,,,,,,,8,,https://res.cloudinary.com/xfl-production/image/upload/v1668132138/xfl-prod/headshots/Santos_Ramirez_21278.png,,Arkansas,Active
2023,21350,38,Nydair,Rouse,,DB,,N. Rouse,6000,1995-07-13,,,,,,,,,,8,,https://res.cloudinary.com/xfl-production/image/upload/v1668132138/xfl-prod/headshots/Nydair_Rouse_21350.png,,West Chester,Active
2023,21360,9,K.J.,Sails,,DB,,K. Sails,5110,1997-05-02,,,,,,,,,,8,,https://res.cloudinary.com/xfl-production/image/upload/v1668132138/xfl-prod/headshots/KJ_Sails_21360.png,,South Florida,Active
2023,21387,90,Niles,Scott,,DL,,N. Scott,6011,1995-09-30,,,,,,,,,,8,,,,Frostburg St,Reserve List
2023,21427,4,Abram,Smith,,RB,,A. Smith,5110,,,,,,,,,,,8,,https://res.cloudinary.com/xfl-production/image/upload/v1668132138/xfl-prod/headshots/Abram_Smith_21427.png,,Baylor,Active
2023,21482,,Ardarius,Stewart,,WR,,A. Stewart,5111,1993-12-08,,,,,,,,,,8,,,,Alabama,Reserve List
2023,21490,72,T.J.,Storment,,OL,,T. Storment,6070,,,,,,,,,,,8,,,,Texas Tech,Active
2023,21564,91,Tariqious,Tisdale,,DL,,T. Tisdale,6047,,,,,,,,,,,8,,https://res.cloudinary.com/xfl-production/image/upload/v1668132138/xfl-prod/headshots/Tariqious_Tisdale_21564.png,,Mississippi,Reserve List
2023,21594,90,Markell,Utsey,,DL,,M. Utsey,6040,,,,,,,,,,,8,,,,Arkansas,Reserve List
2023,21621,62,Dwayne,Wallace,,OL,,D. Wallace,6050,,,,,,,,,,,8,,https://res.cloudinary.com/xfl-production/image/upload/v1668132138/xfl-prod/headshots/Dwayne_Wallace_21621.png,,Kansas,Reserve List
2023,21623,99,Joseph,Wallace,,DL,,J. Wallace,6010,,,,,,,,,,,8,,,,Sam Houston St,Active
2023,21676,,Jordan,Williams,,DL,,J. Williams,6043,1999-02-12,,,,,,,,,,8,,,,Virginia Tech,Reserve List
2023,21685,8,Pooka,Williams,,WR,,P. Williams,5100,,,,,,,,,,,8,,,,Kansas,Active
2023,21711,82,Ethan,Wolf,,TE,,E. Wolf,6060,1995-11-07,,,,,,,,,,8,,https://res.cloudinary.com/xfl-production/image/upload/v1668132138/xfl-prod/headshots/Ethan_Wolf_21711.png,,Tennessee,Active
2023,21720,98,Gabe,Wright,,DL,,G. Wright,6026,1992-04-03,,,,,,,,,,8,,,,Auburn,Active
2023,21751,22,Travon,Fuller,,DB,,T. Fuller,6010,,,,,,,,,,,8,,https://res.cloudinary.com/xfl-production/image/upload/v1668132138/xfl-prod/headshots/Travon_Fuller_21751.png,,Tulsa,Active
2023,21835,19,Daniel,Whelan,,ST,,D. Whelan,6060,,,,,,,,,,,8,,https://res.cloudinary.com/xfl-production/image/upload/v1668132138/xfl-prod/headshots/Daniel_Whelan_21835.png,,Cal-Davis,Active
2023,21864,,Holton,Hill,,DB,,H. Hill,6022,1997-03-28,,,,,,,,,,8,,https://res.cloudinary.com/xfl-production/image/upload/v1668132138/xfl-prod/headshots/Holton_Hill_21864.png,,Texas,Reserve List
2023,21888,73,Rod,Taylor,,OL,,R. Taylor,6030,,,,,,,,,,,8,,,,Mississippi,Active
2023,21933,12,Jequez,Ezzard,,WR,,J. Ezzard,5100,,,,,,,,,,,8,,https://res.cloudinary.com/xfl-production/image/upload/v1668132138/xfl-prod/headshots/Jequez_Ezzard_21933.png,,Sam Houston St,Active
2023,21935,27,Ferrod,Gardner,,LB,,F. Gardner,6010,,,,,,,,,,,8,,https://res.cloudinary.com/xfl-production/image/upload/v1668132138/xfl-prod/headshots/Ferrod_Gardner_21935.png,,Louisiana-Lafayette,Active
2023,21980,78,D'Marcus,Hayes,,OL,,D. Hayes,6000,,,,,,,,,,,8,,https://res.cloudinary.com/xfl-production/image/upload/v1668132138/xfl-prod/headshots/Dmarcus_Hayes_21980.png,,Georgia,Active
2023,21981,3,Deriq,King,,QB,,D. King,5090,,,,,,,,,,,8,,https://res.cloudinary.com/xfl-production/image/upload/v1668132138/xfl-prod/headshots/Deriq_King_21981.png,,Miami-Fl,Active
2023,21983,88,Briley,Moore-Mckinney,,TE,,B. Moore-Mckinney,6040,,,,,,,,,,,8,,https://res.cloudinary.com/xfl-production/image/upload/v1668132138/xfl-prod/headshots/Briley_Moore-Mckinney_21983.png,,Kansas St,Active
2023,22003,,Kahale,Warring,,TE,,K. Warring,6051,1997-03-23,,,,,,,,,,8,,,,San Diego St,Reserve List
2023,22296,10,Jordan,Ta'amu,,QB,,J. Ta'amu,6030,1997-12-10,,,,,,,,,,8,,,,Mississippi,Active
2023,22318,63,Liam,Ryan,,OL,,L. Ryan,6050,1997-10-29,,,,,,,,,,8,,,,Washington St,Active
2023,22329,43,Francis,Bernard,,LB,,F. Bernard,6010,1995-04-08,,,,,,,,,,8,,,,Utah,Active
2023,22342,16,Chad,Hansen,,WR,,C. Hansen,6017,1995-01-18,,,,,,,,,,8,,,,California,Active
2023,22356,97,Caraun,Reid,,DL,,C. Reid,6021,1991-11-23,,,,,,,,,,8,,,,Princeton,Active
2023,22416,17,Davin,Bellamy,,DL,,D. Bellamy,6050,,,,,,,,,,,8,,,,Georgia,Active
2023,22855,53,Kyle,Murphy,,OL,,K. Murphy,6060,,,,,,,,,,,8,,,,Stanford,Active
2023,22862,15,Michael,Joseph,,DB,,M. Joseph,6000,,,,,,,,,,,8,,,,Dubuque,Active
2023,22880,81,Josh,Malone,,WR,,J. Malone,6026,,,,,,,,,,,8,,,,Tennessee,Active
2023,20033,26,Brycen,Alleyne,,RB,,B. Alleyne,5054,,,,,,,,,,,2,,https://res.cloudinary.com/xfl-production/image/upload/v1668132138/xfl-prod/headshots/Brycen_Alleyne_20033.png,,Delaware St,Active
2023,20067,90,Josh,Avery,,DL,,J. Avery,6040,1996-03-16,,,,,,,,,,2,,https://res.cloudinary.com/xfl-production/image/upload/v1668132138/xfl-prod/headshots/Josh_Avery_20067.png,,Southeast Missouri St,Reserve List
2023,20107,11,Tavante,Beckett,,LB,,T. Beckett,5100,1997-10-21,,,,,,,,,,2,,https://res.cloudinary.com/xfl-production/image/upload/v1668132138/xfl-prod/headshots/Tavante_Beckett_20107.png,,Marshall,Active
2023,20149,22,Max,Borghi,,RB,,M. Borghi,5093,,,,,,,,,,,2,,,,Washington St,Active
2023,20188,,Ellis,Brooks,,LB,,E. Brooks,6013,,,,,,,,,,,2,,https://res.cloudinary.com/xfl-production/image/upload/v1668132138/xfl-prod/headshots/Ellis_Brooks_20188.png,,Penn St,Reserve List
2023,20229,1,Deontay,Burnett,,WR,,D. Burnett,5115,1997-10-04,,,,,,,,,,2,,https://res.cloudinary.com/xfl-production/image/upload/v1668132138/xfl-prod/headshots/Deontay_Burnett_20229.png,,USC,Active
2023,20241,2,Cedric,Byrd,,WR,,C. Byrd,5093,,,,,,,,,,,2,,https://res.cloudinary.com/xfl-production/image/upload/v1668132138/xfl-prod/headshots/Cedric_Byrd_20241.png,,Hawaii,Active
2023,20280,73,Tommy,Champion,,OL,,T. Champion,6046,1997-03-04,,,,,,,,,,2,,,,Mississippi St,Active
2023,20350,45,John,Daka,,LB,,J. Daka,6020,1997-12-07,,,,,,,,,,2,,,,James Madison,Active
2023,20368,23,Sean,Davis,,DB,,S. Davis,6010,1993-10-23,,,,,,,,,,2,,,,Maryland,Active
2023,20424,8,Hunter,Duplessis,,ST,,H. Duplessis,5084,,,,,,,,,,,2,,,,TX-San Antonio,Active
2023,20437,90,Austin,Edwards,,DL,,A. Edwards,6030,1997-08-27,,,,,,,,,,2,,https://res.cloudinary.com/xfl-production/image/upload/v1668132138/xfl-prod/headshots/Austin_Edwards_20437.png,,Ferris St,Reserve List
2023,20443,53,Duke,Ejiofor,,LB,,D. Ejiofor,6033,1995-04-24,,,,,,,,,,2,,https://res.cloudinary.com/xfl-production/image/upload/v1668132138/xfl-prod/headshots/Duke_Ejiofor_20443.png,,Wake Forest,Active
2023,20445,5,Kaleb,Eleby,,QB,,K. Eleby,6006,2000-03-13,,,,,,,,,,2,,https://res.cloudinary.com/xfl-production/image/upload/v1668132138/xfl-prod/headshots/Kaleb_Eleby_20445.png,,Western Michigan,Active
2023,20633,3,Ajene,Harris,,DB,,A. Harris,5101,1996-06-02,,,,,,,,,,2,,https://res.cloudinary.com/xfl-production/image/upload/v1668132138/xfl-prod/headshots/Ajene_Harris_20633.png,,USC,Active
2023,20642,6,Travell,Harris,,WR,,T. Harris,5075,,,,,,,,,,,2,,https://res.cloudinary.com/xfl-production/image/upload/v1668132138/xfl-prod/headshots/Travell_Harris_20642.png,,Washington St,Active
2023,20675,29,A.J.,Hendy,,DB,,A. Hendy,6005,1993-04-08,,,,,,,,,,2,,,,Maryland,Active
2023,20707,9,Nick,Holley,,WR,,N. Holley,5097,1994-12-05,,,,,,,,,,2,,https://res.cloudinary.com/xfl-production/image/upload/v1668132138/xfl-prod/headshots/Nick_Holley_20707.png,,Kent St,Active
2023,20801,17,Deandre,Johnson,,LB,,D. Johnson,6024,,,,,,,,,,,2,,https://res.cloudinary.com/xfl-production/image/upload/v1668132138/xfl-prod/headshots/Deandre_Johnson_20801.png,,Miami-Fl,Active
2023,20885,42,Brian,Khoury,,ST,,B. Khoury,6025,,,,,,,,,,,2,,https://res.cloudinary.com/xfl-production/image/upload/v1668132138/xfl-prod/headshots/Brian_Khoury_20885.png,,Carnegie-Mellon,Active
2023,20896,13,Jontre,Kirklin,,WR,,J. Kirklin,5115,,,,,,,,,,,2,,,,Louisiana St,Active
2023,20940,34,Dejoun,Lee,,RB,,D. Lee,5060,1997-03-14,,,,,,,,,,2,,https://res.cloudinary.com/xfl-production/image/upload/v1668132138/xfl-prod/headshots/Dejoun_Lee_20940.png,,Delaware,Active
2023,20989,50,Chauncey,Manac,,LB,,C. Manac,6027,,,,,,,,,,,2,,https://res.cloudinary.com/xfl-production/image/upload/v1668132138/xfl-prod/headshots/Chauncey_Manac_20989.png,,Louisiana-Lafayette,Reserve List
2023,21004,99,Trevon,Mason,,DL,,T. Mason,6055,,,,,,,,,,,2,,https://res.cloudinary.com/xfl-production/image/upload/v1668132138/xfl-prod/headshots/Trevon_Mason_21004.png,,Arizona,Active
2023,21087,55,Alex,Mollette,,OL,,A. Mollette,6021,,,,,,,,,,,2,,,,Marshall,Active
2023,21108,18,Jordan,Mosley,,DB,,J. Mosley,6000,,,,,,,,,,,2,,https://res.cloudinary.com/xfl-production/image/upload/v1668132138/xfl-prod/headshots/Jordan_Mosley_21108.png,,Maryland,Active
2023,21125,94,Scean,Mustin,,DL,,S. Mustin,6013,,,,,,,,,,,2,,,,Sam Houston St,Reserve List
2023,21138,19,Aaron,Nelson,,WR,,A. Nelson,6000,,,,,,,,,,,2,,https://res.cloudinary.com/xfl-production/image/upload/v1668132138/xfl-prod/headshots/Aaron_Nelson_21138.png,,Delaware Valley,Active
2023,21173,21,Garrett,Owens,,TE,,G. Owens,6026,,,,,,,,,,,2,,https://res.cloudinary.com/xfl-production/image/upload/v1668132138/xfl-prod/headshots/Garrett_Owens_21173.png,,Duquesne,Active
2023,21189,56,Dareuan,Parker,,OL,,D. Parker,6047,1998-07-24,,,,,,,,,,2,,https://res.cloudinary.com/xfl-production/image/upload/v1668132138/xfl-prod/headshots/Dareuan_Parker_21189.png,,Mississippi St,Active
2023,21193,78,Dylan,Pasquali,,OL,,D. Pasquali,6042,,,,,,,,,,,2,,https://res.cloudinary.com/xfl-production/image/upload/v1668132138/xfl-prod/headshots/Dylan_Pasquali_21193.png,,Ferris St,Active
2023,21248,46,Race,Porter,,ST,,R. Porter,6021,1998-02-08,,,,,,,,,,2,,https://res.cloudinary.com/xfl-production/image/upload/v1668132138/xfl-prod/headshots/Race_Porter_21248.png,,Washington,Active
2023,21266,80,Ben,Putman,,WR,,B. Putman,5086,,,,,,,,,,,2,,https://res.cloudinary.com/xfl-production/image/upload/v1668132138/xfl-prod/headshots/Ben_Putman_21266.png,,Nevada,Active
2023,21441,10,Justin,Smith,,WR,,J. Smith,6006,,,,,,,,,,,2,,https://res.cloudinary.com/xfl-production/image/upload/v1668132138/xfl-prod/headshots/Justin_Smith_21441.png,,Norfolk St,Active
2023,21456,64,Jack,Snyder,,OL,,J. Snyder,6050,,,,,,,,,,,2,,https://res.cloudinary.com/xfl-production/image/upload/v1668132138/xfl-prod/headshots/Jack_Snyder_21456.png,,San Jose St,Active
2023,21471,,James,Stanley,,OL,,J. Stanley,6044,,,,,,,,,,,2,,https://res.cloudinary.com/xfl-production/image/upload/v1668132138/xfl-prod/headshots/James_Stanley_21471.png,,Hampton,Reserve List
2023,21536,16,Raleigh,Texada,,DB,,R. Texada,5102,,,,,,,,,,,2,,https://res.cloudinary.com/xfl-production/image/upload/v1668132138/xfl-prod/headshots/Raleigh_Texada_21536.png,,Baylor,Active
2023,21548,91,Warren,Thomas,,LB,,W. Thomas,6025,,,,,,,,,,,2,,,,Midland Lutheran,Reserve List
2023,21567,,Kevin,Toliver,,DB,,K. Toliver,6016,1995-11-24,,,,,,,,,,2,,https://res.cloudinary.com/xfl-production/image/upload/v1668132138/xfl-prod/headshots/Kevin_Toliver_21567.png,,Louisiana St,Reserve List
2023,21609,0,Kary,Vincent,,DB,,K. Vincent,5096,1999-02-27,,,,,,,,,,2,,,,Louisiana St,Active
2023,21628,89,Tim,Ward,,DL,,T. Ward,6053,1997-08-11,,,,,,,,,,2,,https://res.cloudinary.com/xfl-production/image/upload/v1668132138/xfl-prod/headshots/Tim_Ward_21628.png,,Old Dominion,Active
2023,21820,47,Chauncey,Rivers,,LB,,C. Rivers,6020,1997-06-12,,,,,,,,,,2,,,,Mississippi St,Active
2023,21848,25,John,Brannon,,DB,,J. Brannon,6003,1998-03-10,,,,,,,,,,2,,https://res.cloudinary.com/xfl-production/image/upload/v1668132138/xfl-prod/headshots/John_Brannon_21848.png,,Western Carolina,Active
2023,21857,52,Emmanuel,Ellerbee,,LB,,E. Ellerbee,6006,1996-11-20,,,,,,,,,,2,,,,Rice,Active
2023,21932,,Jalen,Elliott,,DB,,J. Elliott,6003,1998-07-07,,,,,,,,,,2,,https://res.cloudinary.com/xfl-production/image/upload/v1668132138/xfl-prod/headshots/Jalen_Elliott_21932.png,,Notre Dame,Reserve List
2023,21946,97,Glen,Logan,,DL,,G. Logan,6026,,,,,,,,,,,2,,https://res.cloudinary.com/xfl-production/image/upload/v1668132138/xfl-prod/headshots/Glen_Logan_21946.png,,Louisiana St,Active
2023,21952,,Shaquille,Morris,,OL,,S. Morris,6075,1994-02-23,,,,,,,,,,2,,,,Witchita State,Reserve List
2023,21955,19,Sewo,Olonilua,,RB,,S. Olonilua,6025,1997-11-27,,,,,,,,,,2,,,,Texas Christian,Reserve List
2023,21982,14,Cole,McDonald,,QB,,C. McDonald,6031,1998-05-20,,,,,,,,,,2,,,,Hawaii,Active
2023,21984,12,Brandon,Silvers,,QB,,B. Silvers,6023,,,,,,,,,,,2,,https://res.cloudinary.com/xfl-production/image/upload/v1668132138/xfl-prod/headshots/Brandon_Silvers_21984.png,,Troy,Active
2023,21989,98,C. J.,Brewer,,DL,,C. Brewer,6016,,,,,,,,,,,2,,,,Coastal Carolina,Active
2023,21998,65,Desmond,Noel,,OL,,D. Noel,6036,,,,,,,,,,,2,,,,Florida Atlantic,Active
2023,22032,24,Alexander,Myres,,DB,,A. Myres,5096,1996-04-20,,,,,,,,,,2,,,,Houston,Active
2023,22290,12,Kurt,Benkert,,QB,,K. Benkert,6025,1995-07-17,,,,,,,,,,2,,,,Virginia,Reserve List
2023,22299,15,Nate,Wieland,,LB,,N. Wieland,6040,,,,,,,,,,,2,,,,Grand View,Active
2023,22317,49,Derick,Roberson,,DL,,D. Roberson,6027,1995-11-15,,,,,,,,,,2,,,,Sam Houston St,Reserve List
2023,22364,57,Charles,Wiley,,DL,,C. Wiley,6021,,,,,,,,,,,2,,,,TX-San Antonio,Active
2023,22601,30,William,Likely,,DB,,W. Likely,5080,,,,,,,,,,,2,,,,Maryland,Active
2023,22833,70,John,Yarbrough,,OL,,J. Yarbrough,6040,,,,,,,,,,,2,,,,Richmond,Active
2023,22852,76,Sage,Doxtater,,OL,,S. Doxtater,6070,,,,,,,,,,,2,,,,New Mexico St,Active
2023,22854,79,James,Moore,,OL,,J. Moore,6030,,,,,,,,,,,2,,,,Central Washington,Active
2023,22857,33,Trent,Harris,,LB,,T. Harris,6020,,,,,,,,,,,2,,,,Miami-Fl,Active
2023,22872,81,Davion,Davis,,WR,,D. Davis,,,,,,,,,,,,2,,,,Sam Houston St,Active
2023,22875,96,Jack,Heflin,,DL,,J. Heflin,,,,,,,,,,,,2,,,,Iowa,Active
2023,20080,75,Ja'Chai,Baker,,OL,,J. Baker,6056,,,,,,,,,,,4,,https://res.cloudinary.com/xfl-production/image/upload/v1668132138/xfl-prod/headshots/Jachai_Baker_20080.png,,South Alabama,Active
2023,20105,80,Ryan,Becker,,TE,,R. Becker,6044,1997-12-23,,,,,,,,,,4,,https://res.cloudinary.com/xfl-production/image/upload/v1668132138/xfl-prod/headshots/Ryan_Becker_20105.png,,SMU,Active
2023,20134,48,Ja'Quain,Blakely,,DL,,J. Blakely,6013,,,,,,,,,,,4,,https://res.cloudinary.com/xfl-production/image/upload/v1668132138/xfl-prod/headshots/Jaquain_Blakely_20134.png,,Tennessee,Active
2023,20170,78,T.J.,Bradley,,OL,,T. Bradley,6062,,,,,,,,,,,4,,https://res.cloudinary.com/xfl-production/image/upload/v1668132138/xfl-prod/headshots/TJ_Bradley_20170.png,,Maryland,Reserve List
2023,20187,55,DeCalon,Brooks,,LB,,D. Brooks,5095,1999-03-24,,,,,,,,,,4,,https://res.cloudinary.com/xfl-production/image/upload/v1668132138/xfl-prod/headshots/Decalon_Brooks_20187.png,,Florida St,Reserve List
2023,20221,20,Baylen,Buchanan,,DB,,B. Buchanan,5107,1998-06-19,,,,,,,,,,4,,https://res.cloudinary.com/xfl-production/image/upload/v1668132138/xfl-prod/headshots/Baylen_Buchanan_20221.png,,Louisiana Tech,Active
2023,20242,16,Dontez,Byrd,,WR,,D. Byrd,5085,1995-08-09,,,,,,,,,,4,,https://res.cloudinary.com/xfl-production/image/upload/v1668132138/xfl-prod/headshots/Dontez_Byrd_20242.png,,Tennessee Tech,Active
2023,20272,87,Logan,Carter,,TE,,L. Carter,6032,,,,,,,,,,,4,,https://res.cloudinary.com/xfl-production/image/upload/v1668132138/xfl-prod/headshots/Logan_Carter_20272.png,,Oklahoma St,Active
2023,20308,34,Nick,Coe,,DL,,N. Coe,6045,1997-08-12,,,,,,,,,,4,,https://res.cloudinary.com/xfl-production/image/upload/v1668132138/xfl-prod/headshots/Nick_Coe_20308.png,,Auburn,Active
2023,20357,26,Devin,Darrington,,RB,,D. Darrington,5086,,,,,,,,,,,4,,https://res.cloudinary.com/xfl-production/image/upload/v1668132138/xfl-prod/headshots/Devin_Darrington_20357.png,,Virginia,Reserve List
2023,20384,70,Sunday,Deng,,OL,,S. Deng,6055,,,,,,,,,,,4,,,,Northwestern Okla St,Active
2023,20407,12,Quinten,Dormady,,QB,,Q. Dormady,6032,1996-02-19,,,,,,,,,,4,,,,Central Michigan,Active
2023,20444,22,Matt,Elam,,DB,,M. Elam,5097,1991-09-21,,,,,,,,,,4,,https://res.cloudinary.com/xfl-production/image/upload/v1668132138/xfl-prod/headshots/Matt_Elam_20444.png,,Florida,Active
2023,20512,3,Deondre,Francois,,QB,,D. Francois,6015,,,,,,,,,,,4,,,,Hampton,Active
2023,20527,59,Ze'Veyon,Furcron,,OL,,Z. Furcron,5117,,,,,,,,,,,4,,https://res.cloudinary.com/xfl-production/image/upload/v1668132138/xfl-prod/headshots/Zeveyon_Furcron_20527.png,,Southern Illinois,Active
2023,20546,41,Jeremiah,Gemmel,,LB,,J. Gemmel,6006,,,,,,,,,,,4,,,,North Carolina,Active
2023,20599,5,Stephen,Guidry,,WR,,S. Guidry,6030,1997-03-25,,,,,,,,,,4,,,,Mississippi St,Active
2023,20649,25,Josh,Harvey-Clemons,,DL,,J. Harvey-Clemons,6042,1994-02-20,,,,,,,,,,4,,https://res.cloudinary.com/xfl-production/image/upload/v1668132138/xfl-prod/headshots/Josh_Harvey-Clemons_20649.png,,Louisville,Active
2023,20713,1,C.J.,Holmes,,DB,,C. Holmes,5105,,,,,,,,,,,4,,,,Jackson St,Reserve List
2023,20723,23,Najeem,Hosein,,DB,,N. Hosein,6000,,,,,,,,,,,4,,https://res.cloudinary.com/xfl-production/image/upload/v1668132138/xfl-prod/headshots/Najeem_Hosein_20723.png,,Ferris St,Active
2023,20750,65,Jordan,Ighofose,,OL,,J. Ighofose,6027,,,,,,,,,,,4,,,,Grambling,Active
2023,20783,18,Andrew,Jamiel,,WR,,A. Jamiel,5085,,,,,,,,,,,4,,,,Stonehill,Active
2023,20841,36,Jacoby,Jones,,DL,,J. Jones,6023,,,,,,,,,,,4,,,,Texas,Active
2023,20929,11,Cody,Latimer,,TE,,C. Latimer,6024,1992-10-10,,,,,,,,,,4,,,,Indiana,Active
2023,20942,13,Mike,Lee,,DB,,M. Lee,5096,,,,,,,,,,,4,,,,Kansas,Active
2023,20962,,Armond,Lloyd,,DL,,A. Lloyd,6024,,,,,,,,,,,4,,https://res.cloudinary.com/xfl-production/image/upload/v1668132138/xfl-prod/headshots/Armond_Lloyd_20962.png,,Samford,Reserve List
2023,20992,56,Stansly,Maponga,,DL,,S. Maponga,6017,1991-03-05,,,,,,,,,,4,,https://res.cloudinary.com/xfl-production/image/upload/v1668132138/xfl-prod/headshots/Stansly_Maponga_20992.png,,Texas Christian,Active
2023,20997,30,Jah-Maine,Martin,,RB,,J. Martin,5095,,,,,,,,,,,4,,https://res.cloudinary.com/xfl-production/image/upload/v1668132138/xfl-prod/headshots/Jah-Maine_Martin_20997.png,,North Carolina A&T,Active
2023,21121,38,Marcus,Murphy,,DB,,M. Murphy,5112,1998-09-17,,,,,,,,,,4,,,,Mississippi St,Active
2023,21162,49,Emmanuel,Olenga,,DL,,E. Olenga,6040,,,,,,,,,,,4,,https://res.cloudinary.com/xfl-production/image/upload/v1668132138/xfl-prod/headshots/Emmanuel_Olenga_21162.png,,Tennessee St,Active
2023,21179,51,Shawn,Page,,OL,,S. Page,6012,,,,,,,,,,,4,,https://res.cloudinary.com/xfl-production/image/upload/v1668132138/xfl-prod/headshots/Shawn_Page_21179.png,,Merrimack,Reserve List
2023,21244,44,Terrance,Plummer,,LB,,T. Plummer,5113,1990-06-20,,,,,,,,,,4,,https://res.cloudinary.com/xfl-production/image/upload/v1668132138/xfl-prod/headshots/Terrance_Plummer_21244.png,,Central Florida,Active
2023,21333,32,Justin,Rogers,,DB,,J. Rogers,5110,,,,,,,,,,,4,,https://res.cloudinary.com/xfl-production/image/upload/v1668132138/xfl-prod/headshots/Justin_Rogers_21333.png,,UTEP,Active
2023,21365,99,Trevon,Sanders,,DL,,T. Sanders,6010,,,,,,,,,,,4,,https://res.cloudinary.com/xfl-production/image/upload/v1668132138/xfl-prod/headshots/Trevon_Sanders_21365.png,,Troy,Active
2023,21448,8,Terrance,Smith,,LB,,T. Smith,6030,1993-05-03,,,,,,,,,,4,,,,Florida St,Active
2023,21453,4,Maurice,Smitherman,,DB,,M. Smitherman,5091,,,,,,,,,,,4,,https://res.cloudinary.com/xfl-production/image/upload/v1668132138/xfl-prod/headshots/Maurice_Smitherman_21453.png,,Mississippi St,Reserve List
2023,21461,58,Jalen,Spady,,OL,,J. Spady,6020,,,,,,,,,,,4,,https://res.cloudinary.com/xfl-production/image/upload/v1668132138/xfl-prod/headshots/Jalen_Spady_21461.png,,Florida A&M,Active
2023,21514,94,Khristian,Tate,,DL,,K. Tate,5114,,,,,,,,,,,4,,https://res.cloudinary.com/xfl-production/image/upload/v1668132138/xfl-prod/headshots/Khristian_Tate_21514.png,,Georgetown-Dc,Active
2023,21517,24,Roman,Tatum,,DB,,R. Tatum,5082,,,,,,,,,,,4,,https://res.cloudinary.com/xfl-production/image/upload/v1668132138/xfl-prod/headshots/Roman_Tatum_21517.png,,Southern Illinois,Active
2023,21528,28,Kelvin,Taylor,,RB,,K. Taylor,5102,1993-09-28,,,,,,,,,,4,,https://res.cloudinary.com/xfl-production/image/upload/v1668132138/xfl-prod/headshots/Kelvin_Taylor_21528.png,,Florida,Active
2023,21550,40,Erroll,Thompson,,LB,,E. Thompson,6004,1997-10-01,,,,,,,,,,4,,,,Mississippi St,Active
2023,21664,21,Shaquille,Wiggins,,DB,,S. Wiggins,5092,2018-01-08,,,,,,,,,,4,,https://res.cloudinary.com/xfl-production/image/upload/v1668132138/xfl-prod/headshots/Shaquille_Wiggins_21664.png,,Tennessee,Active
2023,21696,9,Gerald,Willis,,DL,,G. Willis,6022,,,,,,,,,,,4,,https://res.cloudinary.com/xfl-production/image/upload/v1668132138/xfl-prod/headshots/Gerald_Willis_21696.png,,Miami-Fl,Active
2023,21741,0,Jose,Borregales,,ST,,J. Borregales,5100,,,,,,,,,,,4,,https://res.cloudinary.com/xfl-production/image/upload/v1668132138/xfl-prod/headshots/Jose_Borregales_21741.png,,Miami-Fl,Active
2023,21891,10,Deddrick,Thomas,,WR,,D. Thomas,5086,,,,,,,,,,,4,,https://res.cloudinary.com/xfl-production/image/upload/v1668132138/xfl-prod/headshots/Deddrick_Thomas_21891.png,,Mississippi St,Active
2023,21895,19,Johnny,Townsend,,ST,,J. Townsend,6010,1995-02-14,,,,,,,,,,4,,,,Florida,Active
2023,21941,31,Lakia,Henry,,LB,,L. Henry,5110,,,,,,,,,,,4,,,,Mississippi,Active
2023,22001,88,Caeveon,Patton,,DL,,C. Patton,6012,,,,,,,,,,,4,,,,Texas St,Active
2023,22005,2,Javaris,Davis,,DB,,J. Davis,5084,1996-12-26,,,,,,,,,,4,,,,Auburn,Active
2023,22018,14,Charleston,Rambo,,WR,,C. Rambo,6005,,,,,,,,,,,4,,,,Miami-Fl,Active
2023,22020,,Dee,Virgin,,DB,,D. Virgin,5092,1993-10-29,,,,,,,,,,4,,,,West Alabama,Reserve List
2023,22021,33,Tyler,Williams,,DB,,T. Williams,6006,,,,,,,,,,,4,,,,Mississippi St,Reserve List
2023,22319,46,Tegray,Scales,,LB,,T. Scales,6003,1996-05-10,,,,,,,,,,4,,,,Indiana,Active
2023,22354,15,Javonta,Payton,,WR,,J. Payton,6003,,,,,,,,,,,4,,,,Tennessee,Active
2023,22414,77,Abdul,Beecham,,OL,,A. Beecham,6030,,,,,,,,,,,4,,,,Kansas St,Active
2023,22590,64,Fred,Lauina,,OL,,F. Lauina,6040,,,,,,,,,,,4,,,,Oregon St,Active
2023,22605,6,Paxton,Lynch,,QB,,P. Lynch,6070,,,,,,,,,,,4,,,,Memphis,Active
2023,22708,17,Eli,Rogers,,WR,,E. Rogers,5100,,,,,,,,,,,4,,,,Louisville,Active
2023,22878,55,David,Moore,,OL,,D. Moore,6020,,,,,,,,,,,4,,,,Grambling,Active
2023,22888,29,Trumaine,Washington,,DB,,T. Washington,5090,,,,,,,,,,,4,,,,Louisville,Active
2023,20008,5,Tenny,Adewusi,,DB,,T. Adewusi,5117,1997-05-13,,,,,,,,,,3,,,,Delaware,Active
2023,20016,82,Landen,Akers,,WR,,L. Akers,5115,1997-07-07,,,,,,,,,,3,,,,Iowa St,Active
2023,20087,1,Luq,Barcoo,,DB,,L. Barcoo,6001,1998-07-27,,,,,,,,,,3,,https://res.cloudinary.com/xfl-production/image/upload/v1668132138/xfl-prod/headshots/Luq_Barcoo_20087.png,,San Diego St,Active
2023,20140,,Bubba,Bolden,,DB,,B. Bolden,6021,,,,,,,,,,,3,,https://res.cloudinary.com/xfl-production/image/upload/v1668132138/xfl-prod/headshots/Bubba_Bolden_20140.png,,Miami-Fl,Reserve List
2023,20142,2,Terrell,Bonds,,DB,,T. Bonds,5084,1996-07-22,,,,,,,,,,3,,https://res.cloudinary.com/xfl-production/image/upload/v1668132138/xfl-prod/headshots/Terrell_Bonds_20142.png,,Tennessee St,Active
2023,20203,6,Fred,Brown,,WR,,F. Brown,6007,1993-12-01,,,,,,,,,,3,,,,Mississippi St,Active
2023,20264,,Owen,Carney,,LB,,O. Carney,6030,,,,,,,,,,,3,,https://res.cloudinary.com/xfl-production/image/upload/v1668132138/xfl-prod/headshots/Owen_Carney_20264.png,,Illinois,Reserve List
2023,20301,16,Jack,Coan,,QB,,J. Coan,6032,,,,,,,,,,,3,,https://res.cloudinary.com/xfl-production/image/upload/v1668132138/xfl-prod/headshots/Jack_Coan_20301.png,,Notre Dame,Active
2023,20304,,Omari,Cobb,,LB,,O. Cobb,6034,1997-05-31,,,,,,,,,,3,,,,Marshall,Reserve List
2023,20362,3,Ben,Davis,,LB,,B. Davis,6034,1997-11-12,,,,,,,,,,3,,https://res.cloudinary.com/xfl-production/image/upload/v1668132138/xfl-prod/headshots/Ben_Davis_20362.png,,Texas,Active
2023,20410,55,Da'Sean,Downey,,LB,,D. Downey,6043,1995-05-01,,,,,,,,,,3,,https://res.cloudinary.com/xfl-production/image/upload/v1668132138/xfl-prod/headshots/De'Sean_Downey_20410.png,,UMass,Active
2023,20414,41,Joel,Dublanko,,LB,,J. Dublanko,6021,,,,,,,,,,,3,,https://res.cloudinary.com/xfl-production/image/upload/v1668132138/xfl-prod/headshots/Joel_Dublanko_20414.png,,Cincinnati,Active
2023,20440,91,Javier,Edwards,,DL,,J. Edwards,6017,,,,,,,,,,,3,,https://res.cloudinary.com/xfl-production/image/upload/v1668132138/xfl-prod/headshots/Javiar_Edwards_20440.png,,Colorado,Active
2023,20567,90,Matthew,Gotel,,DL,,M. Gotel,6016,,,,,,,,,,,3,,https://res.cloudinary.com/xfl-production/image/upload/v1668132138/xfl-prod/headshots/Matthew_Gotel_20567.png,,Webber International,Active
2023,20697,31,Jon,Hilliman,,RB,,J. Hilliman,5113,,,,,,,,,,,3,,,,Rutgers,Active
2023,20733,,Andrzej,Hughes-Murray,,LB,,A. Hughes-Murray,6020,,,,,,,,,,,3,,https://res.cloudinary.com/xfl-production/image/upload/v1668132138/xfl-prod/headshots/Andrzej_Hughes-Murray_20733.png,,Oregon St,Reserve List
2023,20785,40,Riko,Jeffers,,LB,,R. Jeffers,6005,,,,,,,,,,,3,,https://res.cloudinary.com/xfl-production/image/upload/v1668132138/xfl-prod/headshots/Riko_Jeffers_20785.png,,Texas Tech,Active
2023,20856,10,Travis,Jonsen,,WR,,T. Jonsen,6010,1996-10-16,,,,,,,,,,3,,https://res.cloudinary.com/xfl-production/image/upload/v1668132138/xfl-prod/headshots/Travis_Jonsen_20856.png,,Montana St,Active
2023,20862,71,Roubbens,Joseph,,OL,,R. Joseph,6044,1994-12-21,,,,,,,,,,3,,https://res.cloudinary.com/xfl-production/image/upload/v1668132138/xfl-prod/headshots/Roubbens_Joseph_20862.png,,Buffalo,Active
2023,20864,59,Luke,Juriga,,OL,,L. Juriga,6033,1997-06-07,,,,,,,,,,3,,https://res.cloudinary.com/xfl-production/image/upload/v1668132138/xfl-prod/headshots/Luke_Juriga_20864.png,,Western Michigan,Active
2023,20874,74,Derrick,Kelly,,OL,,D. Kelly,6046,1995-08-23,,,,,,,,,,3,,https://res.cloudinary.com/xfl-production/image/upload/v1668132138/xfl-prod/headshots/Derrick_Kelly_20874.png,,Florida St,Active
2023,20901,28,Jack,Koerner,,DB,,J. Koerner,6003,,,,,,,,,,,3,,,,Iowa,Active
2023,20948,66,Kohl,Levao,,OL,,K. Levao,6047,1998-02-21,,,,,,,,,,3,,https://res.cloudinary.com/xfl-production/image/upload/v1668132138/xfl-prod/headshots/Kohl_Levao_20948.png,,Hawaii,Active
2023,21029,63,Jordan,McCray,,OL,,J. McCray,6040,1992-05-31,,,,,,,,,,3,,,,Central Florida,Reserve List
2023,21194,4,Jawon,Pass,,QB,,J. Pass,6041,,,,,,,,,,,3,,https://res.cloudinary.com/xfl-production/image/upload/v1668132138/xfl-prod/headshots/Jawon_Pass_21194.png,,Prairie View A&M,Active
2023,21196,9,Jacques,Patrick,,RB,,J. Patrick,6020,1997-01-07,,,,,,,,,,3,,https://res.cloudinary.com/xfl-production/image/upload/v1668132138/xfl-prod/headshots/Jacques_Patrick_21196.png,,Florida St,Active
2023,21219,86,Jamal,Pettigrew,,TE,,J. Pettigrew,6064,,,,,,,,,,,3,,,,Mcneese St,Active
2023,21258,72,Norman,Price,,OL,,N. Price,6044,1994-08-25,,,,,,,,,,3,,https://res.cloudinary.com/xfl-production/image/upload/v1668132138/xfl-prod/headshots/Norman_Price_21258.png,,Southern Miss,Active
2023,21311,13,Darece,Roberson,,WR,,D. Roberson,5093,1998-07-29,,,,,,,,,,3,,,,Wayne St-Mi,Active
2023,21314,,Gavin,Robertson,,DB,,G. Robertson,6014,,,,,,,,,,,3,,https://res.cloudinary.com/xfl-production/image/upload/v1668132138/xfl-prod/headshots/Gavin_Robertson_21314.png,,Montana,Reserve List
2023,21419,20,Kemah,Siverand,,DB,,K. Siverand,6000,1996-11-12,,,,,,,,,,3,,,,Oklahoma St,Active
2023,21499,47,Rex,Sunahara,,ST,,R. Sunahara,6061,,,,,,,,,,,3,,https://res.cloudinary.com/xfl-production/image/upload/v1668132138/xfl-prod/headshots/Rex_Sunahara_21499.png,,West Virginia,Active
2023,21568,80,Jalen,Tolliver,,WR,,J. Tolliver,6004,1995-12-30,,,,,,,,,,3,,https://res.cloudinary.com/xfl-production/image/upload/v1668132138/xfl-prod/headshots/Jalen_Tolliver_21568.png,,Arkansas-Monticel,Active
2023,21581,12,Calvin,Turner,,WR,,C. Turner,5113,,,,,,,,,,,3,,,,Hawaii,Reserve List
2023,21589,42,Mike,Tverdov,,DL,,M. Tverdov,6036,,,,,,,,,,,3,,https://res.cloudinary.com/xfl-production/image/upload/v1668132138/xfl-prod/headshots/Mike_Tverdov_21589.png,,Rutgers,Active
2023,21706,0,Brad,Wing,,ST,,B. Wing,6023,1991-01-27,,,,,,,,,,3,,https://res.cloudinary.com/xfl-production/image/upload/v1668132138/xfl-prod/headshots/Brad_Wing_21706.png,,Louisiana St,Active
2023,21724,58,Willie,Wright,,OL,,W. Wright,6024,1996-02-25,,,,,,,,,,3,,,,Tulsa,Active
2023,21740,33,Drew,Beesley,,DL,,D. Beesley,6020,,,,,,,,,,,3,,https://res.cloudinary.com/xfl-production/image/upload/v1668132138/xfl-prod/headshots/Drew_Beesley_21740.png,,Michigan St,Active
2023,21761,24,Ryan,Lewis,,DB,,R. Lewis,5105,1994-04-15,,,,,,,,,,3,,https://res.cloudinary.com/xfl-production/image/upload/v1668132138/xfl-prod/headshots/Ryan_Lewis_21761.png,,Pittsburgh,Active
2023,21765,88,Alize,Mack,,TE,,A. Mack,6040,1997-03-29,,,,,,,,,,3,,https://res.cloudinary.com/xfl-production/image/upload/v1668132138/xfl-prod/headshots/Alize_Mack_21765.png,,Notre Dame,Active
2023,21770,,Dylan,Parham,,TE,,D. Parham,6042,,,,,,,,,,,3,,https://res.cloudinary.com/xfl-production/image/upload/v1668132138/xfl-prod/headshots/Dylan_Parham_21770.png,,North Carolina St,Reserve List
2023,21775,23,John Parker,Romo,,ST,,J. Romo,5111,,,,,,,,,,,3,,https://res.cloudinary.com/xfl-production/image/upload/v1668132138/xfl-prod/headshots/John Parker_Romo_21775.png,,Virginia Tech,Active
2023,21898,18,T.J.,Vasher,,WR,,T. Vasher,6055,,,,,,,,,,,3,,,,Texas Tech,Active
2023,21915,35,Ben,Beise,,TE,,B. Beise,6027,,,,,,,,,,,3,,,,WI-River Falls,Active
2023,21954,77,Chidi,Okeke,,OL,,C. Okeke,6060,1996-12-26,,,,,,,,,,3,,,,Tennessee St,Active
2023,21974,15,Jordan,Williams,,LB,,J. Williams,5116,1997-05-26,,,,,,,,,,3,,https://res.cloudinary.com/xfl-production/image/upload/v1668132138/xfl-prod/headshots/Jordan_Williams_21974.png,,Baylor,Active
2023,21992,,Rico,Gafford,,DB,,R. Gafford,5093,1996-05-23,,,,,,,,,,3,,,,Wyoming,Reserve List
2023,22013,97,Julian,McCleod,,DL,,J. McCleod,6011,1997-01-14,,,,,,,,,,3,,,,Wagner,Reserve List
2023,22022,84,Deon,Yelder,,TE,,D. Yelder,6025,1995-03-06,,,,,,,,,,3,,,,Western Kentucky,Active
2023,22023,,Prince,Emili,,DL,,P. Emili,6005,,,,,,,,,,,3,,,,Penn,Reserve List
2023,22028,17,Reid,Sinnett,,QB,,R. Sinnett,6035,1997-02-05,,,,,,,,,,3,,,,San Diego,Active
2023,22034,11,Kalen,Ballage,,RB,,K. Ballage,6015,1995-12-22,,,,,,,,,,3,,,,Arizona St,Active
2023,22376,22,Ranthony,Texada,,DB,,R. Texada,5100,1995-05-16,,,,,,,,,,3,,,,Texas Christian,Active
2023,22379,79,Kai,Absheer,,OL,,K. Absheer,6050,,,,,,,,,,,3,,,,Florida Int,Active
2023,22430,,Cody,Brown,,DB,,C. Brown,,,,,,,,,,,,3,,,,Arkansas St,Reserve List
2023,22463,,Reggie,Corbin,,RB,,R. Corbin,,,,,,,,,,,,3,,,,Illinois,Reserve List
2023,22597,25,Drew,Lewis,,LB,,D. Lewis,6020,1995-09-07,,,,,,,,,,3,,,,Colorado,Active
2023,22610,51,Damien,Mama,,OL,,D. Mama,6030,,,,,,,,,,,3,,,,USC,Active
2023,22681,,Terry,Poole,,OL,,T. Poole,,,,,,,,,,,,3,,,,San Diego St,Reserve List
2023,22726,44,Mike,Scott,,DL,,M. Scott,6050,,,,,,,,,,,3,,,,Oklahoma St,Active
2023,22778,95,Kamilo,Tongamoa,,DL,,K. Tongamoa,6060,,,,,,,,,,,3,,,,Iowa St,Active
2023,22819,21,Sean,Williams,,DB,,S. Williams,6000,,,,,,,,,,,3,,,,Naval Academy,Active
2023,22844,45,Delontae,Scott,,DL,,D. Scott,6044,1997-01-21,,,,,,,,,,3,,,,SMU,Active
2023,22845,,Ty,Shelby,,DL,,T. Shelby,6037,,,,,,,,,,,3,,,,Louisiana-Monroe,Reserve List
2023,22879,50,Kobe,Smith,,DL,,K. Smith,6010,,,,,,,,,,,3,,,,South Carolina,Active
2023,22884,8,Kameron,Kelly,,DB,,K. Kelly,6020,,,,,,,,,,,3,,,,San Diego St,Active
2023,20261,,Jacob,Capra,,OL,,J. Capra,6051,1998-11-02,,,,,,,,,,6,,https://res.cloudinary.com/xfl-production/image/upload/v1668132138/xfl-prod/headshots/Jacob_Capra_20261.png,,San Diego St,Reserve List
2023,20311,32,Qwynnterrio,Cole,,DB,,Q. Cole,6001,,,,,,,,,,,6,,https://res.cloudinary.com/xfl-production/image/upload/v1668132138/xfl-prod/headshots/Qwynnterrio_Cole_20311.png,,Louisville,Active
2023,20367,,Rashard,Davis,,WR,,R. Davis,5081,1995-09-14,,,,,,,,,,6,,https://res.cloudinary.com/xfl-production/image/upload/v1668132138/xfl-prod/headshots/Rashard_Davis_20367.png,,James Madison,Reserve List
2023,20369,24,Shabari,Davis,,DB,,S. Davis,6004,,,,,,,,,,,6,,https://res.cloudinary.com/xfl-production/image/upload/v1668132138/xfl-prod/headshots/Shabari_Davis_20369.png,,Southeast Missouri St,Active
2023,20450,25,Morgan,Ellison,,RB,,M. Ellison,6006,,,,,,,,,,,6,,https://res.cloudinary.com/xfl-production/image/upload/v1668132138/xfl-prod/headshots/Morgan_Ellison_20450.png,,SE Louisiana,Active
2023,20460,26,Jordan,Evans,,LB,,J. Evans,6020,1995-01-27,,,,,,,,,,6,,https://res.cloudinary.com/xfl-production/image/upload/v1668132138/xfl-prod/headshots/Jordan_Evans_20460.png,,Oklahoma,Active
2023,20466,58,Austin,Faoliu,,DL,,A. Faoliu,6031,,,,,,,,,,,6,,,,Oregon,Active
2023,20468,17,Rojesterman,Farris,,DB,,R. Farris,5112,1997-09-11,,,,,,,,,,6,,,,Hawaii,Active
2023,20486,45,Thomas,Fletcher,,ST,,T. Fletcher,6006,,,,,,,,,,,6,,https://res.cloudinary.com/xfl-production/image/upload/v1668132138/xfl-prod/headshots/Thomas_Fletcher_20486.png,,Alabama,Active
2023,20573,65,Paul,Grattan,,OL,,P. Grattan,6036,1997-08-28,,,,,,,,,,6,,https://res.cloudinary.com/xfl-production/image/upload/v1668132138/xfl-prod/headshots/Paul_Grattan_20573.png,,UCLA,Active
2023,20620,19,T.J.,Hammonds,,WR,,T. Hammonds,5093,1998-04-24,,,,,,,,,,6,,,,Arkansas,Active
2023,20760,52,Antwuan,Jackson,,DL,,A. Jackson,6021,,,,,,,,,,,6,,,,Ohio St,Active
2023,20761,80,Blake,Jackson,,WR,,B. Jackson,5112,1994-03-07,,,,,,,,,,6,,https://res.cloudinary.com/xfl-production/image/upload/v1668132138/xfl-prod/headshots/Blake_Jackson_20761.png,,Mary Hardin-Baylor,Active
2023,20794,71,Liam,Jimmons,,OL,,L. Jimmons,6050,,,,,,,,,,,6,,https://res.cloudinary.com/xfl-production/image/upload/v1668132138/xfl-prod/headshots/Liam_Jimmons_20794.png,,USC,Active
2023,20836,5,Chris,Jones,,DB,,C. Jones,5117,1995-08-13,,,,,,,,,,6,,https://res.cloudinary.com/xfl-production/image/upload/v1668132138/xfl-prod/headshots/Chris_Jones_20836.png,,Nebraska,Active
2023,20869,,Kevin,Kassis,,WR,,K. Kassis,5116,,,,,,,,,,,6,,https://res.cloudinary.com/xfl-production/image/upload/v1668132138/xfl-prod/headshots/Kevin_Kassis_20869.png,,Montana St,Reserve List
2023,20878,36,Zafir,Kelly,,DB,,Z. Kelly,5112,,,,,,,,,,,6,,https://res.cloudinary.com/xfl-production/image/upload/v1668132138/xfl-prod/headshots/Zafir_Kelly_20878.png,,South Carolina St,Active
2023,20918,97,Niko,Lalos,,DL,,N. Lalos,6043,1997-06-25,,,,,,,,,,6,,https://res.cloudinary.com/xfl-production/image/upload/v1668132138/xfl-prod/headshots/Niko_Lalos_20918.png,,Dartmouth,Active
2023,21059,72,Michal,Menet,,OL,,M. Menet,6041,1997-08-08,,,,,,,,,,6,,,,Penn St,Active
2023,21091,12,Steven,Montez,,QB,,S. Montez,6040,1997-01-14,,,,,,,,,,6,,https://res.cloudinary.com/xfl-production/image/upload/v1668132138/xfl-prod/headshots/Steven_Montez_21091.png,,Colorado,Active
2023,21172,55,Chris,Owens,,OL,,C. Owens,6025,,,,,,,,,,,6,,https://res.cloudinary.com/xfl-production/image/upload/v1668132138/xfl-prod/headshots/Chris_Owens_21172.png,,Alabama,Active
2023,21178,50,Sama,Paama,,DL,,S. Paama,6040,,,,,,,,,,,6,,https://res.cloudinary.com/xfl-production/image/upload/v1668132138/xfl-prod/headshots/Sama_Paama_21178.png,,Washington,Active
2023,21203,3,Jahcour,Pearson,,WR,,J. Pearson,5073,,,,,,,,,,,6,,https://res.cloudinary.com/xfl-production/image/upload/v1668132138/xfl-prod/headshots/Jahcour_Pearson_21203.png,,Mississippi,Active
2023,21284,13,Jaylon,Redd,,WR,,J. Redd,5082,1998-09-25,,,,,,,,,,6,,https://res.cloudinary.com/xfl-production/image/upload/v1668132138/xfl-prod/headshots/Jaylon_Redd_21284.png,,Oregon,Active
2023,21391,70,Josh,Seltzner,,OL,,J. Seltzner,6045,,,,,,,,,,,6,,,,Wisconsin,Active
2023,21422,51,Tuzar,Skipper,,LB,,T. Skipper,6023,1995-06-05,,,,,,,,,,6,,https://res.cloudinary.com/xfl-production/image/upload/v1668132138/xfl-prod/headshots/Tuzar_Skipper_21422.png,,Toledo,Active
2023,21437,43,Emmanuel,Smith,,LB,,E. Smith,6013,1995-07-25,,,,,,,,,,6,,,,Vanderbilt,Active
2023,21584,90,Julius,Turner,,DL,,J. Turner,5113,,,,,,,,,,,6,,https://res.cloudinary.com/xfl-production/image/upload/v1668132138/xfl-prod/headshots/Julius_Turner_21584.png,,Rutgers,Reserve List
2023,21620,8,Tre,Walker,,LB,,T. Walker,6002,,,,,,,,,,,6,,,,Idaho,Active
2023,21633,,Khalique,Washington,,OL,,K. Washington,6035,,,,,,,,,,,6,,,,Southern Miss,Reserve List
2023,21640,,Curtis,Weaver,,DL,,C. Weaver,6023,1998-08-03,,,,,,,,,,6,,,,Boise St,Reserve List
2023,21649,69,Barry,Wesley,,OL,,B. Wesley,6063,,,,,,,,,,,6,,,,Colorado St,Active
2023,21695,15,Damion,Willis,,WR,,D. Willis,6031,1997-06-20,,,,,,,,,,6,,https://res.cloudinary.com/xfl-production/image/upload/v1668132138/xfl-prod/headshots/Damion_Willis_21695.png,,Troy,Active
2023,21721,16,Mykael,Wright,,DB,,M. Wright,5104,,,,,,,,,,,6,,,,Oregon,Active
2023,21771,81,Joshua,Perkins,,TE,,J. Perkins,6030,1993-08-05,,,,,,,,,,6,,https://res.cloudinary.com/xfl-production/image/upload/v1668132138/xfl-prod/headshots/Joshua_Perkins_21771.png,,Washington,Reserve List
2023,21869,96,Daniel,Joseph,,DL,,D. Joseph,6022,,,,,,,,,,,6,,https://res.cloudinary.com/xfl-production/image/upload/v1668132138/xfl-prod/headshots/Daniel_Joseph_21869.png,,North Carolina St,Active
2023,21871,28,Brenden,Knox,,RB,,B. Knox,5106,1998-10-10,,,,,,,,,,6,,,,Marshall,Active
2023,21875,86,Kelvin,McKnight,,WR,,K. McKnight,5081,1997-04-25,,,,,,,,,,6,,,,Samford,Active
2023,21919,2,Antoine,Brooks,,DB,,A. Brooks,5105,1997-10-28,,,,,,,,,,6,,,,Maryland,Active
2023,21924,,Adam,Coon,,OL,,A. Coon,6050,,,,,,,,,,,6,,,,Michigan,Reserve List
2023,21928,,Julien,Davenport,,OL,,J. Davenport,6066,1995-01-09,,,,,,,,,,6,,,,Bucknell,Reserve List
2023,21939,92,P.J.,Hall,,DL,,P. Hall,6004,1995-04-05,,,,,,,,,,6,,,,Sam Houston St,Active
2023,21963,21,Linden,Stephens,,DB,,L. Stephens,5113,1995-03-21,,,,,,,,,,6,,,,Cincinnati,Active
2023,21967,89,Charlie,Taumoepeau,,TE,,C. Taumoepeau,6022,,,,,,,,,,,6,,,,Portland St,Active
2023,21979,6,Ben,DiNucci,,QB,,B. DiNucci,6005,1996-11-24,,,,,,,,,,6,,,,James Madison,Active
2023,21997,10,Cameron,Nizialek,,ST,,C. Nizialek,6015,,,,,,,,,,,6,,,,Georgia,Active
2023,22016,22,Scottie,Phillips,,RB,,S. Phillips,5080,1997-10-06,,,,,,,,,,6,,,,Mississippi,Reserve List
2023,22017,44,Elijah,Ponder,,LB,,E. Ponder,6015,,,,,,,,,,,6,,,,Cincinnati,Active
2023,22025,93,Treyvon,Hester,,DL,,T. Hester,6023,1992-09-21,,,,,,,,,,6,,,,Toledo,Active
2023,22035,4,Juwan,Green,,WR,,J. Green,6002,1998-07-01,,,,,,,,,,6,,,,New York St-Albany,Active
2023,22306,88,Jordan,Veasy,,WR,,J. Veasy,6025,,,,,,,,,,,6,,,,California,Active
2023,22344,9,Clarence,Hicks,,LB,,C. Hicks,6017,,,,,,,,,,,6,,,,TX-San Antonio,Active
2023,22377,1,Bryce,Thompson,,DB,,B. Thompson,5105,1999-09-20,,,,,,,,,,6,,,,Tennessee,Active
2023,22552,33,Alijah,Holder,,DB,,A. Holder,6020,,,,,,,,,,,6,,,,Stanford,Active
2023,22584,56,Tejan,Koroma,,OL,,T. Koroma,6000,,,,,,,,,,,6,,,,Brigham Young,Active
2023,22630,48,Shareef,Miller,,LB,,S. Miller,6050,,,,,,,,,,,6,,,,Penn St,Active
2023,22766,73,Jared,Thomas,,OL,,J. Thomas,6030,,,,,,,,,,,6,,,,Northwestern,Active
2023,22840,0,Josh,Gordon,,WR,,J. Gordon,6031,1991-04-13,,,,,,,,,,6,,,,Baylor,Active
2023,22856,14,Harrison,Frost,,QB,,H. Frost,6010,,,,,,,,,,,6,,,,West Georgia,Active
2023,22874,11,Dominik,Eberle,,ST,,D. Eberle,6020,,,,,,,,,,,6,,,,Utah St,Active
2023,22883,67,Colin,Kelly,,OL,,C. Kelly,6050,,,,,,,,,,,6,,,,Oregon St,Active
2023,20058,3,Marcell,Ateman,,WR,,M. Ateman,6045,1994-09-16,,,,,,,,,,5,,,,Oklahoma St,Active
2023,20061,90,Kevin,Atkins,,DL,,K. Atkins,6022,,,,,,,,,,,5,,,,Fresno St,Active
2023,20249,15,George,Campbell,,WR,,G. Campbell,6025,1996-10-27,,,,,,,,,,5,,https://res.cloudinary.com/xfl-production/image/upload/v1668132138/xfl-prod/headshots/George_Campbell_20249.png,,West Virginia,Active
2023,20265,77,Shane,Carpenter,,OL,,S. Carpenter,6053,1996-08-07,,,,,,,,,,5,,https://res.cloudinary.com/xfl-production/image/upload/v1668132138/xfl-prod/headshots/Shane_Carpenter_20265.png,,Louisiana Tech,Reserve List
2023,20381,28,Ben,DeLuca,,DB,,B. DeLuca,6011,1998-04-09,,,,,,,,,,5,,,,UNC-Charlotte,Active
2023,20385,25,Lukas,Denis,,DB,,L. Denis,5112,,,,,,,,,,,5,,https://res.cloudinary.com/xfl-production/image/upload/v1668132138/xfl-prod/headshots/Lukas_Denis_20385.png,,Boston College,Active
2023,20397,79,Daishawn,Dixon,,OL,,D. Dixon,6045,1997-06-19,,,,,,,,,,5,,https://res.cloudinary.com/xfl-production/image/upload/v1668132138/xfl-prod/headshots/Daishawn_Dixon_20397.png,,San Diego St,Active
2023,20442,,Emeke,Egbule,,LB,,E. Egbule,6020,1996-10-13,,,,,,,,,,5,,https://res.cloudinary.com/xfl-production/image/upload/v1668132138/xfl-prod/headshots/Emeke_Egbule_20442.png,,Houston,Reserve List
2023,20562,74,Steven,Gonzalez,,OL,,S. Gonzalez,6034,1997-05-11,,,,,,,,,,5,,https://res.cloudinary.com/xfl-production/image/upload/v1668132138/xfl-prod/headshots/Steven_Gonzalez_20562.png,,Penn St,Active
2023,20585,,A.J.,Greene,,WR,,A. Greene,6010,,,,,,,,,,,5,,,,New Haven,Reserve List
2023,20615,1,Elijah,Hamilton,,DB,,E. Hamilton,6012,,,,,,,,,,,5,,https://res.cloudinary.com/xfl-production/image/upload/v1668132138/xfl-prod/headshots/Elijah_Hamilton_20615.png,,Louisiana Tech,Active
2023,20647,51,Willie,Harvey,,LB,,W. Harvey,5112,,,,,,,,,,,5,,,,Iowa St,Active
2023,20651,9,Jovani,Haskins,,TE,,J. Haskins,6044,,,,,,,,,,,5,,https://res.cloudinary.com/xfl-production/image/upload/v1668132138/xfl-prod/headshots/Jovani_Haskins_20651.png,,Rutgers,Active
2023,20688,23,Brian,Hill,,RB,,B. Hill,6010,1995-11-09,,,,,,,,,,5,,,,Wyoming,Active
2023,20704,16,Sterling,Hofrichter,,ST,,S. Hofrichter,5095,1996-12-05,,,,,,,,,,5,,,,Syracuse,Active
2023,20855,75,Jaryd,Jones-Smith,,OL,,J. Jones-Smith,6064,1995-09-03,,,,,,,,,,5,,https://res.cloudinary.com/xfl-production/image/upload/v1668132138/xfl-prod/headshots/Jaryd_Jones-Smith_20855.png,,Pittsburgh,Active
2023,20965,96,LaCale,London,,DL,,L. London,6036,1997-08-05,,,,,,,,,,5,,,,Western Illinois,Active
2023,20971,95,Elorm,Lumor,,DL,,E. Lumor,6034,,,,,,,,,,,5,,https://res.cloudinary.com/xfl-production/image/upload/v1668132138/xfl-prod/headshots/Elorm_Lumor_20971.png,,Towson,Active
2023,21081,22,Steven,Mitchell,,WR,,S. Mitchell,5101,1994-05-02,,,,,,,,,,5,,https://res.cloudinary.com/xfl-production/image/upload/v1668132138/xfl-prod/headshots/Steven_Mitchell_21081.png,,USC,Active
2023,21165,67,Christian,Olmstead,,OL,,C. Olmstead,6040,,,,,,,,,,,5,,https://res.cloudinary.com/xfl-production/image/upload/v1668132138/xfl-prod/headshots/Christian_Olmstead_21165.png,,Findlay,Active
2023,21183,61,Mike,Panasiuk,,OL,,M. Panasiuk,6032,1997-10-13,,,,,,,,,,5,,,,Michigan St,Active
2023,21263,13,Austin,Proehl,,WR,,A. Proehl,5091,1995-10-11,,,,,,,,,,5,,https://res.cloudinary.com/xfl-production/image/upload/v1668132138/xfl-prod/headshots/Austin_Proehl_21263.png,,North Carolina,Active
2023,21319,99,Gelen,Robinson,,DL,,G. Robinson,6010,,,,,,,,,,,5,,https://res.cloudinary.com/xfl-production/image/upload/v1668132138/xfl-prod/headshots/Gelen_Robinson_21319.png,,Purdue,Active
2023,21340,27,Mike,Rose,,LB,,M. Rose,6037,,,,,,,,,,,5,,https://res.cloudinary.com/xfl-production/image/upload/v1668132138/xfl-prod/headshots/Mike_Rose_21340.png,,Iowa St,Active
2023,21343,,D'Angelo,Ross,,DB,,D. Ross,5080,1996-10-29,,,,,,,,,,5,,,,New Mexico,Reserve List
2023,21389,38,Brandon,Sebastian,,DB,,B. Sebastian,6001,,,,,,,,,,,5,,https://res.cloudinary.com/xfl-production/image/upload/v1668132138/xfl-prod/headshots/Brandon_Sebastian_21389.png,,Boston College,Active
2023,21439,9,Jaylen,Smith,,TE,,J. Smith,6022,1997-01-08,,,,,,,,,,5,,,,Louisville,Reserve List
2023,21493,,Channing,Stribling,,DB,,C. Stribling,6012,1994-11-21,,,,,,,,,,5,,https://res.cloudinary.com/xfl-production/image/upload/v1668132138/xfl-prod/headshots/Channing_Stribling_21493.png,,Michigan,Reserve List
2023,21501,84,Jake,Sutherland,,TE,,J. Sutherland,6040,,,,,,,,,,,5,,https://res.cloudinary.com/xfl-production/image/upload/v1668132138/xfl-prod/headshots/Jake_Sutherland_21501.png,,Morehead St,Active
2023,21521,,Billy,Taylor,,ST,,B. Taylor,6004,,,,,,,,,,,5,,,,Rutgers,Reserve List
2023,21546,83,Jordan,Thomas,,TE,,J. Thomas,6054,1996-08-02,,,,,,,,,,5,,https://res.cloudinary.com/xfl-production/image/upload/v1668132138/xfl-prod/headshots/Jordan_Thomas_21546.png,,Mississippi St,Active
2023,21558,14,Nick,Tiano,,QB,,N. Tiano,6041,1996-12-10,,,,,,,,,,5,,https://res.cloudinary.com/xfl-production/image/upload/v1668132138/xfl-prod/headshots/Nick_Tiano_21558.png,,Tennessee-Chatt,Active
2023,21578,91,Taniela,Tupou,,DL,,T. Tupou,6014,1992-12-13,,,,,,,,,,5,,https://res.cloudinary.com/xfl-production/image/upload/v1668132138/xfl-prod/headshots/Taniela_Tupou_21578.png,,Washington,Active
2023,21667,5,Manny,Wilkins,,QB,,M. Wilkins,6020,,,,,,,,,,,5,,https://res.cloudinary.com/xfl-production/image/upload/v1668132138/xfl-prod/headshots/Manny_Wilkins_21667.png,,Arizona St,Active
2023,21678,6,Lakiem,Williams,,LB,,L. Williams,5112,1997-08-18,,,,,,,,,,5,,,,Syracuse,Active
2023,21716,72,Jovaun,Woolford,,OL,,J. Woolford,6036,,,,,,,,,,,5,,https://res.cloudinary.com/xfl-production/image/upload/v1668132138/xfl-prod/headshots/Jovaun_Woolford_21716.png,,Rice,Reserve List
2023,21781,,Jamarcus,Bradley,,WR,,J. Bradley,6003,1996-12-11,,,,,,,,,,5,,,,Louisiana-Lafayette,Reserve List
2023,21822,11,Darrius,Shepherd,,WR,,D. Shepherd,5104,1995-11-01,,,,,,,,,,5,,,,North Dakota St,Active
2023,21833,53,Carson,Wells,,LB,,C. Wells,6026,,,,,,,,,,,5,,,,Colorado,Active
2023,21843,78,Vadal,Alexander,,OL,,V. Alexander,6052,1994-03-23,,,,,,,,,,5,,,,Louisiana St,Active
2023,21856,21,Mataeo,Durant,,RB,,M. Durant,5113,,,,,,,,,,,5,,,,Duke,Active
2023,21862,8,Mike,Hampton,,DB,,M. Hampton,5115,1997-12-08,,,,,,,,,,5,,,,South Florida,Active
2023,21870,29,Silas,Kelly,,LB,,S. Kelly,6034,,,,,,,,,,,5,,https://res.cloudinary.com/xfl-production/image/upload/v1668132138/xfl-prod/headshots/Silas_Kelly_21870.png,,Coastal Carolina,Active
2023,21901,,Brendon,White,,DB,,B. White,6013,,,,,,,,,,,5,,https://res.cloudinary.com/xfl-production/image/upload/v1668132138/xfl-prod/headshots/Brendon_White_21901.png,,Rutgers,Reserve List
2023,21927,93,Damion,Daniels,,DL,,D. Daniels,6016,1999-08-31,,,,,,,,,,5,,https://res.cloudinary.com/xfl-production/image/upload/v1668132138/xfl-prod/headshots/Damion_Daniels_21927.png,,Nebraska,Active
2023,21938,,Hezekiah,Grimsley,,WR,,H. Grimsley,5113,,,,,,,,,,,5,,https://res.cloudinary.com/xfl-production/image/upload/v1668132138/xfl-prod/headshots/Hezekiah_Grimsley_21938.png,,Hampton,Reserve List
2023,22002,,Jon,Toth,,OL,,J. Toth,6047,1994-02-11,,,,,,,,,,5,,,,Kentucky,Reserve List
2023,22008,2,Donald,Hageman,,ST,,D. Hageman,6010,,,,,,,,,,,5,,,,San Diego St,Active
2023,22012,47,Alexander,Matheson,,ST,,A. Matheson,6050,,,,,,,,,,,5,,,,Cal Lutheran,Active
2023,22026,10,A. J.,McCarron,,QB,,A. McCarron,6032,1990-09-13,,,,,,,,,,5,,,,Alabama,Active
2023,22033,0,Kareem,Walker,,RB,,K. Walker,6001,,,,,,,,,,,5,,,,South Alabama,Active
2023,22038,12,Gary,Jennings,,WR,,G. Jennings,6010,,,,,,,,,,,5,,,,West Virginia,Active
2023,22297,33,Tre,Watson,,LB,,T. Watson,6021,1996-07-05,,,,,,,,,,5,,,,Maryland,Active
2023,22333,88,Hakeem,Butler,,WR,,H. Butler,6053,1996-05-16,,,,,,,,,,5,,,,Iowa St,Active
2023,22336,39,Chris,Cooper,,DB,,C. Cooper,5103,1994-03-17,,,,,,,,,,5,,,,Stony Brook,Active
2023,22352,26,Nate,Meadors,,DB,,N. Meadors,5115,1997-02-13,,,,,,,,,,5,,,,UCLA,Active
2023,22386,98,Freedom,Akinmoladun,,DL,,F. Akinmoladun,6030,,,,,,,,,,,5,,,,Nebraska,Active
2023,22443,73,Juwann,Bushell-Beatty,,OL,,J. Bushell-Beatty,6050,,,,,,,,,,,5,,,,Michigan,Active
2023,22503,56,Travis,Feeney,,LB,,T. Feeney,6040,,,,,,,,,,,5,,,,Washington,Active
2023,22800,55,Dallas,Warmack,,OL,,D. Warmack,6020,,,,,,,,,,,5,,,,Oregon,Active
2023,22867,4,Tim,Harris,,DB,,T. Harris,6020,,,,,,,,,,,5,,,,Virginia,Active
2023,22869,77,Eric,Magwood,,OL,,E. Magwood,6040,,,,,,,,,,,5,,,,Middle Tenn St,Active
2023,22870,24,Lavert,Hill,,DB,,L. Hill,5110,,,,,,,,,,,5,,,,Michigan,Active
2023,20006,50,Tony,Adams,,OL,,T. Adams,6014,,,,,,,,,,,7,,https://res.cloudinary.com/xfl-production/image/upload/v1668132138/xfl-prod/headshots/Tony_Adams_20006.png,,North Carolina St,Reserve List
2023,20007,24,Will,Adams,,DB,,W. Adams,6011,1998-03-13,,,,,,,,,,7,,https://res.cloudinary.com/xfl-production/image/upload/v1668132138/xfl-prod/headshots/Will_Adams_20007.png,,Virginia St,Active
2023,20039,9,Deontay,Anderson,,DB,,D. Anderson,6014,,,,,,,,,,,7,,https://res.cloudinary.com/xfl-production/image/upload/v1668132138/xfl-prod/headshots/Deontay_Anderson_20039.png,,Houston,Active
2023,20066,28,C.J.,Avery,,LB,,C. Avery,5117,,,,,,,,,,,7,,https://res.cloudinary.com/xfl-production/image/upload/v1668132138/xfl-prod/headshots/CJ_Avery_20066.png,,Louisville,Active
2023,20072,13,Jeff,Badet,,WR,,J. Badet,5111,1994-08-02,,,,,,,,,,7,,https://res.cloudinary.com/xfl-production/image/upload/v1668132138/xfl-prod/headshots/Jeff_Badet_20072.png,,Oklahoma,Active
2023,20076,47,Bailey,Giffen,,ST,,B. Giffen,5100,,,,,,,,,,,7,,https://res.cloudinary.com/xfl-production/image/upload/v1668132138/xfl-prod/headshots/Giffen_Bailey_20076.png,,No College,Active
2023,20218,4,Martavis,Bryant,,WR,,M. Bryant,6036,1991-12-20,,,,,,,,,,7,,,,Clemson,Active
2023,20232,18,Brian,Burt,,RB,,B. Burt,6000,,,,,,,,,,,7,,https://res.cloudinary.com/xfl-production/image/upload/v1668132138/xfl-prod/headshots/Brian_Burt_20232.png,,Fresno St,Active
2023,20351,,Larry,Dalla Betta,,TE,,L. Dalla Betta,6040,1999-04-16,,,,,,,,,,7,,https://res.cloudinary.com/xfl-production/image/upload/v1668132138/xfl-prod/headshots/Lawrence_Dalla Betta_20351.png,,Webber International,Reserve List
2023,20374,11,P.J.,Dawson,,LB,,P. Dawson,6001,1993-01-13,,,,,,,,,,7,,https://res.cloudinary.com/xfl-production/image/upload/v1668132138/xfl-prod/headshots/Paul_Dawson_20374.png,,Texas Christian,Active
2023,20392,86,Brandon,Dillon,,TE,,B. Dillon,6034,1997-04-30,,,,,,,,,,7,,https://res.cloudinary.com/xfl-production/image/upload/v1668132138/xfl-prod/headshots/Brandon_Dillon_20392.png,,Marian,Active
2023,20434,77,Quinterrius,Eatmon,,OL,,Q. Eatmon,6062,1991-12-04,,,,,,,,,,7,,https://res.cloudinary.com/xfl-production/image/upload/v1668132138/xfl-prod/headshots/Quinterrius_Eatmon_20434.png,,South Florida,Active
2023,20461,25,Marwin,Evans,,DB,,M. Evans,5114,1993-04-10,,,,,,,,,,7,,https://res.cloudinary.com/xfl-production/image/upload/v1668132138/xfl-prod/headshots/Marwin_Evans_20461.png,,Utah St,Active
2023,20537,53,Antonio,Garcia,,OL,,A. Garcia,6062,1993-12-10,,,,,,,,,,7,,https://res.cloudinary.com/xfl-production/image/upload/v1668132138/xfl-prod/headshots/Antonio_Garcia_20537.png,,Troy,Active
2023,20600,,Grayson,Gunter,,TE,,G. Gunter,6056,,,,,,,,,,,7,,,,Southern Miss,Reserve List
2023,20690,27,Nijuel,Hill,,DB,,N. Hill,5087,1997-10-29,,,,,,,,,,7,,,,Delaware,Active
2023,20710,43,Luke,Holloway,,LB,,L. Holloway,6025,1997-04-05,,,,,,,,,,7,,https://res.cloudinary.com/xfl-production/image/upload/v1668132138/xfl-prod/headshots/Luke_Holloway_20710.png,,Idaho St,Reserve List
2023,20811,20,Jawuan,Johnson,,LB,,J. Johnson,5106,1996-06-13,,,,,,,,,,7,,https://res.cloudinary.com/xfl-production/image/upload/v1668132138/xfl-prod/headshots/Jawuan_Johnson_20811.png,,Texas Christian,Active
2023,20832,95,Bryant,Jones,,DL,,B. Jones,6010,1997-04-15,,,,,,,,,,7,,https://res.cloudinary.com/xfl-production/image/upload/v1668132138/xfl-prod/headshots/Bryant_Jones_20832.png,,Mississippi Valley St,Active
2023,20903,16,Travis,Koontz,,TE,,T. Koontz,6035,,,,,,,,,,,7,,https://res.cloudinary.com/xfl-production/image/upload/v1668132138/xfl-prod/headshots/Travis_Koontz_20903.png,,Texas Tech,Active
2023,20947,75,Jovann,Letuli,,OL,,J. Letuli,6033,1996-08-18,,,,,,,,,,7,,https://res.cloudinary.com/xfl-production/image/upload/v1668132138/xfl-prod/headshots/Jovann_Letuli_20947.png,,Akron,Active
2023,21022,3,Jalan,McClendon,,QB,,J. McClendon,6047,,,,,,,,,,,7,,https://res.cloudinary.com/xfl-production/image/upload/v1668132138/xfl-prod/headshots/Jalan_Mcclendon_21022.png,,Baylor,Active
2023,21041,,Kevin,McGill,,DB,,K. McGill,6000,,,,,,,,,,,7,,https://res.cloudinary.com/xfl-production/image/upload/v1668132138/xfl-prod/headshots/Kevin_Mcgill_21041.png,,Eastern Michigan,Reserve List
2023,21075,64,Michael,Miller,,OL,,M. Miller,6036,,,,,,,,,,,7,,https://res.cloudinary.com/xfl-production/image/upload/v1668132138/xfl-prod/headshots/Michael_Miller_21075.png,,Washburn,Active
2023,21207,12,Luis,Perez,,QB,,L. Perez,6027,1994-08-26,,,,,,,,,,7,,,,Texas A&M-Commerce,Active
2023,21218,,Ben,Petrula,,OL,,B. Petrula,6050,,,,,,,,,,,7,,,,Boston College,Reserve List
2023,21223,21,Antonio,Phillips,,DB,,A. Phillips,5113,1998-12-09,,,,,,,,,,7,,https://res.cloudinary.com/xfl-production/image/upload/v1668132138/xfl-prod/headshots/Antonio_Phillips_21223.png,,Ball St,Active
2023,21238,96,Kelvin,Pinkney,,DL,,K. Pinkney,6012,,,,,,,,,,,7,,,,South Florida,Active
2023,21259,80,Sean,Price,,TE,,S. Price,6023,,,,,,,,,,,7,,https://res.cloudinary.com/xfl-production/image/upload/v1668132138/xfl-prod/headshots/Sean_Price_21259.png,,South Florida,Active
2023,21312,30,Stephen,Roberts,,DB,,S. Roberts,5110,,,,,,,,,,,7,,https://res.cloudinary.com/xfl-production/image/upload/v1668132138/xfl-prod/headshots/Stephen_Roberts_21312.png,,Auburn,Active
2023,21444,26,Maurice,Smith,,DB,,M. Smith,5113,1995-06-14,,,,,,,,,,7,,https://res.cloudinary.com/xfl-production/image/upload/v1668132138/xfl-prod/headshots/Maurice_Smith_21444.png,,Georgia,Reserve List
2023,21447,15,Rod,Smith,,RB,,R. Smith,6025,1992-01-10,,,,,,,,,,7,,,,Ohio St,Active
2023,21462,22,Adam,Sparks,,DB,,A. Sparks,5104,,,,,,,,,,,7,,https://res.cloudinary.com/xfl-production/image/upload/v1668132138/xfl-prod/headshots/Adam_Sparks_21462.png,,Louisiana-Monroe,Active
2023,21502,89,Cam,Sutton,,TE,,C. Sutton,6045,,,,,,,,,,,7,,https://res.cloudinary.com/xfl-production/image/upload/v1668132138/xfl-prod/headshots/Cam_Sutton_21502.png,,Fresno St,Active
2023,21507,14,Cinque,Sweeting,,WR,,C. Sweeting,5094,,,,,,,,,,,7,,,,Slippery Rock,Active
2023,21570,5,DeAndre,Torrey,,RB,,D. Torrey,5070,,,,,,,,,,,7,,https://res.cloudinary.com/xfl-production/image/upload/v1668132138/xfl-prod/headshots/Deandre_Torrey_21570.png,,North Texas,Active
2023,21651,61,Dohnovan,West,,OL,,D. West,6033,,,,,,,,,,,7,,,,Arizona St,Active
2023,21674,71,Isaiah,Williams,,OL,,I. Williams,6031,1993-05-05,,,,,,,,,,7,,,,Akron,Active
2023,21739,44,Vic,Beasley,,LB,,V. Beasley,6030,1992-07-08,,,,,,,,,,7,,https://res.cloudinary.com/xfl-production/image/upload/v1668132138/xfl-prod/headshots/Vic_Beasley_21739.png,,Clemson,Active
2023,21744,48,D.J.,Calhoun,,LB,,D. Calhoun,5110,,,,,,,,,,,7,,https://res.cloudinary.com/xfl-production/image/upload/v1668132138/xfl-prod/headshots/DJ_Calhoun_21744.png,,Arizona St,Active
2023,21752,,Nick,Guggemos,,TE,,N. Guggemos,6045,,,,,,,,,,,7,,https://res.cloudinary.com/xfl-production/image/upload/v1668132138/xfl-prod/headshots/Nick_Guggemos_21752.png,,St Thomas,Reserve List
2023,21753,1,Mister,Harriel,,DB,,M. Harriel,6000,1997-02-15,,,,,,,,,,7,,https://res.cloudinary.com/xfl-production/image/upload/v1668132138/xfl-prod/headshots/Mister_Harriel_21753.png,,Cal St-Sacramento,Active
2023,21784,17,Michael,Carrizosa,,ST,,M. Carrizosa,5094,1995-09-18,,,,,,,,,,7,,https://res.cloudinary.com/xfl-production/image/upload/v1668132138/xfl-prod/headshots/Michael_Carrizosa_21784.png,,San Jose St,Active
2023,21794,40,Adam,Higuera,,ST,,A. Higuera,6007,,,,,,,,,,,7,,https://res.cloudinary.com/xfl-production/image/upload/v1668132138/xfl-prod/headshots/Adam_Higuera_21794.png,,Tulsa,Active
2023,21872,8,John,Lovett,,RB,,J. Lovett,5114,,,,,,,,,,,7,,,,Penn St,Active
2023,21882,10,Mathew,Sexton,,WR,,M. Sexton,5096,,,,,,,,,,,7,,https://res.cloudinary.com/xfl-production/image/upload/v1668132138/xfl-prod/headshots/Mathew_Sexton_21882.png,,Eastern Michigan,Active
2023,21911,65,Jamil,Demby,,OL,,J. Demby,6044,1996-06-20,,,,,,,,,,7,,https://res.cloudinary.com/xfl-production/image/upload/v1668132138/xfl-prod/headshots/Jamil_Demby_21911.png,,Maine,Active
2023,21923,57,Matt,Cohen,,OL,,M. Cohen,6050,1993-08-25,,,,,,,,,,7,,,,Louisville,Reserve List
2023,21943,6,Keylon,Kennedy,,DB,,K. Kennedy,5110,,,,,,,,,,,7,,https://res.cloudinary.com/xfl-production/image/upload/v1668132138/xfl-prod/headshots/Keylon_Kennedy_21943.png,,Garden City Cc,Active
2023,21948,90,Jah'Sheem,Martin,,DL,,J. Martin,6022,,,,,,,,,,,7,,https://res.cloudinary.com/xfl-production/image/upload/v1668132138/xfl-prod/headshots/Jahsheem_Martin_21948.png,,Pace,Active
2023,21960,23,Maximilian,Roberts,,DL,,M. Roberts,6010,,,,,,,,,,,7,,,,Boston College,Active
2023,21966,97,LaRon,Stokes,,DL,,L. Stokes,6036,,,,,,,,,,,7,,https://res.cloudinary.com/xfl-production/image/upload/v1668132138/xfl-prod/headshots/Laron_Stokes_21966.png,,Oklahoma,Active
2023,21968,0,Pita,Taumoepenu,,LB,,P. Taumoepenu,6012,1994-03-09,,,,,,,,,,7,,,,Utah,Active
2023,21975,88,Robert,Windsor,,DL,,R. Windsor,6044,1997-01-15,,,,,,,,,,7,,https://res.cloudinary.com/xfl-production/image/upload/v1668132138/xfl-prod/headshots/Robert_Windsor_21975.png,,Penn St,Active
2023,22325,19,Geronimo,Allison,,WR,,G. Allison,6031,1994-01-18,,,,,,,,,,7,,,,Illinois,Active
2023,22785,99,Destiny,Vaeao,,DL,,D. Vaeao,6040,,,,,,,,,,,7,,,,Washington St,Active
2023,22846,,Connor,Wedington,,WR,,C. Wedington,6004,,,,,,,,,,,7,,,,Stanford,Reserve List
2023,22847,56,Larry,Williams,,OL,,L. Williams,6044,,,,,,,,,,,7,,,,Oklahoma St,Active
2023,22858,69,Kahlil,McKenzie,,OL,,K. McKenzie,6030,,,,,,,,,,,7,,,,Tennessee,Active
2023,22876,2,Brett,Hundley,,QB,,B. Hundley,6030,,,,,,,,,,,7,,,,UCLA,Active
2023,22885,45,Martrell,Spaight,,LB,,M. Spaight,6000,,,,,,,,,,,7,,,,Arkansas,Active
