Season,game_id,OfficialID,TeamId,VisOrHome,JerseyNum,FirstName,LastName,LastNameSuffix,Position,Participated,IsStarting,Scratch,PassComp,PassAtt,PassCompPercent,PassYards,PassTD,PassINT,FirstDownsByPass,FirstDownPercentOfPasses,PassYardsLong,PassYardsLongTD,PassYardsPerAtt,PassYardsPerComp,QBRating,CFB_QBR,NFL_QBR,Sacked,SackedYards,SackedYardsAvg,Pass20YdPlays,Pass40YdPlays,RushAtt,RushYards,RushYardsAvg,RushTD,FirstDownsByRush,FirstDownPercentOfRushes,RushYardsLong,RushYardsLongTD,Rush10YdPlays,Rush20YdPlays,RecThrownAt,Recs,RecYards,RecYardsAvg,RecTD,FirstDownsByRec,FirstDownPercentOfRecs,RecYardsLong,RecYardsLongTD,RecYardsAfterCatch,RecYardsAfterCatchAvg,RecDropped,Rec20YdPlays,Rec40YdPlays,Fumbles,FumblesLost,OffTD,FirstDowns,FirstDownPercent,PAT1PtAttPass,PAT1PtAttRec,PAT1PtAttRush,PAT1PtConvRush,PAT1PtPctRush,PAT2PtAttPass,PAT2PtAttRec,PAT2PtAttRush,PAT2PtConvRush,PAT2PtPctRush,PAT3PtAttPass,PAT3PtAttRec,PAT3PtAttRush,PAT3PtConvRush,PAT3PtPctRush,TotalTD,TotalYards,Penalties,PenaltyYards,DefTackles,DefSoloTackles,DefAssistTackles,DefQBHits,DefTacklesForLoss,DefSacks,DefSackYards,DefSackYardsAvg,DefINT,DefINTReturnYards,DefINTReturnYardsAvg,DefINTReturnTD,DefINTReturnYardsLong,FGAtt,FGMade,FGLong,FG0To19Att,FG0To19Made,FG20To29Att,FG20To29Made,FG30To39Att,FG30To39Made,FG40To49Att,FG40To49Made,FG50PlusAtt,FG50PlusMade,Punts,PuntGrossYards,PuntGrossYardsAvg,PuntGrossYardsLong,PuntTouchbacks,PuntInside20,PuntRetReturns,PuntRetYards,PuntRetYardsAvg,PuntRetTD,PuntRetYardsLong,PuntRetFairCatches,KickRetReturns,KickRetYards,KickRetYardsAvg,KickRetTD,KickRetYardsLong,KickRetFairCatches
2023,FOOTBALL_XFL_2023_3_26_SA@ARL,20891,1,Home,0,Marquette,King,,P,1.0,0.0,0.0,0,0,0.0,0,0,0,0,0.0,0,0,0.0,0.0,0.0,,,0,0,0.0,0,0,0,0,0.0,0,0,0.0,0,0,0,0,0,0,0,0.0,0,0,0.0,0,0,0,0.0,0,0,0,0,0,0,0,0.0,0,0,0,0,0,0,0,0,0,0,0,0,0,0,0,0,0,0,0,0.0,0,0,0,0.0,0.0,0.0,0.0,0,0,0.0,0,0,0,0,0,0,0,0,0,0,0,0,0,0,0,7,278,39.714285714285715,57,0,1,0,0,0.0,0,0,0,0,0,0.0,0,0,0
2023,FOOTBALL_XFL_2023_3_26_SA@ARL,21359,1,Home,1,Taylor,Russolino,,K,1.0,0.0,0.0,0,0,0.0,0,0,0,0,0.0,0,0,0.0,0.0,0.0,,,0,0,0.0,0,0,0,0,0.0,0,0,0.0,0,0,0,0,0,0,0,0.0,0,0,0.0,0,0,0,0.0,0,0,0,0,0,0,0,0.0,0,0,0,0,0,0,0,0,0,0,0,0,0,0,0,0,0,0,0,0.0,0,0,0,0.0,0.0,0.0,0.0,0,0,0.0,0,0,2,1,53,0,0,0,0,1,0,0,0,1,1,0,0,0.0,0,0,0,0,0,0.0,0,0,0,0,0,0.0,0,0,0
2023,FOOTBALL_XFL_2023_3_26_SA@ARL,22305,1,Home,2,De'Veon,Smith,,RB,1.0,1.0,0.0,0,0,0.0,0,0,0,0,0.0,0,0,0.0,0.0,0.0,,,0,0,0.0,0,0,10,42,4.2,0,1,0.1,14,0,2,0,4,4,49,12.25,0,2,0.5,21,0,0,0.0,0,1,0,0,0,0,3,0.21428571428571427,0,0,1,0,0,0,0,0,0,0,0,0,0,0,0,0,91,0,0,0.0,0,0,0,0.0,0.0,0.0,0.0,0,0,0.0,0,0,0,0,0,0,0,0,0,0,0,0,0,0,0,0,0,0.0,0,0,0,0,0,0.0,0,0,0,0,0,0.0,0,0,0
2023,FOOTBALL_XFL_2023_3_26_SA@ARL,22354,1,Home,3,JaVonta,Payton,,WR,1.0,1.0,0.0,0,0,0.0,0,0,0,0,0.0,0,0,0.0,0.0,0.0,,,0,0,0.0,0,0,0,0,0.0,0,0,0.0,0,0,0,0,2,2,43,21.5,0,1,0.5,47,0,0,0.0,0,1,1,0,0,0,1,0.5,0,0,0,0,0,0,0,0,0,0,0,0,0,0,0,0,43,0,0,0.0,0,0,0,0.0,0.0,0.0,0.0,0,0,0.0,0,0,0,0,0,0,0,0,0,0,0,0,0,0,0,0,0,0.0,0,0,0,0,0,0.0,0,0,0,0,0,0.0,0,0,0
2023,FOOTBALL_XFL_2023_3_26_SA@ARL,21251,1,Home,4,Joe,Powell,,DB,1.0,1.0,0.0,0,0,0.0,0,0,0,0,0.0,0,0,0.0,0.0,0.0,,,0,0,0.0,0,0,0,0,0.0,0,0,0.0,0,0,0,0,0,0,0,0.0,0,0,0.0,0,0,0,0.0,0,0,0,0,0,0,0,0.0,0,0,0,0,0,0,0,0,0,0,0,0,0,0,0,0,0,0,0,1.0,1,0,0,0.0,0.0,0.0,0.0,0,0,0.0,0,0,0,0,0,0,0,0,0,0,0,0,0,0,0,0,0,0.0,0,0,0,4,27,6.75,0,18,0,0,0,0.0,0,0,0
2023,FOOTBALL_XFL_2023_3_26_SA@ARL,20693,1,Home,5,Will,Hill,,DB,1.0,1.0,0.0,0,0,0.0,0,0,0,0,0.0,0,0,0.0,0.0,0.0,,,0,0,0.0,0,0,0,0,0.0,0,0,0.0,0,0,0,0,0,0,0,0.0,0,0,0.0,0,0,0,0.0,0,0,0,0,0,0,0,0.0,0,0,0,0,0,0,0,0,0,0,0,0,0,0,0,0,0,0,0,3.0,1,2,0,0.0,0.0,0.0,0.0,0,0,0.0,0,0,0,0,0,0,0,0,0,0,0,0,0,0,0,0,0,0.0,0,0,0,0,0,0.0,0,0,0,0,0,0.0,0,0,0
2023,FOOTBALL_XFL_2023_3_26_SA@ARL,20919,1,Home,6,Davonte,Lambert,,DL,1.0,0.0,0.0,0,0,0.0,0,0,0,0,0.0,0,0,0.0,0.0,0.0,,,0,0,0.0,0,0,0,0,0.0,0,0,0.0,0,0,0,0,0,0,0,0.0,0,0,0.0,0,0,0,0.0,0,0,0,0,0,0,0,0.0,0,0,0,0,0,0,0,0,0,0,0,0,0,0,0,0,0,0,0,2.0,1,1,0,1.0,1.0,4.0,4.0,0,0,0.0,0,0,0,0,0,0,0,0,0,0,0,0,0,0,0,0,0,0.0,0,0,0,0,0,0.0,0,0,0,0,0,0.0,0,0,0
2023,FOOTBALL_XFL_2023_3_26_SA@ARL,22896,1,Home,8,Victor,Bolden,,WR,1.0,0.0,0.0,0,0,0.0,0,0,0,0,0.0,0,0,0.0,0.0,0.0,,,0,0,0.0,0,0,0,0,0.0,0,0,0.0,0,0,0,0,1,0,0,0.0,0,0,0.0,0,0,0,0.0,0,0,0,0,0,0,0,0.0,0,0,0,0,0,0,0,0,0,0,0,0,0,0,0,0,0,0,0,0.0,0,0,0,0.0,0.0,0.0,0.0,0,0,0.0,0,0,0,0,0,0,0,0,0,0,0,0,0,0,0,0,0,0.0,0,0,0,1,-2,-2.0,0,-2,0,0,0,0.0,0,0,0
2023,FOOTBALL_XFL_2023_3_26_SA@ARL,21243,1,Home,9,Drew,Plitt,,QB,1.0,0.0,0.0,10,16,0.625,163,1,1,6,0.375,47,0,10.1875,16.3,68.75,156.2,91.40625,2,11,5.5,3,1,3,-2,-0.6666666666666666,0,0,0.0,3,0,0,0,0,0,0,0.0,0,0,0.0,0,0,0,0.0,0,0,0,1,1,1,6,0.3157894736842105,0,0,0,0,0,0,0,0,0,0,0,0,0,0,0,1,161,0,0,0.0,0,0,0,0.0,0.0,0.0,0.0,0,0,0.0,0,0,0,0,0,0,0,0,0,0,0,0,0,0,0,0,0,0.0,0,0,0,0,0,0.0,0,0,0,0,0,0.0,0,0,0
2023,FOOTBALL_XFL_2023_3_26_SA@ARL,21884,1,Home,10,Kyle,Sloter,,QB,1.0,1.0,0.0,6,13,0.46153846153846156,22,0,0,2,0.15384615384615385,8,0,1.6923076923076923,3.6666666666666665,39.58333333333333,60.36923076923077,53.044871794871796,1,4,4.0,0,0,1,1,1.0,0,0,0.0,1,0,0,0,0,0,0,0.0,0,0,0.0,0,0,0,0.0,0,0,0,0,0,0,2,0.14285714285714285,0,0,0,0,0,0,0,0,0,0,0,0,0,0,0,0,23,0,0,0.0,0,0,0,0.0,0.0,0.0,0.0,0,0,0.0,0,0,0,0,0,0,0,0,0,0,0,0,0,0,0,0,0,0.0,0,0,0,0,0,0.0,0,0,0,0,0,0.0,0,0,0
2023,FOOTBALL_XFL_2023_3_26_SA@ARL,21707,1,Home,11,LuJuan,Winningham,,WR,1.0,0.0,0.0,0,0,0.0,0,0,0,0,0.0,0,0,0.0,0.0,0.0,,,0,0,0.0,0,0,0,0,0.0,0,0,0.0,0,0,0,0,3,1,16,16.0,1,1,0.3333333333333333,16,1,0,0.0,0,0,0,0,0,1,1,0.3333333333333333,0,0,0,0,0,0,0,0,0,0,0,0,0,0,0,1,16,0,0,0.0,0,0,0,0.0,0.0,0.0,0.0,0,0,0.0,0,0,0,0,0,0,0,0,0,0,0,0,0,0,0,0,0,0.0,0,0,0,0,0,0.0,0,0,0,0,0,0.0,0,0,0
2023,FOOTBALL_XFL_2023_3_26_SA@ARL,21601,1,Home,13,Caleb,Vander Esch,,WR,1.0,1.0,0.0,0,0,0.0,0,0,0,0,0.0,0,0,0.0,0.0,0.0,,,0,0,0.0,0,0,0,0,0.0,0,0,0.0,0,0,0,0,3,1,26,26.0,0,1,0.3333333333333333,26,0,0,0.0,0,1,0,0,0,0,1,0.3333333333333333,0,0,0,0,0,0,0,0,0,0,0,0,0,0,0,0,26,0,0,0.0,0,0,0,0.0,0.0,0.0,0.0,0,0,0.0,0,0,0,0,0,0,0,0,0,0,0,0,0,0,0,0,0,0.0,0,0,0,0,0,0.0,0,0,0,0,0,0.0,0,0,0
2023,FOOTBALL_XFL_2023_3_26_SA@ARL,20041,1,Home,14,Kevin,Anderson,,QB,0.0,0.0,1.0,0,0,0.0,0,0,0,0,0.0,0,0,0.0,0.0,0.0,,,0,0,0.0,0,0,0,0,0.0,0,0,0.0,0,0,0,0,0,0,0,0.0,0,0,0.0,0,0,0,0.0,0,0,0,0,0,0,0,0.0,0,0,0,0,0,0,0,0,0,0,0,0,0,0,0,0,0,0,0,0.0,0,0,0,0.0,0.0,0.0,0.0,0,0,0.0,0,0,0,0,0,0,0,0,0,0,0,0,0,0,0,0,0,0.0,0,0,0,0,0,0.0,0,0,0,0,0,0.0,0,0,0
2023,FOOTBALL_XFL_2023_3_26_SA@ARL,22529,1,Home,16,Rannell,Hall,,WR,1.0,1.0,0.0,0,0,0.0,0,0,0,0,0.0,0,0,0.0,0.0,0.0,,,0,0,0.0,0,0,0,0,0.0,0,0,0.0,0,0,0,0,2,1,0,0.0,0,0,0.0,0,0,0,0.0,0,0,0,0,0,0,0,0.0,0,0,0,0,0,0,0,0,0,0,0,0,0,0,0,0,0,0,0,0.0,0,0,0,0.0,0.0,0.0,0.0,0,0,0.0,0,0,0,0,0,0,0,0,0,0,0,0,0,0,0,0,0,0.0,0,0,0,1,17,17.0,0,17,0,2,26,13.0,0,22,0
2023,FOOTBALL_XFL_2023_3_26_SA@ARL,22675,1,Home,18,Donald,Payne,,LB,1.0,1.0,0.0,0,0,0.0,0,0,0,0,0.0,0,0,0.0,0.0,0.0,,,0,0,0.0,0,0,0,0,0.0,0,0,0.0,0,0,0,0,0,0,0,0.0,0,0,0.0,0,0,0,0.0,0,0,0,0,0,0,0,0.0,0,0,0,0,0,0,0,0,0,0,0,0,0,0,0,0,0,1,10,10.0,3,7,0,1.0,0.0,0.0,0.0,1,0,0.0,0,0,0,0,0,0,0,0,0,0,0,0,0,0,0,0,0,0.0,0,0,0,0,0,0.0,0,0,0,0,0,0.0,0,0,0
2023,FOOTBALL_XFL_2023_3_26_SA@ARL,20050,1,Home,19,Brandon,Arconado,,WR,1.0,0.0,0.0,0,0,0.0,0,0,0,0,0.0,0,0,0.0,0.0,0.0,,,0,0,0.0,0,0,0,0,0.0,0,0,0.0,0,0,0,0,5,3,26,8.666666666666666,0,2,0.4,11,0,0,0.0,1,0,0,0,0,0,2,0.4,0,0,0,0,0,0,0,0,0,0,0,0,0,0,0,0,26,0,0,0.0,0,0,0,0.0,0.0,0.0,0.0,0,0,0.0,0,0,0,0,0,0,0,0,0,0,0,0,0,0,0,0,0,0.0,0,0,0,0,0,0.0,0,0,0,0,0,0.0,0,0,0
2023,FOOTBALL_XFL_2023_3_26_SA@ARL,21798,1,Home,21,Cre'Von,LeBlanc,,DB,1.0,0.0,0.0,0,0,0.0,0,0,0,0,0.0,0,0,0.0,0.0,0.0,,,0,0,0.0,0,0,0,0,0.0,0,0,0.0,0,0,0,0,0,0,0,0.0,0,0,0.0,0,0,0,0.0,0,0,0,0,0,0,0,0.0,0,0,0,0,0,0,0,0,0,0,0,0,0,0,0,0,0,0,0,2.0,1,1,0,0.0,0.0,0.0,0.0,0,0,0.0,0,0,0,0,0,0,0,0,0,0,0,0,0,0,0,0,0,0.0,0,0,0,0,0,0.0,0,0,0,0,0,0.0,0,0,0
2023,FOOTBALL_XFL_2023_3_26_SA@ARL,20810,1,Home,23,Jamar,Johnson,,DB,1.0,0.0,0.0,0,0,0.0,0,0,0,0,0.0,0,0,0.0,0.0,0.0,,,0,0,0.0,0,0,0,0,0.0,0,0,0.0,0,0,0,0,0,0,0,0.0,0,0,0.0,0,0,0,0.0,0,0,0,0,0,0,0,0.0,0,0,0,0,0,0,0,0,0,0,0,0,0,0,0,0,0,0,0,1.0,0,1,0,0.0,0.0,0.0,0.0,0,0,0.0,0,0,0,0,0,0,0,0,0,0,0,0,0,0,0,0,0,0.0,0,0,0,0,0,0.0,0,0,0,0,0,0.0,0,0,0
2023,FOOTBALL_XFL_2023_3_26_SA@ARL,22302,1,Home,24,Darren,Evans,,DB,1.0,1.0,0.0,0,0,0.0,0,0,0,0,0.0,0,0,0.0,0.0,0.0,,,0,0,0.0,0,0,0,0,0.0,0,0,0.0,0,0,0,0,0,0,0,0.0,0,0,0.0,0,0,0,0.0,0,0,0,0,0,0,0,0.0,0,0,0,0,0,0,0,0,0,0,0,0,0,0,0,0,0,1,41,2.0,2,0,0,0.0,0.0,0.0,0.0,0,0,0.0,0,0,0,0,0,0,0,0,0,0,0,0,0,0,0,0,0,0.0,0,0,0,0,0,0.0,0,0,0,0,0,0.0,0,0,0
2023,FOOTBALL_XFL_2023_3_26_SA@ARL,22877,1,Home,25,Jordan,Miller,,DB,0.0,0.0,1.0,0,0,0.0,0,0,0,0,0.0,0,0,0.0,0.0,0.0,,,0,0,0.0,0,0,0,0,0.0,0,0,0.0,0,0,0,0,0,0,0,0.0,0,0,0.0,0,0,0,0.0,0,0,0,0,0,0,0,0.0,0,0,0,0,0,0,0,0,0,0,0,0,0,0,0,0,0,0,0,0.0,0,0,0,0.0,0.0,0.0,0.0,0,0,0.0,0,0,0,0,0,0,0,0,0,0,0,0,0,0,0,0,0,0.0,0,0,0,0,0,0.0,0,0,0,0,0,0.0,0,0,0
2023,FOOTBALL_XFL_2023_3_26_SA@ARL,20207,1,Home,26,Leddie,Brown,,RB,1.0,0.0,0.0,0,0,0.0,0,0,0,0,0.0,0,0,0.0,0.0,0.0,,,0,0,0.0,0,0,11,38,3.4545454545454546,0,2,0.18181818181818182,12,0,2,0,1,1,12,12.0,0,0,0.0,12,0,0,0.0,0,0,0,0,0,0,2,0.16666666666666666,0,0,0,0,0,0,0,0,0,0,0,0,0,0,0,0,50,0,0,0.0,0,0,0,0.0,0.0,0.0,0.0,0,0,0.0,0,0,0,0,0,0,0,0,0,0,0,0,0,0,0,0,0,0.0,0,0,0,0,0,0.0,0,0,0,3,53,17.666666666666668,0,20,0
2023,FOOTBALL_XFL_2023_3_26_SA@ARL,22893,1,Home,27,Brandon,Rusnak,,DB,0.0,0.0,0.0,0,0,0.0,0,0,0,0,0.0,0,0,0.0,0.0,0.0,,,0,0,0.0,0,0,0,0,0.0,0,0,0.0,0,0,0,0,0,0,0,0.0,0,0,0.0,0,0,0,0.0,0,0,0,0,0,0,0,0.0,0,0,0,0,0,0,0,0,0,0,0,0,0,0,0,0,0,0,0,0.0,0,0,0,0.0,0.0,0.0,0.0,0,0,0.0,0,0,0,0,0,0,0,0,0,0,0,0,0,0,0,0,0,0.0,0,0,0,0,0,0.0,0,0,0,0,0,0.0,0,0,0
2023,FOOTBALL_XFL_2023_3_26_SA@ARL,20212,1,Home,29,Shakur,Brown,,DB,1.0,1.0,0.0,0,0,0.0,0,0,0,0,0.0,0,0,0.0,0.0,0.0,,,0,0,0.0,0,0,0,0,0.0,0,0,0.0,0,0,0,0,0,0,0,0.0,0,0,0.0,0,0,0,0.0,0,0,0,0,0,0,0,0.0,0,0,0,0,0,0,0,0,0,0,0,0,0,0,0,0,0,0,0,3.0,0,3,0,0.0,0.0,0.0,0.0,0,0,0.0,0,0,0,0,0,0,0,0,0,0,0,0,0,0,0,0,0,0.0,0,0,0,0,0,0.0,0,0,0,0,0,0.0,0,0,0
2023,FOOTBALL_XFL_2023_3_26_SA@ARL,21318,1,Home,30,Edmond,Robinson,,LB,1.0,1.0,0.0,0,0,0.0,0,0,0,0,0.0,0,0,0.0,0.0,0.0,,,0,0,0.0,0,0,0,0,0.0,0,0,0.0,0,0,0,0,0,0,0,0.0,0,0,0.0,0,0,0,0.0,0,0,0,0,0,0,0,0.0,0,0,0,0,0,0,0,0,0,0,0,0,0,0,0,0,0,0,0,1.0,0,1,0,0.0,0.0,0.0,0.0,0,0,0.0,0,0,0,0,0,0,0,0,0,0,0,0,0,0,0,0,0,0.0,0,0,0,0,0,0.0,0,0,0,0,0,0.0,0,0,0
2023,FOOTBALL_XFL_2023_3_26_SA@ARL,20679,1,Home,35,Brian,Herrien,,RB,0.0,0.0,1.0,0,0,0.0,0,0,0,0,0.0,0,0,0.0,0.0,0.0,,,0,0,0.0,0,0,0,0,0.0,0,0,0.0,0,0,0,0,0,0,0,0.0,0,0,0.0,0,0,0,0.0,0,0,0,0,0,0,0,0.0,0,0,0,0,0,0,0,0,0,0,0,0,0,0,0,0,0,0,0,0.0,0,0,0,0.0,0.0,0.0,0.0,0,0,0.0,0,0,0,0,0,0,0,0,0,0,0,0,0,0,0,0,0,0.0,0,0,0,0,0,0.0,0,0,0,0,0,0.0,0,0,0
2023,FOOTBALL_XFL_2023_3_26_SA@ARL,21379,1,Home,36,Colin,Schooler,,LB,1.0,1.0,0.0,0,0,0.0,0,0,0,0,0.0,0,0,0.0,0.0,0.0,,,0,0,0.0,0,0,0,0,0.0,0,0,0.0,0,0,0,0,0,0,0,0.0,0,0,0.0,0,0,0,0.0,0,0,0,0,0,0,0,0.0,0,0,0,0,0,0,0,0,0,0,0,0,0,0,0,0,0,1,5,3.0,2,1,0,0.0,0.0,0.0,0.0,0,0,0.0,0,0,0,0,0,0,0,0,0,0,0,0,0,0,0,0,0,0.0,0,0,0,0,0,0.0,0,0,0,0,0,0.0,0,0,0
2023,FOOTBALL_XFL_2023_3_26_SA@ARL,21116,1,Home,40,Ryan,Mueller,,LB,0.0,0.0,1.0,0,0,0.0,0,0,0,0,0.0,0,0,0.0,0.0,0.0,,,0,0,0.0,0,0,0,0,0.0,0,0,0.0,0,0,0,0,0,0,0,0.0,0,0,0.0,0,0,0,0.0,0,0,0,0,0,0,0,0.0,0,0,0,0,0,0,0,0,0,0,0,0,0,0,0,0,0,0,0,0.0,0,0,0,0.0,0.0,0.0,0.0,0,0,0.0,0,0,0,0,0,0,0,0,0,0,0,0,0,0,0,0,0,0.0,0,0,0,0,0,0.0,0,0,0,0,0,0.0,0,0,0
2023,FOOTBALL_XFL_2023_3_26_SA@ARL,20099,1,Home,41,De Vante,Bausby,,DB,1.0,1.0,0.0,0,0,0.0,0,0,0,0,0.0,0,0,0.0,0.0,0.0,,,0,0,0.0,0,0,0,0,0.0,0,0,0.0,0,0,0,0,0,0,0,0.0,0,0,0.0,0,0,0,0.0,0,0,0,0,0,0,0,0.0,0,0,0,0,0,0,0,0,0,0,0,0,0,0,0,0,0,0,0,0.0,0,0,0,0.0,0.0,0.0,0.0,0,0,0.0,0,0,0,0,0,0,0,0,0,0,0,0,0,0,0,0,0,0.0,0,0,0,0,0,0.0,0,0,0,0,0,0.0,0,0,0
2023,FOOTBALL_XFL_2023_3_26_SA@ARL,21348,1,Home,44,Bunmi,Rotimi,,DL,1.0,0.0,0.0,0,0,0.0,0,0,0,0,0.0,0,0,0.0,0.0,0.0,,,0,0,0.0,0,0,0,0,0.0,0,0,0.0,0,0,0,0,0,0,0,0.0,0,0,0.0,0,0,0,0.0,0,0,0,0,0,0,0,0.0,0,0,0,0,0,0,0,0,0,0,0,0,0,0,0,0,0,0,0,2.0,0,2,0,0.0,0.0,0.0,0.0,0,0,0.0,0,0,0,0,0,0,0,0,0,0,0,0,0,0,0,0,0,0.0,0,0,0,0,0,0.0,0,0,0,0,0,0.0,0,0,0
2023,FOOTBALL_XFL_2023_3_26_SA@ARL,20296,1,Home,45,Will,Clarke,,DL,1.0,1.0,0.0,0,0,0.0,0,0,0,0,0.0,0,0,0.0,0.0,0.0,,,0,0,0.0,0,0,0,0,0.0,0,0,0.0,0,0,0,0,0,0,0,0.0,0,0,0.0,0,0,0,0.0,0,0,0,0,0,0,0,0.0,0,0,0,0,0,0,0,0,0,0,0,0,0,0,0,0,0,0,0,2.0,1,1,1,1.0,1.0,4.0,4.0,0,0,0.0,0,0,0,0,0,0,0,0,0,0,0,0,0,0,0,0,0,0.0,0,0,0,0,0,0.0,0,0,0,0,0,0.0,0,0,0
2023,FOOTBALL_XFL_2023_3_26_SA@ARL,20931,1,Home,48,Tomasi,Laulile,,DL,1.0,1.0,0.0,0,0,0.0,0,0,0,0,0.0,0,0,0.0,0.0,0.0,,,0,0,0.0,0,0,0,0,0.0,0,0,0.0,0,0,0,0,0,0,0,0.0,0,0,0.0,0,0,0,0.0,0,0,0,0,0,0,0,0.0,0,0,0,0,0,0,0,0,0,0,0,0,0,0,0,0,0,0,0,1.0,0,1,0,0.0,0.0,0.0,0.0,0,0,0.0,0,0,0,0,0,0,0,0,0,0,0,0,0,0,0,0,0,0.0,0,0,0,0,0,0.0,0,0,0,0,0,0.0,0,0,0
2023,FOOTBALL_XFL_2023_3_26_SA@ARL,22000,1,Home,49,Antonio,Ortiz,,LS,0.0,0.0,0.0,0,0,0.0,0,0,0,0,0.0,0,0,0.0,0.0,0.0,,,0,0,0.0,0,0,0,0,0.0,0,0,0.0,0,0,0,0,0,0,0,0.0,0,0,0.0,0,0,0,0.0,0,0,0,0,0,0,0,0.0,0,0,0,0,0,0,0,0,0,0,0,0,0,0,0,0,0,0,0,0.0,0,0,0,0.0,0.0,0.0,0.0,0,0,0.0,0,0,0,0,0,0,0,0,0,0,0,0,0,0,0,0,0,0.0,0,0,0,0,0,0.0,0,0,0,0,0,0.0,0,0,0
2023,FOOTBALL_XFL_2023_3_26_SA@ARL,22375,1,Home,50,Willie,Taylor,,LB,0.0,0.0,0.0,0,0,0.0,0,0,0,0,0.0,0,0,0.0,0.0,0.0,,,0,0,0.0,0,0,0,0,0.0,0,0,0.0,0,0,0,0,0,0,0,0.0,0,0,0.0,0,0,0,0.0,0,0,0,0,0,0,0,0.0,0,0,0,0,0,0,0,0,0,0,0,0,0,0,0,0,0,0,0,0.0,0,0,0,0.0,0.0,0.0,0.0,0,0,0.0,0,0,0,0,0,0,0,0,0,0,0,0,0,0,0,0,0,0.0,0,0,0,0,0,0.0,0,0,0,0,0,0.0,0,0,0
2023,FOOTBALL_XFL_2023_3_26_SA@ARL,22024,1,Home,52,Isaiah,Graham-Mobley,,LB,1.0,0.0,0.0,0,0,0.0,0,0,0,0,0.0,0,0,0.0,0.0,0.0,,,0,0,0.0,0,0,0,0,0.0,0,0,0.0,0,0,0,0,0,0,0,0.0,0,0,0.0,0,0,0,0.0,0,0,0,0,0,0,0,0.0,0,0,0,0,0,0,0,0,0,0,0,0,0,0,0,0,0,0,0,1.0,1,0,0,0.0,0.0,0.0,0.0,0,0,0.0,0,0,0,0,0,0,0,0,0,0,0,0,0,0,0,0,0,0.0,0,0,0,0,0,0.0,0,0,0,0,0,0.0,0,0,0
2023,FOOTBALL_XFL_2023_3_26_SA@ARL,22886,1,Home,53,Darnell,Sankey,,LB,1.0,0.0,0.0,0,0,0.0,0,0,0,0,0.0,0,0,0.0,0.0,0.0,,,0,0,0.0,0,0,0,0,0.0,0,0,0.0,0,0,0,0,0,0,0,0.0,0,0,0.0,0,0,0,0.0,0,0,0,0,0,0,0,0.0,0,0,0,0,0,0,0,0,0,0,0,0,0,0,0,0,0,0,0,2.0,1,1,0,0.0,0.0,0.0,0.0,0,0,0.0,0,0,0,0,0,0,0,0,0,0,0,0,0,0,0,0,0,0.0,0,0,0,0,0,0.0,0,0,0,0,0,0.0,0,0,0
2023,FOOTBALL_XFL_2023_3_26_SA@ARL,21040,1,Home,55,Garrett,McGhin,,OL,1.0,1.0,0.0,0,0,0.0,0,0,0,0,0.0,0,0,0.0,0.0,0.0,,,0,0,0.0,0,0,0,0,0.0,0,0,0.0,0,0,0,0,0,0,0,0.0,0,0,0.0,0,0,0,0.0,0,0,0,0,0,0,0,0.0,0,0,0,0,0,0,0,0,0,0,0,0,0,0,0,0,0,0,0,0.0,0,0,0,0.0,0.0,0.0,0.0,0,0,0.0,0,0,0,0,0,0,0,0,0,0,0,0,0,0,0,0,0,0.0,0,0,0,0,0,0.0,0,0,0,0,0,0.0,0,0,0
2023,FOOTBALL_XFL_2023_3_26_SA@ARL,20735,1,Home,56,Cameron,Hunt,,OL,1.0,1.0,0.0,0,0,0.0,0,0,0,0,0.0,0,0,0.0,0.0,0.0,,,0,0,0.0,0,0,0,0,0.0,0,0,0.0,0,0,0,0,0,0,0,0.0,0,0,0.0,0,0,0,0.0,0,0,0,0,0,0,0,0.0,0,0,0,0,0,0,0,0,0,0,0,0,0,0,0,0,0,2,15,0.0,0,0,0,0.0,0.0,0.0,0.0,0,0,0.0,0,0,0,0,0,0,0,0,0,0,0,0,0,0,0,0,0,0.0,0,0,0,0,0,0.0,0,0,0,0,0,0.0,0,0,0
2023,FOOTBALL_XFL_2023_3_26_SA@ARL,20331,1,Home,58,Doug,Costin,,DL,0.0,0.0,1.0,0,0,0.0,0,0,0,0,0.0,0,0,0.0,0.0,0.0,,,0,0,0.0,0,0,0,0,0.0,0,0,0.0,0,0,0,0,0,0,0,0.0,0,0,0.0,0,0,0,0.0,0,0,0,0,0,0,0,0.0,0,0,0,0,0,0,0,0,0,0,0,0,0,0,0,0,0,0,0,0.0,0,0,0,0.0,0.0,0.0,0.0,0,0,0.0,0,0,0,0,0,0,0,0,0,0,0,0,0,0,0,0,0,0.0,0,0,0,0,0,0.0,0,0,0,0,0,0.0,0,0,0
2023,FOOTBALL_XFL_2023_3_26_SA@ARL,20939,1,Home,61,Darta,Lee,,OL,0.0,0.0,0.0,0,0,0.0,0,0,0,0,0.0,0,0,0.0,0.0,0.0,,,0,0,0.0,0,0,0,0,0.0,0,0,0.0,0,0,0,0,0,0,0,0.0,0,0,0.0,0,0,0,0.0,0,0,0,0,0,0,0,0.0,0,0,0,0,0,0,0,0,0,0,0,0,0,0,0,0,0,0,0,0.0,0,0,0,0.0,0.0,0.0,0.0,0,0,0.0,0,0,0,0,0,0,0,0,0,0,0,0,0,0,0,0,0,0.0,0,0,0,0,0,0.0,0,0,0,0,0,0.0,0,0,0
2023,FOOTBALL_XFL_2023_3_26_SA@ARL,20496,1,Home,64,Brian,Folkerts,,OL,1.0,1.0,0.0,0,0,0.0,0,0,0,0,0.0,0,0,0.0,0.0,0.0,,,0,0,0.0,0,0,0,0,0.0,0,0,0.0,0,0,0,0,0,0,0,0.0,0,0,0.0,0,0,0,0.0,0,0,0,0,0,0,0,0.0,0,0,0,0,0,0,0,0,0,0,0,0,0,0,0,0,0,1,15,0.0,0,0,0,0.0,0.0,0.0,0.0,0,0,0.0,0,0,0,0,0,0,0,0,0,0,0,0,0,0,0,0,0,0.0,0,0,0,0,0,0.0,0,0,0,0,0,0.0,0,0,0
2023,FOOTBALL_XFL_2023_3_26_SA@ARL,21479,1,Home,68,Jake,Stetz,,OL,0.0,0.0,1.0,0,0,0.0,0,0,0,0,0.0,0,0,0.0,0.0,0.0,,,0,0,0.0,0,0,0,0,0.0,0,0,0.0,0,0,0,0,0,0,0,0.0,0,0,0.0,0,0,0,0.0,0,0,0,0,0,0,0,0.0,0,0,0,0,0,0,0,0,0,0,0,0,0,0,0,0,0,0,0,0.0,0,0,0,0.0,0.0,0.0,0.0,0,0,0.0,0,0,0,0,0,0,0,0,0,0,0,0,0,0,0,0,0,0.0,0,0,0,0,0,0.0,0,0,0,0,0,0.0,0,0,0
2023,FOOTBALL_XFL_2023_3_26_SA@ARL,20722,1,Home,70,Mike,Horton,,OL,1.0,1.0,0.0,0,0,0.0,0,0,0,0,0.0,0,0,0.0,0.0,0.0,,,0,0,0.0,0,0,0,0,0.0,0,0,0.0,0,0,0,0,0,0,0,0.0,0,0,0.0,0,0,0,0.0,0,0,0,0,0,0,0,0.0,0,0,0,0,0,0,0,0,0,0,0,0,0,0,0,0,0,0,0,0.0,0,0,0,0.0,0.0,0.0,0.0,0,0,0.0,0,0,0,0,0,0,0,0,0,0,0,0,0,0,0,0,0,0.0,0,0,0,0,0,0.0,0,0,0,0,0,0.0,0,0,0
2023,FOOTBALL_XFL_2023_3_26_SA@ARL,21922,1,Home,71,Josiah,Coatney,,DL,1.0,0.0,0.0,0,0,0.0,0,0,0,0,0.0,0,0,0.0,0.0,0.0,,,0,0,0.0,0,0,0,0,0.0,0,0,0.0,0,0,0,0,0,0,0,0.0,0,0,0.0,0,0,0,0.0,0,0,0,0,0,0,0,0.0,0,0,0,0,0,0,0,0,0,0,0,0,0,0,0,0,0,0,0,4.0,3,1,0,1.0,0.0,0.0,0.0,0,0,0.0,0,0,0,0,0,0,0,0,0,0,0,0,0,0,0,0,0,0.0,0,0,0,0,0,0.0,0,0,0,0,0,0.0,0,0,0
2023,FOOTBALL_XFL_2023_3_26_SA@ARL,20089,1,Home,72,T.J.,Barnes,,DL,1.0,0.0,0.0,0,0,0.0,0,0,0,0,0.0,0,0,0.0,0.0,0.0,,,0,0,0.0,0,0,0,0,0.0,0,0,0.0,0,0,0,0,0,0,0,0.0,0,0,0.0,0,0,0,0.0,0,0,0,0,0,0,0,0.0,0,0,0,0,0,0,0,0,0,0,0,0,0,0,0,0,0,0,0,2.0,0,2,0,0.0,0.0,0.0,0.0,0,0,0.0,0,0,0,0,0,0,0,0,0,0,0,0,0,0,0,0,0,0.0,0,0,0,0,0,0.0,0,0,0,0,0,0.0,0,0,0
2023,FOOTBALL_XFL_2023_3_26_SA@ARL,21845,1,Home,73,Willie,Beavers,,OL,0.0,0.0,0.0,0,0,0.0,0,0,0,0,0.0,0,0,0.0,0.0,0.0,,,0,0,0.0,0,0,0,0,0.0,0,0,0.0,0,0,0,0,0,0,0,0.0,0,0,0.0,0,0,0,0.0,0,0,0,0,0,0,0,0.0,0,0,0,0,0,0,0,0,0,0,0,0,0,0,0,0,0,0,0,0.0,0,0,0,0.0,0.0,0.0,0.0,0,0,0.0,0,0,0,0,0,0,0,0,0,0,0,0,0,0,0,0,0,0.0,0,0,0,0,0,0.0,0,0,0,0,0,0.0,0,0,0
2023,FOOTBALL_XFL_2023_3_26_SA@ARL,21094,1,Home,77,George,Moore,,OL,1.0,1.0,0.0,0,0,0.0,0,0,0,0,0.0,0,0,0.0,0.0,0.0,,,0,0,0.0,0,0,0,0,0.0,0,0,0.0,0,0,0,0,0,0,0,0.0,0,0,0.0,0,0,0,0.0,0,0,0,0,0,0,0,0.0,0,0,0,0,0,0,0,0,0,0,0,0,0,0,0,0,0,0,0,0.0,0,0,0,0.0,0.0,0.0,0.0,0,0,0.0,0,0,0,0,0,0,0,0,0,0,0,0,0,0,0,0,0,0.0,0,0,0,0,0,0.0,0,0,0,0,0,0.0,0,0,0
2023,FOOTBALL_XFL_2023_3_26_SA@ARL,22030,1,Home,80,Sal,Cannella,,TE,1.0,1.0,0.0,0,0,0.0,0,0,0,0,0.0,0,0,0.0,0.0,0.0,,,0,0,0.0,0,0,0,0,0.0,0,0,0.0,0,0,0,0,5,2,5,2.5,0,0,0.0,3,0,0,0.0,0,0,0,0,0,0,0,0.0,0,0,0,0,0,0,0,0,0,0,0,0,0,0,0,0,5,2,10,0.0,0,0,0,0.0,0.0,0.0,0.0,0,0,0.0,0,0,0,0,0,0,0,0,0,0,0,0,0,0,0,0,0,0.0,0,0,0,0,0,0.0,0,0,0,0,0,0.0,0,0,0
2023,FOOTBALL_XFL_2023_3_26_SA@ARL,22326,1,Home,81,Nate,Becker,,TE,1.0,0.0,0.0,0,0,0.0,0,0,0,0,0.0,0,0,0.0,0.0,0.0,,,0,0,0.0,0,0,0,0,0.0,0,0,0.0,0,0,0,0,1,1,8,8.0,0,1,1.0,8,0,0,0.0,0,0,0,0,0,0,1,1.0,0,0,0,0,0,0,0,0,0,0,0,0,0,0,0,0,8,1,5,0.0,0,0,0,0.0,0.0,0.0,0.0,0,0,0.0,0,0,0,0,0,0,0,0,0,0,0,0,0,0,0,0,0,0.0,0,0,0,0,0,0.0,0,0,0,0,0,0.0,0,0,0
2023,FOOTBALL_XFL_2023_3_26_SA@ARL,22363,1,Home,85,Tyler,Vaughns,,WR,0.0,0.0,0.0,0,0,0.0,0,0,0,0,0.0,0,0,0.0,0.0,0.0,,,0,0,0.0,0,0,0,0,0.0,0,0,0.0,0,0,0,0,0,0,0,0.0,0,0,0.0,0,0,0,0.0,0,0,0,0,0,0,0,0.0,0,0,0,0,0,0,0,0,0,0,0,0,0,0,0,0,0,0,0,0.0,0,0,0,0.0,0.0,0.0,0.0,0,0,0.0,0,0,0,0,0,0,0,0,0,0,0,0,0,0,0,0,0,0.0,0,0,0,0,0,0.0,0,0,0,0,0,0.0,0,0,0
2023,FOOTBALL_XFL_2023_3_26_SA@ARL,20123,1,Home,88,Shaun,Beyer,,TE,0.0,0.0,0.0,0,0,0.0,0,0,0,0,0.0,0,0,0.0,0.0,0.0,,,0,0,0.0,0,0,0,0,0.0,0,0,0.0,0,0,0,0,0,0,0,0.0,0,0,0.0,0,0,0,0.0,0,0,0,0,0,0,0,0.0,0,0,0,0,0,0,0,0,0,0,0,0,0,0,0,0,0,0,0,0.0,0,0,0,0.0,0.0,0.0,0.0,0,0,0.0,0,0,0,0,0,0,0,0,0,0,0,0,0,0,0,0,0,0.0,0,0,0,0,0,0.0,0,0,0,0,0,0.0,0,0,0
2023,FOOTBALL_XFL_2023_3_26_SA@ARL,22010,1,Home,90,Bruce,Hector,,DL,1.0,1.0,0.0,0,0,0.0,0,0,0,0,0.0,0,0,0.0,0.0,0.0,,,0,0,0.0,0,0,0,0,0.0,0,0,0.0,0,0,0,0,0,0,0,0.0,0,0,0.0,0,0,0,0.0,0,0,0,0,0,0,0,0.0,0,0,0,0,0,0,0,0,0,0,0,0,0,0,0,0,0,0,0,4.0,1,3,0,0.0,0.0,0.0,0.0,0,0,0.0,0,0,0,0,0,0,0,0,0,0,0,0,0,0,0,0,0,0.0,0,0,0,0,0,0.0,0,0,0,0,0,0.0,0,0,0
2023,FOOTBALL_XFL_2023_3_26_SA@ARL,21706,3,Visitor,0,Brad,Wing,,P,1.0,0.0,0.0,0,0,0.0,0,0,0,0,0.0,0,0,0.0,0.0,0.0,,,0,0,0.0,0,0,0,0,0.0,0,0,0.0,0,0,0,0,0,0,0,0.0,0,0,0.0,0,0,0,0.0,0,0,0,0,0,0,0,0.0,0,0,0,0,0,0,0,0,0,0,0,0,0,0,0,0,0,0,0,0.0,0,0,0,0.0,0.0,0.0,0.0,0,0,0.0,0,0,0,0,0,0,0,0,0,0,0,0,0,0,0,6,300,50.0,58,1,1,0,0,0.0,0,0,0,0,0,0.0,0,0,0
2023,FOOTBALL_XFL_2023_3_26_SA@ARL,20087,3,Visitor,1,Luq,Barcoo,,DB,1.0,1.0,0.0,0,0,0.0,0,0,0,0,0.0,0,0,0.0,0.0,0.0,,,0,0,0.0,0,0,0,0,0.0,0,0,0.0,0,0,0,0,0,0,0,0.0,0,0,0.0,0,0,0,0.0,0,0,0,0,0,0,0,0.0,0,0,0,0,0,0,0,0,0,0,0,0,0,0,0,0,0,1,10,3.0,1,2,0,0.0,0.0,0.0,0.0,0,0,0.0,0,0,0,0,0,0,0,0,0,0,0,0,0,0,0,1,46,46.0,46,0,1,0,0,0.0,0,0,0,0,0,0.0,0,0,0
2023,FOOTBALL_XFL_2023_3_26_SA@ARL,20142,3,Visitor,2,Terrell,Bonds,,DB,1.0,1.0,0.0,0,0,0.0,0,0,0,0,0.0,0,0,0.0,0.0,0.0,,,0,0,0.0,0,0,0,0,0.0,0,0,0.0,0,0,0,0,0,0,0,0.0,0,0,0.0,0,0,0,0.0,0,0,0,0,0,0,0,0.0,0,0,0,0,0,0,0,0,0,0,0,0,0,0,0,0,0,0,0,0.0,0,0,0,0.0,0.0,0.0,0.0,0,0,0.0,0,0,0,0,0,0,0,0,0,0,0,0,0,0,0,0,0,0.0,0,0,0,6,44,7.333333333333333,0,12,0,0,0,0.0,0,0,0
2023,FOOTBALL_XFL_2023_3_26_SA@ARL,20362,3,Visitor,3,Ben,Davis,,LB,1.0,0.0,0.0,0,0,0.0,0,0,0,0,0.0,0,0,0.0,0.0,0.0,,,0,0,0.0,0,0,0,0,0.0,0,0,0.0,0,0,0,0,0,0,0,0.0,0,0,0.0,0,0,0,0.0,0,0,0,0,0,0,0,0.0,0,0,0,0,0,0,0,0,0,0,0,0,0,0,0,0,0,0,0,2.0,1,1,0,0.0,0.0,0.0,0.0,0,0,0.0,0,0,0,0,0,0,0,0,0,0,0,0,0,0,0,0,0,0.0,0,0,0,0,0,0.0,0,0,0,0,0,0.0,0,0,0
2023,FOOTBALL_XFL_2023_3_26_SA@ARL,21194,3,Visitor,4,Jawon,Pass,,QB,1.0,1.0,0.0,8,14,0.5714285714285714,57,0,0,2,0.14285714285714285,22,0,4.071428571428571,7.125,43.75,91.34285714285714,66.66666666666666,2,8,4.0,2,0,4,21,5.25,0,1,0.25,10,0,1,0,0,0,0,0.0,0,0,0.0,0,0,0,0.0,0,0,0,0,0,0,3,0.16666666666666666,0,0,0,0,0,1,0,0,0,0,0,0,0,0,0,0,78,1,5,0.0,0,0,0,0.0,0.0,0.0,0.0,0,0,0.0,0,0,0,0,0,0,0,0,0,0,0,0,0,0,0,0,0,0.0,0,0,0,0,0,0.0,0,0,0,0,0,0.0,0,0,0
2023,FOOTBALL_XFL_2023_3_26_SA@ARL,20008,3,Visitor,5,Tenny,Adewusi,,DB,1.0,1.0,0.0,0,0,0.0,0,0,0,0,0.0,0,0,0.0,0.0,0.0,,,0,0,0.0,0,0,0,0,0.0,0,0,0.0,0,0,0,0,0,0,0,0.0,0,0,0.0,0,0,0,0.0,0,0,0,0,0,0,0,0.0,0,0,0,0,0,0,0,0,0,0,0,0,0,0,0,0,0,1,15,5.0,1,4,0,0.0,0.0,0.0,0.0,1,5,5.0,0,5,0,0,0,0,0,0,0,0,0,0,0,0,0,0,0,0.0,0,0,0,0,0,0.0,0,0,0,0,0,0.0,0,0,0
2023,FOOTBALL_XFL_2023_3_26_SA@ARL,20203,3,Visitor,6,Fred,Brown,,WR,1.0,1.0,0.0,0,0,0.0,0,0,0,0,0.0,0,0,0.0,0.0,0.0,,,0,0,0.0,0,0,0,0,0.0,0,0,0.0,0,0,0,0,2,2,-7,-3.5,0,0,0.0,2,0,0,0.0,0,0,0,0,0,0,0,0.0,0,0,0,0,0,0,0,0,0,0,0,0,0,0,0,0,-7,0,0,0.0,0,0,0,0.0,0.0,0.0,0.0,0,0,0.0,0,0,0,0,0,0,0,0,0,0,0,0,0,0,0,0,0,0.0,0,0,0,0,0,0.0,0,0,0,3,71,23.666666666666668,0,31,0
2023,FOOTBALL_XFL_2023_3_26_SA@ARL,22884,3,Visitor,8,Kameron,Kelly,,DB,1.0,1.0,0.0,0,0,0.0,0,0,0,0,0.0,0,0,0.0,0.0,0.0,,,0,0,0.0,0,0,0,0,0.0,0,0,0.0,0,0,0,0,0,0,0,0.0,0,0,0.0,0,0,0,0.0,0,0,0,0,0,0,0,0.0,0,0,0,0,0,0,0,0,0,0,0,0,0,0,0,0,0,0,0,1.0,1,0,0,0.0,0.0,0.0,0.0,0,0,0.0,0,0,0,0,0,0,0,0,0,0,0,0,0,0,0,0,0,0.0,0,0,0,0,0,0.0,0,0,0,0,0,0.0,0,0,0
2023,FOOTBALL_XFL_2023_3_26_SA@ARL,21196,3,Visitor,9,Jacques,Patrick,,RB,1.0,1.0,0.0,0,0,0.0,0,0,0,0,0.0,0,0,0.0,0.0,0.0,,,0,0,0.0,0,0,15,82,5.466666666666667,0,3,0.2,32,0,1,1,4,3,18,6.0,0,0,0.0,12,0,18,6.0,0,0,0,0,0,0,3,0.15789473684210525,0,0,0,0,0,0,0,0,0,0,0,0,0,0,0,0,100,0,0,0.0,0,0,0,0.0,0.0,0.0,0.0,0,0,0.0,0,0,0,0,0,0,0,0,0,0,0,0,0,0,0,0,0,0.0,0,0,0,0,0,0.0,0,0,0,0,0,0.0,0,0,0
2023,FOOTBALL_XFL_2023_3_26_SA@ARL,20856,3,Visitor,10,Travis,Jonsen,,WR,0.0,0.0,0.0,0,0,0.0,0,0,0,0,0.0,0,0,0.0,0.0,0.0,,,0,0,0.0,0,0,0,0,0.0,0,0,0.0,0,0,0,0,0,0,0,0.0,0,0,0.0,0,0,0,0.0,0,0,0,0,0,0,0,0.0,0,0,0,0,0,0,0,0,0,0,0,0,0,0,0,0,0,0,0,0.0,0,0,0,0.0,0.0,0.0,0.0,0,0,0.0,0,0,0,0,0,0,0,0,0,0,0,0,0,0,0,0,0,0.0,0,0,0,0,0,0.0,0,0,0,0,0,0.0,0,0,0
2023,FOOTBALL_XFL_2023_3_26_SA@ARL,21581,3,Visitor,12,Calvin,Turner,,WR,0.0,0.0,1.0,0,0,0.0,0,0,0,0,0.0,0,0,0.0,0.0,0.0,,,0,0,0.0,0,0,0,0,0.0,0,0,0.0,0,0,0,0,0,0,0,0.0,0,0,0.0,0,0,0,0.0,0,0,0,0,0,0,0,0.0,0,0,0,0,0,0,0,0,0,0,0,0,0,0,0,0,0,0,0,0.0,0,0,0,0.0,0.0,0.0,0.0,0,0,0.0,0,0,0,0,0,0,0,0,0,0,0,0,0,0,0,0,0,0.0,0,0,0,0,0,0.0,0,0,0,0,0,0.0,0,0,0
2023,FOOTBALL_XFL_2023_3_26_SA@ARL,22290,3,Visitor,13,Kurt,Benkert,,QB,1.0,0.0,0.0,1,6,0.16666666666666666,2,0,1,0,0.0,2,0,0.3333333333333333,2.0,39.58333333333333,-13.866666666666667,0.0,0,0,0.0,0,0,2,5,2.5,0,0,0.0,5,0,0,0,0,0,0,0.0,0,0,0.0,0,0,0,0.0,0,0,0,1,0,0,0,0.0,0,0,0,0,0,0,0,0,0,0,0,0,0,0,0,0,7,0,0,0.0,0,0,0,0.0,0.0,0.0,0.0,0,0,0.0,0,0,0,0,0,0,0,0,0,0,0,0,0,0,0,0,0,0.0,0,0,0,0,0,0.0,0,0,0,0,0,0.0,0,0,0
2023,FOOTBALL_XFL_2023_3_26_SA@ARL,20222,3,Visitor,14,Divine,Buckrham,,DB,0.0,0.0,0.0,0,0,0.0,0,0,0,0,0.0,0,0,0.0,0.0,0.0,,,0,0,0.0,0,0,0,0,0.0,0,0,0.0,0,0,0,0,0,0,0,0.0,0,0,0.0,0,0,0,0.0,0,0,0,0,0,0,0,0.0,0,0,0,0,0,0,0,0,0,0,0,0,0,0,0,0,0,0,0,0.0,0,0,0,0.0,0.0,0.0,0.0,0,0,0.0,0,0,0,0,0,0,0,0,0,0,0,0,0,0,0,0,0,0.0,0,0,0,0,0,0.0,0,0,0,0,0,0.0,0,0,0
2023,FOOTBALL_XFL_2023_3_26_SA@ARL,21974,3,Visitor,15,Jordan,Williams,,LB,1.0,1.0,0.0,0,0,0.0,0,0,0,0,0.0,0,0,0.0,0.0,0.0,,,0,0,0.0,0,0,0,0,0.0,0,0,0.0,0,0,0,0,0,0,0,0.0,0,0,0.0,0,0,0,0.0,0,0,0,0,0,0,0,0.0,0,0,0,0,0,0,0,0,0,0,0,0,0,0,0,1,0,0,0,14.0,6,8,0,3.0,0.0,0.0,0.0,0,0,0.0,0,0,0,0,0,0,0,0,0,0,0,0,0,0,0,0,0,0.0,0,0,0,0,0,0.0,0,0,0,0,0,0.0,0,0,0
2023,FOOTBALL_XFL_2023_3_26_SA@ARL,20301,3,Visitor,16,Jack,Coan,,QB,0.0,0.0,1.0,0,0,0.0,0,0,0,0,0.0,0,0,0.0,0.0,0.0,,,0,0,0.0,0,0,0,0,0.0,0,0,0.0,0,0,0,0,0,0,0,0.0,0,0,0.0,0,0,0,0.0,0,0,0,0,0,0,0,0.0,0,0,0,0,0,0,0,0,0,0,0,0,0,0,0,0,0,0,0,0.0,0,0,0,0.0,0.0,0.0,0.0,0,0,0.0,0,0,0,0,0,0,0,0,0,0,0,0,0,0,0,0,0,0.0,0,0,0,0,0,0.0,0,0,0,0,0,0.0,0,0,0
2023,FOOTBALL_XFL_2023_3_26_SA@ARL,21898,3,Visitor,18,T.J.,Vasher,,WR,1.0,1.0,0.0,0,0,0.0,0,0,0,0,0.0,0,0,0.0,0.0,0.0,,,0,0,0.0,0,0,0,0,0.0,0,0,0.0,0,0,0,0,7,1,22,22.0,0,1,0.14285714285714285,22,0,0,0.0,0,1,0,0,0,0,1,0.14285714285714285,0,0,0,0,0,0,1,0,0,0,0,0,0,0,0,0,22,0,0,0.0,0,0,0,0.0,0.0,0.0,0.0,0,0,0.0,0,0,0,0,0,0,0,0,0,0,0,0,0,0,0,0,0,0.0,0,0,0,0,0,0.0,0,0,0,0,0,0.0,0,0,0
2023,FOOTBALL_XFL_2023_3_26_SA@ARL,20238,3,Visitor,19,Emmanuel,Butler,,WR,0.0,0.0,0.0,0,0,0.0,0,0,0,0,0.0,0,0,0.0,0.0,0.0,,,0,0,0.0,0,0,0,0,0.0,0,0,0.0,0,0,0,0,0,0,0,0.0,0,0,0.0,0,0,0,0.0,0,0,0,0,0,0,0,0.0,0,0,0,0,0,0,0,0,0,0,0,0,0,0,0,0,0,0,0,0.0,0,0,0,0.0,0.0,0.0,0.0,0,0,0.0,0,0,0,0,0,0,0,0,0,0,0,0,0,0,0,0,0,0.0,0,0,0,0,0,0.0,0,0,0,0,0,0.0,0,0,0
2023,FOOTBALL_XFL_2023_3_26_SA@ARL,21419,3,Visitor,20,Kemah,Siverand,,DB,0.0,0.0,0.0,0,0,0.0,0,0,0,0,0.0,0,0,0.0,0.0,0.0,,,0,0,0.0,0,0,0,0,0.0,0,0,0.0,0,0,0,0,0,0,0,0.0,0,0,0.0,0,0,0,0.0,0,0,0,0,0,0,0,0.0,0,0,0,0,0,0,0,0,0,0,0,0,0,0,0,0,0,0,0,0.0,0,0,0,0.0,0.0,0.0,0.0,0,0,0.0,0,0,0,0,0,0,0,0,0,0,0,0,0,0,0,0,0,0.0,0,0,0,0,0,0.0,0,0,0,0,0,0.0,0,0,0
2023,FOOTBALL_XFL_2023_3_26_SA@ARL,22819,3,Visitor,21,Sean,Williams,,DB,1.0,1.0,0.0,0,0,0.0,0,0,0,0,0.0,0,0,0.0,0.0,0.0,,,0,0,0.0,0,0,0,0,0.0,0,0,0.0,0,0,0,0,0,0,0,0.0,0,0,0.0,0,0,0,0.0,0,0,0,0,0,0,0,0.0,0,0,0,0,0,0,0,0,0,0,0,0,0,0,0,0,0,0,0,5.0,1,4,0,1.0,0.0,0.0,0.0,0,0,0.0,0,0,0,0,0,0,0,0,0,0,0,0,0,0,0,0,0,0.0,0,0,0,0,0,0.0,0,0,0,0,0,0.0,0,0,0
2023,FOOTBALL_XFL_2023_3_26_SA@ARL,22376,3,Visitor,22,Ranthony,Texada,,DB,1.0,1.0,0.0,0,0,0.0,0,0,0,0,0.0,0,0,0.0,0.0,0.0,,,0,0,0.0,0,0,0,0,0.0,0,0,0.0,0,0,0,0,0,0,0,0.0,0,0,0.0,0,0,0,0.0,0,0,0,0,0,0,0,0.0,0,0,0,0,0,0,0,0,0,0,0,0,0,0,0,0,0,0,0,5.0,2,3,0,0.0,0.0,0.0,0.0,0,0,0.0,0,0,0,0,0,0,0,0,0,0,0,0,0,0,0,0,0,0.0,0,0,0,0,0,0.0,0,0,0,0,0,0.0,0,0,0
2023,FOOTBALL_XFL_2023_3_26_SA@ARL,21775,3,Visitor,23,Parker,Romo,,K,1.0,0.0,0.0,0,0,0.0,0,0,0,0,0.0,0,0,0.0,0.0,0.0,,,0,0,0.0,0,0,0,0,0.0,0,0,0.0,0,0,0,0,0,0,0,0.0,0,0,0.0,0,0,0,0.0,0,0,0,0,0,0,0,0.0,0,0,0,0,0,0,0,0,0,0,0,0,0,0,0,0,0,0,0,0.0,0,0,0,0.0,0.0,0.0,0.0,0,0,0.0,0,0,3,3,56,0,0,1,1,0,0,1,1,1,1,0,0,0.0,0,0,0,0,0,0.0,0,0,0,0,0,0.0,0,0,0
2023,FOOTBALL_XFL_2023_3_26_SA@ARL,21761,3,Visitor,24,Ryan,Lewis,,DB,0.0,0.0,0.0,0,0,0.0,0,0,0,0,0.0,0,0,0.0,0.0,0.0,,,0,0,0.0,0,0,0,0,0.0,0,0,0.0,0,0,0,0,0,0,0,0.0,0,0,0.0,0,0,0,0.0,0,0,0,0,0,0,0,0.0,0,0,0,0,0,0,0,0,0,0,0,0,0,0,0,0,0,0,0,0.0,0,0,0,0.0,0.0,0.0,0.0,0,0,0.0,0,0,0,0,0,0,0,0,0,0,0,0,0,0,0,0,0,0.0,0,0,0,0,0,0.0,0,0,0,0,0,0.0,0,0,0
2023,FOOTBALL_XFL_2023_3_26_SA@ARL,22898,3,Visitor,25,Kevin,Marks,,RB,0.0,0.0,1.0,0,0,0.0,0,0,0,0,0.0,0,0,0.0,0.0,0.0,,,0,0,0.0,0,0,0,0,0.0,0,0,0.0,0,0,0,0,0,0,0,0.0,0,0,0.0,0,0,0,0.0,0,0,0,0,0,0,0,0.0,0,0,0,0,0,0,0,0,0,0,0,0,0,0,0,0,0,0,0,0.0,0,0,0,0.0,0.0,0.0,0.0,0,0,0.0,0,0,0,0,0,0,0,0,0,0,0,0,0,0,0,0,0,0.0,0,0,0,0,0,0.0,0,0,0,0,0,0.0,0,0,0
2023,FOOTBALL_XFL_2023_3_26_SA@ARL,22534,3,Visitor,27,Terrill,Hanks,,LB,0.0,0.0,0.0,0,0,0.0,0,0,0,0,0.0,0,0,0.0,0.0,0.0,,,0,0,0.0,0,0,0,0,0.0,0,0,0.0,0,0,0,0,0,0,0,0.0,0,0,0.0,0,0,0,0.0,0,0,0,0,0,0,0,0.0,0,0,0,0,0,0,0,0,0,0,0,0,0,0,0,0,0,0,0,0.0,0,0,0,0.0,0.0,0.0,0.0,0,0,0.0,0,0,0,0,0,0,0,0,0,0,0,0,0,0,0,0,0,0.0,0,0,0,0,0,0.0,0,0,0,0,0,0.0,0,0,0
2023,FOOTBALL_XFL_2023_3_26_SA@ARL,20901,3,Visitor,28,Jack,Koerner,,DB,0.0,0.0,0.0,0,0,0.0,0,0,0,0,0.0,0,0,0.0,0.0,0.0,,,0,0,0.0,0,0,0,0,0.0,0,0,0.0,0,0,0,0,0,0,0,0.0,0,0,0.0,0,0,0,0.0,0,0,0,0,0,0,0,0.0,0,0,0,0,0,0,0,0,0,0,0,0,0,0,0,0,0,0,0,0.0,0,0,0,0.0,0.0,0.0,0.0,0,0,0.0,0,0,0,0,0,0,0,0,0,0,0,0,0,0,0,0,0,0.0,0,0,0,0,0,0.0,0,0,0,0,0,0.0,0,0,0
2023,FOOTBALL_XFL_2023_3_26_SA@ARL,20697,3,Visitor,31,Jon,Hilliman,,RB,1.0,0.0,0.0,0,0,0.0,0,0,0,0,0.0,0,0,0.0,0.0,0.0,,,0,0,0.0,0,0,3,3,1.0,0,0,0.0,2,0,0,0,1,1,2,2.0,0,0,0.0,2,0,0,0.0,0,0,0,0,0,0,0,0.0,0,0,0,0,0,0,0,0,0,0,0,0,0,0,0,0,5,0,0,0.0,0,0,0,0.0,0.0,0.0,0.0,0,0,0.0,0,0,0,0,0,0,0,0,0,0,0,0,0,0,0,0,0,0.0,0,0,0,0,0,0.0,0,0,0,0,0,0.0,0,0,0
2023,FOOTBALL_XFL_2023_3_26_SA@ARL,21740,3,Visitor,33,Drew,Beesley,,DL,1.0,0.0,0.0,0,0,0.0,0,0,0,0,0.0,0,0,0.0,0.0,0.0,,,0,0,0.0,0,0,0,0,0.0,0,0,0.0,0,0,0,0,0,0,0,0.0,0,0,0.0,0,0,0,0.0,0,0,0,0,0,0,0,0.0,0,0,0,0,0,0,0,0,0,0,0,0,0,0,0,0,0,0,0,2.0,2,0,1,1.0,1.0,6.0,6.0,0,0,0.0,0,0,0,0,0,0,0,0,0,0,0,0,0,0,0,0,0,0.0,0,0,0,0,0,0.0,0,0,0,0,0,0.0,0,0,0
2023,FOOTBALL_XFL_2023_3_26_SA@ARL,21589,3,Visitor,42,Mike,Tverdov,,DL,1.0,1.0,0.0,0,0,0.0,0,0,0,0,0.0,0,0,0.0,0.0,0.0,,,0,0,0.0,0,0,0,0,0.0,0,0,0.0,0,0,0,0,0,0,0,0.0,0,0,0.0,0,0,0,0.0,0,0,0,0,0,0,0,0.0,0,0,0,0,0,0,0,0,0,0,0,0,0,0,0,0,0,0,0,3.0,1,2,1,0.0,0.0,0.0,0.0,0,0,0.0,0,0,0,0,0,0,0,0,0,0,0,0,0,0,0,0,0,0.0,0,0,0,0,0,0.0,0,0,0,0,0,0.0,0,0,0
2023,FOOTBALL_XFL_2023_3_26_SA@ARL,22726,3,Visitor,44,Mike,Scott,,DL,1.0,0.0,0.0,0,0,0.0,0,0,0,0,0.0,0,0,0.0,0.0,0.0,,,0,0,0.0,0,0,0,0,0.0,0,0,0.0,0,0,0,0,0,0,0,0.0,0,0,0.0,0,0,0,0.0,0,0,0,0,0,0,0,0.0,0,0,0,0,0,0,0,0,0,0,0,0,0,0,0,0,0,0,0,1.0,0,1,0,1.0,0.0,0.0,0.0,0,0,0.0,0,0,0,0,0,0,0,0,0,0,0,0,0,0,0,0,0,0.0,0,0,0,0,0,0.0,0,0,0,0,0,0.0,0,0,0
2023,FOOTBALL_XFL_2023_3_26_SA@ARL,22844,3,Visitor,45,Delontae,Scott,,DL,1.0,1.0,0.0,0,0,0.0,0,0,0,0,0.0,0,0,0.0,0.0,0.0,,,0,0,0.0,0,0,0,0,0.0,0,0,0.0,0,0,0,0,0,0,0,0.0,0,0,0.0,0,0,0,0.0,0,0,0,0,0,0,0,0.0,0,0,0,0,0,0,0,0,0,0,0,0,0,0,0,0,0,0,0,7.0,4,3,1,2.0,2.0,9.0,4.5,0,0,0.0,0,0,0,0,0,0,0,0,0,0,0,0,0,0,0,0,0,0.0,0,0,0,0,0,0.0,0,0,0,0,0,0.0,0,0,0
2023,FOOTBALL_XFL_2023_3_26_SA@ARL,21499,3,Visitor,47,Rex,Sunahara,,LS,0.0,0.0,0.0,0,0,0.0,0,0,0,0,0.0,0,0,0.0,0.0,0.0,,,0,0,0.0,0,0,0,0,0.0,0,0,0.0,0,0,0,0,0,0,0,0.0,0,0,0.0,0,0,0,0.0,0,0,0,0,0,0,0,0.0,0,0,0,0,0,0,0,0,0,0,0,0,0,0,0,0,0,0,0,0.0,0,0,0,0.0,0.0,0.0,0.0,0,0,0.0,0,0,0,0,0,0,0,0,0,0,0,0,0,0,0,0,0,0.0,0,0,0,0,0,0.0,0,0,0,0,0,0.0,0,0,0
2023,FOOTBALL_XFL_2023_3_26_SA@ARL,22879,3,Visitor,50,Kobe,Smith,,DL,0.0,0.0,1.0,0,0,0.0,0,0,0,0,0.0,0,0,0.0,0.0,0.0,,,0,0,0.0,0,0,0,0,0.0,0,0,0.0,0,0,0,0,0,0,0,0.0,0,0,0.0,0,0,0,0.0,0,0,0,0,0,0,0,0.0,0,0,0,0,0,0,0,0,0,0,0,0,0,0,0,0,0,0,0,0.0,0,0,0,0.0,0.0,0.0,0.0,0,0,0.0,0,0,0,0,0,0,0,0,0,0,0,0,0,0,0,0,0,0.0,0,0,0,0,0,0.0,0,0,0,0,0,0.0,0,0,0
2023,FOOTBALL_XFL_2023_3_26_SA@ARL,20410,3,Visitor,55,Da'Sean,Downey,,LB,1.0,0.0,0.0,0,0,0.0,0,0,0,0,0.0,0,0,0.0,0.0,0.0,,,0,0,0.0,0,0,0,0,0.0,0,0,0.0,0,0,0,0,0,0,0,0.0,0,0,0.0,0,0,0,0.0,0,0,0,0,0,0,0,0.0,0,0,0,0,0,0,0,0,0,0,0,0,0,0,0,0,0,0,0,3.0,2,1,0,1.0,0.0,0.0,0.0,0,0,0.0,0,0,0,0,0,0,0,0,0,0,0,0,0,0,0,0,0,0.0,0,0,0,0,0,0.0,0,0,0,0,0,0.0,0,0,0
2023,FOOTBALL_XFL_2023_3_26_SA@ARL,22432,3,Visitor,57,Michael,Brown,,OL,0.0,0.0,0.0,0,0,0.0,0,0,0,0,0.0,0,0,0.0,0.0,0.0,,,0,0,0.0,0,0,0,0,0.0,0,0,0.0,0,0,0,0,0,0,0,0.0,0,0,0.0,0,0,0,0.0,0,0,0,0,0,0,0,0.0,0,0,0,0,0,0,0,0,0,0,0,0,0,0,0,0,0,0,0,0.0,0,0,0,0.0,0.0,0.0,0.0,0,0,0.0,0,0,0,0,0,0,0,0,0,0,0,0,0,0,0,0,0,0.0,0,0,0,0,0,0.0,0,0,0,0,0,0.0,0,0,0
2023,FOOTBALL_XFL_2023_3_26_SA@ARL,20864,3,Visitor,59,Luke,Juriga,,OL,1.0,1.0,0.0,0,0,0.0,0,0,0,0,0.0,0,0,0.0,0.0,0.0,,,0,0,0.0,0,0,0,0,0.0,0,0,0.0,0,0,0,0,0,0,0,0.0,0,0,0.0,0,0,0,0.0,0,0,0,0,0,0,0,0.0,0,0,0,0,0,0,0,0,0,0,0,0,0,0,0,0,0,0,0,0.0,0,0,0,0.0,0.0,0.0,0.0,0,0,0.0,0,0,0,0,0,0,0,0,0,0,0,0,0,0,0,0,0,0.0,0,0,0,0,0,0.0,0,0,0,0,0,0.0,0,0,0
2023,FOOTBALL_XFL_2023_3_26_SA@ARL,20948,3,Visitor,66,Kohl,Levao,,OL,1.0,1.0,0.0,0,0,0.0,0,0,0,0,0.0,0,0,0.0,0.0,0.0,,,0,0,0.0,0,0,0,0,0.0,0,0,0.0,0,0,0,0,0,0,0,0.0,0,0,0.0,0,0,0,0.0,0,0,0,0,0,0,0,0.0,0,0,0,0,0,0,0,0,0,0,0,0,0,0,0,0,0,0,0,0.0,0,0,0,0.0,0.0,0.0,0.0,0,0,0.0,0,0,0,0,0,0,0,0,0,0,0,0,0,0,0,0,0,0.0,0,0,0,0,0,0.0,0,0,0,0,0,0.0,0,0,0
2023,FOOTBALL_XFL_2023_3_26_SA@ARL,20862,3,Visitor,71,Roubbens,Joseph,,OL,1.0,1.0,0.0,0,0,0.0,0,0,0,0,0.0,0,0,0.0,0.0,0.0,,,0,0,0.0,0,0,0,0,0.0,0,0,0.0,0,0,0,0,0,0,0,0.0,0,0,0.0,0,0,0,0.0,0,0,0,0,0,0,0,0.0,0,0,0,0,0,0,0,0,0,0,0,0,0,0,0,0,0,0,0,0.0,0,0,0,0.0,0.0,0.0,0.0,0,0,0.0,0,0,0,0,0,0,0,0,0,0,0,0,0,0,0,0,0,0.0,0,0,0,0,0,0.0,0,0,0,0,0,0.0,0,0,0
2023,FOOTBALL_XFL_2023_3_26_SA@ARL,21258,3,Visitor,72,Norman,Price,,OL,0.0,0.0,1.0,0,0,0.0,0,0,0,0,0.0,0,0,0.0,0.0,0.0,,,0,0,0.0,0,0,0,0,0.0,0,0,0.0,0,0,0,0,0,0,0,0.0,0,0,0.0,0,0,0,0.0,0,0,0,0,0,0,0,0.0,0,0,0,0,0,0,0,0,0,0,0,0,0,0,0,0,0,0,0,0.0,0,0,0,0.0,0.0,0.0,0.0,0,0,0.0,0,0,0,0,0,0,0,0,0,0,0,0,0,0,0,0,0,0.0,0,0,0,0,0,0.0,0,0,0,0,0,0.0,0,0,0
2023,FOOTBALL_XFL_2023_3_26_SA@ARL,20080,3,Visitor,73,Ja'Chai,Baker,,OL,0.0,0.0,0.0,0,0,0.0,0,0,0,0,0.0,0,0,0.0,0.0,0.0,,,0,0,0.0,0,0,0,0,0.0,0,0,0.0,0,0,0,0,0,0,0,0.0,0,0,0.0,0,0,0,0.0,0,0,0,0,0,0,0,0.0,0,0,0,0,0,0,0,0,0,0,0,0,0,0,0,0,0,0,0,0.0,0,0,0,0.0,0.0,0.0,0.0,0,0,0.0,0,0,0,0,0,0,0,0,0,0,0,0,0,0,0,0,0,0.0,0,0,0,0,0,0.0,0,0,0,0,0,0.0,0,0,0
2023,FOOTBALL_XFL_2023_3_26_SA@ARL,22763,3,Visitor,75,Maea,Teuhema,,OL,1.0,1.0,0.0,0,0,0.0,0,0,0,0,0.0,0,0,0.0,0.0,0.0,,,0,0,0.0,0,0,0,0,0.0,0,0,0.0,0,0,0,0,0,0,0,0.0,0,0,0.0,0,0,0,0.0,0,0,0,0,0,0,0,0.0,0,0,0,0,0,0,0,0,0,0,0,0,0,0,0,0,0,0,0,0.0,0,0,0,0.0,0.0,0.0,0.0,0,0,0.0,0,0,0,0,0,0,0,0,0,0,0,0,0,0,0,0,0,0.0,0,0,0,0,0,0.0,0,0,0,0,0,0.0,0,0,0
2023,FOOTBALL_XFL_2023_3_26_SA@ARL,21954,3,Visitor,77,Chidi,Okeke,,OL,1.0,1.0,0.0,0,0,0.0,0,0,0,0,0.0,0,0,0.0,0.0,0.0,,,0,0,0.0,0,0,0,0,0.0,0,0,0.0,0,0,0,0,0,0,0,0.0,0,0,0.0,0,0,0,0.0,0,0,0,0,0,0,0,0.0,0,0,0,0,0,0,0,0,0,0,0,0,0,0,0,0,0,1,5,0.0,0,0,0,0.0,0.0,0.0,0.0,0,0,0.0,0,0,0,0,0,0,0,0,0,0,0,0,0,0,0,0,0,0.0,0,0,0,0,0,0.0,0,0,0,0,0,0.0,0,0,0
2023,FOOTBALL_XFL_2023_3_26_SA@ARL,20224,3,Visitor,78,Malcolm,Bunche,,OL,1.0,0.0,0.0,0,0,0.0,0,0,0,0,0.0,0,0,0.0,0.0,0.0,,,0,0,0.0,0,0,0,0,0.0,0,0,0.0,0,0,0,0,0,0,0,0.0,0,0,0.0,0,0,0,0.0,0,0,0,0,0,0,0,0.0,0,0,0,0,0,0,0,0,0,0,0,0,0,0,0,0,0,1,5,0.0,0,0,0,0.0,0.0,0.0,0.0,0,0,0.0,0,0,0,0,0,0,0,0,0,0,0,0,0,0,0,0,0,0.0,0,0,0,0,0,0.0,0,0,0,0,0,0.0,0,0,0
2023,FOOTBALL_XFL_2023_3_26_SA@ARL,21568,3,Visitor,80,Jalen,Tolliver,,WR,0.0,0.0,0.0,0,0,0.0,0,0,0,0,0.0,0,0,0.0,0.0,0.0,,,0,0,0.0,0,0,0,0,0.0,0,0,0.0,0,0,0,0,0,0,0,0.0,0,0,0.0,0,0,0,0.0,0,0,0,0,0,0,0,0.0,0,0,0,0,0,0,0,0,0,0,0,0,0,0,0,0,0,0,0,0.0,0,0,0,0.0,0.0,0.0,0.0,0,0,0.0,0,0,0,0,0,0,0,0,0,0,0,0,0,0,0,0,0,0.0,0,0,0,0,0,0.0,0,0,0,0,0,0.0,0,0,0
2023,FOOTBALL_XFL_2023_3_26_SA@ARL,22891,3,Visitor,81,Travis,Toivonen,,WR,0.0,0.0,1.0,0,0,0.0,0,0,0,0,0.0,0,0,0.0,0.0,0.0,,,0,0,0.0,0,0,0,0,0.0,0,0,0.0,0,0,0,0,0,0,0,0.0,0,0,0.0,0,0,0,0.0,0,0,0,0,0,0,0,0.0,0,0,0,0,0,0,0,0,0,0,0,0,0,0,0,0,0,0,0,0.0,0,0,0,0.0,0.0,0.0,0.0,0,0,0.0,0,0,0,0,0,0,0,0,0,0,0,0,0,0,0,0,0,0.0,0,0,0,0,0,0.0,0,0,0,0,0,0.0,0,0,0
2023,FOOTBALL_XFL_2023_3_26_SA@ARL,20016,3,Visitor,82,Landen,Akers,,WR,1.0,1.0,0.0,0,0,0.0,0,0,0,0,0.0,0,0,0.0,0.0,0.0,,,0,0,0.0,0,0,0,0,0.0,0,0,0.0,0,0,0,0,5,2,24,12.0,0,1,0.2,21,0,0,0.0,0,1,0,0,0,0,1,0.2,0,0,0,0,0,0,0,0,0,0,0,0,0,0,0,0,24,0,0,0.0,0,0,0,0.0,0.0,0.0,0.0,0,0,0.0,0,0,0,0,0,0,0,0,0,0,0,0,0,0,0,0,0,0.0,0,0,0,0,0,0.0,0,0,1,0,0,0.0,0,0,0
2023,FOOTBALL_XFL_2023_3_26_SA@ARL,22022,3,Visitor,84,Deon,Yelder,,TE,1.0,0.0,0.0,0,0,0.0,0,0,0,0,0.0,0,0,0.0,0.0,0.0,,,0,0,0.0,0,0,0,0,0.0,0,0,0.0,0,0,0,0,1,0,0,0.0,0,0,0.0,0,0,0,0.0,1,0,0,0,0,0,0,0.0,0,0,0,0,0,0,0,0,0,0,0,0,0,0,0,0,0,0,0,0.0,0,0,0,0.0,0.0,0.0,0.0,0,0,0.0,0,0,0,0,0,0,0,0,0,0,0,0,0,0,0,0,0,0.0,0,0,0,0,0,0.0,0,0,0,0,0,0.0,0,0,0
2023,FOOTBALL_XFL_2023_3_26_SA@ARL,21765,3,Visitor,88,Alize,Mack,,TE,1.0,1.0,0.0,0,0,0.0,0,0,0,0,0.0,0,0,0.0,0.0,0.0,,,0,0,0.0,0,0,0,0,0.0,0,0,0.0,0,0,0,0,0,0,0,0.0,0,0,0.0,0,0,0,0.0,0,0,0,0,0,0,0,0.0,0,0,0,0,0,0,0,0,0,0,0,0,0,0,0,0,0,0,0,0.0,0,0,0,0.0,0.0,0.0,0.0,0,0,0.0,0,0,0,0,0,0,0,0,0,0,0,0,0,0,0,0,0,0.0,0,0,0,0,0,0.0,0,0,0,0,0,0.0,0,0,0
2023,FOOTBALL_XFL_2023_3_26_SA@ARL,20567,3,Visitor,90,Matthew,Gotel,,DL,1.0,1.0,0.0,0,0,0.0,0,0,0,0,0.0,0,0,0.0,0.0,0.0,,,0,0,0.0,0,0,0,0,0.0,0,0,0.0,0,0,0,0,0,0,0,0.0,0,0,0.0,0,0,0,0.0,0,0,0,0,0,0,0,0.0,0,0,0,0,0,0,0,0,0,0,0,0,0,0,0,0,0,0,0,3.0,2,1,0,2.0,0.0,0.0,0.0,0,0,0.0,0,0,0,0,0,0,0,0,0,0,0,0,0,0,0,0,0,0.0,0,0,0,0,0,0.0,0,0,0,0,0,0.0,0,0,0
2023,FOOTBALL_XFL_2023_3_26_SA@ARL,20440,3,Visitor,91,Javier,Edwards,,DL,1.0,0.0,0.0,0,0,0.0,0,0,0,0,0.0,0,0,0.0,0.0,0.0,,,0,0,0.0,0,0,0,0,0.0,0,0,0.0,0,0,0,0,0,0,0,0.0,0,0,0.0,0,0,0,0.0,0,0,0,0,0,0,0,0.0,0,0,0,0,0,0,0,0,0,0,0,0,0,0,0,0,0,0,0,3.0,0,3,0,0.0,0.0,0.0,0.0,0,0,0.0,0,0,0,0,0,0,0,0,0,0,0,0,0,0,0,0,0,0.0,0,0,0,0,0,0.0,0,0,0,0,0,0.0,0,0,0
2023,FOOTBALL_XFL_2023_3_26_SA@ARL,22744,3,Visitor,92,Shakir,Soto,,DL,1.0,0.0,0.0,0,0,0.0,0,0,0,0,0.0,0,0,0.0,0.0,0.0,,,0,0,0.0,0,0,0,0,0.0,0,0,0.0,0,0,0,0,0,0,0,0.0,0,0,0.0,0,0,0,0.0,0,0,0,0,0,0,0,0.0,0,0,0,0,0,0,0,0,0,0,0,0,0,0,0,0,0,0,0,3.0,1,2,0,1.0,0.0,0.0,0.0,0,0,0.0,0,0,0,0,0,0,0,0,0,0,0,0,0,0,0,0,0,0.0,0,0,0,0,0,0.0,0,0,0,0,0,0.0,0,0,0
2023,FOOTBALL_XFL_2023_3_26_SA@ARL,22778,3,Visitor,95,Kamilo,Tongamoa,,DL,1.0,1.0,0.0,0,0,0.0,0,0,0,0,0.0,0,0,0.0,0.0,0.0,,,0,0,0.0,0,0,0,0,0.0,0,0,0.0,0,0,0,0,0,0,0,0.0,0,0,0.0,0,0,0,0.0,0,0,0,0,0,0,0,0.0,0,0,0,0,0,0,0,0,0,0,0,0,0,0,0,0,0,0,0,1.0,0,1,0,0.0,0.0,0.0,0.0,0,0,0.0,0,0,0,0,0,0,0,0,0,0,0,0,0,0,0,0,0,0.0,0,0,0,0,0,0.0,0,0,0,0,0,0.0,0,0,0
