Season,game_id,OfficialID,G,GamesStarted,PassAtt,PassComp,PassCompPercent,PassYards,PassTD,PassINT,FirstDownsByPass,FirstDownPercentOfPasses,PassYardsLong,PassYardsLongTD,PassYardsPerAtt,PassYardsPerComp,QBRating,Sacked,SackedYards,SackedYardsAvg,Pass20YdPlays,Pass40YdPlays,RushAtt,RushYards,RushYardsAvg,RushTD,FirstDownsByRush,FirstDownPercentOfRushes,RushYardsLong,RushYardsLongTD,Rush10YdPlays,Rush20YdPlays,RecThrownAt,Recs,RecYards,RecYardsAvg,RecTD,FirstDownsByRec,FirstDownPercentOfRecs,RecYardsLong,RecYardsLongTD,RecYardsAfterCatch,RecYardsAfterCatchAvg,RecDropped,Rec20YdPlays,Rec40YdPlays,Fumbles,OffTD,FirstDowns,FirstDownPercent,PAT1PtAttPass,PAT1PtAttRec,PAT1PtAttRush,PAT1PtConvRush,PAT1PtPctRush,PAT2PtAttPass,PAT2PtAttRec,PAT2PtAttRush,PAT2PtConvRush,PAT2PtPctRush,PAT3PtAttPass,PAT3PtAttRec,PAT3PtAttRush,PAT3PtConvRush,PAT3PtPctRush,TotalTD,TotalYards,Penalties,PenaltyYards,DefTackles,DefSoloTackles,DefAssistTackles,DefQBHits,DefTacklesForLoss,DefSacks,DefSackYards,DefSackYardsAvg,DefINT,DefINTReturnYards,DefINTReturnYardsAvg,DefINTReturnTD,DefINTReturnYardsLong,FGAtt,FGMade,FGLong,FG0To19Att,FG0To19Made,FG20To29Att,FG20To29Made,FG30To39Att,FG30To39Made,FG40To49Att,FG40To49Made,FG50PlusAtt,FG50PlusMade,Punts,PuntGrossYards,PuntGrossYardsAvg,PuntGrossYardsLong,PuntTouchbacks,PuntInside20,PuntRetReturns,PuntRetYards,PuntRetYardsAvg,PuntRetTD,PuntRetYardsLong,PuntRetFairCatches,KickRetReturns,KickRetYards,KickRetYardsAvg,KickRetTD,KickRetYardsLong
2023,FOOTBALL_XFL_2023_2_26_ARL@HOU,20017,1,0,,,,,,,,,,,,,,,,,,,,,,,,,,,,,,,,,,,,,,,,,,,,,,,,,,,,,,,,,,,,,,,,,,,,,,,,,,,,,,,,,,,,,,,,,,,,,,,,,,,,,,,,,,,,
2023,FOOTBALL_XFL_2023_2_26_ARL@HOU,20033,1,0,,,,,,,,,,,,,,,,,,,2,10,5.0,,,,7,,,,1,1,4,4.0,,,,4,,,,,,,,,,,,,,,,,,,,,,,,,,,14,,,,,,,,,,,,,,,,,,,,,,,,,,,,,,,,,,,,,,,,,,,,,
2023,FOOTBALL_XFL_2023_2_26_ARL@HOU,20041,1,0,,,,,,,,,,,,,,,,,,,,,,,,,,,,,,,,,,,,,,,,,,,,,,,,,,,,,,,,,,,,,,,,,,,,,,,,,,,,,,,,,,,,,,,,,,,,,,,,,,,,,,,,,,,,
2023,FOOTBALL_XFL_2023_2_26_ARL@HOU,20050,1,0,,,,,,,,,,,,,,,,,,,,,,,,,,,,,4,2,17,8.5,,1,0.25,11,,4,2.0,,,,,,1,0.25,,,,,,,,,,,,,,,,,17,,,,,,,,,,,,,,,,,,,,,,,,,,,,,,,,,,,,,,,,,,,,,
2023,FOOTBALL_XFL_2023_2_26_ARL@HOU,20089,1,0,,,,,,,,,,,,,,,,,,,,,,,,,,,,,,,,,,,,,,,,,,,,,,,,,,,,,,,,,,,,,,,,,,1.0,1,,,,,,,,,,,,,,,,,,,,,,,,,,,,,,,,,,,,,,,,,
2023,FOOTBALL_XFL_2023_2_26_ARL@HOU,20099,1,1,,,,,,,,,,,,,,,,,,,,,,,,,,,,,,,,,,,,,,,,,,,,,,,,,,,,,,,,,,,,,,,,,,,,,,,,,,,,,,,,,,,,,,,,,,,,,,,,,,,,,,,,,,,,
2023,FOOTBALL_XFL_2023_2_26_ARL@HOU,20107,1,1,,,,,,,,,,,,,,,,,,,,,,,,,,,,,,,,,,,,,,,,,,,,,,,,,,,,,,,,,,,,,,,,,,5.0,3,2,,,,,,,,,,,,,,,,,,,,,,,,,,,,,,,,,,,,,,,,
2023,FOOTBALL_XFL_2023_2_26_ARL@HOU,20123,1,1,,,,,,,,,,,,,,,,,,,,,,,,,,,,,1,,,,,,,,,,,,,,,,,,,,,,,,,,,,,,,,,,,,,,,,,,,,,,,,,,,,,,,,,,,,,,,,,,,,,,,,,,,,,,,
2023,FOOTBALL_XFL_2023_2_26_ARL@HOU,20149,1,0,,,,,,,,,,,,,,,,,,,12,27,2.25,1,3,0.25,7,,,,6,2,20,10.0,,1,0.16666666666666666,12,,13,6.5,,,,,1,4,0.2222222222222222,,,1,,,,,,,,,,,,,1,47,,,,,,,,,,,,,,,,,,,,,,,,,,,,,,,,,,,,,,,,,,,,,
2023,FOOTBALL_XFL_2023_2_26_ARL@HOU,20212,1,0,,,,,,,,,,,,,,,,,,,,,,,,,,,,,,,,,,,,,,,,,,,,,,,,,,,,,,,,,,,,,,,,,,,,,,,,,,,,,,,,,,,,,,,,,,,,,,,,,,,,,,,,,,,,
2023,FOOTBALL_XFL_2023_2_26_ARL@HOU,20229,1,1,,,,,,,,,,,,,,,,,,,,,,,,,,,,,4,1,4,4.0,,,,4,,,,,,,1,,,,,,,,,,,,,,,,,,,,4,,,,,,,,,,,,,,,,,,,,,,,,,,,,,,,,,,,,,,,,,,,,,
2023,FOOTBALL_XFL_2023_2_26_ARL@HOU,20241,1,1,,,,,,,,,,,,,,,,,,,,,,,,,,,,,3,3,19,6.333333333333333,1,1,0.3333333333333333,15,True,,,,,,,1,1,0.3333333333333333,,,,,,,,,,,,,,,,1,19,,,,,,,,,,,,,,,,,,,,,,,,,,,,,,,,,,,,,,,,,,,,,
2023,FOOTBALL_XFL_2023_2_26_ARL@HOU,20270,1,1,,,,,,,,,,,,,,,,,,,,,,,,,,,,,,,,,,,,,,,,,,,,,,,,,,,,,,,,,,,,,,,,,,7.0,5,2,,,,,,,,,,,,,,,,,,,,,,,,,,,,,,,,,,,,,,,,
2023,FOOTBALL_XFL_2023_2_26_ARL@HOU,20280,1,1,,,,,,,,,,,,,,,,,,,,,,,,,,,,,,,,,,,,,,,,,,,,,,,,,,,,,,,,,,,,,,,,1,5,,,,,,,,,,,,,,,,,,,,,,,,,,,,,,,,,,,,,,,,,,,
2023,FOOTBALL_XFL_2023_2_26_ARL@HOU,20296,1,1,,,,,,,,,,,,,,,,,,,,,,,,,,,,,,,,,,,,,,,,,,,,,,,,,,,,,,,,,,,,,,,,,,1.0,1,,,,,,,,,,,,,,,,,,,,,,,,,,,,,,,,,,,,,,,,,
2023,FOOTBALL_XFL_2023_2_26_ARL@HOU,20331,1,0,,,,,,,,,,,,,,,,,,,,,,,,,,,,,,,,,,,,,,,,,,,,,,,,,,,,,,,,,,,,,,,,,,2.0,2,,,,,,,,,,,,,,,,,,,,,,,,,,,,,,,,,,,,,,,,,
2023,FOOTBALL_XFL_2023_2_26_ARL@HOU,20350,1,0,,,,,,,,,,,,,,,,,,,,,,,,,,,,,,,,,,,,,,,,,,,,,,,,,,,,,,,,,,,,,,,,,,3.0,2,1,,2.0,1.0,9.0,9.0,,,,,,,,,,,,,,,,,,,,,,,,,,,,,,,,,,,
2023,FOOTBALL_XFL_2023_2_26_ARL@HOU,20368,1,1,,,,,,,,,,,,,,,,,,,,,,,,,,,,,,,,,,,,,,,,,,,,,,,,,,,,,,,,,,,,,,,,,,1.0,1,,,,,,,1,15,15.0,,15,,,,,,,,,,,,,,,,,,,,,,,,,,,,,,
2023,FOOTBALL_XFL_2023_2_26_ARL@HOU,20424,1,0,,,,,,,,,,,,,,,,,,,,,,,,,,,,,,,,,,,,,,,,,,,,,,,,,,,,,,,,,,,,,,,,,,,,,,,,,,,,,,,1,1,42,,,,,,,1,1,,,,,,,,,,,,,,,,,,,
2023,FOOTBALL_XFL_2023_2_26_ARL@HOU,20445,1,0,,,,,,,,,,,,,,,,,,,,,,,,,,,,,,,,,,,,,,,,,,,,,,,,,,,,,,,,,,,,,,,,,,,,,,,,,,,,,,,,,,,,,,,,,,,,,,,,,,,,,,,,,,,,
2023,FOOTBALL_XFL_2023_2_26_ARL@HOU,20448,1,0,,,,,,,,,,,,,,,,,,,,,,,,,,,,,,,,,,,,,,,,,,,,,,,,,,,,,,,,,,,,,,,,,,,,,,,,,,,,,,,,,,,,,,,,,,,,,,,,,,,,,,,,,,,,
2023,FOOTBALL_XFL_2023_2_26_ARL@HOU,20496,1,0,,,,,,,,,,,,,,,,,,,,,,,,,,,,,,,,,,,,,,,,,,,,,,,,,,,,,,,,,,,,,,,,,,,,,,,,,,,,,,,,,,,,,,,,,,,,,,,,,,,,,,,,,,,,
2023,FOOTBALL_XFL_2023_2_26_ARL@HOU,20502,1,0,,,,,,,,,,,,,,,,,,,6,11,1.8333333333333333,,1,0.16666666666666666,6,,,,1,,,,,,,,,,,,,,,,1,0.14285714285714285,,,,,,,,,,,,,,,,,11,,,,,,,,,,,,,,,,,,,,,,,,,,,,,,,,,,,,,,,,,,,,,
2023,FOOTBALL_XFL_2023_2_26_ARL@HOU,20633,1,1,,,,,,,,,,,,,,,,,,,,,,,,,,,,,,,,,,,,,,,,,,,,,,,,,,,,,,,,,,,,,,,,,,,,,,,,,,,,,,,,,,,,,,,,,,,,,,,,,,,,,,,,,,,,
2023,FOOTBALL_XFL_2023_2_26_ARL@HOU,20642,1,0,,,,,,,,,,,,,,,,,,,,,,,,,,,,,,,,,,,,,,,,,,,,,,,,,,,,,,,,,,,,,,,,,,,,,,,,,,,,,,,,,,,,,,,,,,,,,,,,,,,,,,,,,,,,
2023,FOOTBALL_XFL_2023_2_26_ARL@HOU,20654,1,1,,,,,,,,,,,,,,,,,,,,,,,,,,,,,,,,,,,,,,,,,,,,,,,,,,,,,,,,,,,,,,,,,,,,,,,,,,,,,,,,,,,,,,,,,,,,,,,,,,,,,,,,,,,,
2023,FOOTBALL_XFL_2023_2_26_ARL@HOU,20675,1,1,,,,,,,,,,,,,,,,,,,,,,,,,,,,,,,,,,,,,,,,,,,,,,,,,,,,,,,,,,,,,,,,,,3.0,2,1,,1.0,,,,,,,,,,,,,,,,,,,,,,,,,,,,,,,,,,,,,,
2023,FOOTBALL_XFL_2023_2_26_ARL@HOU,20693,1,1,,,,,,,,,,,,,,,,,,,,,,,,,,,,,,,,,,,,,,,,,,,,,,,,,,,,,,,,,,,,,,,,,,3.0,3,,,1.0,,,,,,,,,,,,,,,,,,,,,,,,,,,,,,,,,,,,,,
2023,FOOTBALL_XFL_2023_2_26_ARL@HOU,20707,1,1,,,,,,,,,,,,,,,,,,,,,,,,,,,,,3,1,5,5.0,1,,,5,True,,,,,,,1,,,,,,,,,,,,,,,,,,1,5,,,,,,,,,,,,,,,,,,,,,,,,,,,,,,,,,,,,,,,,,,,,,
2023,FOOTBALL_XFL_2023_2_26_ARL@HOU,20722,1,1,,,,,,,,,,,,,,,,,,,,,,,,,,,,,,,,,,,,,,,,,,,,,,,,,,,,,,,,,,,,,,,,1,5,,,,,,,,,,,,,,,,,,,,,,,,,,,,,,,,,,,,,,,,,,,
2023,FOOTBALL_XFL_2023_2_26_ARL@HOU,20735,1,1,,,,,,,,,,,,,,,,,,,,,,,,,,,,,,,,,,,,,,,,,,,,,,,,,,,,,,,,,,,,,,,,,,,,,,,,,,,,,,,,,,,,,,,,,,,,,,,,,,,,,,,,,,,,
2023,FOOTBALL_XFL_2023_2_26_ARL@HOU,20801,1,0,,,,,,,,,,,,,,,,,,,,,,,,,,,,,,,,,,,,,,,,,,,,,,,,,,,,,,,,,,,,,,,,,,,,,,,,,,,,,,,,,,,,,,,,,,,,,,,,,,,,,,,,,,,,
2023,FOOTBALL_XFL_2023_2_26_ARL@HOU,20885,1,0,,,,,,,,,,,,,,,,,,,,,,,,,,,,,,,,,,,,,,,,,,,,,,,,,,,,,,,,,,,,,,,,,,,,,,,,,,,,,,,,,,,,,,,,,,,,,,,,,,,,,,,,,,,,
2023,FOOTBALL_XFL_2023_2_26_ARL@HOU,20889,1,0,,,,,,,,,,,,,,,,,,,4,2,0.5,,,,8,,,,,,,,,,,,,,,,,,,,,,,,,,,,,,,,,,,,,,2,,,,,,,,,,,,,,,,,,,,,,,,,,,,,,,,,,,,,,,,1,4,69,17.25,,19
2023,FOOTBALL_XFL_2023_2_26_ARL@HOU,20891,1,0,,,,,,,,,,,,,,,,,,,,,,,,,,,,,,,,,,,,,,,,,,,,,,,,,,,,,,,,,,,,,,,,,,,,,,,,,,,,,,,,,,,,,,,,,,,,7,324,46.285714285714285,54,,,,,,,,,,,,,
2023,FOOTBALL_XFL_2023_2_26_ARL@HOU,20896,1,1,,,,,,,,,,,,,,,,,,,,,,,,,,,,,6,2,56,28.0,,2,0.3333333333333333,40,,3,1.5,,1,1,,,2,0.3333333333333333,,,,,,,1,,,,,,,,,,56,,,,,,,,,,,,,,,,,,,,,,,,,,,,,,,,,,,,,,,,,,,,,
2023,FOOTBALL_XFL_2023_2_26_ARL@HOU,20919,1,0,,,,,,,,,,,,,,,,,,,,,,,,,,,,,,,,,,,,,,,,,,,,,,,,,,,,,,,,,,,,,,,,,,,,,,,,,,,,,,,,,,,,,,,,,,,,,,,,,,,,,,,,,,,,
2023,FOOTBALL_XFL_2023_2_26_ARL@HOU,20931,1,1,,,,,,,,,,,,,,,,,,,,,,,,,,,,,,,,,,,,,,,,,,,,,,,,,,,,,,,,,,,,,,,,,,,,,,,,,,,,,,,,,,,,,,,,,,,,,,,,,,,,,,,,,,,,
2023,FOOTBALL_XFL_2023_2_26_ARL@HOU,20940,1,0,,,,,,,,,,,,,,,,,,,3,6,2.0,,,,3,,,,,,,,,,,,,,,,,,,,,,,,,,,,,,,,,,,,,,6,,,,,,,,,,,,,,,,,,,,,,,,,,,,,,,,,,,3,37,12.333333333333334,,21,,2,48,24.0,,31
2023,FOOTBALL_XFL_2023_2_26_ARL@HOU,21004,1,1,,,,,,,,,,,,,,,,,,,,,,,,,,,,,,,,,,,,,,,,,,,,,,,,,,,,,,,,,,,,,,,,,,,,,,,,,,,,,,,,,,,,,,,,,,,,,,,,,,,,,,,,,,,,
2023,FOOTBALL_XFL_2023_2_26_ARL@HOU,21040,1,1,,,,,,,,,,,,,,,,,,,,,,,,,,,,,,,,,,,,,,,,,,,,,,,,,,,,,,,,,,,,,,,,,,,,,,,,,,,,,,,,,,,,,,,,,,,,,,,,,,,,,,,,,,,,
2023,FOOTBALL_XFL_2023_2_26_ARL@HOU,21087,1,1,,,,,,,,,,,,,,,,,,,,,,,,,,,,,,,,,,,,,,,,,,,,,,,,,,,,,,,,,,,,,,,,,,,,,,,,,,,,,,,,,,,,,,,,,,,,,,,,,,,,,,,,,,,,
2023,FOOTBALL_XFL_2023_2_26_ARL@HOU,21094,1,1,,,,,,,,,,,,,,,,,,,,,,,,,,,,,,,,,,,,,,,,,,,,,,,,,,,,,,,,,,,,,,,,1,10,,,,,,,,,,,,,,,,,,,,,,,,,,,,,,,,,,,,,,,,,,,
2023,FOOTBALL_XFL_2023_2_26_ARL@HOU,21108,1,0,,,,,,,,,,,,,,,,,,,,,,,,,,,,,,,,,,,,,,,,,,,,,,,,,,,,,,,,,,,,,,,,,,,,,,,,,,,,,,,,,,,,,,,,,,,,,,,,,,,,,,,,,,,,
2023,FOOTBALL_XFL_2023_2_26_ARL@HOU,21138,1,0,,,,,,,,,,,,,,,,,,,,,,,,,,,,,,,,,,,,,,,,,,,,,,,,,,,,,,,,,,,,,,,,,,,,,,,,,,,,,,,,,,,,,,,,,,,,,,,,,,,,,,,,,,,,
2023,FOOTBALL_XFL_2023_2_26_ARL@HOU,21173,1,1,,,,,,,,,,,,,,,,,,,1,2,2.0,,,,2,,,,,,,,,,,,,,,,,,,,,,,,,,,,,,,,,,,,,,2,,,,,,,,,,,,,,,,,,,,,,,,,,,,,,,,,,,,,,,,,,,,,
2023,FOOTBALL_XFL_2023_2_26_ARL@HOU,21189,1,1,,,,,,,,,,,,,,,,,,,,,,,,,,,,,,,,,,,,,,,,,,,,,,,,,,,,,,,,,,,,,,,,,,,,,,,,,,,,,,,,,,,,,,,,,,,,,,,,,,,,,,,,,,,,
2023,FOOTBALL_XFL_2023_2_26_ARL@HOU,21193,1,0,,,,,,,,,,,,,,,,,,,,,,,,,,,,,,,,,,,,,,,,,,,,,,,,,,,,,,,,,,,,,,,,,,,,,,,,,,,,,,,,,,,,,,,,,,,,,,,,,,,,,,,,,,,,
2023,FOOTBALL_XFL_2023_2_26_ARL@HOU,21243,1,1,29,15,0.5172413793103449,120,2,1,6,0.20689655172413793,26,,4.137931034482759,8.0,43.75,5,38,7.6,1,,2,14,7.0,,1,0.5,12,,1,,,,,,,,,,,,,,,,1,2,7,0.22580645161290322,,,,,,2,,,,,,,,,,2,134,,,,,,,,,,,,,,,,,,,,,,,,,,,,,,,,,,,,,,,,,,,,,
2023,FOOTBALL_XFL_2023_2_26_ARL@HOU,21248,1,0,,,,,,,,,,,,,,,,,,,,,,,,,,,,,,,,,,,,,,,,,,,,,,,,,,,,,,,,,,,,,,,,,,,,,,,,,,,,,,,,,,,,,,,,,,,,5,176,35.2,44,,2,,,,,,,,,,,
2023,FOOTBALL_XFL_2023_2_26_ARL@HOU,21251,1,0,,,,,,,,,,,,,,,,,,,,,,,,,,,,,,,,,,,,,,,,,,,,,,,,,,,,,,,,,,,,,,,,,,2.0,2,,,,,,,,,,,,,,,,,,,,,,,,,,,,,,,,,,,,1,,,,,
2023,FOOTBALL_XFL_2023_2_26_ARL@HOU,21266,1,0,,,,,,,,,,,,,,,,,,,,,,,,,,,,,5,4,65,16.25,,3,0.6,24,,,,,1,,,,3,0.6,,,,,,,,,,,,,,,,,65,,,,,,,,,,,,,,,,,,,,,,,,,,,,,,,,,,,,,,,,,,,,,
2023,FOOTBALL_XFL_2023_2_26_ARL@HOU,21318,1,1,,,,,,,,,,,,,,,,,,,,,,,,,,,,,,,,,,,,,,,,,,,,,,,,,,,,,,,,,,,,,,,,,,2.0,2,,,,,,,,,,,,,,,,,,,,,,,,,,,,,,,,,,,,,,,,,
2023,FOOTBALL_XFL_2023_2_26_ARL@HOU,21359,1,0,,,,,,,,,,,,,,,,,,,,,,,,,,,,,,,,,,,,,,,,,,,,,,,,,,,,,,,,,,,,,,,,,,,,,,,,,,,,,,,1,,,,,,,,,,,1,,,,,,,,,,,,,,,,,,
2023,FOOTBALL_XFL_2023_2_26_ARL@HOU,21379,1,1,,,,,,,,,,,,,,,,,,,,,,,,,,,,,,,,,,,,,,,,,,,,,,,,,,,,,,,,,,,,,,,,,,3.0,3,,,,,,,,,,,,,,,,,,,,,,,,,,,,,,,,,,,,,,,,,
2023,FOOTBALL_XFL_2023_2_26_ARL@HOU,21426,1,0,,,,,,,,,,,,,,,,,,,,,,,,,,,,,1,1,4,4.0,,,,4,,,,,,,,,,,,,,,,,,,,,,,,,,,4,,,,,,,,,,,,,,,,,,,,,,,,,,,,,,,,,,,,,,,,,,,,,
2023,FOOTBALL_XFL_2023_2_26_ARL@HOU,21441,1,0,,,,,,,,,,,,,,,,,,,,,,,,,,,,,1,,,,,,,,,,,,,,,,,,,,,,,,,,,,,,,,,,,,,,,,,,,,,,,,,,,,,,,,,,,,,,,,,,,,,,,,,,,,,,,
2023,FOOTBALL_XFL_2023_2_26_ARL@HOU,21456,1,1,,,,,,,,,,,,,,,,,,,,,,,,,,,,,,,,,,,,,,,,,,,,,,,,,,,,,,,,,,,,,,,,,,,,,,,,,,,,,,,,,,,,,,,,,,,,,,,,,,,,,,,,,,,,
2023,FOOTBALL_XFL_2023_2_26_ARL@HOU,21479,1,1,,,,,,,,,,,,,,,,,,,,,,,,,,,,,,,,,,,,,,,,,,,,,,,,,,,,,,,,,,,,,,,,1,5,,,,,,,,,,,,,,,,,,,,,,,,,,,,,,,,,,,,,,,,,,,
2023,FOOTBALL_XFL_2023_2_26_ARL@HOU,21536,1,1,,,,,,,,,,,,,,,,,,,,,,,,,,,,,,,,,,,,,,,,,,,,,,,,,,,,,,,,,,,,,,,,1,10,3.0,2,1,,,,,,,,,,,,,,,,,,,,,,,,,,,,,,,,,,,,,,,,
2023,FOOTBALL_XFL_2023_2_26_ARL@HOU,21601,1,0,,,,,,,,,,,,,,,,,,,,,,,,,,,,,,,,,,,,,,,,,,,,,,,,,,,,,,,,,,,,,,,,,,,,,,,,,,,,,,,,,,,,,,,,,,,,,,,,,,,,,,,,,,,,
2023,FOOTBALL_XFL_2023_2_26_ARL@HOU,21609,1,0,,,,,,,,,,,,,,,,,,,,,,,,,,,,,,,,,,,,,,,,,,,,,,,,,,,,,,,,,,,,,,,,,,,,,,,,,,,,,,,,,,,,,,,,,,,,,,,,,,,,,,,,,,,,
2023,FOOTBALL_XFL_2023_2_26_ARL@HOU,21628,1,1,,,,,,,,,,,,,,,,,,,,,,,,,,,,,,,,,,,,,,,,,,,,,,,,,,,,,,,,,,,,,,,,,,5.0,3,2,,1.0,1.0,1.0,1.0,,,,,,,,,,,,,,,,,,,,,,,,,,,,,,,,,,,
2023,FOOTBALL_XFL_2023_2_26_ARL@HOU,21707,1,1,,,,,,,,,,,,,,,,,,,,,,,,,,,,,3,1,4,4.0,1,1,0.3333333333333333,4,True,,,1,,,,1,1,0.3333333333333333,,,,,,,,,,,,,,,,1,4,,,,,,,,,,,,,,,,,,,,,,,,,,,,,,,,,,,,,,,,,,,,,
2023,FOOTBALL_XFL_2023_2_26_ARL@HOU,21798,1,0,,,,,,,,,,,,,,,,,,,,,,,,,,,,,,,,,,,,,,,,,,,,,,,,,,,,,,,,,,,,,,,,,,1.0,1,,,,,,,,,,,,,,,,,,,,,,,,,,,,,,,,,,,,,,,,,
2023,FOOTBALL_XFL_2023_2_26_ARL@HOU,21820,1,0,,,,,,,,,,,,,,,,,,,,,,,,,,,,,,,,,,,,,,,,,,,,,,,,,,,,,,,,,,,,,,,,1,15,2.0,2,,,,,,,,,,,,,,,,,,,,,,,,,,,,,,,,,,,,,,,,,
2023,FOOTBALL_XFL_2023_2_26_ARL@HOU,21845,1,0,,,,,,,,,,,,,,,,,,,,,,,,,,,,,,,,,,,,,,,,,,,,,,,,,,,,,,,,,,,,,,,,,,,,,,,,,,,,,,,,,,,,,,,,,,,,,,,,,,,,,,,,,,,,
2023,FOOTBALL_XFL_2023_2_26_ARL@HOU,21848,1,0,,,,,,,,,,,,,,,,,,,,,,,,,,,,,,,,,,,,,,,,,,,,,,,,,,,,,,,,,,,,,,,,,,,,,,,,,,,,,,,,,,,,,,,,,,,,,,,,,,,,,,,,,,,,
2023,FOOTBALL_XFL_2023_2_26_ARL@HOU,21857,1,1,,,,,,,,,,,,,,,,,,,,,,,,,,,,,,,,,,,,,,,,,,,,,,,,,,,,,,,,,,,,,,,,,,4.0,2,2,,2.0,1.0,11.0,11.0,,,,,,,,,,,,,,,,,,,,,,,,,,,,,,,,,,,
2023,FOOTBALL_XFL_2023_2_26_ARL@HOU,21884,1,0,,,,,,,,,,,,,,,,,,,,,,,,,,,,,,,,,,,,,,,,,,,,,,,,,,,,,,,,,,,,,,,,,,,,,,,,,,,,,,,,,,,,,,,,,,,,,,,,,,,,,,,,,,,,
2023,FOOTBALL_XFL_2023_2_26_ARL@HOU,21913,1,0,,,,,,,,,,,,,,,,,,,,,,,,,,,,,,,,,,,,,,,,,,,,,,,,,,,,,,,,,,,,,,,,,,3.0,3,,,,,,,,,,,,,,,,,,,,,,,,,,,,,,,,,,,,,,,,,
2023,FOOTBALL_XFL_2023_2_26_ARL@HOU,21922,1,0,,,,,,,,,,,,,,,,,,,,,,,,,,,,,,,,,,,,,,,,,,,,,,,,,,,,,,,,,,,,,,,,,,,,,,,,,,,,,,,,,,,,,,,,,,,,,,,,,,,,,,,,,,,,
2023,FOOTBALL_XFL_2023_2_26_ARL@HOU,21946,1,1,,,,,,,,,,,,,,,,,,,,,,,,,,,,,,,,,,,,,,,,,,,,,,,,,,,,,,,,,,,,,,,,,,1.0,1,,,,,,,,,,,,,,,,,,,,,,,,,,,,,,,,,,,,,,,,,
2023,FOOTBALL_XFL_2023_2_26_ARL@HOU,21982,1,0,1,,,,,,,,,,,,39.58333333333333,,,,,,7,39,5.571428571428571,,2,0.2857142857142857,18,,1,,,,,,,,,,,,,,,,,,2,0.25,1,,,,,,,,,,,,,,,,39,,,,,,,,,,,,,,,,,,,,,,,,,,,,,,,,,,,,,,,,,,,,,
2023,FOOTBALL_XFL_2023_2_26_ARL@HOU,21984,1,1,28,14,0.5,173,2,,7,0.25,40,,6.178571428571429,12.357142857142858,52.083333333333336,1,8,8.0,2,1,3,-7,-2.3333333333333335,,,,-1,,,,,,,,,,,,,,,,,,,2,7,0.22580645161290322,,,,,,1,,,,,,,,,,2,166,,,,,,,,,,,,,,,,,,,,,,,,,,,,,,,,,,,,,,,,,,,,,
2023,FOOTBALL_XFL_2023_2_26_ARL@HOU,21989,1,1,,,,,,,,,,,,,,,,,,,,,,,,,,,,,,,,,,,,,,,,,,,,,,,,,,,,,,,,,,,,,,,,,,3.0,1,2,,1.0,0.5,2.0,4.0,,,,,,,,,,,,,,,,,,,,,,,,,,,,,,,,,,,
2023,FOOTBALL_XFL_2023_2_26_ARL@HOU,21998,1,0,,,,,,,,,,,,,,,,,,,,,,,,,,,,,,,,,,,,,,,,,,,,,,,,,,,,,,,,,,,,,,,,,,,,,,,,,,,,,,,,,,,,,,,,,,,,,,,,,,,,,,,,,,,,
2023,FOOTBALL_XFL_2023_2_26_ARL@HOU,22000,1,0,,,,,,,,,,,,,,,,,,,,,,,,,,,,,,,,,,,,,,,,,,,,,,,,,,,,,,,,,,,,,,,,,,,,,,,,,,,,,,,,,,,,,,,,,,,,,,,,,,,,,,,,,,,,
2023,FOOTBALL_XFL_2023_2_26_ARL@HOU,22010,1,1,,,,,,,,,,,,,,,,,,,,,,,,,,,,,,,,,,,,,,,,,,,,,,,,,,,,,,,,,,,,,,,,,,,,,,,,,,,,,,,,,,,,,,,,,,,,,,,,,,,,,,,,,,,,
2023,FOOTBALL_XFL_2023_2_26_ARL@HOU,22014,1,0,,,,,,,,,,,,,,,,,,,,,,,,,,,,,4,2,12,6.0,,,,7,,,,,,,,,,,,,,,,,,,,,,,,,,,12,,,,,,,,,,,,,,,,,,,,,,,,,,,,,,,,,,,,,,,,,,,,,
2023,FOOTBALL_XFL_2023_2_26_ARL@HOU,22024,1,0,,,,,,,,,,,,,,,,,,,,,,,,,,,,,,,,,,,,,,,,,,,,,,,,,,,,,,,,,,,,,,,,,,,,,,,,,,,,,,,,,,,,,,,,,,,,,,,,,,,,,,,,,,,,
2023,FOOTBALL_XFL_2023_2_26_ARL@HOU,22030,1,1,,,,,,,,,,,,,,,,,,,,,,,,,,,,,4,4,38,9.5,,1,0.25,26,,2,0.5,,1,,,,1,0.25,,,,,,,1,,,,,,,,,,38,,,,,,,,,,,,,,,,,,,,,,,,,,,,,,,,,,,,,,,,,,,,,
2023,FOOTBALL_XFL_2023_2_26_ARL@HOU,22032,1,0,,,,,,,,,,,,,,,,,,,,,,,,,,,,,,,,,,,,,,,,,,,,,,,,,,,,,,,,,,,,,,,,,,,,,,,,,,,,,,,,,,,,,,,,,,,,,,,,,,,,,,,,,,,,
2023,FOOTBALL_XFL_2023_2_26_ARL@HOU,22299,1,0,,,,,,,,,,,,,,,,,,,,,,,,,,,,,,,,,,,,,,,,,,,,,,,,,,,,,,,,,,,,,,,,,,1.0,1,,,,,,,,,,,,,,,,,,,,,,,,,,,,,,,,,,,,,,,,,
2023,FOOTBALL_XFL_2023_2_26_ARL@HOU,22302,1,1,,,,,,,,,,,,,,,,,,,,,,,,,,,,,,,,,,,,,,,,,,,,,,,,,,,,,,,,,,,,,,,,,,1.0,1,,1,,,,,,,,,,,,,,,,,,,,,,,,,,,,,,,,,,,,,,,
2023,FOOTBALL_XFL_2023_2_26_ARL@HOU,22305,1,1,,,,,,,,,,,,,,,,,,,7,16,2.2857142857142856,,1,0.14285714285714285,4,,,,5,4,32,8.0,,2,0.4,13,,8,2.0,,,,,,3,0.25,,,,,,,,,,,,,,,,,48,,,1.0,1,,,,,,,,,,,,,,,,,,,,,,,,,,,,,,,,,,,,,,,,,
2023,FOOTBALL_XFL_2023_2_26_ARL@HOU,22326,1,0,,,,,,,,,,,,,,,,,,,,,,,,,,,,,1,1,13,13.0,1,1,1.0,13,True,,,,,,,1,1,1.0,,,,,,,,,,,,,,,,1,13,1,10,,,,,,,,,,,,,,,,,,,,,,,,,,,,,,,,,,,,,,,,,,,
2023,FOOTBALL_XFL_2023_2_26_ARL@HOU,22363,1,1,,,,,,,,,,,,,,,,,,,,,,,,,,,,,4,,,,,,,,,,,,,,,,,,,,,,,,1,,,,,,,,,,,,,,,,,,,,,,,,,,,,,,,,,,,,,,,,,,,,,,,,,,,,,,,
2023,FOOTBALL_XFL_2023_2_26_ARL@HOU,22364,1,0,,,,,,,,,,,,,,,,,,,,,,,,,,,,,,,,,,,,,,,,,,,,,,,,,,,,,,,,,,,,,,,,,,1.0,1,,,1.0,1.0,13.0,13.0,,,,,,,,,,,,,,,,,,,,,,,,,,,,,,,,,,,
2023,FOOTBALL_XFL_2023_2_26_ARL@HOU,22375,1,0,,,,,,,,,,,,,,,,,,,,,,,,,,,,,,,,,,,,,,,,,,,,,,,,,,,,,,,,,,,,,,,,,,3.0,3,,,1.0,1.0,8.0,8.0,,,,,,,,,,,,,,,,,,,,,,,,,,,,,,,,,,,
2023,FOOTBALL_XFL_2023_2_26_ARL@HOU,22601,1,0,,,,,,,,,,,,,,,,,,,,,,,,,,,,,,,,,,,,,,,,,,,2,,,,,,,,,,,,,,,,,,,,,1,15,5.0,3,2,,,,,,,,,,,,,,,,,,,,,,,,,,,,,,3,76,25.333333333333332,,42,,,,,,
2023,FOOTBALL_XFL_2023_2_26_ARL@HOU,22675,1,1,,,,,,,,,,,,,,,,,,,,,,,,,,,,,,,,,,,,,,,,,,,,,,,,,,,,,,,,,,,,,,,,,,7.0,5,2,1,,,,,,,,,,,,,,,,,,,,,,,,,,,,,,,,,,,,,,,
2023,FOOTBALL_XFL_2023_2_26_ARL@HOU,22682,1,0,,,,,,,,,,,,,,,,,,,,,,,,,,,,,,,,,,,,,,,,,,,,,,,,,,,,,,,,,,,,,,,,,,,,,,,,,,,,,,,,,,,,,,,,,,,,,,,,,,,,,,,,,,,,
2023,FOOTBALL_XFL_2023_2_26_ARL@HOU,22833,1,0,,,,,,,,,,,,,,,,,,,,,,,,,,,,,,,,,,,,,,,,,,,,,,,,,,,,,,,,,,,,,,,,,,,,,,,,,,,,,,,,,,,,,,,,,,,,,,,,,,,,,,,,,,,,
2023,FOOTBALL_XFL_2023_2_26_ARL@HOU,22852,1,1,,,,,,,,,,,,,,,,,,,,,,,,,,,,,,,,,,,,,,,,,,,,,,,,,,,,,,,,,,,,,,,,,,,,,,,,,,,,,,,,,,,,,,,,,,,,,,,,,,,,,,,,,,,,
2023,FOOTBALL_XFL_2023_2_26_ARL@HOU,22854,1,0,,,,,,,,,,,,,,,,,,,,,,,,,,,,,,,,,,,,,,,,,,,,,,,,,,,,,,,,,,,,,,,,,,,,,,,,,,,,,,,,,,,,,,,,,,,,,,,,,,,,,,,,,,,,
2023,FOOTBALL_XFL_2023_2_26_ARL@HOU,22857,1,1,,,,,,,,,,,,,,,,,,,,,,,,,,,,,,,,,,,,,,,,,,,,,,,,,,,,,,,,,,,,,,,,,,5.0,2,3,,2.0,0.5,2.0,4.0,,,,,,,,,,,,,,,,,,,,,,,,,,,,,,,,,,,
2023,FOOTBALL_XFL_2023_2_26_ARL@HOU,22872,1,0,,,,,,,,,,,,,,,,,,,,,,,,,,,,,,,,,,,,,,,,,,,,,,,,,,,,,,,,,,,,,,,,,,,,,,,,,,,,,,,,,,,,,,,,,,,,,,,,,,,,,,,,,,,,
2023,FOOTBALL_XFL_2023_2_26_ARL@HOU,22875,1,0,,,,,,,,,,,,,,,,,,,,,,,,,,,,,,,,,,,,,,,,,,,,,,,,,,,,,,,,,,,,,,,,,,2.0,2,,,1.0,,,,,,,,,,,,,,,,,,,,,,,,,,,,,,,,,,,,,,
2023,FOOTBALL_XFL_2023_2_26_ARL@HOU,22877,1,0,,,,,,,,,,,,,,,,,,,,,,,,,,,,,,,,,,,,,,,,,,,,,,,,,,,,,,,,,,,,,,,,,,,,,,,,,,,,,,,,,,,,,,,,,,,,,,,,,,,,,,,,,,,,
2023,FOOTBALL_XFL_2023_2_26_ARL@HOU,22886,1,0,,,,,,,,,,,,,,,,,,,,,,,,,,,,,,,,,,,,,,,,,,,,,,,,,,,,,,,,,,,,,,,,,,,,,,,,,,,,,,,,,,,,,,,,,,,,,,,,,,,,,,,,,,,,
